#VRML V2.0 utf8
# 3D model generated by kicad-lcsc-manager
# Based on easyeda2kicad.py v1.0.1

Shape{
    appearance Appearance {
        material  Material {
            diffuseColor 0.25098039215686274 0.25098039215686274 0.25098039215686274
            specularColor 0.07450980392156863 0.07450980392156863 0.07450980392156863
            ambientIntensity 0.251
            transparency 0.0
            shininess 0.5
        }
    }
    geometry IndexedFaceSet {
        ccw TRUE
        solid FALSE
        coord DEF co Coordinate {
            point [
                1.362 2.9902 4.2244, 1.3842 2.9902 4.2218, 1.3131 2.9902 4.2267, 0.9714 2.9902 4.1832, 0.9535 2.9902 4.2247, 0.9753 2.9902 4.2812, 1.2819 2.9902 4.7339, 1.3207 2.9902 4.7304, 1.2558 2.9902 4.7304, 1.3625 2.9902 5.0551, 1.3559 2.9902 5.0559, 1.4686 2.9902 5.0559, 1.2558 2.9902 5.0517, 1.2558 2.9902 5.0559, 1.2697 2.9902 5.0559, 1.6202 2.9902 5.0573, 1.6202 2.9902 5.0559, 1.4877 2.9902 5.0559, 0.4982 2.9902 5.0494, 0.3793 2.9902 4.7304, 0.2774 2.9902 4.7304, 0.5477 2.9902 4.2213, 0.5454 2.9902 4.5402, 0.5778 2.9902 4.5402, 1.9602 2.9902 4.6843, 1.944 2.9902 4.6389, 1.7974 2.9902 4.6389, 1.9277 2.9902 4.5402, 1.7974 2.9902 4.5402, 1.7974 2.9902 4.5464, 2.8498 2.9902 4.5402, 2.5707 2.9902 4.5402, 2.5585 2.9902 4.5464, 2.7995 2.9902 5.0971, 2.7771 2.9902 5.1056, 4.0492 2.9902 5.1056, 2.2724 2.9902 5.0295, 2.1983 2.9902 4.9427, 1.7974 2.9902 5.0559, 2.1507 2.9902 4.8487, 2.1304 2.9902 4.8413, 2.4875 2.9902 5.1395, 2.3933 2.9902 5.1056, 1.7974 2.9902 5.1056, 2.3735 2.9902 5.0985, 2.3111 2.9902 5.0559, 4.0492 2.9902 5.9843, 2.6943 2.9902 5.1369, 1.7974 2.9902 5.9843, 2.5813 2.9902 5.1501, 4.0492 2.9902 5.0559, 2.8638 2.9902 5.0559, 2.8552 2.9902 5.0632, 3.0985 2.9902 4.9581, 3.0084 2.9902 4.9686, 2.909 2.9902 5.0177, 2.9822 2.9902 4.967, 2.9561 2.9902 4.9637, 3.271 2.9902 4.8612, 3.2558 2.9902 4.8754, 3.1831 2.9902 4.9259, 4.0492 2.9902 4.7304, 4.0492 2.9902 4.6389, 3.3763 2.9902 4.6389, 3.3634 2.9902 4.7091, 3.3538 2.9902 4.7304, 3.3266 2.9902 4.7909, 3.3694 2.9902 4.5125, 3.3726 2.9902 4.5402, 4.0492 2.9902 4.5402, 3.3733 2.9902 4.5464, 4.0492 2.9902 4.5464, 3.3799 2.9902 4.6024, 3.3791 2.9902 4.6236, 3.2157 2.9902 4.2926, 3.286 2.9902 4.3535, 4.0492 2.9902 0.1575, 2.3954 2.9902 4.3578, 2.381 2.9902 4.3671, 2.3399 2.9902 4.5016, 2.3652 2.9902 4.3726, 2.3771 2.9902 4.2382, 2.3929 2.9902 4.2474, 2.675 2.9902 4.2333, 2.4048 2.9902 4.259, 3.3372 2.9902 4.4275, 2.9521 2.9902 4.0956, 3.0044 2.9902 4.1181, 3.0487 2.9902 4.152, 3.0823 2.9902 4.194, 2.35 2.9902 4.3742, 2.3477 2.9902 4.374, 2.3409 2.9902 4.3724, 3.1046 2.9902 4.2429, 3.1337 2.9902 4.2518, 2.421 2.9902 4.3041, 2.4206 2.9902 4.3119, 2.6599 2.9902 4.3354, 2.4162 2.9902 4.3292, 2.4075 2.9902 4.3449, 2.7835 2.9902 4.112, 2.8344 2.9902 4.0929, 1.7974 2.9902 0.1575, 2.8894 2.9902 4.0865, 2.8984 2.9902 4.0868, 2.4141 2.9902 4.2735, 2.4195 2.9902 4.2891, 2.6614 2.9902 4.2895, 2.6601 2.9902 4.3126, 2.0132 2.9902 4.3331, 2.0237 2.9902 4.3223, 2.1156 2.9902 4.4275, 2.0903 2.9902 4.4629, 2.0744 2.9902 4.5033, 2.3621 2.9902 4.5402, 1.928 2.9902 4.5315, 1.9415 2.9902 4.4572, 1.9729 2.9902 4.3865, 2.0846 2.9902 4.2755, 2.1552 2.9902 4.2444, 2.2212 2.9902 4.2321, 2.7379 2.9902 4.1432, 2.7022 2.9902 4.1827, 2.3555 2.9902 4.233, 2.3619 2.9902 4.2338, 2.3363 2.9902 4.3718, 2.2338 2.9902 4.3711, 2.1933 2.9902 4.3785, 2.1529 2.9902 4.3967, 2.119 2.9902 4.4239, 2.0696 2.9902 4.5402, 2.0688 2.9902 4.5464, 2.3657 2.9902 4.5464, 2.0686 2.9902 4.5475, 3.227 2.9902 4.5464, 3.2341 2.9902 4.5718, 2.4097 2.9902 4.6228, 3.2364 2.9902 4.6059, 3.2321 2.9902 4.6389, 2.0696 2.9902 4.567, 2.0798 2.9902 4.6109, 2.0946 2.9902 4.6389, 2.8035 2.9902 4.5283, 2.7553 2.9902 4.502, 2.7159 2.9902 4.4656, 2.9908 2.9902 4.5191, 2.9404 2.9902 4.5379, 3.2252 2.9902 4.5402, 2.9212 2.9902 4.5402, 2.8862 2.9902 4.5442, 2.8583 2.9902 4.5423, 3.2184 2.9902 4.5159, 3.0756 2.9902 4.4444, 3.0377 2.9902 4.4871, 3.191 2.9902 4.4683, 3.1504 2.9902 4.4262, 3.1013 2.9902 4.3954, 2.2638 2.9902 4.7304, 3.1961 2.9902 4.7304, 2.2632 2.9902 4.7265, 3.2095 2.9902 4.7115, 3.2293 2.9902 4.6608, 2.245 2.9902 4.7264, 2.1006 2.9902 4.6504, 2.127 2.9902 4.6803, 2.1622 2.9902 4.7052, 2.2019 2.9902 4.7208, 2.9036 2.9902 4.8063, 2.8867 2.9902 4.797, 2.8577 2.9902 4.8587, 2.3765 2.9902 4.9381, 2.2679 2.9902 4.7564, 2.3387 2.9902 4.9007, 2.2943 2.9902 4.8335, 2.58 2.9902 5.0134, 2.5968 2.9902 5.0131, 2.6724 2.9902 5.0009, 2.9545 2.9902 4.8252, 3.0071 2.9902 4.832, 3.0302 2.9902 4.831, 2.4415 2.9902 4.9806, 2.5135 2.9902 5.0059, 2.7462 2.9902 4.9692, 2.8086 2.9902 4.9211, 3.0866 2.9902 4.8182, 3.1376 2.9902 4.7917, 3.1776 2.9902 4.7566, 1.9351 2.9902 4.614, 1.9274 2.9902 4.5488, 1.9275 2.9902 4.5464, 2.0638 2.9902 4.8051, 2.0042 2.9902 4.7507, 1.7974 2.9902 4.7304, 1.9908 2.9902 4.7304, 0.3667 2.9902 4.5208, 0.2774 2.9902 4.5402, 0.4052 2.9902 4.5352, 0.4475 2.9902 4.5402, 0.2948 2.9902 4.326, 0.3108 2.9902 4.293, 0.2774 2.9902 0.1575, 0.3349 2.9902 4.2647, 0.3406 2.9902 4.2597, 0.3721 2.9902 4.2391, 0.5778 2.9902 0.1575, 0.4596 2.9902 4.2207, 0.4095 2.9902 4.2259, 0.3333 2.9902 4.4977, 0.3224 2.9902 4.4869, 0.3027 2.9902 4.459, 0.2909 2.9902 4.4285, 0.2858 2.9902 4.3837, 0.2868 2.9902 4.3635, 0.5778 2.9902 4.5464, 0.5454 2.9902 4.5416, 0.454 2.9902 4.5409, 0.2774 2.9902 4.5464, 0.6079 2.9902 4.2583, 0.6082 2.9902 4.2217, 0.6749 2.9902 0.1575, 0.6132 2.9902 4.5402, 0.6135 2.9902 4.5052, 0.6749 2.9902 4.2587, 0.6235 2.9902 4.3661, 0.6233 2.9902 4.4028, 0.6749 2.9902 4.4032, 0.6749 2.9902 4.3665, 0.7381 2.9902 4.3669, 0.7388 2.9902 4.2592, 0.6749 2.9902 4.5057, 0.7371 2.9902 4.5061, 0.7378 2.9902 4.4036, 0.6132 2.9902 4.5421, 0.6749 2.9902 4.5464, 0.9753 2.9902 4.5464, 0.7782 2.9902 4.5432, 0.6749 2.9902 4.5425, 0.9753 2.9902 4.39, 0.9382 2.9902 4.2809, 0.9273 2.9902 4.2805, 0.9334 2.9902 4.262, 0.9324 2.9902 4.262, 0.9305 2.9902 4.2699, 0.9753 2.9902 4.5402, 0.8636 2.9902 4.4523, 0.7782 2.9902 4.5402, 0.822 2.9902 4.452, 0.7804 2.9902 4.223, 0.9277 2.9902 4.1895, 0.9449 2.9902 4.156, 0.9597 2.9902 4.1379, 0.9641 2.9902 4.1338, 0.9753 2.9902 4.1263, 1.2185 2.9902 4.2341, 1.2182 2.9902 4.2755, 1.2558 2.9902 4.5402, 1.1982 2.9902 0.1575, 1.1982 2.9902 4.2268, 1.2558 2.9902 0.1575, 1.2172 2.9902 4.3931, 1.2155 2.9902 4.4074, 1.2155 2.9902 4.3774, 1.2112 2.9902 4.3651, 1.1982 2.9902 4.2641, 1.1982 2.9902 4.349, 1.2039 2.9902 4.2664, 1.1995 2.9902 4.3499, 1.206 2.9902 4.3568, 1.0768 2.9902 4.3251, 1.0696 2.9902 4.3143, 1.0738 2.9902 4.4099, 1.0653 2.9902 4.3025, 1.0637 2.9902 4.2872, 1.1911 2.9902 4.4417, 1.1815 2.9902 4.4475, 1.1982 2.9902 4.5402, 1.2106 2.9902 4.4203, 1.2031 2.9902 4.4311, 1.1982 2.9902 4.4354, 1.16 2.9902 4.4557, 1.1276 2.9902 4.4594, 1.0526 2.9902 4.5402, 1.0995 2.9902 4.4567, 1.0735 2.9902 4.4489, 1.0526 2.9902 0.1575, 1.0656 2.9902 4.2713, 1.0706 2.9902 4.2586, 1.0781 2.9902 4.2481, 1.0898 2.9902 4.2379, 1.1014 2.9902 4.2311, 1.1232 2.9902 4.2236, 1.1566 2.9902 4.2202, 1.1906 2.9902 4.224, 1.1318 2.9902 4.4269, 1.1437 2.9902 4.4261, 1.1758 2.9902 4.3964, 1.1544 2.9902 4.4233, 1.1634 2.9902 4.4186, 1.1755 2.9902 4.3911, 1.1739 2.9902 4.3848, 1.1711 2.9902 4.3794, 1.1672 2.9902 4.375, 1.1531 2.9902 4.3661, 1.1037 2.9902 4.4232, 1.1283 2.9902 4.3551, 1.081 2.9902 4.4143, 1.1129 2.9902 4.3487, 1.0863 2.9902 4.3337, 1.1695 2.9902 4.4133, 1.173 2.9902 4.4082, 1.175 2.9902 4.4028, 1.1789 2.9902 4.2564, 1.1569 2.9902 4.3262, 1.1807 2.9902 4.3373, 1.1524 2.9902 4.2529, 1.1506 2.9902 4.2529, 1.1306 2.9902 4.315, 1.1301 2.9902 4.2551, 1.1049 2.9902 4.2836, 1.1052 2.9902 4.2886, 1.1197 2.9902 4.2588, 1.116 2.9902 4.261, 1.1114 2.9902 4.2651, 1.1078 2.9902 4.2702, 1.1058 2.9902 4.2759, 1.107 2.9902 4.2948, 1.1101 2.9902 4.3002, 1.115 2.9902 4.3054, 0.2774 2.9902 5.0559, 0.5778 2.9902 5.0559, 0.5424 2.9902 5.0497, 0.6749 2.9902 4.7304, 0.6666 2.9902 4.7304, 0.5778 2.9902 4.9586, 0.6666 2.9902 4.7303, 0.6749 2.9902 4.6389, 0.6209 2.9902 4.7299, 0.5778 2.9902 4.6389, 0.6208 2.9902 4.7304, 0.5778 2.9902 4.7304, 0.5778 2.9902 4.8172, 0.5895 2.9902 4.8173, 0.4562 2.9902 4.8164, 0.4248 2.9902 4.7304, 0.4241 2.9902 4.7285, 0.3785 2.9902 4.7282, 0.2774 2.9902 4.6389, 1.0526 2.9902 5.0559, 1.0107 2.9902 5.053, 0.9753 2.9902 5.0559, 1.0109 2.9902 5.0161, 1.0207 2.9902 4.9137, 1.0526 2.9902 4.9139, 1.0526 2.9902 4.7695, 1.0054 2.9902 4.7692, 1.021 2.9902 4.877, 1.0526 2.9902 4.8773, 1.1355 2.9902 4.8778, 1.1363 2.9902 4.7701, 1.0526 2.9902 5.0164, 1.1345 2.9902 5.017, 1.1353 2.9902 4.9145, 1.1779 2.9902 4.7339, 1.1982 2.9902 4.7304, 1.0526 2.9902 4.7304, 0.9753 2.9902 4.7304, 1.0056 2.9902 4.7327, 1.0526 2.9902 4.733, 1.1982 2.9902 5.0559, 1.1756 2.9902 5.0542, 1.0526 2.9902 5.0533, 1.6222 2.9902 4.7736, 1.4946 2.9902 4.7726, 1.4877 2.9902 4.7304, 1.4949 2.9902 4.7361, 1.6638 2.9902 4.7373, 1.4877 2.9902 5.1056, 1.6615 2.9902 5.0576, 1.6615 2.9902 5.0559, 1.2398 2.9902 5.0469, 1.2401 2.9902 5.0037, 1.3093 2.9902 4.7668, 1.2731 2.9902 4.7734, 1.2558 2.9902 5.0104, 1.2558 2.9902 4.781, 1.2436 2.9902 5.0056, 1.2416 2.9902 4.7872, 1.4004 2.9902 4.7946, 1.3796 2.9902 4.7796, 1.276 2.9902 5.0182, 1.407 2.9902 4.9838, 1.4222 2.9902 4.9612, 1.4326 2.9902 4.9328, 1.3154 2.9902 5.0232, 1.3278 2.9902 5.0228, 1.403 2.9902 4.9883, 1.3557 2.9902 5.0177, 1.381 2.9902 5.0062, 1.4373 2.9902 4.8923, 1.437 2.9902 4.8804, 1.4321 2.9902 4.8483, 1.3569 2.9902 4.7705, 1.3245 2.9902 4.7664, 1.4219 2.9902 4.8224, 1.4065 2.9902 4.8007, 1.3146 2.9902 5.0605, 1.2729 2.9902 5.0568, 1.2558 2.9902 5.1056, 1.457 2.9902 4.984, 1.4336 2.9902 5.0142, 1.426 2.9902 5.0214, 1.396 2.9902 5.0423, 1.4686 2.9902 4.7304, 1.4686 2.9902 4.8218, 1.4725 2.9902 4.9486, 1.4686 2.9902 4.9574, 1.4758 2.9902 4.8423, 1.4807 2.9902 4.8901, 1.48 2.9902 4.9068, 1.35 2.9902 4.7306, 1.3846 2.9902 4.738, 1.4148 2.9902 4.7524, 1.4404 2.9902 4.7741, 1.4454 2.9902 4.7798, 1.4637 2.9902 4.8078, 1.3307 2.9902 4.7296, 1.2558 2.9902 4.6389, 1.347 2.9902 4.7304, 1.4686 2.9902 4.6389, 1.2419 2.9902 4.7476, 1.2474 2.9902 4.7449, 1.2558 2.9902 4.7422, 1.4877 2.9902 4.5402, 1.5002 2.9902 4.5402, 1.5004 2.9902 4.5115, 1.624 2.9902 4.5124, 1.6248 2.9902 4.4099, 1.5102 2.9902 4.4091, 1.5105 2.9902 4.3724, 1.625 2.9902 4.3732, 1.6258 2.9902 4.2655, 1.4949 2.9902 4.2645, 1.4951 2.9902 4.228, 1.5002 2.9902 4.5484, 1.5002 2.9902 4.5464, 1.4877 2.9902 4.5464, 1.4877 2.9902 4.6389, 1.6651 2.9902 4.5495, 1.6651 2.9902 4.5464, 1.6652 2.9902 4.5402, 1.0416 2.9902 4.4536, 0.9967 2.9902 4.4533, 0.9941 2.9902 4.1185, 1.0098 2.9902 4.1168, 0.6749 2.9902 4.2222, 0.9753 2.9902 0.1575, 0.9782 2.9902 4.1243, 1.0239 2.9902 4.1178, 1.0357 2.9902 4.1203, 1.0354 2.9902 4.156, 1.0267 2.9902 4.1531, 1.0127 2.9902 4.1513, 1.0116 2.9902 4.1513, 1.002 2.9902 4.1525, 0.9933 2.9902 4.156, 0.9872 2.9902 4.1603, 0.9796 2.9902 4.1685, 0.9753 2.9902 4.1763, -3.2736 2.9902 4.5402, -1.6463 2.9902 4.5402, -3.2736 2.9902 0.1575, -1.6463 2.9902 0.1575, 0.2235 2.9902 4.219, 0.2692 2.9902 4.2193, 0.1449 2.9902 4.5387, 0.1007 2.9902 4.5384, -0.019 2.9902 4.2173, 0.0267 2.9902 4.2176, 0.0587 2.9902 4.3054, 0.1921 2.9902 4.3064, -1.6463 2.9902 4.5464, -3.2736 2.9902 4.5464, -1.6463 2.9902 4.6389, -1.6463 2.9902 4.7304, -3.2736 2.9902 4.6389, -3.2736 2.9902 4.7304, -1.6463 2.9902 5.0559, -3.2736 2.9902 5.0559, 0.6923 2.9902 4.8369, 0.7083 2.9902 4.8039, 0.6843 2.9902 4.8744, 0.7001 2.9902 4.9699, 0.6884 2.9902 4.9394, 0.6749 2.9902 5.0559, 0.6832 2.9902 4.8946, 0.7324 2.9902 4.7756, 0.7381 2.9902 4.7706, 0.7696 2.9902 4.75, 0.8515 2.9902 5.0519, 0.8027 2.9902 5.0461, 0.7641 2.9902 5.0317, 0.807 2.9902 4.7368, 0.8571 2.9902 4.7316, 0.9451 2.9902 4.7322, 0.9429 2.9902 5.0525, 0.7307 2.9902 5.0086, 0.7199 2.9902 4.9979, 1.1982 2.9902 4.6389, 1.0526 2.9902 4.6389, 0.9753 2.9902 4.6389, 1.1982 2.9902 5.1056, 1.0526 2.9902 5.1056, 0.9753 2.9902 5.1056, 0.6749 2.9902 5.1056, 0.5778 2.9902 5.1056, 0.2774 2.9902 5.1056, -1.6463 2.9902 5.1056, -3.2736 2.9902 5.1056, 1.4479 2.9902 4.3252, 1.4398 2.9902 4.3366, 1.4332 2.9902 4.4013, 1.2729 2.9902 4.2265, 1.3302 2.9902 4.4587, 1.3132 2.9902 4.4535, 1.3128 2.9902 4.2621, 1.3139 2.9902 4.2621, 1.3233 2.9902 4.2488, 1.2999 2.9902 4.4459, 1.2892 2.9902 4.4356, 1.2811 2.9902 4.4227, 1.3365 2.9902 4.2363, 1.3459 2.9902 4.2304, 1.4274 2.9902 4.3472, 1.4103 2.9902 4.3559, 1.4051 2.9902 4.4186, 1.3799 2.9902 4.3631, 1.3799 2.9902 4.4265, 1.2749 2.9902 4.4045, 1.2719 2.9902 4.3737, 1.4329 2.9902 4.4403, 1.425 2.9902 4.4448, 1.4686 2.9902 4.5402, 1.3951 2.9902 4.4563, 1.354 2.9902 4.461, 1.312 2.9902 4.3721, 1.313 2.9902 4.3879, 1.3169 2.9902 4.4031, 1.3914 2.9902 4.2221, 1.41 2.9902 4.2253, 1.4686 2.9902 0.1575, 1.4562 2.9902 4.2938, 1.4535 2.9902 4.3111, 1.3214 2.9902 4.4116, 1.3272 2.9902 4.4183, 1.3341 2.9902 4.4231, 1.3431 2.9902 4.4266, 1.358 2.9902 4.4285, 1.425 2.9902 4.2315, 1.437 2.9902 4.2402, 1.4429 2.9902 4.2466, 1.4501 2.9902 4.2579, 1.4547 2.9902 4.2717, 1.4563 2.9902 4.289, 1.6674 2.9902 4.2293, 1.4877 2.9902 0.1575, 1.4686 2.9902 4.5464, 1.2558 2.9902 4.5464, 1.1982 2.9902 4.5464, 1.0526 2.9902 4.5464, 1.4686 2.9902 5.1056, 1.3156 2.9902 5.0606, 1.4877 2.9902 5.9843, 1.4686 2.9902 5.9843, 1.2558 2.9902 5.9843, 1.1982 2.9902 5.9843, 1.0526 2.9902 5.9843, 0.9753 2.9902 5.9843, 0.6749 2.9902 5.9843, 0.5778 2.9902 5.9843, 0.2774 2.9902 5.9843, -1.6463 2.9902 5.9843, -3.2736 2.9902 5.9843
            ]
        }
        coordIndex [
            0,1,2,-1,3,4,5,-1,6,7,8,-1,9,10,11,-1,12,13,14,-1,15,16,17,-1,18,19,20,-1,21,22,23,-1,24,25,26,-1,27,28,29,-1,30,31,32,-1,33,34,35,-1,36,37,38,-1,38,37,39,-1,38,39,40,-1,41,42,43,-1,43,42,44,-1,43,44,38,-1,38,44,45,-1,38,45,36,-1,35,34,46,-1,46,34,47,-1,46,47,48,-1,48,47,49,-1,48,49,41,-1,50,51,35,-1,35,51,52,-1,35,52,33,-1,50,53,51,-1,51,53,54,-1,51,54,55,-1,55,54,56,-1,55,56,57,-1,58,59,50,-1,50,59,60,-1,50,60,53,-1,61,62,63,-1,63,64,61,-1,61,64,65,-1,61,65,50,-1,50,65,66,-1,50,66,58,-1,67,68,69,-1,69,68,70,-1,69,70,71,-1,71,70,72,-1,71,72,62,-1,62,72,73,-1,62,73,63,-1,74,75,76,-1,77,78,79,-1,79,78,80,-1,81,82,83,-1,83,82,84,-1,76,75,69,-1,69,75,85,-1,69,85,67,-1,86,87,76,-1,76,87,88,-1,76,88,89,-1,80,90,79,-1,79,90,91,-1,79,91,92,-1,89,93,76,-1,76,93,94,-1,76,94,74,-1,95,96,97,-1,97,96,98,-1,97,98,79,-1,79,98,99,-1,79,99,77,-1,100,101,102,-1,102,101,103,-1,102,103,76,-1,76,103,104,-1,76,104,86,-1,84,105,83,-1,83,105,106,-1,83,106,107,-1,107,106,95,-1,107,95,108,-1,108,95,97,-1,109,110,102,-1,111,112,79,-1,79,112,113,-1,79,113,114,-1,27,115,28,-1,28,115,116,-1,28,116,102,-1,102,116,117,-1,102,117,109,-1,110,118,102,-1,102,118,119,-1,102,119,120,-1,100,102,121,-1,121,102,120,-1,121,120,122,-1,122,120,123,-1,122,123,83,-1,83,123,124,-1,83,124,81,-1,92,125,79,-1,79,125,126,-1,79,126,127,-1,127,128,79,-1,79,128,129,-1,79,129,111,-1,113,130,114,-1,114,130,131,-1,114,131,132,-1,132,131,133,-1,134,32,135,-1,135,32,136,-1,135,136,137,-1,137,136,138,-1,133,139,132,-1,132,139,140,-1,132,140,136,-1,136,140,141,-1,136,141,138,-1,30,142,31,-1,31,142,143,-1,31,143,144,-1,145,146,147,-1,147,146,148,-1,147,148,134,-1,134,148,149,-1,134,149,32,-1,32,149,150,-1,32,150,30,-1,151,152,147,-1,147,152,153,-1,147,153,145,-1,151,154,152,-1,152,154,155,-1,152,155,156,-1,157,158,159,-1,159,158,160,-1,159,160,161,-1,161,138,159,-1,159,138,141,-1,159,141,162,-1,162,141,163,-1,163,164,162,-1,162,164,165,-1,162,165,166,-1,167,158,168,-1,168,158,157,-1,168,157,169,-1,170,171,172,-1,172,171,173,-1,171,174,157,-1,157,174,175,-1,157,175,176,-1,167,177,158,-1,158,177,178,-1,158,178,179,-1,170,180,171,-1,171,180,181,-1,171,181,174,-1,176,182,157,-1,157,182,183,-1,157,183,169,-1,184,185,179,-1,179,185,186,-1,179,186,158,-1,187,188,29,-1,29,188,189,-1,29,189,27,-1,40,190,38,-1,38,190,191,-1,38,191,192,-1,192,191,193,-1,192,193,24,-1,194,195,196,-1,196,195,197,-1,198,199,200,-1,199,201,200,-1,200,201,202,-1,200,202,203,-1,21,204,205,-1,205,204,200,-1,205,200,206,-1,206,200,203,-1,194,207,195,-1,195,207,208,-1,195,208,209,-1,209,210,195,-1,195,210,211,-1,195,211,200,-1,200,211,212,-1,200,212,198,-1,23,22,213,-1,22,214,213,-1,213,214,215,-1,213,215,216,-1,216,215,197,-1,23,217,218,-1,21,23,204,-1,204,23,218,-1,204,218,219,-1,23,220,221,-1,222,217,223,-1,223,217,23,-1,223,23,224,-1,224,23,221,-1,224,221,225,-1,223,226,222,-1,222,226,227,-1,222,227,228,-1,221,229,225,-1,225,229,230,-1,225,230,231,-1,220,23,232,-1,232,23,213,-1,232,213,233,-1,234,235,233,-1,233,235,236,-1,233,236,232,-1,237,238,239,-1,240,241,238,-1,238,241,242,-1,238,242,239,-1,243,244,245,-1,245,244,246,-1,245,246,247,-1,247,246,248,-1,247,248,249,-1,249,250,247,-1,247,250,251,-1,247,251,252,-1,253,254,255,-1,256,257,258,-1,258,257,253,-1,259,260,255,-1,259,255,261,-1,261,255,254,-1,261,254,262,-1,263,264,265,-1,265,264,266,-1,265,266,254,-1,254,266,267,-1,254,267,262,-1,268,269,270,-1,270,269,271,-1,270,271,272,-1,273,274,275,-1,260,276,255,-1,255,276,277,-1,255,277,275,-1,275,277,278,-1,275,278,273,-1,274,279,275,-1,275,279,280,-1,275,280,281,-1,281,280,282,-1,281,282,283,-1,256,284,272,-1,272,284,281,-1,272,281,270,-1,270,281,283,-1,272,285,256,-1,256,285,286,-1,256,286,287,-1,287,288,256,-1,256,288,289,-1,256,289,290,-1,290,291,256,-1,256,291,292,-1,256,292,257,-1,293,294,295,-1,295,294,296,-1,295,296,297,-1,295,298,293,-1,293,298,299,-1,293,299,300,-1,300,301,293,-1,293,301,302,-1,293,302,303,-1,303,302,304,-1,303,304,305,-1,305,304,306,-1,305,306,270,-1,270,306,307,-1,270,307,268,-1,308,309,297,-1,297,309,310,-1,297,310,295,-1,311,312,263,-1,263,312,313,-1,263,313,264,-1,311,314,312,-1,312,314,315,-1,312,315,316,-1,316,315,317,-1,316,318,319,-1,317,320,316,-1,316,320,321,-1,316,321,322,-1,322,323,316,-1,316,323,324,-1,316,324,318,-1,319,325,316,-1,316,325,326,-1,316,326,327,-1,328,329,18,-1,18,329,330,-1,331,332,333,-1,334,335,336,-1,336,335,337,-1,336,337,338,-1,337,339,338,-1,338,339,340,-1,338,340,341,-1,342,340,343,-1,343,340,339,-1,343,339,344,-1,344,339,337,-1,344,337,345,-1,345,337,346,-1,345,346,19,-1,347,348,349,-1,349,348,350,-1,349,350,351,-1,351,350,352,-1,353,354,355,-1,355,356,353,-1,353,356,357,-1,353,357,358,-1,350,359,352,-1,352,359,360,-1,352,360,361,-1,362,363,364,-1,351,355,349,-1,349,355,354,-1,349,354,365,-1,365,354,366,-1,365,366,364,-1,364,366,367,-1,364,367,362,-1,368,369,347,-1,347,369,370,-1,347,370,348,-1,16,371,17,-1,17,371,372,-1,17,372,373,-1,373,372,374,-1,373,374,375,-1,15,376,377,-1,377,376,43,-1,377,43,378,-1,378,43,38,-1,378,38,375,-1,375,38,192,-1,375,192,373,-1,13,12,368,-1,368,12,379,-1,368,379,380,-1,381,382,383,-1,383,382,384,-1,383,384,385,-1,385,384,386,-1,385,386,380,-1,380,386,363,-1,380,363,368,-1,368,363,362,-1,368,362,369,-1,383,387,388,-1,389,390,383,-1,383,390,391,-1,383,391,392,-1,389,393,390,-1,390,393,394,-1,390,394,395,-1,395,394,396,-1,395,396,397,-1,392,398,383,-1,383,398,399,-1,383,399,400,-1,388,401,383,-1,383,401,402,-1,383,402,381,-1,400,403,383,-1,383,403,404,-1,383,404,387,-1,405,406,407,-1,407,406,14,-1,11,408,409,-1,409,410,11,-1,11,410,411,-1,11,411,9,-1,373,412,413,-1,17,414,11,-1,11,414,415,-1,11,415,408,-1,413,416,373,-1,373,416,417,-1,373,417,17,-1,17,417,418,-1,17,418,414,-1,419,420,412,-1,412,420,421,-1,412,421,422,-1,422,423,412,-1,412,423,424,-1,412,424,413,-1,7,425,426,-1,426,425,427,-1,426,427,428,-1,386,429,363,-1,363,429,430,-1,363,430,8,-1,8,430,431,-1,8,431,6,-1,432,433,434,-1,435,436,434,-1,434,436,437,-1,434,437,432,-1,432,437,438,-1,439,440,438,-1,438,440,441,-1,438,441,432,-1,432,441,442,-1,443,444,445,-1,445,444,433,-1,443,446,447,-1,447,446,26,-1,447,26,448,-1,25,187,26,-1,26,187,29,-1,26,29,448,-1,448,29,28,-1,448,28,449,-1,243,281,450,-1,239,244,237,-1,237,244,243,-1,237,243,451,-1,451,243,450,-1,452,453,284,-1,218,454,219,-1,219,454,247,-1,219,247,455,-1,455,247,252,-1,455,252,284,-1,284,252,456,-1,284,456,452,-1,453,457,284,-1,284,457,458,-1,284,458,281,-1,281,458,459,-1,281,459,450,-1,450,459,460,-1,450,460,461,-1,461,462,450,-1,450,462,463,-1,450,463,464,-1,464,465,450,-1,450,465,466,-1,450,466,5,-1,5,466,467,-1,5,467,3,-1,468,469,470,-1,470,469,471,-1,472,473,200,-1,200,473,195,-1,195,473,474,-1,195,474,469,-1,469,474,475,-1,469,475,471,-1,471,475,476,-1,471,476,477,-1,478,479,477,-1,477,479,472,-1,477,472,471,-1,471,472,200,-1,197,195,216,-1,216,195,469,-1,216,469,480,-1,480,469,468,-1,480,468,481,-1,19,346,20,-1,20,346,482,-1,20,482,483,-1,483,482,484,-1,483,484,485,-1,18,20,328,-1,328,20,483,-1,328,483,486,-1,486,483,485,-1,486,485,487,-1,488,489,331,-1,488,331,490,-1,491,492,493,-1,493,492,494,-1,489,495,331,-1,331,495,496,-1,331,496,497,-1,349,498,493,-1,493,498,499,-1,493,499,500,-1,497,501,331,-1,331,501,502,-1,331,502,365,-1,365,502,503,-1,365,503,349,-1,349,503,504,-1,349,504,498,-1,500,505,493,-1,493,505,506,-1,493,506,491,-1,330,329,333,-1,333,329,493,-1,333,493,331,-1,331,493,494,-1,331,494,490,-1,7,426,8,-1,8,426,507,-1,8,507,363,-1,363,507,508,-1,363,508,364,-1,364,508,509,-1,364,509,365,-1,365,509,335,-1,365,335,331,-1,331,335,334,-1,331,334,332,-1,14,13,407,-1,407,13,368,-1,407,368,510,-1,510,368,347,-1,510,347,511,-1,511,347,349,-1,511,349,512,-1,512,349,493,-1,512,493,513,-1,513,493,329,-1,513,329,514,-1,514,329,328,-1,514,328,515,-1,515,328,486,-1,515,486,516,-1,516,486,487,-1,516,487,517,-1,518,519,520,-1,2,1,521,-1,522,523,255,-1,524,525,2,-1,2,525,526,-1,523,527,255,-1,255,527,528,-1,255,528,529,-1,526,530,2,-1,2,530,531,-1,2,531,0,-1,519,532,520,-1,520,532,533,-1,520,533,534,-1,534,533,535,-1,534,535,536,-1,529,537,255,-1,255,537,538,-1,255,538,521,-1,539,540,541,-1,541,540,542,-1,541,542,255,-1,255,542,543,-1,255,543,522,-1,544,545,535,-1,535,545,546,-1,547,548,549,-1,550,551,541,-1,546,552,535,-1,535,552,553,-1,535,553,554,-1,554,555,535,-1,535,555,556,-1,535,556,536,-1,548,557,549,-1,549,557,558,-1,549,558,559,-1,559,560,549,-1,549,560,561,-1,549,561,562,-1,539,541,520,-1,520,541,551,-1,520,551,518,-1,253,255,258,-1,258,255,521,-1,258,521,549,-1,549,521,1,-1,549,1,547,-1,449,28,563,-1,563,28,102,-1,563,102,442,-1,442,102,564,-1,442,564,432,-1,432,564,549,-1,432,549,541,-1,541,549,562,-1,541,562,550,-1,433,432,445,-1,445,432,541,-1,445,541,565,-1,565,541,255,-1,565,255,566,-1,566,255,275,-1,566,275,567,-1,567,275,281,-1,567,281,568,-1,568,281,243,-1,568,243,234,-1,234,243,245,-1,234,245,235,-1,443,445,446,-1,446,445,565,-1,446,565,428,-1,428,565,566,-1,428,566,426,-1,426,566,567,-1,426,567,507,-1,507,567,568,-1,507,568,508,-1,508,568,234,-1,508,234,509,-1,509,234,233,-1,509,233,335,-1,335,233,213,-1,335,213,337,-1,337,213,216,-1,337,216,346,-1,346,216,480,-1,346,480,482,-1,482,480,481,-1,482,481,484,-1,15,17,376,-1,376,17,11,-1,376,11,569,-1,569,11,10,-1,569,10,407,-1,407,10,570,-1,407,570,405,-1,24,26,192,-1,192,26,446,-1,192,446,373,-1,373,446,428,-1,373,428,412,-1,412,428,427,-1,412,427,419,-1,41,43,48,-1,48,43,376,-1,48,376,571,-1,571,376,569,-1,571,569,572,-1,572,569,407,-1,572,407,573,-1,573,407,510,-1,573,510,574,-1,574,510,511,-1,574,511,575,-1,575,511,512,-1,575,512,576,-1,576,512,513,-1,576,513,577,-1,577,513,514,-1,577,514,578,-1,578,514,515,-1,578,515,579,-1,579,515,516,-1,579,516,580,-1,580,516,517,-1,580,517,581,-1,
        ]
    }
}
Shape{
    appearance Appearance {
        material  Material {
            diffuseColor 0.4980392156862745 0.4980392156862745 0.4980392156862745
            specularColor 0.14901960784313725 0.14901960784313725 0.14901960784313725
            ambientIntensity 0.498
            transparency 0.0
            shininess 0.5
        }
    }
    geometry IndexedFaceSet {
        ccw TRUE
        solid FALSE
        coord DEF co Coordinate {
            point [
                -2.7421 0.1949 0.3543, -2.8602 0.1949 0.3543, -2.1122 2.2618 0.3543, -2.1122 2.4587 0.3543, -3.1949 2.8327 0.3543, -1.9154 2.4587 0.3543, 0.3386 2.8327 0.3543, -1.9154 2.2618 0.3543, -2.7421 -0.1988 0.3543, 0.3386 -1.2323 0.3543, -2.8602 -0.1988 0.3543, -3.1949 -1.2323 0.3543, 3.9705 2.8327 0.3543, 2.9862 2.4587 0.3543, 2.5925 2.4587 0.3543, 2.9862 2.2618 0.3543, 3.9705 -1.2323 0.3543, 2.5925 2.2618 0.3543, -3.1949 -2.8366 0.3543, -2.1122 -2.4626 0.3543, -1.9154 -2.4626 0.3543, -2.1122 -2.2657 0.3543, -1.9154 -2.2657 0.3543, 0.3386 -2.8366 0.3543, 2.9862 -2.4626 0.3543, 3.9705 -2.8366 0.3543, 2.5925 -2.4626 0.3543, 2.5925 -2.2657 0.3543, 2.9862 -2.2657 0.3543
            ]
        }
        coordIndex [
            0,1,2,-1,3,4,5,-1,5,4,6,-1,5,6,7,-1,2,7,0,-1,0,7,6,-1,0,6,8,-1,8,6,9,-1,8,9,10,-1,10,9,11,-1,10,11,1,-1,1,11,4,-1,1,4,2,-1,2,4,3,-1,12,13,14,-1,13,12,15,-1,15,12,16,-1,15,16,17,-1,17,16,9,-1,17,9,14,-1,14,9,6,-1,14,6,12,-1,18,19,20,-1,19,18,21,-1,21,18,11,-1,21,11,22,-1,22,11,9,-1,22,9,20,-1,20,9,23,-1,20,23,18,-1,24,25,26,-1,26,25,23,-1,26,23,27,-1,27,23,9,-1,27,9,28,-1,28,9,16,-1,28,16,24,-1,24,16,25,-1,
        ]
    }
}
Shape{
    appearance Appearance {
        material  Material {
            diffuseColor 0.25098039215686274 0.25098039215686274 0.25098039215686274
            specularColor 0.07450980392156863 0.07450980392156863 0.07450980392156863
            ambientIntensity 0.251
            transparency 0.0
            shininess 0.5
        }
    }
    geometry IndexedFaceSet {
        ccw TRUE
        solid FALSE
        coord DEF co Coordinate {
            point [
                -3.3524 -2.4035 0.1575, -3.1949 -2.4035 0.1575, -3.3524 -2.9154 0.1575, -3.1949 -2.8366 0.1575, -3.3504 -2.9329 0.1575, -3.3446 -2.9495 0.1575, 3.9705 -2.8366 0.1575, 4.0492 -2.9941 0.1575, -3.2736 -2.9941 0.1575, -3.2911 -2.9921 0.1575, -3.3078 -2.9863 0.1575, -3.3227 -2.9769 0.1575, -3.3352 -2.9644 0.1575, 3.9705 -2.4035 0.1575, 4.1279 -2.4035 0.1575, 4.1279 -2.9154 0.1575, 4.126 -2.9329 0.1575, 4.1202 -2.9495 0.1575, 4.1108 -2.9644 0.1575, 4.0983 -2.9769 0.1575, 4.0834 -2.9863 0.1575, 4.0667 -2.9921 0.1575, 3.9705 1.6122 0.1575, 4.1279 1.6122 0.1575, 3.9705 -1.6161 0.1575, 4.1279 -1.6161 0.1575, 4.1279 2.3996 0.1575, 3.9705 2.3996 0.1575, 4.1279 2.9114 0.1575, 3.9705 2.8327 0.1575, 4.1253 2.9318 0.1575, 4.1174 2.9508 0.1575, -3.1949 2.3996 0.1575, -3.3524 2.3996 0.1575, -3.1949 2.8327 0.1575, -3.3524 2.9114 0.1575, -3.3497 2.9318 0.1575, 4.0696 2.9875 0.1575, 4.0886 2.9796 0.1575, 4.1049 2.9671 0.1575, -3.3418 2.9508 0.1575, -3.3293 2.9671 0.1575, -3.313 2.9796 0.1575, -3.294 2.9875 0.1575, -3.2736 2.9902 0.1575, 4.0492 2.9902 0.1575, -3.3524 1.6122 0.1575, -3.1949 1.6122 0.1575, -3.3524 -1.6161 0.1575, -3.1949 -1.6161 0.1575, 4.1279 2.9114 5.9843, 4.1279 -2.9154 5.9843, 4.1279 2.2403 -0.0355, 4.1279 2.2477 -0.0308, 4.1279 2.2319 -0.0384, 4.1279 2.2539 -0.0246, 4.1279 2.2232 -0.0394, 4.1279 -2.2271 -0.0394, 4.1279 -1.7618 -0.0246, 4.1279 1.7579 -0.0246, 4.1279 -1.7925 -0.0394, 4.1279 -1.7838 -0.0384, 4.1279 -1.768 -0.0308, 4.1279 -1.7755 -0.0355, 4.1279 1.7886 -0.0394, 4.1279 1.7799 -0.0384, 4.1279 1.7641 -0.0308, 4.1279 1.7716 -0.0355, 4.1279 -2.2579 -0.0246, 4.1279 -2.2517 -0.0308, 4.1279 -2.2359 -0.0384, 4.1279 -2.2442 -0.0355, -3.3524 -0.4154 5.7874, -3.3524 0.4114 5.7874, -3.3524 -2.9154 5.9843, -3.3524 -0.5728 5.9843, -3.3524 -0.5728 5.9449, -3.3524 -0.5675 5.9041, -3.3524 -0.5517 5.8661, -3.3524 0.5689 5.9843, -3.3524 2.9114 5.9843, -3.3524 0.5689 5.9449, -3.3524 0.5635 5.9041, -3.3524 1.7579 -0.0246, -3.3524 2.2539 -0.0246, -3.3524 0.4522 5.7928, -3.3524 -0.5267 5.8335, -3.3524 -0.4941 5.8085, -3.3524 -0.4561 5.7928, -3.3524 -1.7618 -0.0246, -3.3524 -2.2579 -0.0246, -3.3524 0.4902 5.8085, -3.3524 0.5228 5.8335, -3.3524 0.5478 5.8661, -3.3524 1.7886 -0.0394, -3.3524 2.2232 -0.0394, -3.3524 2.2319 -0.0384, -3.3524 2.2477 -0.0308, -3.3524 2.2403 -0.0355, -3.3524 -1.7755 -0.0355, -3.3524 -1.7838 -0.0384, -3.3524 -1.768 -0.0308, -3.3524 -1.7925 -0.0394, -3.3524 1.7799 -0.0384, -3.3524 1.7716 -0.0355, -3.3524 1.7641 -0.0308, -3.3524 -2.2271 -0.0394, -3.3524 -2.2517 -0.0308, -3.3524 -2.2359 -0.0384, -3.3524 -2.2442 -0.0355, 4.0492 -2.9941 5.9843, -3.2736 -2.9941 5.9843, -2.8431 -2.7069 6.063, -2.9188 -2.6755 6.063, -3.2736 -2.9154 6.063, -2.9839 -2.6256 6.063, -3.0338 -2.5606 6.063, -3.2736 -0.5728 6.063, -3.0338 -2.2465 6.063, -2.9839 -2.1815 6.063, -2.4478 -2.4035 6.063, -2.4585 -2.4848 6.063, 4.0492 -2.9154 6.063, -2.4898 -2.5606 6.063, -2.5397 -2.6256 6.063, -3.0652 -2.4848 6.063, -3.0759 -2.4035 6.063, -3.0652 -2.3223 6.063, -2.6048 -2.6755 6.063, -2.6805 -2.7069 6.063, -2.7618 -2.7176 6.063, 4.0492 2.9114 6.063, -2.4898 -2.2465 6.063, -2.4585 -2.3223 6.063, -2.7618 -2.0895 6.063, -2.4931 -0.3586 6.063, -2.5135 -0.4168 6.063, -2.5464 -0.4691 6.063, -2.59 -0.5127 6.063, -2.6422 -0.5455 6.063, -3.2736 2.9114 6.063, -3.2736 0.5689 6.063, -2.7618 0.5689 6.063, -2.4931 0.3546 6.063, -2.5135 0.4129 6.063, -2.5464 0.4651 6.063, -2.4862 0.2933 6.063, -2.4862 -0.2972 6.063, -2.7005 0.562 6.063, -2.6422 0.5416 6.063, -2.59 0.5088 6.063, -2.6805 -2.1002 6.063, -2.6048 -2.1316 6.063, -2.5397 -2.1815 6.063, -2.9188 -2.1316 6.063, -2.8431 -2.1002 6.063, -2.7618 -0.5728 6.063, -2.7005 -0.5659 6.063, 3.9705 2.8327 0.3543, -3.1949 2.8327 0.3543, -3.1949 -2.8366 0.3543, -3.1949 2.2539 -0.0246, -3.1949 1.7579 -0.0246, -3.1949 -2.2271 -0.0394, -3.1949 -2.2579 -0.0246, -3.1949 -1.7755 -0.0355, -3.1949 -1.768 -0.0308, -3.1949 -1.7618 -0.0246, -3.1949 2.2232 -0.0394, -3.1949 2.2319 -0.0384, -3.1949 2.2403 -0.0355, -3.1949 1.7886 -0.0394, -3.1949 2.2477 -0.0308, -3.1949 -2.2517 -0.0308, -3.1949 -2.2442 -0.0355, -3.1949 -2.2359 -0.0384, -3.1949 -1.7838 -0.0384, -3.1949 1.7641 -0.0308, -3.1949 1.7716 -0.0355, -3.1949 1.7799 -0.0384, -3.1949 -1.7925 -0.0394, 3.9705 -2.8366 0.3543, 3.9705 -2.2579 -0.0246, 3.9705 -2.2271 -0.0394, 3.9705 2.2232 -0.0394, 3.9705 2.2539 -0.0246, 3.9705 -2.2359 -0.0384, 3.9705 -2.2442 -0.0355, 3.9705 -2.2517 -0.0308, 3.9705 1.7579 -0.0246, 3.9705 -1.7925 -0.0394, 3.9705 -1.7618 -0.0246, 3.9705 -1.768 -0.0308, 3.9705 -1.7838 -0.0384, 3.9705 -1.7755 -0.0355, 3.9705 2.2477 -0.0308, 3.9705 2.2403 -0.0355, 3.9705 2.2319 -0.0384, 3.9705 1.7886 -0.0394, 3.9705 1.7799 -0.0384, 3.9705 1.7641 -0.0308, 3.9705 1.7716 -0.0355, -2.7618 -0.4154 5.8661, -2.6437 -0.2972 5.8661, -3.2736 -0.4154 5.8661, -2.7618 0.4114 5.8661, -3.2736 0.4114 5.8661, -2.7355 -0.4124 5.8661, -2.7106 -0.4037 5.8661, -2.6882 -0.3896 5.8661, -2.6695 -0.3709 5.8661, -2.6554 -0.3485 5.8661, -2.6467 -0.3235 5.8661, -2.6437 0.2933 5.8661, -2.6467 0.3196 5.8661, -2.7355 0.4085 5.8661, -2.7106 0.3997 5.8661, -2.6554 0.3446 5.8661, -2.6695 0.3669 5.8661, -2.6882 0.3856 5.8661, -2.7618 0.4902 5.9449, -2.7618 0.4902 5.9843, -3.2736 0.4902 5.9449, -3.2736 0.4902 5.9843, -2.7618 -0.4941 5.9843, -2.7618 -0.4941 5.9449, -3.2736 -0.4941 5.9843, -3.2736 -0.4941 5.9449, -2.565 0.2933 5.9449, -2.565 0.2933 5.9843, -2.5699 0.3371 5.9449, -2.5699 0.3371 5.9843, -2.5845 0.3787 5.9449, -2.5845 0.3787 5.9843, -2.6079 0.416 5.9449, -2.6079 0.416 5.9843, -2.6391 0.4472 5.9449, -2.6391 0.4472 5.9843, -2.6764 0.4707 5.9449, -2.6764 0.4707 5.9843, -2.718 0.4852 5.9449, -2.718 0.4852 5.9843, -2.565 -0.2972 5.9843, -2.565 -0.2972 5.9449, -2.718 -0.4892 5.9449, -2.718 -0.4892 5.9843, -2.6764 -0.4746 5.9449, -2.6764 -0.4746 5.9843, -2.6391 -0.4511 5.9449, -2.6391 -0.4511 5.9843, -2.6079 -0.42 5.9449, -2.6079 -0.42 5.9843, -2.5845 -0.3827 5.9449, -2.5845 -0.3827 5.9843, -2.5699 -0.341 5.9449, -2.5699 -0.341 5.9843, -2.6766 -2.4528 5.8661, -2.6667 -2.429 5.8661, -2.7618 -2.4035 5.8661, -2.6634 -2.4035 5.8661, -2.6667 -2.3781 5.8661, -2.7363 -2.4986 5.8661, -2.7126 -2.4888 5.8661, -2.6922 -2.4731 5.8661, -2.811 -2.4888 5.8661, -2.7873 -2.4986 5.8661, -2.7618 -2.502 5.8661, -2.8569 -2.429 5.8661, -2.8471 -2.4528 5.8661, -2.8314 -2.4731 5.8661, -2.8471 -2.3543 5.8661, -2.8569 -2.3781 5.8661, -2.8602 -2.4035 5.8661, -2.7873 -2.3085 5.8661, -2.811 -2.3183 5.8661, -2.8314 -2.3339 5.8661, -2.7126 -2.3183 5.8661, -2.7363 -2.3085 5.8661, -2.7618 -2.3051 5.8661, -2.6766 -2.3543 5.8661, -2.6922 -2.3339 5.8661, -2.6342 -2.3694 5.8703, -2.6474 -2.3375 5.8703, -2.6684 -2.3102 5.8703, -2.6958 -2.2892 5.8703, -2.7276 -2.276 5.8703, -2.7618 -2.2715 5.8703, -2.796 -2.276 5.8703, -2.8278 -2.2892 5.8703, -2.8552 -2.3102 5.8703, -2.8762 -2.3375 5.8703, -2.8894 -2.3694 5.8703, -2.8939 -2.4035 5.8703, -2.8894 -2.4377 5.8703, -2.8762 -2.4696 5.8703, -2.8552 -2.4969 5.8703, -2.8278 -2.5179 5.8703, -2.796 -2.5311 5.8703, -2.7618 -2.5356 5.8703, -2.7276 -2.5311 5.8703, -2.6958 -2.5179 5.8703, -2.6684 -2.4969 5.8703, -2.6474 -2.4696 5.8703, -2.6342 -2.4377 5.8703, -2.6297 -2.4035 5.8703, -2.6037 -2.3612 5.8826, -2.6201 -2.3217 5.8826, -2.6461 -2.2878 5.8826, -2.68 -2.2618 5.8826, -2.7195 -2.2454 5.8826, -2.7618 -2.2399 5.8826, -2.8042 -2.2454 5.8826, -2.8437 -2.2618 5.8826, -2.8775 -2.2878 5.8826, -2.9036 -2.3217 5.8826, -2.9199 -2.3612 5.8826, -2.9255 -2.4035 5.8826, -2.9199 -2.4459 5.8826, -2.9036 -2.4854 5.8826, -2.8775 -2.5193 5.8826, -2.8437 -2.5453 5.8826, -2.8042 -2.5616 5.8826, -2.7618 -2.5672 5.8826, -2.7195 -2.5616 5.8826, -2.68 -2.5453 5.8826, -2.6461 -2.5193 5.8826, -2.6201 -2.4854 5.8826, -2.6037 -2.4459 5.8826, -2.5981 -2.4035 5.8826, -2.577 -2.354 5.9022, -2.5961 -2.3079 5.9022, -2.6265 -2.2683 5.9022, -2.6662 -2.2378 5.9022, -2.7123 -2.2187 5.9022, -2.7618 -2.2122 5.9022, -2.8113 -2.2187 5.9022, -2.8575 -2.2378 5.9022, -2.8971 -2.2683 5.9022, -2.9275 -2.3079 5.9022, -2.9466 -2.354 5.9022, -2.9531 -2.4035 5.9022, -2.9466 -2.4531 5.9022, -2.9275 -2.4992 5.9022, -2.8971 -2.5388 5.9022, -2.8575 -2.5692 5.9022, -2.8113 -2.5884 5.9022, -2.7618 -2.5949 5.9022, -2.7123 -2.5884 5.9022, -2.6662 -2.5692 5.9022, -2.6265 -2.5388 5.9022, -2.5961 -2.4992 5.9022, -2.577 -2.4531 5.9022, -2.5705 -2.4035 5.9022, -2.5557 -2.3483 5.9279, -2.577 -2.2969 5.9279, -2.6109 -2.2527 5.9279, -2.6551 -2.2188 5.9279, -2.7066 -2.1975 5.9279, -2.7618 -2.1902 5.9279, -2.817 -2.1975 5.9279, -2.8685 -2.2188 5.9279, -2.9127 -2.2527 5.9279, -2.9466 -2.2969 5.9279, -2.9679 -2.3483 5.9279, -2.9752 -2.4035 5.9279, -2.9679 -2.4588 5.9279, -2.9466 -2.5102 5.9279, -2.9127 -2.5544 5.9279, -2.8685 -2.5883 5.9279, -2.817 -2.6096 5.9279, -2.7618 -2.6169 5.9279, -2.7066 -2.6096 5.9279, -2.6551 -2.5883 5.9279, -2.6109 -2.5544 5.9279, -2.577 -2.5102 5.9279, -2.5557 -2.4588 5.9279, -2.5485 -2.4035 5.9279, -2.5412 -2.3444 5.9583, -2.564 -2.2893 5.9583, -2.6003 -2.242 5.9583, -2.6476 -2.2057 5.9583, -2.7027 -2.1829 5.9583, -2.7618 -2.1751 5.9583, -2.8209 -2.1829 5.9583, -2.876 -2.2057 5.9583, -2.9233 -2.242 5.9583, -2.9597 -2.2893 5.9583, -2.9825 -2.3444 5.9583, -2.9903 -2.4035 5.9583, -2.9825 -2.4627 5.9583, -2.9597 -2.5178 5.9583, -2.9233 -2.5651 5.9583, -2.876 -2.6014 5.9583, -2.8209 -2.6242 5.9583, -2.7618 -2.632 5.9583, -2.7027 -2.6242 5.9583, -2.6476 -2.6014 5.9583, -2.6003 -2.5651 5.9583, -2.564 -2.5178 5.9583, -2.5412 -2.4627 5.9583, -2.5334 -2.4035 5.9583, -2.5342 -2.3426 5.9914, -2.5577 -2.2857 5.9914, -2.5952 -2.2369 5.9914, -2.644 -2.1995 5.9914, -2.7008 -2.1759 5.9914, -2.7618 -2.1679 5.9914, -2.8228 -2.1759 5.9914, -2.8796 -2.1995 5.9914, -2.9284 -2.2369 5.9914, -2.9659 -2.2857 5.9914, -2.9894 -2.3426 5.9914, -2.9975 -2.4035 5.9914, -2.9894 -2.4645 5.9914, -2.9659 -2.5214 5.9914, -2.9284 -2.5702 5.9914, -2.8796 -2.6076 5.9914, -2.8228 -2.6312 5.9914, -2.7618 -2.6392 5.9914, -2.7008 -2.6312 5.9914, -2.644 -2.6076 5.9914, -2.5952 -2.5702 5.9914, -2.5577 -2.5214 5.9914, -2.5342 -2.4645 5.9914, -2.5262 -2.4035 5.9914, 4.1253 2.9318 5.9843, 4.1174 2.9508 5.9843, 4.1049 2.9671 5.9843, 4.0886 2.9796 5.9843, 4.0696 2.9875 5.9843, 4.0492 2.9902 5.9843, -3.2736 2.9902 5.9843, -3.294 2.9875 5.9843, -3.313 2.9796 5.9843, -3.3293 2.9671 5.9843, -3.3418 2.9508 5.9843, -3.3497 2.9318 5.9843, 4.0492 2.9318 6.0603, -3.2736 2.9318 6.0603, 4.0492 2.9508 6.0524, -3.2736 2.9508 6.0524, 4.0492 2.9671 6.0399, -3.2736 2.9671 6.0399, 4.0492 2.9796 6.0236, -3.2736 2.9796 6.0236, 4.0492 2.9875 6.0046, -3.2736 2.9875 6.0046, 4.0689 2.9849 6.0046, 4.0689 2.9455 6.0524, 4.0594 2.9291 6.0603, 4.0636 2.9258 6.0603, 4.0696 2.9114 6.0603, 4.0689 2.9167 6.0603, 4.0545 2.9311 6.0603, 4.0594 2.9494 6.0524, 4.0636 2.9652 6.0399, 4.077 2.9393 6.0524, 4.0669 2.9216 6.0603, 4.0833 2.9311 6.0524, 4.0872 2.9216 6.0524, 4.0886 2.9114 6.0524, 4.077 2.9596 6.0399, 4.0886 2.9508 6.0399, 4.0974 2.9393 6.0399, 4.103 2.9258 6.0399, 4.1049 2.9114 6.0399, 4.0669 2.9773 6.0236, 4.0833 2.9705 6.0236, 4.0974 2.9596 6.0236, 4.1083 2.9455 6.0236, 4.1151 2.9291 6.0236, 4.1174 2.9114 6.0236, 4.0872 2.9773 6.0046, 4.103 2.9652 6.0046, 4.1151 2.9494 6.0046, 4.1227 2.9311 6.0046, 4.1253 2.9114 6.0046, -3.3441 2.9114 6.0182, -3.3418 2.9114 6.0236, -3.3395 2.9291 6.0236, -3.3347 2.9114 6.0329, -3.3293 2.9114 6.0399, -3.3274 2.9258 6.0399, -3.3117 2.9216 6.0524, -3.2933 2.9167 6.0603, -3.2913 2.9216 6.0603, -3.2789 2.9311 6.0603, -3.2911 2.9114 6.0607, -3.3223 2.9114 6.0453, -3.313 2.9114 6.0524, -3.3076 2.9114 6.0547, -3.294 2.9114 6.0603, -3.3015 2.9393 6.0524, -3.2838 2.9291 6.0603, -3.2933 2.9455 6.0524, -3.2838 2.9494 6.0524, -3.3077 2.9311 6.0524, -3.288 2.9258 6.0603, -3.3218 2.9393 6.0399, -3.313 2.9508 6.0399, -3.3015 2.9596 6.0399, -3.288 2.9652 6.0399, -3.3327 2.9455 6.0236, -3.3218 2.9596 6.0236, -3.3077 2.9705 6.0236, -3.2913 2.9773 6.0236, -3.3501 2.9114 6.0017, -3.3497 2.9114 6.0046, -3.3471 2.9311 6.0046, -3.3395 2.9494 6.0046, -3.3274 2.9652 6.0046, -3.3117 2.9773 6.0046, -3.2933 2.9849 6.0046, 4.0696 -2.9154 6.0603, 4.0886 -2.9154 6.0524, 4.1049 -2.9154 6.0399, 4.1174 -2.9154 6.0236, 4.1253 -2.9154 6.0046, 4.0667 -2.9918 5.9843, 4.0696 -2.9914 5.9843, 4.0832 -2.9858 5.9843, 4.0886 -2.9835 5.9843, 4.0979 -2.9764 5.9843, 4.1102 -2.964 5.9843, 4.1049 -2.971 5.9843, 4.1256 -2.9328 5.9843, 4.1253 -2.9357 5.9843, 4.1196 -2.9493 5.9843, 4.1174 -2.9547 5.9843, -3.2911 0.5689 6.0607, -3.294 0.5689 6.0603, -3.3076 0.5689 6.0547, -3.313 0.5689 6.0524, -3.3223 0.5689 6.0453, -3.3293 0.5689 6.0399, -3.3347 0.5689 6.0329, -3.3418 0.5689 6.0236, -3.3441 0.5689 6.0182, -3.3497 0.5689 6.0046, -3.3501 0.5689 6.0017, -2.7618 0.4928 6.0046, -3.2736 0.4928 6.0046, -2.7618 0.5007 6.0236, -3.2736 0.5007 6.0236, -2.7618 0.5132 6.0399, -3.2736 0.5132 6.0399, -2.7618 0.5295 6.0524, -3.2736 0.5295 6.0524, -2.7618 0.5485 6.0603, -3.2736 0.5485 6.0603, -2.705 0.5421 6.0603, -2.7093 0.5236 6.0524, -2.7129 0.5077 6.0399, -2.7157 0.4955 6.0236, -2.7174 0.4878 6.0046, -2.6752 0.4731 6.0046, -2.6374 0.4493 6.0046, -2.6058 0.4177 6.0046, -2.582 0.3799 6.0046, -2.5673 0.3377 6.0046, -2.5623 0.2933 6.0046, -2.6718 0.4802 6.0236, -2.6325 0.4555 6.0236, -2.5997 0.4226 6.0236, -2.575 0.3833 6.0236, -2.5596 0.3395 6.0236, -2.5544 0.2933 6.0236, -2.6664 0.4914 6.0399, -2.6247 0.4652 6.0399, -2.5899 0.4304 6.0399, -2.5637 0.3887 6.0399, -2.5474 0.3422 6.0399, -2.5419 0.2933 6.0399, -2.6593 0.5061 6.0524, -2.6145 0.478 6.0524, -2.5771 0.4406 6.0524, -2.549 0.3958 6.0524, -2.5315 0.3459 6.0524, -2.5256 0.2933 6.0524, -2.6511 0.5232 6.0603, -2.6027 0.4928 6.0603, -2.5623 0.4524 6.0603, -2.5319 0.404 6.0603, -2.513 0.3501 6.0603, -2.5066 0.2933 6.0603, 4.0689 -2.9888 6.0046, 4.0872 -2.9812 6.0046, 4.103 -2.9691 6.0046, 4.1151 -2.9534 6.0046, 4.1227 -2.935 6.0046, 4.1151 -2.933 6.0236, 4.103 -2.9298 6.0399, 4.0872 -2.9255 6.0524, 4.0689 -2.9206 6.0603, 4.1083 -2.9494 6.0236, 4.0974 -2.9432 6.0399, 4.0833 -2.935 6.0524, 4.0669 -2.9255 6.0603, 4.0974 -2.9636 6.0236, 4.0886 -2.9547 6.0399, 4.077 -2.9432 6.0524, 4.0636 -2.9298 6.0603, 4.0833 -2.9744 6.0236, 4.077 -2.9636 6.0399, 4.0689 -2.9494 6.0524, 4.0594 -2.933 6.0603, 4.0669 -2.9812 6.0236, 4.0636 -2.9691 6.0399, 4.0594 -2.9534 6.0524, 4.0545 -2.935 6.0603, 4.0492 -2.9914 6.0046, 4.0492 -2.9835 6.0236, 4.0492 -2.971 6.0399, 4.0492 -2.9547 6.0524, 4.0492 -2.9357 6.0603, -3.2933 0.4954 6.0046, -3.2913 0.503 6.0236, -3.2838 0.5309 6.0524, -3.2789 0.5492 6.0603, -3.2838 0.5512 6.0603, -3.2933 0.5636 6.0603, -3.2913 0.5587 6.0603, -3.2933 0.5348 6.0524, -3.288 0.5545 6.0603, -3.3015 0.5411 6.0524, -3.3077 0.5492 6.0524, -3.3117 0.5587 6.0524, -3.288 0.5151 6.0399, -3.3015 0.5207 6.0399, -3.313 0.5295 6.0399, -3.3218 0.5411 6.0399, -3.3274 0.5545 6.0399, -3.3077 0.5098 6.0236, -3.3218 0.5207 6.0236, -3.3327 0.5348 6.0236, -3.3395 0.5512 6.0236, -3.3117 0.503 6.0046, -3.3274 0.5151 6.0046, -3.3395 0.5309 6.0046, -3.3471 0.5492 6.0046, -3.294 0.4928 5.9843, -3.313 0.5007 5.9843, -3.3293 0.5132 5.9843, -3.3418 0.5295 5.9843, -3.3497 0.5485 5.9843, -2.7618 0.4875 5.9245, -2.7186 0.4826 5.9245, -2.6776 0.4682 5.9245, -2.6408 0.4451 5.9245, -2.61 0.4144 5.9245, -2.5869 0.3776 5.9245, -2.5725 0.3365 5.9245, -2.5676 0.2933 5.9245, -2.7618 0.4796 5.9055, -2.7204 0.4749 5.9055, -2.681 0.4612 5.9055, -2.6457 0.439 5.9055, -2.6162 0.4095 5.9055, -2.594 0.3741 5.9055, -2.5802 0.3348 5.9055, -2.5755 0.2933 5.9055, -2.7618 0.4671 5.8892, -2.7231 0.4627 5.8892, -2.6864 0.4499 5.8892, -2.6535 0.4292 5.8892, -2.6259 0.4017 5.8892, -2.6052 0.3687 5.8892, -2.5924 0.332 5.8892, -2.588 0.2933 5.8892, -2.7618 0.4508 5.8767, -2.7268 0.4468 5.8767, -2.6935 0.4352 5.8767, -2.6636 0.4164 5.8767, -2.6387 0.3915 5.8767, -2.6199 0.3616 5.8767, -2.6083 0.3283 5.8767, -2.6043 0.2933 5.8767, -2.7618 0.4318 5.8688, -2.731 0.4283 5.8688, -2.7017 0.4181 5.8688, -2.6755 0.4016 5.8688, -2.6535 0.3797 5.8688, -2.637 0.3534 5.8688, -2.6268 0.3241 5.8688, -2.6233 0.2933 5.8688, -2.5623 -0.2972 6.0046, -2.5544 -0.2972 6.0236, -2.5419 -0.2972 6.0399, -2.5256 -0.2972 6.0524, -2.5066 -0.2972 6.0603, -3.2736 -2.9357 6.0603, -3.2736 -2.9547 6.0524, -3.2736 -2.971 6.0399, -3.2736 -2.9835 6.0236, -3.2736 -2.9914 6.0046, -3.3501 -2.9328 5.9843, -3.3497 -2.9357 5.9843, -3.3441 -2.9493 5.9843, -3.3418 -2.9547 5.9843, -3.3347 -2.964 5.9843, -3.3223 -2.9764 5.9843, -3.3293 -2.971 5.9843, -3.2911 -2.9918 5.9843, -3.294 -2.9914 5.9843, -3.3076 -2.9858 5.9843, -3.313 -2.9835 5.9843, -3.294 0.4928 5.9449, -3.313 0.5007 5.9449, -3.3293 0.5132 5.9449, -3.3418 0.5295 5.9449, -3.3497 0.5485 5.9449, -3.2736 0.4318 5.8688, -3.2736 0.4508 5.8767, -3.2736 0.4671 5.8892, -3.2736 0.4796 5.9055, -3.2736 0.4875 5.9245, -2.6233 -0.2972 5.8688, -2.6043 -0.2972 5.8767, -2.588 -0.2972 5.8892, -2.5755 -0.2972 5.9055, -2.5676 -0.2972 5.9245, -2.513 -0.354 6.0603, -2.5315 -0.3498 6.0524, -2.5474 -0.3462 6.0399, -2.5596 -0.3434 6.0236, -2.5673 -0.3416 6.0046, -2.582 -0.3838 6.0046, -2.6058 -0.4217 6.0046, -2.6374 -0.4532 6.0046, -2.6752 -0.477 6.0046, -2.7174 -0.4918 6.0046, -2.7618 -0.4968 6.0046, -2.575 -0.3872 6.0236, -2.5997 -0.4266 6.0236, -2.6325 -0.4594 6.0236, -2.6718 -0.4841 6.0236, -2.7157 -0.4994 6.0236, -2.7618 -0.5046 6.0236, -2.5637 -0.3927 6.0399, -2.5899 -0.4344 6.0399, -2.6247 -0.4692 6.0399, -2.6664 -0.4954 6.0399, -2.7129 -0.5116 6.0399, -2.7618 -0.5172 6.0399, -2.549 -0.3997 6.0524, -2.5771 -0.4445 6.0524, -2.6145 -0.4819 6.0524, -2.6593 -0.5101 6.0524, -2.7093 -0.5275 6.0524, -2.7618 -0.5335 6.0524, -2.5319 -0.408 6.0603, -2.5623 -0.4564 6.0603, -2.6027 -0.4968 6.0603, -2.6511 -0.5272 6.0603, -2.705 -0.5461 6.0603, -2.7618 -0.5525 6.0603, -3.3471 -2.935 6.0046, -3.3395 -2.9534 6.0046, -3.3274 -2.9691 6.0046, -3.3117 -2.9812 6.0046, -3.2933 -2.9888 6.0046, -3.2913 -2.9812 6.0236, -3.288 -2.9691 6.0399, -3.2838 -2.9534 6.0524, -3.2789 -2.935 6.0603, -3.3077 -2.9744 6.0236, -3.3015 -2.9636 6.0399, -3.2933 -2.9494 6.0524, -3.2838 -2.933 6.0603, -3.3218 -2.9636 6.0236, -3.313 -2.9547 6.0399, -3.3015 -2.9432 6.0524, -3.288 -2.9298 6.0603, -3.3327 -2.9494 6.0236, -3.3218 -2.9432 6.0399, -3.3077 -2.935 6.0524, -3.2913 -2.9255 6.0603, -3.3395 -2.933 6.0236, -3.3274 -2.9298 6.0399, -3.3117 -2.9255 6.0524, -3.2933 -2.9206 6.0603, -3.3497 -2.9154 6.0046, -3.3418 -2.9154 6.0236, -3.3293 -2.9154 6.0399, -3.313 -2.9154 6.0524, -3.294 -2.9154 6.0603, -3.3497 0.5438 5.9094, -3.3418 0.5255 5.9143, -3.3293 0.5098 5.9185, -3.313 0.4977 5.9218, -3.294 0.4901 5.9238, -3.3497 0.5301 5.8763, -3.3418 0.5137 5.8858, -3.3293 0.4996 5.894, -3.313 0.4887 5.9002, -3.294 0.4819 5.9042, -3.3497 0.5084 5.8479, -3.3418 0.4949 5.8614, -3.3293 0.4834 5.8729, -3.313 0.4746 5.8817, -3.294 0.469 5.8873, -3.3497 0.48 5.8261, -3.3418 0.4705 5.8426, -3.3293 0.4623 5.8567, -3.313 0.4561 5.8676, -3.294 0.4521 5.8744, -3.3497 0.4469 5.8125, -3.3418 0.442 5.8308, -3.3293 0.4378 5.8465, -3.313 0.4345 5.8586, -3.294 0.4325 5.8662, -3.3497 0.4114 5.8078, -3.3418 0.4114 5.8268, -3.3293 0.4114 5.8431, -3.313 0.4114 5.8556, -3.294 0.4114 5.8635, -2.5725 -0.3405 5.9245, -2.5869 -0.3815 5.9245, -2.61 -0.4183 5.9245, -2.6408 -0.4491 5.9245, -2.6776 -0.4722 5.9245, -2.7186 -0.4865 5.9245, -2.7618 -0.4914 5.9245, -2.5802 -0.3387 5.9055, -2.594 -0.3781 5.9055, -2.6162 -0.4134 5.9055, -2.6457 -0.4429 5.9055, -2.681 -0.4651 5.9055, -2.7204 -0.4789 5.9055, -2.7618 -0.4835 5.9055, -2.5924 -0.3359 5.8892, -2.6052 -0.3726 5.8892, -2.6259 -0.4056 5.8892, -2.6535 -0.4331 5.8892, -2.6864 -0.4538 5.8892, -2.7231 -0.4667 5.8892, -2.7618 -0.471 5.8892, -2.6083 -0.3323 5.8767, -2.6199 -0.3656 5.8767, -2.6387 -0.3954 5.8767, -2.6636 -0.4204 5.8767, -2.6935 -0.4391 5.8767, -2.7268 -0.4508 5.8767, -2.7618 -0.4547 5.8767, -2.6268 -0.3281 5.8688, -2.637 -0.3573 5.8688, -2.6535 -0.3836 5.8688, -2.6755 -0.4055 5.8688, -2.7017 -0.422 5.8688, -2.731 -0.4323 5.8688, -2.7618 -0.4357 5.8688, -3.2736 -0.4968 6.0046, -3.2736 -0.5046 6.0236, -3.2736 -0.5172 6.0399, -3.2736 -0.5335 6.0524, -3.2736 -0.5525 6.0603, -3.294 -0.5728 6.0603, -3.313 -0.5728 6.0524, -3.3293 -0.5728 6.0399, -3.3418 -0.5728 6.0236, -3.3497 -0.5728 6.0046, -3.294 -0.4154 5.8635, -3.313 -0.4154 5.8556, -3.3293 -0.4154 5.8431, -3.3418 -0.4154 5.8268, -3.3497 -0.4154 5.8078, -3.2736 -0.4357 5.8688, -3.2736 -0.4547 5.8767, -3.2736 -0.471 5.8892, -3.2736 -0.4835 5.9055, -3.2736 -0.4914 5.9245, -3.3471 -0.5531 6.0046, -3.3077 -0.5531 6.0524, -3.2913 -0.5626 6.0603, -3.288 -0.5584 6.0603, -3.2789 -0.5531 6.0603, -3.2933 -0.5676 6.0603, -3.3117 -0.5626 6.0524, -3.3274 -0.5584 6.0399, -3.3015 -0.545 6.0524, -3.2838 -0.5552 6.0603, -3.2933 -0.5387 6.0524, -3.2838 -0.5348 6.0524, -3.3218 -0.545 6.0399, -3.313 -0.5335 6.0399, -3.3015 -0.5246 6.0399, -3.288 -0.5191 6.0399, -3.3395 -0.5552 6.0236, -3.3327 -0.5387 6.0236, -3.3218 -0.5246 6.0236, -3.3077 -0.5138 6.0236, -3.2913 -0.507 6.0236, -3.3395 -0.5348 6.0046, -3.3274 -0.5191 6.0046, -3.3117 -0.507 6.0046, -3.2933 -0.4994 6.0046, -3.3497 -0.5525 5.9843, -3.3418 -0.5335 5.9843, -3.3293 -0.5172 5.9843, -3.313 -0.5046 5.9843, -3.294 -0.4968 5.9843, -3.3497 -0.4508 5.8125, -3.3418 -0.4459 5.8308, -3.3293 -0.4417 5.8465, -3.313 -0.4385 5.8586, -3.294 -0.4364 5.8662, -3.3497 -0.4839 5.8261, -3.3418 -0.4744 5.8426, -3.3293 -0.4663 5.8567, -3.313 -0.46 5.8676, -3.294 -0.4561 5.8744, -3.3497 -0.5123 5.8479, -3.3418 -0.4989 5.8614, -3.3293 -0.4873 5.8729, -3.313 -0.4785 5.8817, -3.294 -0.4729 5.8873, -3.3497 -0.5341 5.8763, -3.3418 -0.5176 5.8858, -3.3293 -0.5035 5.894, -3.313 -0.4927 5.9002, -3.294 -0.4859 5.9042, -3.3497 -0.5478 5.9094, -3.3418 -0.5294 5.9143, -3.3293 -0.5137 5.9185, -3.313 -0.5016 5.9218, -3.294 -0.494 5.9238, -3.3497 -0.5525 5.9449, -3.3418 -0.5335 5.9449, -3.3293 -0.5172 5.9449, -3.313 -0.5046 5.9449, -3.294 -0.4968 5.9449, -2.5302 -2.3415 6.0103, -2.5542 -2.2837 6.0103, -2.5923 -2.234 6.0103, -2.6419 -2.1959 6.0103, -2.6998 -2.1719 6.0103, -2.7618 -2.1638 6.0103, -2.8239 -2.1719 6.0103, -2.8817 -2.1959 6.0103, -2.9314 -2.234 6.0103, -2.9695 -2.2837 6.0103, -2.9934 -2.3415 6.0103, -3.0016 -2.4035 6.0103, -2.9934 -2.4656 6.0103, -2.9695 -2.5234 6.0103, -2.9314 -2.5731 6.0103, -2.8817 -2.6112 6.0103, -2.8239 -2.6351 6.0103, -2.7618 -2.6433 6.0103, -2.6998 -2.6351 6.0103, -2.6419 -2.6112 6.0103, -2.5923 -2.5731 6.0103, -2.5542 -2.5234 6.0103, -2.5302 -2.4656 6.0103, -2.522 -2.4035 6.0103, -2.5219 -2.3393 6.0277, -2.5467 -2.2794 6.0277, -2.5862 -2.2279 6.0277, -2.6376 -2.1884 6.0277, -2.6975 -2.1636 6.0277, -2.7618 -2.1552 6.0277, -2.8261 -2.1636 6.0277, -2.886 -2.1884 6.0277, -2.9375 -2.2279 6.0277, -2.9769 -2.2794 6.0277, -3.0017 -2.3393 6.0277, -3.0102 -2.4035 6.0277, -3.0017 -2.4678 6.0277, -2.9769 -2.5277 6.0277, -2.9375 -2.5792 6.0277, -2.886 -2.6187 6.0277, -2.8261 -2.6435 6.0277, -2.7618 -2.6519 6.0277, -2.6975 -2.6435 6.0277, -2.6376 -2.6187 6.0277, -2.5862 -2.5792 6.0277, -2.5467 -2.5277 6.0277, -2.5219 -2.4678 6.0277, -2.5134 -2.4035 6.0277, -2.5097 -2.336 6.0424, -2.5358 -2.2731 6.0424, -2.5773 -2.219 6.0424, -2.6313 -2.1775 6.0424, -2.6943 -2.1515 6.0424, -2.7618 -2.1426 6.0424, -2.8294 -2.1515 6.0424, -2.8923 -2.1775 6.0424, -2.9464 -2.219 6.0424, -2.9878 -2.2731 6.0424, -3.0139 -2.336 6.0424, -3.0228 -2.4035 6.0424, -3.0139 -2.4711 6.0424, -2.9878 -2.534 6.0424, -2.9464 -2.5881 6.0424, -2.8923 -2.6296 6.0424, -2.8294 -2.6556 6.0424, -2.7618 -2.6645 6.0424, -2.6943 -2.6556 6.0424, -2.6313 -2.6296 6.0424, -2.5773 -2.5881 6.0424, -2.5358 -2.534 6.0424, -2.5097 -2.4711 6.0424, -2.5008 -2.4035 6.0424, -2.4945 -2.3319 6.0536, -2.5221 -2.2652 6.0536, -2.5661 -2.2078 6.0536, -2.6234 -2.1638 6.0536, -2.6902 -2.1362 6.0536, -2.7618 -2.1268 6.0536, -2.8335 -2.1362 6.0536, -2.9002 -2.1638 6.0536, -2.9575 -2.2078 6.0536, -3.0015 -2.2652 6.0536, -3.0292 -2.3319 6.0536, -3.0386 -2.4035 6.0536, -3.0292 -2.4752 6.0536, -3.0015 -2.5419 6.0536, -2.9575 -2.5993 6.0536, -2.9002 -2.6432 6.0536, -2.8335 -2.6709 6.0536, -2.7618 -2.6803 6.0536, -2.6902 -2.6709 6.0536, -2.6234 -2.6432 6.0536, -2.5661 -2.5993 6.0536, -2.5221 -2.5419 6.0536, -2.4945 -2.4752 6.0536, -2.485 -2.4035 6.0536, -2.477 -2.3272 6.0606, -2.5065 -2.2561 6.0606, -2.5533 -2.1951 6.0606, -2.6144 -2.1482 6.0606, -2.6855 -2.1187 6.0606, -2.7618 -2.1087 6.0606, -2.8381 -2.1187 6.0606, -2.9092 -2.1482 6.0606, -2.9703 -2.1951 6.0606, -3.0172 -2.2561 6.0606, -3.0466 -2.3272 6.0606, -3.0567 -2.4035 6.0606, -3.0466 -2.4799 6.0606, -3.0172 -2.551 6.0606, -2.9703 -2.612 6.0606, -2.9092 -2.6589 6.0606, -2.8381 -2.6883 6.0606, -2.7618 -2.6984 6.0606, -2.6855 -2.6883 6.0606, -2.6144 -2.6589 6.0606, -2.5533 -2.612 6.0606, -2.5065 -2.551 6.0606, -2.477 -2.4799 6.0606, -2.467 -2.4035 6.0606
            ]
        }
        coordIndex [
            0,1,2,-1,2,1,3,-1,2,3,4,-1,4,3,5,-1,3,6,7,-1,7,8,3,-1,3,8,9,-1,3,9,10,-1,10,11,3,-1,3,11,12,-1,3,12,5,-1,13,14,6,-1,6,14,15,-1,6,15,16,-1,16,17,6,-1,6,17,18,-1,6,18,19,-1,19,20,6,-1,6,20,21,-1,6,21,7,-1,22,23,24,-1,24,23,25,-1,26,27,28,-1,28,27,29,-1,28,29,30,-1,30,29,31,-1,32,33,34,-1,34,33,35,-1,34,35,36,-1,37,38,29,-1,29,38,39,-1,29,39,31,-1,36,40,34,-1,34,40,41,-1,34,41,42,-1,42,43,34,-1,34,43,44,-1,34,44,29,-1,29,44,45,-1,29,45,37,-1,46,47,48,-1,48,47,49,-1,26,28,50,-1,51,15,50,-1,50,15,14,-1,52,53,54,-1,54,53,55,-1,54,55,56,-1,57,58,14,-1,14,58,25,-1,14,25,50,-1,50,25,23,-1,50,23,26,-1,26,23,59,-1,26,59,55,-1,57,60,58,-1,58,60,61,-1,58,61,62,-1,62,61,63,-1,56,55,64,-1,64,55,59,-1,64,59,65,-1,65,59,66,-1,65,66,67,-1,14,68,57,-1,57,68,69,-1,57,69,70,-1,70,69,71,-1,72,73,0,-1,74,75,76,-1,76,77,74,-1,74,77,78,-1,74,78,2,-1,79,80,81,-1,81,80,82,-1,83,33,84,-1,83,73,33,-1,33,73,85,-1,33,85,35,-1,78,86,2,-1,2,86,87,-1,2,87,0,-1,0,87,88,-1,0,88,72,-1,83,46,73,-1,73,46,48,-1,73,48,0,-1,0,48,89,-1,0,89,90,-1,85,91,35,-1,35,91,92,-1,35,92,80,-1,80,92,93,-1,80,93,82,-1,94,83,95,-1,95,83,84,-1,95,84,96,-1,96,84,97,-1,96,97,98,-1,99,100,101,-1,101,100,102,-1,101,102,89,-1,94,103,83,-1,83,103,104,-1,83,104,105,-1,89,102,90,-1,90,102,106,-1,90,106,107,-1,107,106,108,-1,107,108,109,-1,110,111,7,-1,7,111,8,-1,112,113,114,-1,114,113,115,-1,114,115,116,-1,117,118,119,-1,120,121,122,-1,122,121,123,-1,122,123,124,-1,116,125,114,-1,114,125,126,-1,114,126,117,-1,117,126,127,-1,117,127,118,-1,124,128,122,-1,122,128,129,-1,122,129,114,-1,114,129,130,-1,114,130,112,-1,131,132,122,-1,122,132,133,-1,122,133,120,-1,134,135,136,-1,136,137,134,-1,134,137,138,-1,134,138,139,-1,140,141,142,-1,143,131,144,-1,144,131,145,-1,143,146,131,-1,131,146,147,-1,131,147,135,-1,142,148,140,-1,140,148,149,-1,140,149,131,-1,131,149,150,-1,131,150,145,-1,134,151,135,-1,135,151,152,-1,135,152,131,-1,131,152,153,-1,131,153,132,-1,119,154,117,-1,117,154,155,-1,117,155,156,-1,156,155,134,-1,156,134,157,-1,157,134,139,-1,158,159,29,-1,29,159,34,-1,32,34,159,-1,159,160,1,-1,1,160,3,-1,161,47,162,-1,163,1,164,-1,165,166,167,-1,168,169,170,-1,161,32,47,-1,47,32,159,-1,47,159,49,-1,49,159,1,-1,49,1,167,-1,162,171,161,-1,161,171,168,-1,161,168,172,-1,172,168,170,-1,164,173,163,-1,163,173,174,-1,163,174,175,-1,165,167,176,-1,177,178,162,-1,162,178,179,-1,162,179,171,-1,1,163,167,-1,167,163,180,-1,167,180,176,-1,160,181,3,-1,3,181,6,-1,13,6,181,-1,181,158,27,-1,27,158,29,-1,182,13,183,-1,184,27,185,-1,186,187,183,-1,183,187,188,-1,183,188,182,-1,184,189,27,-1,27,189,22,-1,27,22,181,-1,181,22,24,-1,181,24,13,-1,13,24,190,-1,13,190,183,-1,24,191,190,-1,190,191,192,-1,190,192,193,-1,193,192,194,-1,185,195,184,-1,184,195,196,-1,184,196,197,-1,184,198,189,-1,189,198,199,-1,189,199,200,-1,200,199,201,-1,161,84,32,-1,32,84,33,-1,168,95,96,-1,168,96,169,-1,169,96,98,-1,169,98,170,-1,170,98,97,-1,170,97,172,-1,172,97,84,-1,172,84,161,-1,171,94,168,-1,168,94,95,-1,162,83,105,-1,162,105,177,-1,177,105,104,-1,177,104,178,-1,178,104,103,-1,178,103,179,-1,179,103,94,-1,179,94,171,-1,47,46,162,-1,162,46,83,-1,1,0,164,-1,164,0,90,-1,167,89,49,-1,49,89,48,-1,180,102,100,-1,180,100,176,-1,176,100,99,-1,176,99,165,-1,165,99,101,-1,165,101,166,-1,166,101,89,-1,166,89,167,-1,163,106,180,-1,180,106,102,-1,164,90,107,-1,164,107,173,-1,173,107,109,-1,173,109,174,-1,174,109,108,-1,174,108,175,-1,175,108,106,-1,175,106,163,-1,55,185,26,-1,26,185,27,-1,56,184,197,-1,56,197,54,-1,54,197,196,-1,54,196,52,-1,52,196,195,-1,52,195,53,-1,53,195,185,-1,53,185,55,-1,64,198,56,-1,56,198,184,-1,59,189,200,-1,59,200,66,-1,66,200,201,-1,66,201,67,-1,67,201,199,-1,67,199,65,-1,65,199,198,-1,65,198,64,-1,23,22,59,-1,59,22,189,-1,14,13,68,-1,68,13,182,-1,58,191,25,-1,25,191,24,-1,60,190,193,-1,60,193,61,-1,61,193,194,-1,61,194,63,-1,63,194,192,-1,63,192,62,-1,62,192,191,-1,62,191,58,-1,57,183,60,-1,60,183,190,-1,68,182,188,-1,68,188,69,-1,69,188,187,-1,69,187,71,-1,71,187,186,-1,71,186,70,-1,70,186,183,-1,70,183,57,-1,202,203,204,-1,204,203,205,-1,204,205,206,-1,202,207,203,-1,203,207,208,-1,203,208,209,-1,209,210,203,-1,203,210,211,-1,203,211,212,-1,203,213,205,-1,205,213,214,-1,205,214,215,-1,215,214,216,-1,217,218,214,-1,214,218,219,-1,214,219,216,-1,220,221,222,-1,222,221,223,-1,224,225,226,-1,226,225,227,-1,228,229,230,-1,230,229,231,-1,230,231,232,-1,232,231,233,-1,232,233,234,-1,234,233,235,-1,234,235,236,-1,236,235,237,-1,236,237,238,-1,238,237,239,-1,238,239,240,-1,240,239,241,-1,240,241,220,-1,220,241,221,-1,229,228,242,-1,242,228,243,-1,225,224,244,-1,244,224,245,-1,244,245,246,-1,246,245,247,-1,246,247,248,-1,248,247,249,-1,248,249,250,-1,250,249,251,-1,250,251,252,-1,252,251,253,-1,252,253,254,-1,254,253,255,-1,254,255,243,-1,243,255,242,-1,256,257,258,-1,258,257,259,-1,258,259,260,-1,261,262,258,-1,258,262,263,-1,258,263,256,-1,264,265,258,-1,258,265,266,-1,258,266,261,-1,267,268,258,-1,258,268,269,-1,258,269,264,-1,270,271,258,-1,258,271,272,-1,258,272,267,-1,273,274,258,-1,258,274,275,-1,258,275,270,-1,276,277,258,-1,258,277,278,-1,258,278,273,-1,260,279,258,-1,258,279,280,-1,258,280,276,-1,260,281,279,-1,279,281,282,-1,279,282,280,-1,280,282,283,-1,280,283,276,-1,276,283,284,-1,276,284,277,-1,277,284,285,-1,277,285,278,-1,278,285,286,-1,278,286,273,-1,273,286,287,-1,273,287,274,-1,274,287,288,-1,274,288,275,-1,275,288,289,-1,275,289,270,-1,270,289,290,-1,270,290,271,-1,271,290,291,-1,271,291,272,-1,272,291,292,-1,272,292,267,-1,267,292,293,-1,267,293,268,-1,268,293,294,-1,268,294,269,-1,269,294,295,-1,269,295,264,-1,264,295,296,-1,264,296,265,-1,265,296,297,-1,265,297,266,-1,266,297,298,-1,266,298,261,-1,261,298,299,-1,261,299,262,-1,262,299,300,-1,262,300,263,-1,263,300,301,-1,263,301,256,-1,256,301,302,-1,256,302,257,-1,257,302,303,-1,257,303,259,-1,259,303,304,-1,259,304,260,-1,260,304,281,-1,281,305,282,-1,282,305,306,-1,282,306,283,-1,283,306,307,-1,283,307,284,-1,284,307,308,-1,284,308,285,-1,285,308,309,-1,285,309,286,-1,286,309,310,-1,286,310,287,-1,287,310,311,-1,287,311,288,-1,288,311,312,-1,288,312,289,-1,289,312,313,-1,289,313,290,-1,290,313,314,-1,290,314,291,-1,291,314,315,-1,291,315,292,-1,292,315,316,-1,292,316,293,-1,293,316,317,-1,293,317,294,-1,294,317,318,-1,294,318,295,-1,295,318,319,-1,295,319,296,-1,296,319,320,-1,296,320,297,-1,297,320,321,-1,297,321,298,-1,298,321,322,-1,298,322,299,-1,299,322,323,-1,299,323,300,-1,300,323,324,-1,300,324,301,-1,301,324,325,-1,301,325,302,-1,302,325,326,-1,302,326,303,-1,303,326,327,-1,303,327,304,-1,304,327,328,-1,304,328,281,-1,281,328,305,-1,305,329,306,-1,306,329,330,-1,306,330,307,-1,307,330,331,-1,307,331,308,-1,308,331,332,-1,308,332,309,-1,309,332,333,-1,309,333,310,-1,310,333,334,-1,310,334,311,-1,311,334,335,-1,311,335,312,-1,312,335,336,-1,312,336,313,-1,313,336,337,-1,313,337,314,-1,314,337,338,-1,314,338,315,-1,315,338,339,-1,315,339,316,-1,316,339,340,-1,316,340,317,-1,317,340,341,-1,317,341,318,-1,318,341,342,-1,318,342,319,-1,319,342,343,-1,319,343,320,-1,320,343,344,-1,320,344,321,-1,321,344,345,-1,321,345,322,-1,322,345,346,-1,322,346,323,-1,323,346,347,-1,323,347,324,-1,324,347,348,-1,324,348,325,-1,325,348,349,-1,325,349,326,-1,326,349,350,-1,326,350,327,-1,327,350,351,-1,327,351,328,-1,328,351,352,-1,328,352,305,-1,305,352,329,-1,329,353,330,-1,330,353,354,-1,330,354,331,-1,331,354,355,-1,331,355,332,-1,332,355,356,-1,332,356,333,-1,333,356,357,-1,333,357,334,-1,334,357,358,-1,334,358,335,-1,335,358,359,-1,335,359,336,-1,336,359,360,-1,336,360,337,-1,337,360,361,-1,337,361,338,-1,338,361,362,-1,338,362,339,-1,339,362,363,-1,339,363,340,-1,340,363,364,-1,340,364,341,-1,341,364,365,-1,341,365,342,-1,342,365,366,-1,342,366,343,-1,343,366,367,-1,343,367,344,-1,344,367,368,-1,344,368,345,-1,345,368,369,-1,345,369,346,-1,346,369,370,-1,346,370,347,-1,347,370,371,-1,347,371,348,-1,348,371,372,-1,348,372,349,-1,349,372,373,-1,349,373,350,-1,350,373,374,-1,350,374,351,-1,351,374,375,-1,351,375,352,-1,352,375,376,-1,352,376,329,-1,329,376,353,-1,353,377,354,-1,354,377,378,-1,354,378,355,-1,355,378,379,-1,355,379,356,-1,356,379,380,-1,356,380,357,-1,357,380,381,-1,357,381,358,-1,358,381,382,-1,358,382,359,-1,359,382,383,-1,359,383,360,-1,360,383,384,-1,360,384,361,-1,361,384,385,-1,361,385,362,-1,362,385,386,-1,362,386,363,-1,363,386,387,-1,363,387,364,-1,364,387,388,-1,364,388,365,-1,365,388,389,-1,365,389,366,-1,366,389,390,-1,366,390,367,-1,367,390,391,-1,367,391,368,-1,368,391,392,-1,368,392,369,-1,369,392,393,-1,369,393,370,-1,370,393,394,-1,370,394,371,-1,371,394,395,-1,371,395,372,-1,372,395,396,-1,372,396,373,-1,373,396,397,-1,373,397,374,-1,374,397,398,-1,374,398,375,-1,375,398,399,-1,375,399,376,-1,376,399,400,-1,376,400,353,-1,353,400,377,-1,377,401,378,-1,378,401,402,-1,378,402,379,-1,379,402,403,-1,379,403,380,-1,380,403,404,-1,380,404,381,-1,381,404,405,-1,381,405,382,-1,382,405,406,-1,382,406,383,-1,383,406,407,-1,383,407,384,-1,384,407,408,-1,384,408,385,-1,385,408,409,-1,385,409,386,-1,386,409,410,-1,386,410,387,-1,387,410,411,-1,387,411,388,-1,388,411,412,-1,388,412,389,-1,389,412,413,-1,389,413,390,-1,390,413,414,-1,390,414,391,-1,391,414,415,-1,391,415,392,-1,392,415,416,-1,392,416,393,-1,393,416,417,-1,393,417,394,-1,394,417,418,-1,394,418,395,-1,395,418,419,-1,395,419,396,-1,396,419,420,-1,396,420,397,-1,397,420,421,-1,397,421,398,-1,398,421,422,-1,398,422,399,-1,399,422,423,-1,399,423,400,-1,400,423,424,-1,400,424,377,-1,377,424,401,-1,50,28,30,-1,50,30,425,-1,425,30,31,-1,425,31,426,-1,426,31,39,-1,426,39,427,-1,427,39,38,-1,427,38,428,-1,428,38,37,-1,428,37,429,-1,429,37,45,-1,429,45,430,-1,431,44,43,-1,431,43,432,-1,432,43,42,-1,432,42,433,-1,433,42,41,-1,433,41,434,-1,434,41,40,-1,434,40,435,-1,435,40,36,-1,435,36,436,-1,436,36,35,-1,436,35,80,-1,140,131,437,-1,140,437,438,-1,438,437,439,-1,438,439,440,-1,440,439,441,-1,440,441,442,-1,442,441,443,-1,442,443,444,-1,444,443,445,-1,444,445,446,-1,446,445,430,-1,446,430,431,-1,430,445,447,-1,448,449,450,-1,131,451,452,-1,450,449,131,-1,453,131,449,-1,453,449,454,-1,454,449,448,-1,454,448,455,-1,437,131,453,-1,456,457,458,-1,458,457,452,-1,458,452,459,-1,459,452,451,-1,459,451,460,-1,437,453,439,-1,439,453,454,-1,439,454,441,-1,441,454,455,-1,441,455,443,-1,461,456,462,-1,462,456,458,-1,462,458,463,-1,463,458,459,-1,463,459,464,-1,464,459,460,-1,464,460,465,-1,466,461,467,-1,467,461,462,-1,467,462,468,-1,468,462,463,-1,468,463,469,-1,469,463,464,-1,469,464,470,-1,470,464,465,-1,470,465,471,-1,445,466,447,-1,447,466,467,-1,447,467,472,-1,472,467,468,-1,472,468,473,-1,473,468,469,-1,473,469,474,-1,474,469,470,-1,474,470,475,-1,475,470,471,-1,475,471,476,-1,430,447,429,-1,429,447,472,-1,429,472,428,-1,428,472,473,-1,428,473,427,-1,427,473,474,-1,427,474,426,-1,426,474,475,-1,426,475,425,-1,425,475,476,-1,425,476,50,-1,457,131,452,-1,445,443,466,-1,466,443,455,-1,466,455,461,-1,461,455,448,-1,461,448,456,-1,456,448,450,-1,456,450,457,-1,457,450,131,-1,477,478,479,-1,480,481,482,-1,483,484,485,-1,140,438,486,-1,485,484,140,-1,487,140,484,-1,488,489,483,-1,483,489,490,-1,483,490,484,-1,484,490,491,-1,484,491,487,-1,492,493,494,-1,494,493,486,-1,494,486,495,-1,495,486,438,-1,495,438,440,-1,481,488,482,-1,482,488,483,-1,482,483,496,-1,496,483,485,-1,496,485,497,-1,497,485,140,-1,498,492,499,-1,499,492,494,-1,499,494,500,-1,500,494,495,-1,500,495,501,-1,501,495,440,-1,501,440,442,-1,479,498,502,-1,502,498,499,-1,502,499,503,-1,503,499,500,-1,503,500,504,-1,504,500,501,-1,504,501,505,-1,505,501,442,-1,505,442,444,-1,506,507,508,-1,508,507,477,-1,477,479,508,-1,508,479,502,-1,508,502,509,-1,509,502,503,-1,509,503,510,-1,510,503,504,-1,510,504,511,-1,511,504,505,-1,511,505,512,-1,512,505,444,-1,512,444,446,-1,436,80,506,-1,506,508,436,-1,436,508,509,-1,436,509,435,-1,435,509,510,-1,435,510,434,-1,434,510,511,-1,434,511,433,-1,433,511,512,-1,433,512,432,-1,432,512,446,-1,432,446,431,-1,493,140,486,-1,478,480,479,-1,479,480,482,-1,479,482,498,-1,498,482,496,-1,498,496,492,-1,492,496,497,-1,492,497,493,-1,493,497,140,-1,131,122,513,-1,131,513,451,-1,451,513,514,-1,451,514,460,-1,460,514,515,-1,460,515,465,-1,465,515,516,-1,465,516,471,-1,471,516,517,-1,471,517,476,-1,476,517,51,-1,476,51,50,-1,7,21,110,-1,110,21,518,-1,518,21,519,-1,519,21,20,-1,519,20,520,-1,520,20,521,-1,521,20,19,-1,521,19,522,-1,18,523,19,-1,19,523,524,-1,19,524,522,-1,525,526,17,-1,17,526,527,-1,17,527,18,-1,18,527,528,-1,18,528,523,-1,17,16,525,-1,525,16,15,-1,525,15,51,-1,140,487,141,-1,141,487,529,-1,529,487,530,-1,530,487,491,-1,530,491,531,-1,531,491,490,-1,531,490,532,-1,532,490,489,-1,532,489,533,-1,533,489,488,-1,533,488,534,-1,534,488,481,-1,534,481,535,-1,535,481,480,-1,535,480,536,-1,536,480,478,-1,536,478,537,-1,537,478,477,-1,537,477,538,-1,538,477,507,-1,538,507,539,-1,507,506,539,-1,539,506,80,-1,539,80,79,-1,223,221,540,-1,223,540,541,-1,541,540,542,-1,541,542,543,-1,543,542,544,-1,543,544,545,-1,545,544,546,-1,545,546,547,-1,547,546,548,-1,547,548,549,-1,549,548,142,-1,549,142,141,-1,142,548,550,-1,548,546,551,-1,546,544,552,-1,544,542,553,-1,542,540,554,-1,540,221,241,-1,540,241,554,-1,554,241,239,-1,554,239,555,-1,555,239,237,-1,555,237,556,-1,556,237,235,-1,556,235,557,-1,557,235,233,-1,557,233,558,-1,558,233,231,-1,558,231,559,-1,559,231,229,-1,559,229,560,-1,542,554,553,-1,553,554,555,-1,553,555,561,-1,561,555,556,-1,561,556,562,-1,562,556,557,-1,562,557,563,-1,563,557,558,-1,563,558,564,-1,564,558,559,-1,564,559,565,-1,565,559,560,-1,565,560,566,-1,544,553,552,-1,552,553,561,-1,552,561,567,-1,567,561,562,-1,567,562,568,-1,568,562,563,-1,568,563,569,-1,569,563,564,-1,569,564,570,-1,570,564,565,-1,570,565,571,-1,571,565,566,-1,571,566,572,-1,546,552,551,-1,551,552,567,-1,551,567,573,-1,573,567,568,-1,573,568,574,-1,574,568,569,-1,574,569,575,-1,575,569,570,-1,575,570,576,-1,576,570,571,-1,576,571,577,-1,577,571,572,-1,577,572,578,-1,548,551,550,-1,550,551,573,-1,550,573,579,-1,579,573,574,-1,579,574,580,-1,580,574,575,-1,580,575,581,-1,581,575,576,-1,581,576,582,-1,582,576,577,-1,582,577,583,-1,583,577,578,-1,583,578,584,-1,142,550,148,-1,148,550,579,-1,148,579,149,-1,149,579,580,-1,149,580,150,-1,150,580,581,-1,150,581,145,-1,145,581,582,-1,145,582,144,-1,144,582,583,-1,144,583,143,-1,143,583,584,-1,143,584,146,-1,518,519,585,-1,520,521,586,-1,522,524,587,-1,523,528,588,-1,527,526,589,-1,525,51,517,-1,526,525,589,-1,589,525,517,-1,589,517,590,-1,590,517,516,-1,590,516,591,-1,591,516,515,-1,591,515,592,-1,592,515,514,-1,592,514,593,-1,593,514,513,-1,593,513,122,-1,528,527,588,-1,588,527,589,-1,588,589,594,-1,594,589,590,-1,594,590,595,-1,595,590,591,-1,595,591,596,-1,596,591,592,-1,596,592,597,-1,597,592,593,-1,597,593,122,-1,524,523,587,-1,587,523,588,-1,587,588,598,-1,598,588,594,-1,598,594,599,-1,599,594,595,-1,599,595,600,-1,600,595,596,-1,600,596,601,-1,601,596,597,-1,601,597,122,-1,521,522,586,-1,586,522,587,-1,586,587,602,-1,602,587,598,-1,602,598,603,-1,603,598,599,-1,603,599,604,-1,604,599,600,-1,604,600,605,-1,605,600,601,-1,605,601,122,-1,519,520,585,-1,585,520,586,-1,585,586,606,-1,606,586,602,-1,606,602,607,-1,607,602,603,-1,607,603,608,-1,608,603,604,-1,608,604,609,-1,609,604,605,-1,609,605,122,-1,110,518,610,-1,610,518,585,-1,610,585,611,-1,611,585,606,-1,611,606,612,-1,612,606,607,-1,612,607,613,-1,613,607,608,-1,613,608,614,-1,614,608,609,-1,614,609,122,-1,223,541,615,-1,541,543,616,-1,617,618,619,-1,619,618,141,-1,549,141,618,-1,620,141,529,-1,621,141,620,-1,549,618,547,-1,547,618,617,-1,547,617,545,-1,622,623,624,-1,624,623,621,-1,624,621,625,-1,625,621,620,-1,625,620,626,-1,529,530,620,-1,620,530,531,-1,620,531,626,-1,626,531,532,-1,626,532,533,-1,627,622,628,-1,628,622,624,-1,628,624,629,-1,629,624,625,-1,629,625,630,-1,630,625,626,-1,630,626,631,-1,631,626,533,-1,631,533,534,-1,543,627,616,-1,616,627,628,-1,616,628,632,-1,632,628,629,-1,632,629,633,-1,633,629,630,-1,633,630,634,-1,634,630,631,-1,634,631,635,-1,635,631,534,-1,635,534,535,-1,541,616,615,-1,615,616,632,-1,615,632,636,-1,636,632,633,-1,636,633,637,-1,637,633,634,-1,637,634,638,-1,638,634,635,-1,638,635,639,-1,623,141,621,-1,543,545,627,-1,627,545,617,-1,627,617,622,-1,622,617,619,-1,622,619,623,-1,623,619,141,-1,535,536,635,-1,635,536,537,-1,635,537,639,-1,639,537,538,-1,639,538,539,-1,223,615,640,-1,640,615,636,-1,640,636,641,-1,641,636,637,-1,641,637,642,-1,642,637,638,-1,642,638,643,-1,643,638,639,-1,643,639,644,-1,644,639,539,-1,644,539,79,-1,220,645,240,-1,240,645,646,-1,240,646,238,-1,238,646,647,-1,238,647,236,-1,236,647,648,-1,236,648,234,-1,234,648,649,-1,234,649,232,-1,232,649,650,-1,232,650,230,-1,230,650,651,-1,230,651,228,-1,228,651,652,-1,645,653,646,-1,646,653,654,-1,646,654,647,-1,647,654,655,-1,647,655,648,-1,648,655,656,-1,648,656,649,-1,649,656,657,-1,649,657,650,-1,650,657,658,-1,650,658,651,-1,651,658,659,-1,651,659,652,-1,652,659,660,-1,653,661,654,-1,654,661,662,-1,654,662,655,-1,655,662,663,-1,655,663,656,-1,656,663,664,-1,656,664,657,-1,657,664,665,-1,657,665,658,-1,658,665,666,-1,658,666,659,-1,659,666,667,-1,659,667,660,-1,660,667,668,-1,661,669,662,-1,662,669,670,-1,662,670,663,-1,663,670,671,-1,663,671,664,-1,664,671,672,-1,664,672,665,-1,665,672,673,-1,665,673,666,-1,666,673,674,-1,666,674,667,-1,667,674,675,-1,667,675,668,-1,668,675,676,-1,669,677,670,-1,670,677,678,-1,670,678,671,-1,671,678,679,-1,671,679,672,-1,672,679,680,-1,672,680,673,-1,673,680,681,-1,673,681,674,-1,674,681,682,-1,674,682,675,-1,675,682,683,-1,675,683,676,-1,676,683,684,-1,677,205,678,-1,678,205,215,-1,678,215,679,-1,679,215,216,-1,679,216,680,-1,680,216,219,-1,680,219,681,-1,681,219,218,-1,681,218,682,-1,682,218,217,-1,682,217,683,-1,683,217,214,-1,683,214,684,-1,684,214,213,-1,229,242,685,-1,229,685,560,-1,560,685,686,-1,560,686,566,-1,566,686,687,-1,566,687,572,-1,572,687,688,-1,572,688,578,-1,578,688,689,-1,578,689,584,-1,584,689,147,-1,584,147,146,-1,122,114,690,-1,122,690,614,-1,614,690,691,-1,614,691,613,-1,613,691,692,-1,613,692,612,-1,612,692,693,-1,612,693,611,-1,611,693,694,-1,611,694,610,-1,610,694,111,-1,610,111,110,-1,2,4,74,-1,74,4,695,-1,695,4,696,-1,696,4,5,-1,696,5,697,-1,697,5,698,-1,698,5,12,-1,698,12,699,-1,11,700,12,-1,12,700,701,-1,12,701,699,-1,702,703,10,-1,10,703,704,-1,10,704,11,-1,11,704,705,-1,11,705,700,-1,10,9,702,-1,702,9,8,-1,702,8,111,-1,222,223,640,-1,222,640,706,-1,706,640,641,-1,706,641,707,-1,707,641,642,-1,707,642,708,-1,708,642,643,-1,708,643,709,-1,709,643,644,-1,709,644,710,-1,710,644,79,-1,710,79,81,-1,206,205,711,-1,711,205,677,-1,711,677,712,-1,712,677,669,-1,712,669,713,-1,713,669,661,-1,713,661,714,-1,714,661,653,-1,714,653,715,-1,715,653,645,-1,715,645,222,-1,222,645,220,-1,213,203,684,-1,684,203,716,-1,684,716,676,-1,676,716,717,-1,676,717,668,-1,668,717,718,-1,668,718,660,-1,660,718,719,-1,660,719,652,-1,652,719,720,-1,652,720,228,-1,228,720,243,-1,147,689,721,-1,689,688,722,-1,688,687,723,-1,687,686,724,-1,686,685,725,-1,685,242,255,-1,685,255,725,-1,725,255,253,-1,725,253,726,-1,726,253,251,-1,726,251,727,-1,727,251,249,-1,727,249,728,-1,728,249,247,-1,728,247,729,-1,729,247,245,-1,729,245,730,-1,730,245,224,-1,730,224,731,-1,686,725,724,-1,724,725,726,-1,724,726,732,-1,732,726,727,-1,732,727,733,-1,733,727,728,-1,733,728,734,-1,734,728,729,-1,734,729,735,-1,735,729,730,-1,735,730,736,-1,736,730,731,-1,736,731,737,-1,687,724,723,-1,723,724,732,-1,723,732,738,-1,738,732,733,-1,738,733,739,-1,739,733,734,-1,739,734,740,-1,740,734,735,-1,740,735,741,-1,741,735,736,-1,741,736,742,-1,742,736,737,-1,742,737,743,-1,688,723,722,-1,722,723,738,-1,722,738,744,-1,744,738,739,-1,744,739,745,-1,745,739,740,-1,745,740,746,-1,746,740,741,-1,746,741,747,-1,747,741,742,-1,747,742,748,-1,748,742,743,-1,748,743,749,-1,689,722,721,-1,721,722,744,-1,721,744,750,-1,750,744,745,-1,750,745,751,-1,751,745,746,-1,751,746,752,-1,752,746,747,-1,752,747,753,-1,753,747,748,-1,753,748,754,-1,754,748,749,-1,754,749,755,-1,147,721,135,-1,135,721,750,-1,135,750,136,-1,136,750,751,-1,136,751,137,-1,137,751,752,-1,137,752,138,-1,138,752,753,-1,138,753,139,-1,139,753,754,-1,139,754,157,-1,157,754,755,-1,157,755,156,-1,695,696,756,-1,697,698,757,-1,699,701,758,-1,700,705,759,-1,704,703,760,-1,702,111,694,-1,703,702,760,-1,760,702,694,-1,760,694,761,-1,761,694,693,-1,761,693,762,-1,762,693,692,-1,762,692,763,-1,763,692,691,-1,763,691,764,-1,764,691,690,-1,764,690,114,-1,705,704,759,-1,759,704,760,-1,759,760,765,-1,765,760,761,-1,765,761,766,-1,766,761,762,-1,766,762,767,-1,767,762,763,-1,767,763,768,-1,768,763,764,-1,768,764,114,-1,701,700,758,-1,758,700,759,-1,758,759,769,-1,769,759,765,-1,769,765,770,-1,770,765,766,-1,770,766,771,-1,771,766,767,-1,771,767,772,-1,772,767,768,-1,772,768,114,-1,698,699,757,-1,757,699,758,-1,757,758,773,-1,773,758,769,-1,773,769,774,-1,774,769,770,-1,774,770,775,-1,775,770,771,-1,775,771,776,-1,776,771,772,-1,776,772,114,-1,696,697,756,-1,756,697,757,-1,756,757,777,-1,777,757,773,-1,777,773,778,-1,778,773,774,-1,778,774,779,-1,779,774,775,-1,779,775,780,-1,780,775,776,-1,780,776,114,-1,74,695,781,-1,781,695,756,-1,781,756,782,-1,782,756,777,-1,782,777,783,-1,783,777,778,-1,783,778,784,-1,784,778,779,-1,784,779,785,-1,785,779,780,-1,785,780,114,-1,81,82,710,-1,710,82,786,-1,710,786,709,-1,709,786,787,-1,709,787,708,-1,708,787,788,-1,708,788,707,-1,707,788,789,-1,707,789,706,-1,706,789,790,-1,706,790,222,-1,222,790,715,-1,82,93,786,-1,786,93,791,-1,786,791,787,-1,787,791,792,-1,787,792,788,-1,788,792,793,-1,788,793,789,-1,789,793,794,-1,789,794,790,-1,790,794,795,-1,790,795,715,-1,715,795,714,-1,93,92,791,-1,791,92,796,-1,791,796,792,-1,792,796,797,-1,792,797,793,-1,793,797,798,-1,793,798,794,-1,794,798,799,-1,794,799,795,-1,795,799,800,-1,795,800,714,-1,714,800,713,-1,92,91,796,-1,796,91,801,-1,796,801,797,-1,797,801,802,-1,797,802,798,-1,798,802,803,-1,798,803,799,-1,799,803,804,-1,799,804,800,-1,800,804,805,-1,800,805,713,-1,713,805,712,-1,91,85,801,-1,801,85,806,-1,801,806,802,-1,802,806,807,-1,802,807,803,-1,803,807,808,-1,803,808,804,-1,804,808,809,-1,804,809,805,-1,805,809,810,-1,805,810,712,-1,712,810,711,-1,85,73,806,-1,806,73,811,-1,806,811,807,-1,807,811,812,-1,807,812,808,-1,808,812,813,-1,808,813,809,-1,809,813,814,-1,809,814,810,-1,810,814,815,-1,810,815,711,-1,711,815,206,-1,243,720,254,-1,254,720,816,-1,254,816,252,-1,252,816,817,-1,252,817,250,-1,250,817,818,-1,250,818,248,-1,248,818,819,-1,248,819,246,-1,246,819,820,-1,246,820,244,-1,244,820,821,-1,244,821,225,-1,225,821,822,-1,720,719,816,-1,816,719,823,-1,816,823,817,-1,817,823,824,-1,817,824,818,-1,818,824,825,-1,818,825,819,-1,819,825,826,-1,819,826,820,-1,820,826,827,-1,820,827,821,-1,821,827,828,-1,821,828,822,-1,822,828,829,-1,719,718,823,-1,823,718,830,-1,823,830,824,-1,824,830,831,-1,824,831,825,-1,825,831,832,-1,825,832,826,-1,826,832,833,-1,826,833,827,-1,827,833,834,-1,827,834,828,-1,828,834,835,-1,828,835,829,-1,829,835,836,-1,718,717,830,-1,830,717,837,-1,830,837,831,-1,831,837,838,-1,831,838,832,-1,832,838,839,-1,832,839,833,-1,833,839,840,-1,833,840,834,-1,834,840,841,-1,834,841,835,-1,835,841,842,-1,835,842,836,-1,836,842,843,-1,717,716,837,-1,837,716,844,-1,837,844,838,-1,838,844,845,-1,838,845,839,-1,839,845,846,-1,839,846,840,-1,840,846,847,-1,840,847,841,-1,841,847,848,-1,841,848,842,-1,842,848,849,-1,842,849,843,-1,843,849,850,-1,716,203,844,-1,844,203,212,-1,844,212,845,-1,845,212,211,-1,845,211,846,-1,846,211,210,-1,846,210,847,-1,847,210,209,-1,847,209,848,-1,848,209,208,-1,848,208,849,-1,849,208,207,-1,849,207,850,-1,850,207,202,-1,224,226,851,-1,224,851,731,-1,731,851,852,-1,731,852,737,-1,737,852,853,-1,737,853,743,-1,743,853,854,-1,743,854,749,-1,749,854,855,-1,749,855,755,-1,755,855,117,-1,755,117,156,-1,114,117,856,-1,114,856,785,-1,785,856,857,-1,785,857,784,-1,784,857,858,-1,784,858,783,-1,783,858,859,-1,783,859,782,-1,782,859,860,-1,782,860,781,-1,781,860,75,-1,781,75,74,-1,204,206,815,-1,204,815,861,-1,861,815,814,-1,861,814,862,-1,862,814,813,-1,862,813,863,-1,863,813,812,-1,863,812,864,-1,864,812,811,-1,864,811,865,-1,865,811,73,-1,865,73,72,-1,202,204,850,-1,850,204,866,-1,850,866,843,-1,843,866,867,-1,843,867,836,-1,836,867,868,-1,836,868,829,-1,829,868,869,-1,829,869,822,-1,822,869,870,-1,822,870,225,-1,225,870,227,-1,75,860,871,-1,872,873,874,-1,117,855,875,-1,874,873,117,-1,876,117,873,-1,876,873,877,-1,877,873,872,-1,877,872,878,-1,856,117,876,-1,879,880,881,-1,881,880,875,-1,881,875,882,-1,882,875,855,-1,882,855,854,-1,856,876,857,-1,857,876,877,-1,857,877,858,-1,858,877,878,-1,858,878,859,-1,883,879,884,-1,884,879,881,-1,884,881,885,-1,885,881,882,-1,885,882,886,-1,886,882,854,-1,886,854,853,-1,887,883,888,-1,888,883,884,-1,888,884,889,-1,889,884,885,-1,889,885,890,-1,890,885,886,-1,890,886,891,-1,891,886,853,-1,891,853,852,-1,860,887,871,-1,871,887,888,-1,871,888,892,-1,892,888,889,-1,892,889,893,-1,893,889,890,-1,893,890,894,-1,894,890,891,-1,894,891,895,-1,895,891,852,-1,895,852,851,-1,75,871,896,-1,896,871,892,-1,896,892,897,-1,897,892,893,-1,897,893,898,-1,898,893,894,-1,898,894,899,-1,899,894,895,-1,899,895,900,-1,900,895,851,-1,900,851,226,-1,880,117,875,-1,860,859,887,-1,887,859,878,-1,887,878,883,-1,883,878,872,-1,883,872,879,-1,879,872,874,-1,879,874,880,-1,880,874,117,-1,72,88,865,-1,865,88,901,-1,865,901,864,-1,864,901,902,-1,864,902,863,-1,863,902,903,-1,863,903,862,-1,862,903,904,-1,862,904,861,-1,861,904,905,-1,861,905,204,-1,204,905,866,-1,88,87,901,-1,901,87,906,-1,901,906,902,-1,902,906,907,-1,902,907,903,-1,903,907,908,-1,903,908,904,-1,904,908,909,-1,904,909,905,-1,905,909,910,-1,905,910,866,-1,866,910,867,-1,87,86,906,-1,906,86,911,-1,906,911,907,-1,907,911,912,-1,907,912,908,-1,908,912,913,-1,908,913,909,-1,909,913,914,-1,909,914,910,-1,910,914,915,-1,910,915,867,-1,867,915,868,-1,86,78,911,-1,911,78,916,-1,911,916,912,-1,912,916,917,-1,912,917,913,-1,913,917,918,-1,913,918,914,-1,914,918,919,-1,914,919,915,-1,915,919,920,-1,915,920,868,-1,868,920,869,-1,78,77,916,-1,916,77,921,-1,916,921,917,-1,917,921,922,-1,917,922,918,-1,918,922,923,-1,918,923,919,-1,919,923,924,-1,919,924,920,-1,920,924,925,-1,920,925,869,-1,869,925,870,-1,77,76,921,-1,921,76,926,-1,921,926,922,-1,922,926,927,-1,922,927,923,-1,923,927,928,-1,923,928,924,-1,924,928,929,-1,924,929,925,-1,925,929,930,-1,925,930,870,-1,870,930,227,-1,226,227,930,-1,226,930,900,-1,900,930,929,-1,900,929,899,-1,899,929,928,-1,899,928,898,-1,898,928,927,-1,898,927,897,-1,897,927,926,-1,897,926,896,-1,896,926,76,-1,896,76,75,-1,424,931,401,-1,401,931,932,-1,401,932,402,-1,402,932,933,-1,402,933,403,-1,403,933,934,-1,403,934,404,-1,404,934,935,-1,404,935,405,-1,405,935,936,-1,405,936,406,-1,406,936,937,-1,406,937,407,-1,407,937,938,-1,407,938,408,-1,408,938,939,-1,408,939,409,-1,409,939,940,-1,409,940,410,-1,410,940,941,-1,410,941,411,-1,411,941,942,-1,411,942,412,-1,412,942,943,-1,412,943,413,-1,413,943,944,-1,413,944,414,-1,414,944,945,-1,414,945,415,-1,415,945,946,-1,415,946,416,-1,416,946,947,-1,416,947,417,-1,417,947,948,-1,417,948,418,-1,418,948,949,-1,418,949,419,-1,419,949,950,-1,419,950,420,-1,420,950,951,-1,420,951,421,-1,421,951,952,-1,421,952,422,-1,422,952,953,-1,422,953,423,-1,423,953,954,-1,423,954,424,-1,424,954,931,-1,954,955,931,-1,931,955,956,-1,931,956,932,-1,932,956,957,-1,932,957,933,-1,933,957,958,-1,933,958,934,-1,934,958,959,-1,934,959,935,-1,935,959,960,-1,935,960,936,-1,936,960,961,-1,936,961,937,-1,937,961,962,-1,937,962,938,-1,938,962,963,-1,938,963,939,-1,939,963,964,-1,939,964,940,-1,940,964,965,-1,940,965,941,-1,941,965,966,-1,941,966,942,-1,942,966,967,-1,942,967,943,-1,943,967,968,-1,943,968,944,-1,944,968,969,-1,944,969,945,-1,945,969,970,-1,945,970,946,-1,946,970,971,-1,946,971,947,-1,947,971,972,-1,947,972,948,-1,948,972,973,-1,948,973,949,-1,949,973,974,-1,949,974,950,-1,950,974,975,-1,950,975,951,-1,951,975,976,-1,951,976,952,-1,952,976,977,-1,952,977,953,-1,953,977,978,-1,953,978,954,-1,954,978,955,-1,978,979,955,-1,955,979,980,-1,955,980,956,-1,956,980,981,-1,956,981,957,-1,957,981,982,-1,957,982,958,-1,958,982,983,-1,958,983,959,-1,959,983,984,-1,959,984,960,-1,960,984,985,-1,960,985,961,-1,961,985,986,-1,961,986,962,-1,962,986,987,-1,962,987,963,-1,963,987,988,-1,963,988,964,-1,964,988,989,-1,964,989,965,-1,965,989,990,-1,965,990,966,-1,966,990,991,-1,966,991,967,-1,967,991,992,-1,967,992,968,-1,968,992,993,-1,968,993,969,-1,969,993,994,-1,969,994,970,-1,970,994,995,-1,970,995,971,-1,971,995,996,-1,971,996,972,-1,972,996,997,-1,972,997,973,-1,973,997,998,-1,973,998,974,-1,974,998,999,-1,974,999,975,-1,975,999,1000,-1,975,1000,976,-1,976,1000,1001,-1,976,1001,977,-1,977,1001,1002,-1,977,1002,978,-1,978,1002,979,-1,1002,1003,979,-1,979,1003,1004,-1,979,1004,980,-1,980,1004,1005,-1,980,1005,981,-1,981,1005,1006,-1,981,1006,982,-1,982,1006,1007,-1,982,1007,983,-1,983,1007,1008,-1,983,1008,984,-1,984,1008,1009,-1,984,1009,985,-1,985,1009,1010,-1,985,1010,986,-1,986,1010,1011,-1,986,1011,987,-1,987,1011,1012,-1,987,1012,988,-1,988,1012,1013,-1,988,1013,989,-1,989,1013,1014,-1,989,1014,990,-1,990,1014,1015,-1,990,1015,991,-1,991,1015,1016,-1,991,1016,992,-1,992,1016,1017,-1,992,1017,993,-1,993,1017,1018,-1,993,1018,994,-1,994,1018,1019,-1,994,1019,995,-1,995,1019,1020,-1,995,1020,996,-1,996,1020,1021,-1,996,1021,997,-1,997,1021,1022,-1,997,1022,998,-1,998,1022,1023,-1,998,1023,999,-1,999,1023,1024,-1,999,1024,1000,-1,1000,1024,1025,-1,1000,1025,1001,-1,1001,1025,1026,-1,1001,1026,1002,-1,1002,1026,1003,-1,1026,1027,1003,-1,1003,1027,1028,-1,1003,1028,1004,-1,1004,1028,1029,-1,1004,1029,1005,-1,1005,1029,1030,-1,1005,1030,1006,-1,1006,1030,1031,-1,1006,1031,1007,-1,1007,1031,1032,-1,1007,1032,1008,-1,1008,1032,1033,-1,1008,1033,1009,-1,1009,1033,1034,-1,1009,1034,1010,-1,1010,1034,1035,-1,1010,1035,1011,-1,1011,1035,1036,-1,1011,1036,1012,-1,1012,1036,1037,-1,1012,1037,1013,-1,1013,1037,1038,-1,1013,1038,1014,-1,1014,1038,1039,-1,1014,1039,1015,-1,1015,1039,1040,-1,1015,1040,1016,-1,1016,1040,1041,-1,1016,1041,1017,-1,1017,1041,1042,-1,1017,1042,1018,-1,1018,1042,1043,-1,1018,1043,1019,-1,1019,1043,1044,-1,1019,1044,1020,-1,1020,1044,1045,-1,1020,1045,1021,-1,1021,1045,1046,-1,1021,1046,1022,-1,1022,1046,1047,-1,1022,1047,1023,-1,1023,1047,1048,-1,1023,1048,1024,-1,1024,1048,1049,-1,1024,1049,1025,-1,1025,1049,1050,-1,1025,1050,1026,-1,1026,1050,1027,-1,1050,133,1027,-1,1027,133,132,-1,1027,132,1028,-1,1028,132,153,-1,1028,153,1029,-1,1029,153,152,-1,1029,152,1030,-1,1030,152,151,-1,1030,151,1031,-1,1031,151,134,-1,1031,134,1032,-1,1032,134,155,-1,1032,155,1033,-1,1033,155,154,-1,1033,154,1034,-1,1034,154,119,-1,1034,119,1035,-1,1035,119,118,-1,1035,118,1036,-1,1036,118,127,-1,1036,127,1037,-1,1037,127,126,-1,1037,126,1038,-1,1038,126,125,-1,1038,125,1039,-1,1039,125,116,-1,1039,116,1040,-1,1040,116,115,-1,1040,115,1041,-1,1041,115,113,-1,1041,113,1042,-1,1042,113,112,-1,1042,112,1043,-1,1043,112,130,-1,1043,130,1044,-1,1044,130,129,-1,1044,129,1045,-1,1045,129,128,-1,1045,128,1046,-1,1046,128,124,-1,1046,124,1047,-1,1047,124,123,-1,1047,123,1048,-1,1048,123,121,-1,1048,121,1049,-1,1049,121,120,-1,1049,120,1050,-1,1050,120,133,-1,
        ]
    }
}
Shape{
    appearance Appearance {
        material  Material {
            diffuseColor 0.7686274509803922 0.7686274509803922 0.7686274509803922
            specularColor 0.615686274509804 0.615686274509804 0.615686274509804
            ambientIntensity 0.7686
            transparency 0.0
            shininess 0.5
        }
    }
    geometry IndexedFaceSet {
        ccw TRUE
        solid FALSE
        coord DEF co Coordinate {
            point [
                -2.7421 -0.1988 -0.9843, -2.7421 0.1949 -0.9843, -2.7421 -0.1988 0.3543, -2.7421 0.1949 0.3543, -2.8602 -0.1988 -0.9843, -2.8602 -0.1988 0.3543, -2.8602 0.1949 -0.9843, -2.8602 0.1949 0.3543, -1.9154 2.2618 -0.9843, -1.9154 2.4587 -0.9843, -1.9154 2.2618 0.3543, -1.9154 2.4587 0.3543, -2.1122 2.2618 -0.9843, -2.1122 2.2618 0.3543, -2.1122 2.4587 -0.9843, -2.1122 2.4587 0.3543, 2.9862 2.2618 -0.9843, 2.9862 2.4587 -0.9843, 2.9862 2.2618 0.3543, 2.9862 2.4587 0.3543, 2.5925 2.2618 -0.9843, 2.5925 2.2618 0.3543, 2.5925 2.4587 -0.9843, 2.5925 2.4587 0.3543, 2.5925 -2.2657 -0.9843, 2.5925 -2.4626 -0.9843, 2.5925 -2.2657 0.3543, 2.5925 -2.4626 0.3543, 2.9862 -2.2657 -0.9843, 2.9862 -2.2657 0.3543, 2.9862 -2.4626 -0.9843, 2.9862 -2.4626 0.3543, -2.1122 -2.2657 -0.9843, -2.1122 -2.4626 -0.9843, -2.1122 -2.2657 0.3543, -2.1122 -2.4626 0.3543, -1.9154 -2.2657 -0.9843, -1.9154 -2.2657 0.3543, -1.9154 -2.4626 -0.9843, -1.9154 -2.4626 0.3543
            ]
        }
        coordIndex [
            0,1,2,-1,2,1,3,-1,4,0,5,-1,5,0,2,-1,6,4,7,-1,7,4,5,-1,1,6,3,-1,3,6,7,-1,4,6,0,-1,0,6,1,-1,8,9,10,-1,10,9,11,-1,12,8,13,-1,13,8,10,-1,14,12,15,-1,15,12,13,-1,9,14,11,-1,11,14,15,-1,12,14,8,-1,8,14,9,-1,16,17,18,-1,18,17,19,-1,20,16,21,-1,21,16,18,-1,22,20,23,-1,23,20,21,-1,17,22,19,-1,19,22,23,-1,20,22,16,-1,16,22,17,-1,24,25,26,-1,26,25,27,-1,28,24,29,-1,29,24,26,-1,30,28,31,-1,31,28,29,-1,25,30,27,-1,27,30,31,-1,28,30,24,-1,24,30,25,-1,32,33,34,-1,34,33,35,-1,36,32,37,-1,37,32,34,-1,38,36,39,-1,39,36,37,-1,33,38,35,-1,35,38,39,-1,36,38,32,-1,32,38,33,-1,
        ]
    }
}
Shape{
    appearance Appearance {
        material  Material {
            diffuseColor 1.0 1.0 1.0
            specularColor 0.5019607843137255 0.5019607843137255 0.5019607843137255
            ambientIntensity 1.0
            transparency 0.0
            shininess 0.5
        }
    }
    geometry IndexedFaceSet {
        ccw TRUE
        solid FALSE
        coord DEF co Coordinate {
            point [
                1.4946 2.9941 4.7726, 1.4949 2.9941 4.7361, 1.4946 2.9902 4.7726, 1.4949 2.9902 4.7361, 1.6222 2.9941 4.7736, 1.6222 2.9902 4.7736, 1.6202 2.9902 5.0573, 1.6202 2.9941 5.0573, 1.6202 2.9902 5.0559, 1.6615 2.9941 5.0576, 1.6615 2.9902 5.0576, 1.6638 2.9902 4.7373, 1.6638 2.9941 4.7373, 1.6615 2.9902 5.0559, 1.2558 2.9902 4.7422, 1.2474 2.9941 4.7449, 1.2819 2.9902 4.7339, 1.2819 2.9941 4.7339, 1.3207 2.9902 4.7304, 1.3307 2.9941 4.7296, 1.3307 2.9902 4.7296, 1.2474 2.9902 4.7449, 1.2419 2.9902 4.7476, 1.2419 2.9941 4.7476, 1.2416 2.9941 4.7872, 1.2416 2.9902 4.7872, 1.2558 2.9902 4.781, 1.2731 2.9941 4.7734, 1.2731 2.9902 4.7734, 1.3093 2.9902 4.7668, 1.3093 2.9941 4.7668, 1.3245 2.9902 4.7664, 1.3245 2.9941 4.7664, 1.3569 2.9902 4.7705, 1.3569 2.9941 4.7705, 1.3796 2.9902 4.7796, 1.3796 2.9941 4.7796, 1.4004 2.9902 4.7946, 1.4004 2.9941 4.7946, 1.4065 2.9902 4.8007, 1.4065 2.9941 4.8007, 1.4219 2.9902 4.8224, 1.4219 2.9941 4.8224, 1.4321 2.9902 4.8483, 1.4321 2.9941 4.8483, 1.437 2.9902 4.8804, 1.437 2.9941 4.8804, 1.4373 2.9902 4.8923, 1.4373 2.9941 4.8923, 1.4326 2.9902 4.9328, 1.4326 2.9941 4.9328, 1.4222 2.9902 4.9612, 1.4222 2.9941 4.9612, 1.407 2.9902 4.9838, 1.407 2.9941 4.9838, 1.403 2.9902 4.9883, 1.403 2.9941 4.9883, 1.381 2.9902 5.0062, 1.381 2.9941 5.0062, 1.3557 2.9902 5.0177, 1.3557 2.9941 5.0177, 1.3278 2.9902 5.0228, 1.3278 2.9941 5.0228, 1.3154 2.9902 5.0232, 1.3154 2.9941 5.0232, 1.2401 2.9902 5.0037, 1.2401 2.9941 5.0037, 1.2436 2.9941 5.0056, 1.276 2.9902 5.0182, 1.276 2.9941 5.0182, 1.2558 2.9902 5.0104, 1.2436 2.9902 5.0056, 1.2398 2.9941 5.0469, 1.2398 2.9902 5.0469, 1.2697 2.9902 5.0559, 1.2729 2.9941 5.0568, 1.2558 2.9902 5.0517, 1.2729 2.9902 5.0568, 1.3146 2.9902 5.0605, 1.3146 2.9941 5.0605, 1.3156 2.9902 5.0606, 1.3156 2.9941 5.0606, 1.3625 2.9941 5.0551, 1.3559 2.9902 5.0559, 1.3625 2.9902 5.0551, 1.396 2.9902 5.0423, 1.396 2.9941 5.0423, 1.426 2.9902 5.0214, 1.426 2.9941 5.0214, 1.4336 2.9902 5.0142, 1.4336 2.9941 5.0142, 1.457 2.9902 4.984, 1.4686 2.9902 4.9574, 1.4725 2.9941 4.9486, 1.457 2.9941 4.984, 1.4725 2.9902 4.9486, 1.48 2.9902 4.9068, 1.48 2.9941 4.9068, 1.4807 2.9902 4.8901, 1.4807 2.9941 4.8901, 1.4758 2.9902 4.8423, 1.4758 2.9941 4.8423, 1.4686 2.9902 4.8218, 1.4637 2.9941 4.8078, 1.4637 2.9902 4.8078, 1.4454 2.9902 4.7798, 1.4454 2.9941 4.7798, 1.4404 2.9902 4.7741, 1.4404 2.9941 4.7741, 1.347 2.9902 4.7304, 1.35 2.9941 4.7306, 1.35 2.9902 4.7306, 1.3846 2.9941 4.738, 1.3846 2.9902 4.738, 1.4148 2.9941 4.7524, 1.4148 2.9902 4.7524, 1.0054 2.9941 4.7692, 1.0056 2.9941 4.7327, 1.0054 2.9902 4.7692, 1.0056 2.9902 4.7327, 1.1363 2.9902 4.7701, 1.1363 2.9941 4.7701, 1.0526 2.9902 4.7695, 1.1355 2.9941 4.8778, 1.1355 2.9902 4.8778, 1.021 2.9902 4.877, 1.021 2.9941 4.877, 1.0526 2.9902 4.8773, 1.0207 2.9941 4.9137, 1.0207 2.9902 4.9137, 1.1353 2.9902 4.9145, 1.1353 2.9941 4.9145, 1.0526 2.9902 4.9139, 1.1345 2.9941 5.017, 1.1345 2.9902 5.017, 1.0109 2.9902 5.0161, 1.0109 2.9941 5.0161, 1.0526 2.9902 5.0164, 1.0107 2.9941 5.053, 1.0107 2.9902 5.053, 1.1756 2.9902 5.0542, 1.1756 2.9941 5.0542, 1.0526 2.9902 5.0533, 1.1779 2.9941 4.7339, 1.1779 2.9902 4.7339, 1.0526 2.9902 4.733, 0.7279 2.9941 4.8735, 0.6843 2.9941 4.8744, 0.7267 2.9941 4.8938, 0.6832 2.9941 4.8946, 0.7304 2.9941 4.9307, 0.6884 2.9941 4.9394, 0.7388 2.9941 4.955, 0.7001 2.9941 4.9699, 0.7507 2.9941 4.9735, 0.7199 2.9941 4.9979, 0.7612 2.9941 4.9842, 0.7307 2.9941 5.0086, 0.7845 2.9941 5.0, 0.7641 2.9941 5.0317, 0.8122 2.9941 5.0102, 0.8027 2.9941 5.0461, 0.8534 2.9941 5.015, 0.8515 2.9941 5.0519, 0.9018 2.9941 5.0154, 0.9429 2.9941 5.0525, 0.9035 2.9941 4.7685, 0.9451 2.9941 4.7322, 0.857 2.9941 4.7681, 0.8571 2.9941 4.7316, 0.8163 2.9941 4.7722, 0.807 2.9941 4.7368, 0.7889 2.9941 4.7818, 0.7696 2.9941 4.75, 0.7675 2.9941 4.7955, 0.7381 2.9941 4.7706, 0.7616 2.9941 4.8009, 0.7324 2.9941 4.7756, 0.7455 2.9941 4.8205, 0.7083 2.9941 4.8039, 0.7343 2.9941 4.8442, 0.6923 2.9941 4.8369, 0.8571 2.9902 4.7316, 0.9451 2.9902 4.7322, 0.807 2.9902 4.7368, 0.7696 2.9902 4.75, 0.7381 2.9902 4.7706, 0.7324 2.9902 4.7756, 0.7083 2.9902 4.8039, 0.6923 2.9902 4.8369, 0.6843 2.9902 4.8744, 0.6832 2.9902 4.8946, 0.6884 2.9902 4.9394, 0.7001 2.9902 4.9699, 0.7199 2.9902 4.9979, 0.7307 2.9902 5.0086, 0.7641 2.9902 5.0317, 0.8027 2.9902 5.0461, 0.8515 2.9902 5.0519, 0.9429 2.9902 5.0525, 0.8534 2.9902 5.015, 0.9018 2.9902 5.0154, 0.9035 2.9902 4.7685, 0.857 2.9902 4.7681, 0.7616 2.9902 4.8009, 0.7675 2.9902 4.7955, 0.7889 2.9902 4.7818, 0.8163 2.9902 4.7722, 0.7267 2.9902 4.8938, 0.7279 2.9902 4.8735, 0.7343 2.9902 4.8442, 0.7455 2.9902 4.8205, 0.7612 2.9902 4.9842, 0.7507 2.9902 4.9735, 0.7388 2.9902 4.955, 0.7304 2.9902 4.9307, 0.8122 2.9902 5.0102, 0.7845 2.9902 5.0
            ]
        }
        coordIndex [
            0,1,2,-1,2,1,3,-1,4,0,5,-1,5,0,2,-1,6,7,8,-1,8,7,4,-1,8,4,5,-1,9,7,10,-1,10,7,6,-1,11,12,13,-1,13,12,9,-1,13,9,10,-1,1,12,3,-1,3,12,11,-1,7,9,4,-1,4,9,12,-1,4,12,0,-1,0,12,1,-1,14,15,16,-1,16,15,17,-1,16,17,18,-1,18,17,19,-1,18,19,20,-1,14,21,15,-1,15,21,22,-1,15,22,23,-1,24,23,25,-1,25,23,22,-1,24,25,26,-1,24,26,27,-1,26,28,27,-1,27,28,29,-1,27,29,30,-1,30,29,31,-1,30,31,32,-1,32,31,33,-1,32,33,34,-1,34,33,35,-1,34,35,36,-1,36,35,37,-1,36,37,38,-1,38,37,39,-1,38,39,40,-1,40,39,41,-1,40,41,42,-1,42,41,43,-1,42,43,44,-1,44,43,45,-1,44,45,46,-1,46,45,47,-1,46,47,48,-1,48,47,49,-1,48,49,50,-1,50,49,51,-1,50,51,52,-1,52,51,53,-1,52,53,54,-1,54,53,55,-1,54,55,56,-1,56,55,57,-1,56,57,58,-1,58,57,59,-1,58,59,60,-1,60,59,61,-1,60,61,62,-1,62,61,63,-1,62,63,64,-1,65,66,67,-1,64,63,68,-1,64,68,69,-1,69,68,70,-1,69,70,67,-1,67,70,71,-1,67,71,65,-1,72,66,73,-1,73,66,65,-1,74,75,76,-1,76,75,72,-1,76,72,73,-1,74,77,75,-1,75,77,78,-1,75,78,79,-1,79,78,80,-1,79,80,81,-1,81,80,82,-1,82,80,83,-1,83,84,82,-1,82,84,85,-1,82,85,86,-1,86,85,87,-1,86,87,88,-1,88,87,89,-1,88,89,90,-1,90,89,91,-1,92,93,91,-1,91,93,94,-1,91,94,90,-1,92,95,93,-1,93,95,96,-1,93,96,97,-1,97,96,98,-1,97,98,99,-1,99,98,100,-1,99,100,101,-1,101,100,102,-1,101,102,103,-1,102,104,103,-1,103,104,105,-1,103,105,106,-1,106,105,107,-1,106,107,108,-1,20,19,109,-1,109,19,110,-1,109,110,111,-1,111,110,112,-1,111,112,113,-1,113,112,114,-1,113,114,115,-1,115,114,108,-1,115,108,107,-1,67,66,72,-1,50,52,94,-1,67,72,69,-1,69,72,75,-1,69,75,64,-1,64,75,79,-1,64,79,62,-1,62,79,81,-1,62,81,60,-1,60,81,82,-1,60,82,58,-1,23,24,15,-1,15,24,27,-1,15,27,17,-1,17,27,30,-1,17,30,19,-1,19,30,32,-1,19,32,110,-1,110,32,34,-1,110,34,112,-1,112,34,36,-1,112,36,114,-1,114,36,38,-1,114,38,108,-1,108,38,40,-1,108,40,106,-1,106,40,42,-1,106,42,103,-1,94,52,90,-1,82,86,58,-1,58,86,88,-1,58,88,56,-1,56,88,90,-1,56,90,54,-1,54,90,52,-1,99,48,97,-1,97,48,50,-1,97,50,93,-1,93,50,94,-1,103,42,101,-1,101,42,44,-1,101,44,99,-1,99,44,46,-1,99,46,48,-1,116,117,118,-1,118,117,119,-1,120,121,122,-1,122,121,116,-1,122,116,118,-1,123,121,124,-1,124,121,120,-1,125,126,127,-1,127,126,123,-1,127,123,124,-1,128,126,129,-1,129,126,125,-1,130,131,132,-1,132,131,128,-1,132,128,129,-1,133,131,134,-1,134,131,130,-1,135,136,137,-1,137,136,133,-1,137,133,134,-1,138,136,139,-1,139,136,135,-1,140,141,142,-1,142,141,138,-1,142,138,139,-1,143,141,144,-1,144,141,140,-1,119,117,145,-1,145,117,143,-1,145,143,144,-1,143,117,116,-1,116,121,143,-1,143,121,123,-1,143,123,141,-1,136,138,133,-1,133,138,141,-1,133,141,131,-1,131,141,123,-1,131,123,128,-1,128,123,126,-1,146,147,148,-1,148,147,149,-1,148,149,150,-1,150,149,151,-1,150,151,152,-1,152,151,153,-1,152,153,154,-1,154,153,155,-1,154,155,156,-1,156,155,157,-1,156,157,158,-1,158,157,159,-1,158,159,160,-1,160,159,161,-1,160,161,162,-1,162,161,163,-1,162,163,164,-1,164,163,165,-1,164,165,166,-1,166,165,167,-1,166,167,168,-1,168,167,169,-1,168,169,170,-1,170,169,171,-1,170,171,172,-1,172,171,173,-1,172,173,174,-1,174,173,175,-1,174,175,176,-1,176,175,177,-1,176,177,178,-1,178,177,179,-1,178,179,180,-1,180,179,181,-1,180,181,146,-1,146,181,147,-1,169,167,182,-1,182,167,183,-1,169,182,184,-1,169,184,171,-1,171,184,185,-1,171,185,173,-1,173,185,186,-1,173,186,175,-1,175,186,187,-1,175,187,177,-1,177,187,188,-1,177,188,179,-1,179,188,189,-1,179,189,181,-1,181,189,190,-1,181,190,147,-1,147,190,191,-1,147,191,149,-1,149,191,192,-1,149,192,151,-1,151,192,193,-1,151,193,153,-1,153,193,194,-1,153,194,155,-1,155,194,195,-1,155,195,157,-1,157,195,196,-1,157,196,159,-1,159,196,197,-1,159,197,161,-1,161,197,198,-1,161,198,163,-1,165,163,199,-1,199,163,198,-1,167,165,183,-1,183,165,199,-1,162,164,200,-1,200,164,201,-1,164,166,201,-1,201,166,202,-1,166,168,202,-1,202,168,203,-1,176,204,205,-1,176,205,174,-1,174,205,206,-1,174,206,172,-1,172,206,207,-1,172,207,170,-1,170,207,203,-1,170,203,168,-1,148,208,209,-1,148,209,146,-1,146,209,210,-1,146,210,180,-1,180,210,211,-1,180,211,178,-1,178,211,204,-1,178,204,176,-1,156,212,213,-1,156,213,154,-1,154,213,214,-1,154,214,152,-1,152,214,215,-1,152,215,150,-1,150,215,208,-1,150,208,148,-1,162,200,216,-1,162,216,160,-1,160,216,217,-1,160,217,158,-1,158,217,212,-1,158,212,156,-1,
        ]
    }
}
Shape{
    appearance Appearance {
        material  Material {
            diffuseColor 0.25098039215686274 0.25098039215686274 0.25098039215686274
            specularColor 0.07450980392156863 0.07450980392156863 0.07450980392156863
            ambientIntensity 0.251
            transparency 0.0
            shininess 0.5
        }
    }
    geometry IndexedFaceSet {
        ccw TRUE
        solid FALSE
        coord DEF co Coordinate {
            point [
                0.9018 2.9902 5.0154, 0.9035 2.9902 4.7685, 0.8534 2.9902 5.015, 0.857 2.9902 4.7681, 0.8163 2.9902 4.7722, 0.7889 2.9902 4.7818, 0.7675 2.9902 4.7955, 0.7616 2.9902 4.8009, 0.7455 2.9902 4.8205, 0.7343 2.9902 4.8442, 0.7279 2.9902 4.8735, 0.7267 2.9902 4.8938, 0.7304 2.9902 4.9307, 0.7388 2.9902 4.955, 0.7507 2.9902 4.9735, 0.7612 2.9902 4.9842, 0.8122 2.9902 5.0102, 0.7845 2.9902 5.0
            ]
        }
        coordIndex [
            0,1,2,-1,2,1,3,-1,2,3,4,-1,4,5,2,-1,2,5,6,-1,2,6,7,-1,7,8,2,-1,2,8,9,-1,2,9,10,-1,10,11,2,-1,2,11,12,-1,2,12,13,-1,13,14,2,-1,2,14,15,-1,2,15,16,-1,16,15,17,-1,
        ]
    }
}
Shape{
    appearance Appearance {
        material  Material {
            diffuseColor 1.0 1.0 1.0
            specularColor 0.5019607843137255 0.5019607843137255 0.5019607843137255
            ambientIntensity 1.0
            transparency 0.0
            shininess 0.5
        }
    }
    geometry IndexedFaceSet {
        ccw TRUE
        solid FALSE
        coord DEF co Coordinate {
            point [
                0.5762 2.9941 4.8534, 0.5273 2.9941 4.9862, 0.5424 2.9941 5.0497, 0.6666 2.9941 4.7303, 0.6209 2.9941 4.7299, 0.5895 2.9941 4.8173, 0.5245 2.9941 4.9957, 0.5219 2.9941 5.0086, 0.4982 2.9941 5.0494, 0.521 2.9941 5.0086, 0.5185 2.9941 4.995, 0.5161 2.9941 4.9861, 0.4687 2.9941 4.8526, 0.3785 2.9941 4.7282, 0.4241 2.9941 4.7285, 0.4562 2.9941 4.8164, 0.4982 2.9902 5.0494, 0.3793 2.9902 4.7304, 0.3785 2.9902 4.7282, 0.5424 2.9902 5.0497, 0.6666 2.9902 4.7304, 0.6666 2.9902 4.7303, 0.5778 2.9902 4.9586, 0.6209 2.9902 4.7299, 0.5895 2.9902 4.8173, 0.6208 2.9902 4.7304, 0.4562 2.9902 4.8164, 0.5778 2.9902 4.8172, 0.4241 2.9902 4.7285, 0.4248 2.9902 4.7304, 0.5762 2.9902 4.8534, 0.4687 2.9902 4.8526, 0.5161 2.9902 4.9861, 0.521 2.9902 5.0086, 0.5185 2.9902 4.995, 0.5219 2.9902 5.0086, 0.5273 2.9902 4.9862, 0.5245 2.9902 4.9957
            ]
        }
        coordIndex [
            0,1,2,-1,3,4,5,-1,1,6,2,-1,2,6,7,-1,2,7,8,-1,8,7,9,-1,8,9,10,-1,10,11,8,-1,8,11,12,-1,8,12,13,-1,14,13,15,-1,15,13,12,-1,15,12,5,-1,5,12,0,-1,5,0,3,-1,3,0,2,-1,16,8,17,-1,17,8,13,-1,17,13,18,-1,2,8,19,-1,19,8,16,-1,20,21,3,-1,20,3,22,-1,22,3,2,-1,22,2,19,-1,4,3,23,-1,23,3,21,-1,24,5,25,-1,25,5,4,-1,25,4,23,-1,26,15,27,-1,27,15,5,-1,27,5,24,-1,28,14,29,-1,29,14,15,-1,29,15,26,-1,13,14,18,-1,18,14,28,-1,0,12,30,-1,30,12,31,-1,12,11,31,-1,31,11,32,-1,9,33,34,-1,9,34,10,-1,10,34,32,-1,10,32,11,-1,9,7,33,-1,33,7,35,-1,1,36,37,-1,1,37,6,-1,6,37,35,-1,6,35,7,-1,1,0,36,-1,36,0,30,-1,
        ]
    }
}
Shape{
    appearance Appearance {
        material  Material {
            diffuseColor 0.25098039215686274 0.25098039215686274 0.25098039215686274
            specularColor 0.07450980392156863 0.07450980392156863 0.07450980392156863
            ambientIntensity 0.251
            transparency 0.0
            shininess 0.5
        }
    }
    geometry IndexedFaceSet {
        ccw TRUE
        solid FALSE
        coord DEF co Coordinate {
            point [
                0.521 2.9902 5.0086, 0.5219 2.9902 5.0086, 0.5185 2.9902 4.995, 0.5245 2.9902 4.9957, 0.5161 2.9902 4.9861, 0.5273 2.9902 4.9862, 0.4687 2.9902 4.8526, 0.5762 2.9902 4.8534
            ]
        }
        coordIndex [
            0,1,2,-1,2,1,3,-1,2,3,4,-1,4,3,5,-1,4,5,6,-1,6,5,7,-1,
        ]
    }
}
Shape{
    appearance Appearance {
        material  Material {
            diffuseColor 1.0 1.0 1.0
            specularColor 0.5019607843137255 0.5019607843137255 0.5019607843137255
            ambientIntensity 1.0
            transparency 0.0
            shininess 0.5
        }
    }
    geometry IndexedFaceSet {
        ccw TRUE
        solid FALSE
        coord DEF co Coordinate {
            point [
                1.4949 2.9941 4.2645, 1.4951 2.9941 4.228, 1.4949 2.9902 4.2645, 1.4951 2.9902 4.228, 1.6258 2.9941 4.2655, 1.6258 2.9902 4.2655, 1.625 2.9941 4.3732, 1.625 2.9902 4.3732, 1.5105 2.9941 4.3724, 1.5105 2.9902 4.3724, 1.5102 2.9941 4.4091, 1.5102 2.9902 4.4091, 1.6248 2.9941 4.4099, 1.6248 2.9902 4.4099, 1.624 2.9941 4.5124, 1.624 2.9902 4.5124, 1.5004 2.9941 4.5115, 1.5004 2.9902 4.5115, 1.5002 2.9941 4.5484, 1.5002 2.9902 4.5402, 1.5002 2.9902 4.5464, 1.5002 2.9902 4.5484, 1.6651 2.9941 4.5495, 1.6651 2.9902 4.5495, 1.6674 2.9902 4.2293, 1.6674 2.9941 4.2293, 1.6652 2.9902 4.5402, 1.6651 2.9902 4.5464, 1.3131 2.9941 4.2267, 1.2729 2.9941 4.2265, 1.3128 2.9941 4.2621, 1.2719 2.9941 4.3737, 1.312 2.9941 4.3721, 1.3993 2.9941 4.325, 1.3896 2.9941 4.3294, 1.3658 2.9941 4.3347, 1.3122 2.9941 4.3415, 1.3124 2.9941 4.3196, 1.3139 2.9941 4.2621, 1.3348 2.9941 4.2683, 1.3233 2.9941 4.2488, 1.3461 2.9941 4.2607, 1.3125 2.9941 4.3171, 1.3151 2.9941 4.2992, 1.3211 2.9941 4.2849, 1.3299 2.9941 4.273, 1.4121 2.9941 4.2755, 1.4429 2.9941 4.2466, 1.4075 2.9941 4.2687, 1.437 2.9941 4.2402, 1.4042 2.9941 4.2652, 1.425 2.9941 4.2315, 1.3962 2.9941 4.2597, 1.41 2.9941 4.2253, 1.3872 2.9941 4.2563, 1.3914 2.9941 4.2221, 1.3736 2.9941 4.2547, 1.313 2.9941 4.3879, 1.2749 2.9941 4.4045, 1.3169 2.9941 4.4031, 1.2811 2.9941 4.4227, 1.3214 2.9941 4.4116, 1.2892 2.9941 4.4356, 1.3272 2.9941 4.4183, 1.2999 2.9941 4.4459, 1.3341 2.9941 4.4231, 1.3132 2.9941 4.4535, 1.3431 2.9941 4.4266, 1.3302 2.9941 4.4587, 1.358 2.9941 4.4285, 1.354 2.9941 4.461, 1.3799 2.9941 4.4265, 1.3951 2.9941 4.4563, 1.4051 2.9941 4.4186, 1.425 2.9941 4.4448, 1.4332 2.9941 4.4013, 1.4329 2.9941 4.4403, 1.3842 2.9941 4.2218, 1.362 2.9941 4.2244, 1.3583 2.9941 4.2563, 1.3459 2.9941 4.2304, 1.3365 2.9941 4.2363, 1.4152 2.9941 4.2983, 1.4562 2.9941 4.2938, 1.4156 2.9941 4.292, 1.4563 2.9941 4.289, 1.4146 2.9941 4.2828, 1.4547 2.9941 4.2717, 1.4501 2.9941 4.2579, 1.3799 2.9941 4.3631, 1.4103 2.9941 4.3559, 1.4047 2.9941 4.3209, 1.4274 2.9941 4.3472, 1.4096 2.9941 4.315, 1.4398 2.9941 4.3366, 1.4132 2.9941 4.3075, 1.4479 2.9941 4.3252, 1.4535 2.9941 4.3111, 1.354 2.9902 4.461, 1.3951 2.9902 4.4563, 1.425 2.9902 4.4448, 1.4329 2.9902 4.4403, 1.4332 2.9902 4.4013, 1.4051 2.9902 4.4186, 1.3799 2.9902 4.4265, 1.358 2.9902 4.4285, 1.3431 2.9902 4.4266, 1.3341 2.9902 4.4231, 1.3272 2.9902 4.4183, 1.3214 2.9902 4.4116, 1.3169 2.9902 4.4031, 1.313 2.9902 4.3879, 1.312 2.9902 4.3721, 1.3799 2.9902 4.3631, 1.4103 2.9902 4.3559, 1.4274 2.9902 4.3472, 1.4398 2.9902 4.3366, 1.4479 2.9902 4.3252, 1.4535 2.9902 4.3111, 1.4562 2.9902 4.2938, 1.4563 2.9902 4.289, 1.4547 2.9902 4.2717, 1.4501 2.9902 4.2579, 1.4429 2.9902 4.2466, 1.437 2.9902 4.2402, 1.425 2.9902 4.2315, 1.41 2.9902 4.2253, 1.3914 2.9902 4.2221, 1.3842 2.9902 4.2218, 1.362 2.9902 4.2244, 1.3459 2.9902 4.2304, 1.3365 2.9902 4.2363, 1.3233 2.9902 4.2488, 1.3139 2.9902 4.2621, 1.3128 2.9902 4.2621, 1.3131 2.9902 4.2267, 1.2729 2.9902 4.2265, 1.2719 2.9902 4.3737, 1.2749 2.9902 4.4045, 1.2811 2.9902 4.4227, 1.2892 2.9902 4.4356, 1.2999 2.9902 4.4459, 1.3132 2.9902 4.4535, 1.3302 2.9902 4.4587, 1.4047 2.9902 4.3209, 1.3993 2.9902 4.325, 1.3896 2.9902 4.3294, 1.3658 2.9902 4.3347, 1.4156 2.9902 4.292, 1.4152 2.9902 4.2983, 1.4132 2.9902 4.3075, 1.4096 2.9902 4.315, 1.4042 2.9902 4.2652, 1.4075 2.9902 4.2687, 1.4121 2.9902 4.2755, 1.4146 2.9902 4.2828, 1.3736 2.9902 4.2547, 1.3872 2.9902 4.2563, 1.3962 2.9902 4.2597, 1.3299 2.9902 4.273, 1.3348 2.9902 4.2683, 1.3461 2.9902 4.2607, 1.3583 2.9902 4.2563, 1.3124 2.9902 4.3196, 1.3125 2.9902 4.3171, 1.3151 2.9902 4.2992, 1.3211 2.9902 4.2849, 1.3122 2.9902 4.3415
            ]
        }
        coordIndex [
            0,1,2,-1,2,1,3,-1,4,0,5,-1,5,0,2,-1,6,4,7,-1,7,4,5,-1,8,6,9,-1,9,6,7,-1,10,8,11,-1,11,8,9,-1,12,10,13,-1,13,10,11,-1,14,12,15,-1,15,12,13,-1,16,14,17,-1,17,14,15,-1,18,16,17,-1,17,19,18,-1,18,19,20,-1,18,20,21,-1,22,18,23,-1,23,18,21,-1,24,25,26,-1,26,25,22,-1,26,22,27,-1,27,22,23,-1,1,25,3,-1,3,25,24,-1,25,1,0,-1,0,4,25,-1,25,4,6,-1,25,6,22,-1,16,18,14,-1,14,18,22,-1,14,22,12,-1,12,22,6,-1,12,6,10,-1,10,6,8,-1,28,29,30,-1,30,29,31,-1,32,33,34,-1,35,36,31,-1,31,36,37,-1,38,39,40,-1,40,39,41,-1,37,42,31,-1,31,42,43,-1,31,43,30,-1,30,43,44,-1,30,44,38,-1,38,44,45,-1,38,45,39,-1,46,47,48,-1,48,47,49,-1,48,49,50,-1,50,49,51,-1,50,51,52,-1,52,51,53,-1,52,53,54,-1,54,53,55,-1,54,55,56,-1,34,35,32,-1,32,35,31,-1,32,31,57,-1,57,31,58,-1,57,58,59,-1,59,58,60,-1,59,60,61,-1,61,60,62,-1,61,62,63,-1,63,62,64,-1,63,64,65,-1,65,64,66,-1,65,66,67,-1,67,66,68,-1,67,68,69,-1,69,68,70,-1,69,70,71,-1,71,70,72,-1,71,72,73,-1,73,72,74,-1,73,74,75,-1,75,74,76,-1,55,77,56,-1,56,77,78,-1,56,78,79,-1,79,78,80,-1,79,80,41,-1,41,80,81,-1,41,81,40,-1,82,83,84,-1,84,83,85,-1,84,85,86,-1,86,85,87,-1,86,87,46,-1,46,87,88,-1,46,88,47,-1,32,89,33,-1,33,89,90,-1,33,90,91,-1,91,90,92,-1,91,92,93,-1,93,92,94,-1,93,94,95,-1,95,94,96,-1,95,96,82,-1,82,96,97,-1,82,97,83,-1,70,98,99,-1,70,99,72,-1,72,99,100,-1,72,100,74,-1,74,100,101,-1,74,101,76,-1,75,76,102,-1,102,76,101,-1,75,102,103,-1,75,103,73,-1,73,103,104,-1,73,104,71,-1,71,104,105,-1,71,105,69,-1,69,105,106,-1,69,106,67,-1,67,106,107,-1,67,107,65,-1,65,107,108,-1,65,108,63,-1,63,108,109,-1,63,109,61,-1,61,109,110,-1,61,110,59,-1,59,110,111,-1,59,111,57,-1,57,111,112,-1,57,112,32,-1,89,32,113,-1,113,32,112,-1,89,113,114,-1,89,114,90,-1,90,114,115,-1,90,115,92,-1,92,115,116,-1,92,116,94,-1,94,116,117,-1,94,117,96,-1,96,117,118,-1,96,118,97,-1,97,118,119,-1,97,119,83,-1,83,119,120,-1,83,120,85,-1,85,120,121,-1,85,121,87,-1,87,121,122,-1,87,122,88,-1,88,122,123,-1,88,123,47,-1,47,123,124,-1,47,124,49,-1,49,124,125,-1,49,125,51,-1,51,125,126,-1,51,126,53,-1,53,126,127,-1,53,127,55,-1,55,127,128,-1,55,128,77,-1,77,128,129,-1,77,129,78,-1,78,129,130,-1,78,130,80,-1,80,130,131,-1,80,131,81,-1,81,131,132,-1,81,132,40,-1,40,132,133,-1,40,133,38,-1,30,38,134,-1,134,38,133,-1,28,30,135,-1,135,30,134,-1,29,28,136,-1,136,28,135,-1,31,29,137,-1,137,29,136,-1,31,137,138,-1,31,138,58,-1,58,138,139,-1,58,139,60,-1,60,139,140,-1,60,140,62,-1,62,140,141,-1,62,141,64,-1,64,141,142,-1,64,142,66,-1,66,142,143,-1,66,143,68,-1,68,143,98,-1,68,98,70,-1,91,144,145,-1,91,145,33,-1,33,145,146,-1,33,146,34,-1,34,146,147,-1,34,147,35,-1,84,148,149,-1,84,149,82,-1,82,149,150,-1,82,150,95,-1,95,150,151,-1,95,151,93,-1,93,151,144,-1,93,144,91,-1,50,152,153,-1,50,153,48,-1,48,153,154,-1,48,154,46,-1,46,154,155,-1,46,155,86,-1,86,155,148,-1,86,148,84,-1,56,156,157,-1,56,157,54,-1,54,157,158,-1,54,158,52,-1,52,158,152,-1,52,152,50,-1,45,159,160,-1,45,160,39,-1,39,160,161,-1,39,161,41,-1,41,161,162,-1,41,162,79,-1,79,162,156,-1,79,156,56,-1,37,163,164,-1,37,164,42,-1,42,164,165,-1,42,165,43,-1,43,165,166,-1,43,166,44,-1,44,166,159,-1,44,159,45,-1,37,36,163,-1,163,36,167,-1,36,35,167,-1,167,35,147,-1,
        ]
    }
}
Shape{
    appearance Appearance {
        material  Material {
            diffuseColor 0.25098039215686274 0.25098039215686274 0.25098039215686274
            specularColor 0.07450980392156863 0.07450980392156863 0.07450980392156863
            ambientIntensity 0.251
            transparency 0.0
            shininess 0.5
        }
    }
    geometry IndexedFaceSet {
        ccw TRUE
        solid FALSE
        coord DEF co Coordinate {
            point [
                1.3122 2.9902 4.3415, 1.3658 2.9902 4.3347, 1.3124 2.9902 4.3196, 1.3896 2.9902 4.3294, 1.3993 2.9902 4.325, 1.4047 2.9902 4.3209, 1.3125 2.9902 4.3171, 1.3151 2.9902 4.2992, 1.4096 2.9902 4.315, 1.3211 2.9902 4.2849, 1.4075 2.9902 4.2687, 1.4042 2.9902 4.2652, 1.3348 2.9902 4.2683, 1.4121 2.9902 4.2755, 1.3461 2.9902 4.2607, 1.3583 2.9902 4.2563, 1.3736 2.9902 4.2547, 1.4132 2.9902 4.3075, 1.4152 2.9902 4.2983, 1.3299 2.9902 4.273, 1.4156 2.9902 4.292, 1.4146 2.9902 4.2828, 1.3962 2.9902 4.2597, 1.3872 2.9902 4.2563
            ]
        }
        coordIndex [
            0,1,2,-1,2,1,3,-1,3,4,2,-1,2,4,5,-1,2,5,6,-1,6,5,7,-1,7,5,8,-1,7,8,9,-1,10,11,12,-1,10,12,13,-1,14,12,15,-1,15,12,16,-1,8,17,9,-1,9,17,18,-1,9,18,19,-1,19,18,20,-1,19,20,12,-1,12,20,21,-1,12,21,13,-1,11,22,12,-1,12,22,23,-1,12,23,16,-1,
        ]
    }
}
Shape{
    appearance Appearance {
        material  Material {
            diffuseColor 1.0 1.0 1.0
            specularColor 0.5019607843137255 0.5019607843137255 0.5019607843137255
            ambientIntensity 1.0
            transparency 0.0
            shininess 0.5
        }
    }
    geometry IndexedFaceSet {
        ccw TRUE
        solid FALSE
        coord DEF co Coordinate {
            point [
                1.1524 2.9941 4.2529, 1.1524 2.9902 4.2529, 1.1789 2.9902 4.2564, 1.1982 2.9902 4.2641, 1.2039 2.9941 4.2664, 1.1789 2.9941 4.2564, 1.2039 2.9902 4.2664, 1.2182 2.9902 4.2755, 1.2182 2.9941 4.2755, 1.2185 2.9941 4.2341, 1.2185 2.9902 4.2341, 1.1906 2.9941 4.224, 1.1982 2.9902 4.2268, 1.1906 2.9902 4.224, 1.1566 2.9902 4.2202, 1.1566 2.9941 4.2202, 1.1232 2.9902 4.2236, 1.1232 2.9941 4.2236, 1.1014 2.9902 4.2311, 1.1014 2.9941 4.2311, 1.0898 2.9902 4.2379, 1.0898 2.9941 4.2379, 1.0781 2.9902 4.2481, 1.0781 2.9941 4.2481, 1.0706 2.9902 4.2586, 1.0706 2.9941 4.2586, 1.0656 2.9902 4.2713, 1.0656 2.9941 4.2713, 1.0637 2.9902 4.2872, 1.0637 2.9941 4.2872, 1.0653 2.9902 4.3025, 1.0653 2.9941 4.3025, 1.0696 2.9902 4.3143, 1.0696 2.9941 4.3143, 1.0768 2.9902 4.3251, 1.0768 2.9941 4.3251, 1.0863 2.9902 4.3337, 1.0863 2.9941 4.3337, 1.1129 2.9902 4.3487, 1.1129 2.9941 4.3487, 1.1283 2.9902 4.3551, 1.1283 2.9941 4.3551, 1.1531 2.9902 4.3661, 1.1531 2.9941 4.3661, 1.1672 2.9902 4.375, 1.1672 2.9941 4.375, 1.1711 2.9902 4.3794, 1.1711 2.9941 4.3794, 1.1739 2.9902 4.3848, 1.1739 2.9941 4.3848, 1.1755 2.9902 4.3911, 1.1755 2.9941 4.3911, 1.1758 2.9902 4.3964, 1.1758 2.9941 4.3964, 1.175 2.9902 4.4028, 1.175 2.9941 4.4028, 1.173 2.9902 4.4082, 1.173 2.9941 4.4082, 1.1695 2.9902 4.4133, 1.1695 2.9941 4.4133, 1.1634 2.9902 4.4186, 1.1634 2.9941 4.4186, 1.1544 2.9902 4.4233, 1.1544 2.9941 4.4233, 1.1437 2.9902 4.4261, 1.1437 2.9941 4.4261, 1.1318 2.9902 4.4269, 1.1318 2.9941 4.4269, 1.1037 2.9902 4.4232, 1.1037 2.9941 4.4232, 1.081 2.9902 4.4143, 1.081 2.9941 4.4143, 1.0738 2.9902 4.4099, 1.0738 2.9941 4.4099, 1.0735 2.9941 4.4489, 1.0735 2.9902 4.4489, 1.0995 2.9902 4.4567, 1.0995 2.9941 4.4567, 1.1276 2.9902 4.4594, 1.1276 2.9941 4.4594, 1.16 2.9902 4.4557, 1.16 2.9941 4.4557, 1.1815 2.9902 4.4475, 1.1815 2.9941 4.4475, 1.1911 2.9902 4.4417, 1.1911 2.9941 4.4417, 1.2031 2.9941 4.4311, 1.1982 2.9902 4.4354, 1.2031 2.9902 4.4311, 1.2106 2.9902 4.4203, 1.2106 2.9941 4.4203, 1.2155 2.9902 4.4074, 1.2155 2.9941 4.4074, 1.2172 2.9902 4.3931, 1.2172 2.9941 4.3931, 1.2155 2.9902 4.3774, 1.2155 2.9941 4.3774, 1.2112 2.9902 4.3651, 1.2112 2.9941 4.3651, 1.206 2.9902 4.3568, 1.206 2.9941 4.3568, 1.1569 2.9902 4.3262, 1.1569 2.9941 4.3262, 1.1807 2.9941 4.3373, 1.1995 2.9902 4.3499, 1.1995 2.9941 4.3499, 1.1982 2.9902 4.349, 1.1807 2.9902 4.3373, 1.1306 2.9902 4.315, 1.1306 2.9941 4.315, 1.115 2.9902 4.3054, 1.115 2.9941 4.3054, 1.1101 2.9902 4.3002, 1.1101 2.9941 4.3002, 1.107 2.9902 4.2948, 1.107 2.9941 4.2948, 1.1052 2.9902 4.2886, 1.1052 2.9941 4.2886, 1.1049 2.9902 4.2836, 1.1049 2.9941 4.2836, 1.1058 2.9902 4.2759, 1.1058 2.9941 4.2759, 1.1078 2.9902 4.2702, 1.1078 2.9941 4.2702, 1.1114 2.9902 4.2651, 1.1114 2.9941 4.2651, 1.116 2.9902 4.261, 1.116 2.9941 4.261, 1.1197 2.9902 4.2588, 1.1197 2.9941 4.2588, 1.1301 2.9902 4.2551, 1.1301 2.9941 4.2551, 1.1506 2.9902 4.2529, 1.1506 2.9941 4.2529, 0.8636 2.9941 4.4523, 0.822 2.9941 4.452, 0.8636 2.9902 4.4523, 0.822 2.9902 4.452, 0.9273 2.9941 4.2805, 0.9273 2.9902 4.2805, 0.9305 2.9902 4.2699, 0.9305 2.9941 4.2699, 0.9324 2.9902 4.262, 0.9324 2.9941 4.262, 0.9334 2.9941 4.262, 0.9334 2.9902 4.262, 0.9382 2.9941 4.2809, 0.9382 2.9902 4.2809, 0.9967 2.9902 4.4533, 0.9967 2.9941 4.4533, 0.9753 2.9902 4.39, 1.0416 2.9941 4.4536, 1.0416 2.9902 4.4536, 0.9535 2.9902 4.2247, 0.9535 2.9941 4.2247, 0.9753 2.9902 4.2812, 0.9714 2.9941 4.1832, 0.9714 2.9902 4.1832, 0.9753 2.9902 4.1763, 0.9796 2.9941 4.1685, 0.9796 2.9902 4.1685, 0.9872 2.9902 4.1603, 0.9872 2.9941 4.1603, 0.9933 2.9902 4.156, 0.9933 2.9941 4.156, 1.002 2.9902 4.1525, 1.002 2.9941 4.1525, 1.0116 2.9902 4.1513, 1.0116 2.9941 4.1513, 1.0127 2.9902 4.1513, 1.0127 2.9941 4.1513, 1.0267 2.9902 4.1531, 1.0267 2.9941 4.1531, 1.0354 2.9902 4.156, 1.0354 2.9941 4.156, 1.0357 2.9941 4.1203, 1.0357 2.9902 4.1203, 1.0239 2.9902 4.1178, 1.0239 2.9941 4.1178, 1.0098 2.9902 4.1168, 1.0098 2.9941 4.1168, 0.9941 2.9902 4.1185, 0.9941 2.9941 4.1185, 0.9782 2.9902 4.1243, 0.9782 2.9941 4.1243, 0.9753 2.9902 4.1263, 0.9641 2.9941 4.1338, 0.9641 2.9902 4.1338, 0.9597 2.9902 4.1379, 0.9597 2.9941 4.1379, 0.9449 2.9902 4.156, 0.9449 2.9941 4.156, 0.9277 2.9902 4.1895, 0.9277 2.9941 4.1895, 0.6079 2.9941 4.2583, 0.6082 2.9941 4.2217, 0.6079 2.9902 4.2583, 0.6082 2.9902 4.2217, 0.7388 2.9902 4.2592, 0.7388 2.9941 4.2592, 0.6749 2.9902 4.2587, 0.7381 2.9941 4.3669, 0.7381 2.9902 4.3669, 0.6235 2.9902 4.3661, 0.6235 2.9941 4.3661, 0.6749 2.9902 4.3665, 0.6233 2.9941 4.4028, 0.6233 2.9902 4.4028, 0.7378 2.9902 4.4036, 0.7378 2.9941 4.4036, 0.6749 2.9902 4.4032, 0.7371 2.9941 4.5061, 0.7371 2.9902 4.5061, 0.6135 2.9902 4.5052, 0.6135 2.9941 4.5052, 0.6749 2.9902 4.5057, 0.6132 2.9902 4.5421, 0.6132 2.9941 4.5421, 0.6132 2.9902 4.5402, 0.7782 2.9902 4.5432, 0.7782 2.9941 4.5432, 0.6749 2.9902 4.5425, 0.7804 2.9902 4.223, 0.7804 2.9941 4.223, 0.7782 2.9902 4.5402, 0.6749 2.9902 4.2222, 0.3304 2.9941 4.3626, 0.2868 2.9941 4.3635, 0.3292 2.9941 4.3829, 0.2858 2.9941 4.3837, 0.3329 2.9941 4.4197, 0.2909 2.9941 4.4285, 0.3414 2.9941 4.4441, 0.3027 2.9941 4.459, 0.3533 2.9941 4.4626, 0.3224 2.9941 4.4869, 0.3637 2.9941 4.4733, 0.3333 2.9941 4.4977, 0.387 2.9941 4.489, 0.3667 2.9941 4.5208, 0.4147 2.9941 4.4993, 0.4052 2.9941 4.5352, 0.4559 2.9941 4.5041, 0.454 2.9941 4.5409, 0.5043 2.9941 4.5044, 0.5454 2.9941 4.5416, 0.5061 2.9941 4.2575, 0.5477 2.9941 4.2213, 0.4596 2.9941 4.2572, 0.4596 2.9941 4.2207, 0.4189 2.9941 4.2613, 0.4095 2.9941 4.2259, 0.3914 2.9941 4.2709, 0.3721 2.9941 4.2391, 0.3701 2.9941 4.2846, 0.3406 2.9941 4.2597, 0.3641 2.9941 4.2899, 0.3349 2.9941 4.2647, 0.348 2.9941 4.3096, 0.3108 2.9941 4.293, 0.3369 2.9941 4.3333, 0.2948 2.9941 4.326, 0.4596 2.9902 4.2207, 0.5477 2.9902 4.2213, 0.4095 2.9902 4.2259, 0.3721 2.9902 4.2391, 0.3406 2.9902 4.2597, 0.3349 2.9902 4.2647, 0.3108 2.9902 4.293, 0.2948 2.9902 4.326, 0.2868 2.9902 4.3635, 0.2858 2.9902 4.3837, 0.2909 2.9902 4.4285, 0.3027 2.9902 4.459, 0.3224 2.9902 4.4869, 0.3333 2.9902 4.4977, 0.3667 2.9902 4.5208, 0.4052 2.9902 4.5352, 0.4475 2.9902 4.5402, 0.454 2.9902 4.5409, 0.5454 2.9902 4.5416, 0.5454 2.9902 4.5402, 0.4559 2.9902 4.5041, 0.5043 2.9902 4.5044, 0.5061 2.9902 4.2575, 0.4596 2.9902 4.2572, 0.3641 2.9902 4.2899, 0.3701 2.9902 4.2846, 0.3914 2.9902 4.2709, 0.4189 2.9902 4.2613, 0.3292 2.9902 4.3829, 0.3304 2.9902 4.3626, 0.3369 2.9902 4.3333, 0.348 2.9902 4.3096, 0.3637 2.9902 4.4733, 0.3533 2.9902 4.4626, 0.3414 2.9902 4.4441, 0.3329 2.9902 4.4197, 0.4147 2.9902 4.4993, 0.387 2.9902 4.489
            ]
        }
        coordIndex [
            0,1,2,-1,3,4,2,-1,2,4,5,-1,2,5,0,-1,3,6,4,-1,4,6,7,-1,4,7,8,-1,9,8,10,-1,10,8,7,-1,9,10,11,-1,11,10,12,-1,12,13,11,-1,11,13,14,-1,11,14,15,-1,15,14,16,-1,15,16,17,-1,17,16,18,-1,17,18,19,-1,19,18,20,-1,19,20,21,-1,21,20,22,-1,21,22,23,-1,23,22,24,-1,23,24,25,-1,25,24,26,-1,25,26,27,-1,27,26,28,-1,27,28,29,-1,29,28,30,-1,29,30,31,-1,31,30,32,-1,31,32,33,-1,33,32,34,-1,33,34,35,-1,35,34,36,-1,35,36,37,-1,37,36,38,-1,37,38,39,-1,39,38,40,-1,39,40,41,-1,41,40,42,-1,41,42,43,-1,43,42,44,-1,43,44,45,-1,45,44,46,-1,45,46,47,-1,47,46,48,-1,47,48,49,-1,49,48,50,-1,49,50,51,-1,51,50,52,-1,51,52,53,-1,53,52,54,-1,53,54,55,-1,55,54,56,-1,55,56,57,-1,57,56,58,-1,57,58,59,-1,59,58,60,-1,59,60,61,-1,61,60,62,-1,61,62,63,-1,63,62,64,-1,63,64,65,-1,65,64,66,-1,65,66,67,-1,67,66,68,-1,67,68,69,-1,69,68,70,-1,69,70,71,-1,71,70,72,-1,71,72,73,-1,74,73,75,-1,75,73,72,-1,74,75,76,-1,74,76,77,-1,77,76,78,-1,77,78,79,-1,79,78,80,-1,79,80,81,-1,81,80,82,-1,81,82,83,-1,83,82,84,-1,83,84,85,-1,85,84,86,-1,86,84,87,-1,87,88,86,-1,86,88,89,-1,86,89,90,-1,90,89,91,-1,90,91,92,-1,92,91,93,-1,92,93,94,-1,94,93,95,-1,94,95,96,-1,96,95,97,-1,96,97,98,-1,98,97,99,-1,98,99,100,-1,101,102,103,-1,100,99,104,-1,100,104,105,-1,105,104,106,-1,105,106,103,-1,103,106,107,-1,103,107,101,-1,102,101,108,-1,102,108,109,-1,109,108,110,-1,109,110,111,-1,111,110,112,-1,111,112,113,-1,113,112,114,-1,113,114,115,-1,115,114,116,-1,115,116,117,-1,117,116,118,-1,117,118,119,-1,119,118,120,-1,119,120,121,-1,121,120,122,-1,121,122,123,-1,123,122,124,-1,123,124,125,-1,125,124,126,-1,125,126,127,-1,127,126,128,-1,127,128,129,-1,129,128,130,-1,129,130,131,-1,131,130,132,-1,131,132,133,-1,133,132,1,-1,133,1,0,-1,59,61,83,-1,83,61,81,-1,123,23,25,-1,109,41,102,-1,102,41,43,-1,123,25,121,-1,121,25,27,-1,121,27,119,-1,119,27,29,-1,119,29,117,-1,117,29,31,-1,117,31,115,-1,115,31,33,-1,115,33,113,-1,113,33,35,-1,113,35,111,-1,111,35,37,-1,111,37,109,-1,109,37,39,-1,109,39,41,-1,23,123,21,-1,21,123,125,-1,21,125,19,-1,15,0,11,-1,11,0,5,-1,11,5,9,-1,9,5,4,-1,9,4,8,-1,61,63,81,-1,81,63,65,-1,81,65,79,-1,79,65,67,-1,79,67,77,-1,77,67,69,-1,77,69,74,-1,74,69,71,-1,74,71,73,-1,125,127,19,-1,19,127,129,-1,19,129,17,-1,17,129,131,-1,17,131,15,-1,15,131,133,-1,15,133,0,-1,83,85,59,-1,59,85,86,-1,59,86,57,-1,57,86,90,-1,57,90,55,-1,55,90,92,-1,55,92,53,-1,53,92,94,-1,53,94,51,-1,51,94,96,-1,51,96,49,-1,49,96,98,-1,49,98,47,-1,47,98,100,-1,47,100,45,-1,45,100,105,-1,45,105,43,-1,43,105,103,-1,43,103,102,-1,134,135,136,-1,136,135,137,-1,138,134,139,-1,139,134,136,-1,138,139,140,-1,138,140,141,-1,141,140,142,-1,141,142,143,-1,144,143,145,-1,145,143,142,-1,146,144,147,-1,147,144,145,-1,148,149,150,-1,150,149,146,-1,150,146,147,-1,151,149,152,-1,152,149,148,-1,153,154,155,-1,155,154,151,-1,155,151,152,-1,156,154,157,-1,157,154,153,-1,156,157,158,-1,156,158,159,-1,158,160,159,-1,159,160,161,-1,159,161,162,-1,162,161,163,-1,162,163,164,-1,164,163,165,-1,164,165,166,-1,166,165,167,-1,166,167,168,-1,168,167,169,-1,168,169,170,-1,170,169,171,-1,170,171,172,-1,172,171,173,-1,172,173,174,-1,175,174,176,-1,176,174,173,-1,175,176,177,-1,175,177,178,-1,178,177,179,-1,178,179,180,-1,180,179,181,-1,180,181,182,-1,182,181,183,-1,182,183,184,-1,184,183,185,-1,184,185,186,-1,185,187,186,-1,186,187,188,-1,186,188,189,-1,189,188,190,-1,189,190,191,-1,191,190,192,-1,191,192,193,-1,135,193,137,-1,137,193,192,-1,141,143,193,-1,135,134,193,-1,193,134,138,-1,193,138,141,-1,149,151,146,-1,146,151,154,-1,146,154,144,-1,162,164,184,-1,180,170,178,-1,178,170,172,-1,178,172,175,-1,175,172,174,-1,143,144,193,-1,193,144,154,-1,193,154,191,-1,184,164,182,-1,182,164,166,-1,182,166,180,-1,180,166,168,-1,180,168,170,-1,154,156,191,-1,191,156,159,-1,191,159,189,-1,189,159,162,-1,189,162,186,-1,186,162,184,-1,194,195,196,-1,196,195,197,-1,198,199,200,-1,200,199,194,-1,200,194,196,-1,201,199,202,-1,202,199,198,-1,203,204,205,-1,205,204,201,-1,205,201,202,-1,206,204,207,-1,207,204,203,-1,208,209,210,-1,210,209,206,-1,210,206,207,-1,211,209,212,-1,212,209,208,-1,213,214,215,-1,215,214,211,-1,215,211,212,-1,216,217,218,-1,218,217,214,-1,218,214,213,-1,219,220,221,-1,221,220,217,-1,221,217,216,-1,222,223,224,-1,224,223,220,-1,224,220,219,-1,197,195,225,-1,225,195,223,-1,225,223,222,-1,223,195,194,-1,194,199,223,-1,223,199,201,-1,223,201,220,-1,214,217,211,-1,211,217,220,-1,211,220,209,-1,209,220,201,-1,209,201,206,-1,206,201,204,-1,226,227,228,-1,228,227,229,-1,228,229,230,-1,230,229,231,-1,230,231,232,-1,232,231,233,-1,232,233,234,-1,234,233,235,-1,234,235,236,-1,236,235,237,-1,236,237,238,-1,238,237,239,-1,238,239,240,-1,240,239,241,-1,240,241,242,-1,242,241,243,-1,242,243,244,-1,244,243,245,-1,244,245,246,-1,246,245,247,-1,246,247,248,-1,248,247,249,-1,248,249,250,-1,250,249,251,-1,250,251,252,-1,252,251,253,-1,252,253,254,-1,254,253,255,-1,254,255,256,-1,256,255,257,-1,256,257,258,-1,258,257,259,-1,258,259,260,-1,260,259,261,-1,260,261,226,-1,226,261,227,-1,249,247,262,-1,262,247,263,-1,249,262,264,-1,249,264,251,-1,251,264,265,-1,251,265,253,-1,253,265,266,-1,253,266,255,-1,255,266,267,-1,255,267,257,-1,257,267,268,-1,257,268,259,-1,259,268,269,-1,259,269,261,-1,261,269,270,-1,261,270,227,-1,227,270,271,-1,227,271,229,-1,229,271,272,-1,229,272,231,-1,231,272,273,-1,231,273,233,-1,233,273,274,-1,233,274,235,-1,235,274,275,-1,235,275,237,-1,237,275,276,-1,237,276,239,-1,239,276,277,-1,239,277,241,-1,241,277,243,-1,243,277,278,-1,243,278,279,-1,245,243,280,-1,280,243,279,-1,263,247,281,-1,281,247,245,-1,281,245,280,-1,242,244,282,-1,282,244,283,-1,244,246,283,-1,283,246,284,-1,246,248,284,-1,284,248,285,-1,256,286,287,-1,256,287,254,-1,254,287,288,-1,254,288,252,-1,252,288,289,-1,252,289,250,-1,250,289,285,-1,250,285,248,-1,228,290,291,-1,228,291,226,-1,226,291,292,-1,226,292,260,-1,260,292,293,-1,260,293,258,-1,258,293,286,-1,258,286,256,-1,236,294,295,-1,236,295,234,-1,234,295,296,-1,234,296,232,-1,232,296,297,-1,232,297,230,-1,230,297,290,-1,230,290,228,-1,242,282,298,-1,242,298,240,-1,240,298,299,-1,240,299,238,-1,238,299,294,-1,238,294,236,-1,
        ]
    }
}
Shape{
    appearance Appearance {
        material  Material {
            diffuseColor 0.25098039215686274 0.25098039215686274 0.25098039215686274
            specularColor 0.07450980392156863 0.07450980392156863 0.07450980392156863
            ambientIntensity 0.251
            transparency 0.0
            shininess 0.5
        }
    }
    geometry IndexedFaceSet {
        ccw TRUE
        solid FALSE
        coord DEF co Coordinate {
            point [
                0.5043 2.9902 4.5044, 0.5061 2.9902 4.2575, 0.4559 2.9902 4.5041, 0.4596 2.9902 4.2572, 0.4189 2.9902 4.2613, 0.3914 2.9902 4.2709, 0.3701 2.9902 4.2846, 0.3641 2.9902 4.2899, 0.348 2.9902 4.3096, 0.3369 2.9902 4.3333, 0.3304 2.9902 4.3626, 0.3292 2.9902 4.3829, 0.3329 2.9902 4.4197, 0.3414 2.9902 4.4441, 0.3533 2.9902 4.4626, 0.3637 2.9902 4.4733, 0.4147 2.9902 4.4993, 0.387 2.9902 4.489
            ]
        }
        coordIndex [
            0,1,2,-1,2,1,3,-1,2,3,4,-1,4,5,2,-1,2,5,6,-1,2,6,7,-1,7,8,2,-1,2,8,9,-1,2,9,10,-1,10,11,2,-1,2,11,12,-1,2,12,13,-1,13,14,2,-1,2,14,15,-1,2,15,16,-1,16,15,17,-1,
        ]
    }
}
Shape{
    appearance Appearance {
        material  Material {
            diffuseColor 1.0 1.0 1.0
            specularColor 0.5019607843137255 0.5019607843137255 0.5019607843137255
            ambientIntensity 1.0
            transparency 0.0
            shininess 0.5
        }
    }
    geometry IndexedFaceSet {
        ccw TRUE
        solid FALSE
        coord DEF co Coordinate {
            point [
                0.1787 2.9941 4.3425, 0.1299 2.9941 4.4753, 0.1449 2.9941 4.5387, 0.2692 2.9941 4.2193, 0.2235 2.9941 4.219, 0.1921 2.9941 4.3064, 0.127 2.9941 4.4848, 0.1245 2.9941 4.4977, 0.1007 2.9941 4.5384, 0.1235 2.9941 4.4977, 0.121 2.9941 4.4841, 0.1187 2.9941 4.4752, 0.0712 2.9941 4.3417, -0.019 2.9941 4.2173, 0.0267 2.9941 4.2176, 0.0587 2.9941 4.3054, 0.1007 2.9902 4.5384, -0.019 2.9902 4.2173, 0.1449 2.9902 4.5387, 0.2692 2.9902 4.2193, 0.2235 2.9902 4.219, 0.1921 2.9902 4.3064, 0.0587 2.9902 4.3054, 0.0267 2.9902 4.2176, 0.1787 2.9902 4.3425, 0.0712 2.9902 4.3417, 0.1187 2.9902 4.4752, 0.1235 2.9902 4.4977, 0.121 2.9902 4.4841, 0.1245 2.9902 4.4977, 0.1299 2.9902 4.4753, 0.127 2.9902 4.4848
            ]
        }
        coordIndex [
            0,1,2,-1,3,4,5,-1,1,6,2,-1,2,6,7,-1,2,7,8,-1,8,7,9,-1,8,9,10,-1,10,11,8,-1,8,11,12,-1,8,12,13,-1,14,13,15,-1,15,13,12,-1,15,12,5,-1,5,12,0,-1,5,0,3,-1,3,0,2,-1,8,13,16,-1,16,13,17,-1,2,8,18,-1,18,8,16,-1,3,2,19,-1,19,2,18,-1,4,3,20,-1,20,3,19,-1,5,4,21,-1,21,4,20,-1,15,5,22,-1,22,5,21,-1,14,15,23,-1,23,15,22,-1,13,14,17,-1,17,14,23,-1,0,12,24,-1,24,12,25,-1,12,11,25,-1,25,11,26,-1,9,27,28,-1,9,28,10,-1,10,28,26,-1,10,26,11,-1,9,7,27,-1,27,7,29,-1,1,30,31,-1,1,31,6,-1,6,31,29,-1,6,29,7,-1,1,0,30,-1,30,0,24,-1,
        ]
    }
}
Shape{
    appearance Appearance {
        material  Material {
            diffuseColor 0.25098039215686274 0.25098039215686274 0.25098039215686274
            specularColor 0.07450980392156863 0.07450980392156863 0.07450980392156863
            ambientIntensity 0.251
            transparency 0.0
            shininess 0.5
        }
    }
    geometry IndexedFaceSet {
        ccw TRUE
        solid FALSE
        coord DEF co Coordinate {
            point [
                0.1235 2.9902 4.4977, 0.1245 2.9902 4.4977, 0.121 2.9902 4.4841, 0.127 2.9902 4.4848, 0.1187 2.9902 4.4752, 0.1299 2.9902 4.4753, 0.0712 2.9902 4.3417, 0.1787 2.9902 4.3425
            ]
        }
        coordIndex [
            0,1,2,-1,2,1,3,-1,2,3,4,-1,4,3,5,-1,4,5,6,-1,6,5,7,-1,
        ]
    }
}
Shape{
    appearance Appearance {
        material  Material {
            diffuseColor 1.0 1.0 1.0
            specularColor 0.5019607843137255 0.5019607843137255 0.5019607843137255
            ambientIntensity 1.0
            transparency 0.0
            shininess 0.5
        }
    }
    geometry IndexedFaceSet {
        ccw TRUE
        solid FALSE
        coord DEF co Coordinate {
            point [
                3.0823 2.9941 4.194, 3.0487 2.9941 4.152, 3.1013 2.9941 4.3954, 2.2679 2.9941 4.7564, 2.2632 2.9941 4.7265, 2.1507 2.9941 4.8487, 2.3399 2.9941 4.5016, 2.4097 2.9941 4.6228, 2.7159 2.9941 4.4656, 2.8741 2.9941 4.3993, 2.8527 2.9941 4.3925, 3.1376 2.9941 4.7917, 3.0866 2.9941 4.8182, 3.0985 2.9941 4.9581, 3.0084 2.9941 4.9686, 2.8339 2.9941 4.3807, 2.8187 2.9941 4.3648, 2.6599 2.9941 4.3354, 2.9561 2.9941 4.9637, 2.8867 2.9941 4.797, 2.8577 2.9941 4.8587, 3.1504 2.9941 4.4262, 3.1337 2.9941 4.2518, 3.1046 2.9941 4.2429, 2.8082 2.9941 4.3464, 2.8023 2.9941 4.3257, 2.6601 2.9941 4.3126, 2.8017 2.9941 4.3036, 2.911 2.9941 4.3983, 2.9404 2.9941 4.5379, 2.931 2.9941 4.3907, 2.9908 2.9941 4.5191, 2.949 2.9941 4.3784, 3.0377 2.9941 4.4871, 2.9601 2.9941 4.3665, 3.0756 2.9941 4.4444, 2.9716 2.9941 4.3474, 2.9778 2.9941 4.3258, 2.8035 2.9941 4.5283, 2.8583 2.9941 4.5423, 2.8862 2.9941 4.5442, 2.909 2.9941 5.0177, 2.8086 2.9941 4.9211, 2.8552 2.9941 5.0632, 2.7462 2.9941 4.9692, 2.7995 2.9941 5.0971, 3.0302 2.9941 4.831, 3.0071 2.9941 4.832, 2.9822 2.9941 4.967, 2.9545 2.9941 4.8252, 2.9036 2.9941 4.8063, 2.9503 2.9941 4.2467, 2.9323 2.9941 4.2339, 3.0044 2.9941 4.1181, 2.9114 2.9941 4.2258, 2.245 2.9941 4.7264, 2.2019 2.9941 4.7208, 2.1304 2.9941 4.8413, 2.1622 2.9941 4.7052, 2.0638 2.9941 4.8051, 2.127 2.9941 4.6803, 2.0042 2.9941 4.7507, 2.1006 2.9941 4.6504, 1.9602 2.9941 4.6843, 2.0798 2.9941 4.6109, 1.9351 2.9941 4.614, 2.0696 2.9941 4.567, 1.9274 2.9941 4.5488, 2.0686 2.9941 4.5475, 1.928 2.9941 4.5315, 2.0744 2.9941 4.5033, 2.3619 2.9941 4.2338, 2.3555 2.9941 4.233, 2.3363 2.9941 4.3718, 2.6943 2.9941 5.1369, 2.6724 2.9941 5.0009, 2.5813 2.9941 5.1501, 3.2293 2.9941 4.6608, 3.3791 2.9941 4.6236, 3.2364 2.9941 4.6059, 3.3799 2.9941 4.6024, 3.2341 2.9941 4.5718, 3.3694 2.9941 4.5125, 3.2184 2.9941 4.5159, 3.3372 2.9941 4.4275, 3.191 2.9941 4.4683, 3.286 2.9941 4.3535, 3.2157 2.9941 4.2926, 2.8895 2.9941 4.4008, 2.7553 2.9941 4.502, 2.2338 2.9941 4.3711, 2.2212 2.9941 4.2321, 2.1933 2.9941 4.3785, 2.1552 2.9941 4.2444, 2.1529 2.9941 4.3967, 2.0846 2.9941 4.2755, 2.119 2.9941 4.4239, 2.0237 2.9941 4.3223, 2.1156 2.9941 4.4275, 2.0132 2.9941 4.3331, 2.0903 2.9941 4.4629, 1.9729 2.9941 4.3865, 1.9415 2.9941 4.4572, 3.1831 2.9941 4.9259, 3.2558 2.9941 4.8754, 3.1776 2.9941 4.7566, 3.271 2.9941 4.8612, 3.2095 2.9941 4.7115, 3.3266 2.9941 4.7909, 3.3634 2.9941 4.7091, 2.9645 2.9941 4.2635, 2.9739 2.9941 4.2825, 2.9785 2.9941 4.3036, 2.5968 2.9941 5.0131, 2.58 2.9941 5.0134, 2.4875 2.9941 5.1395, 2.5135 2.9941 5.0059, 2.3735 2.9941 5.0985, 2.4415 2.9941 4.9806, 2.2724 2.9941 5.0295, 2.3765 2.9941 4.9381, 2.1983 2.9941 4.9427, 2.3387 2.9941 4.9007, 2.2943 2.9941 4.8335, 2.9521 2.9941 4.0956, 2.8984 2.9941 4.0868, 2.8907 2.9941 4.2232, 2.8894 2.9941 4.0865, 2.8689 2.9941 4.2257, 2.8344 2.9941 4.0929, 2.849 2.9941 4.2332, 2.7835 2.9941 4.112, 2.8315 2.9941 4.2453, 2.7379 2.9941 4.1432, 2.8169 2.9941 4.2618, 2.7022 2.9941 4.1827, 2.8067 2.9941 4.2816, 2.675 2.9941 4.2333, 2.6614 2.9941 4.2895, 2.4195 2.9941 4.2891, 2.4141 2.9941 4.2735, 2.3477 2.9941 4.374, 2.4048 2.9941 4.259, 2.3929 2.9941 4.2474, 2.421 2.9941 4.3041, 2.35 2.9941 4.3742, 2.4206 2.9941 4.3119, 2.3652 2.9941 4.3726, 2.381 2.9941 4.3671, 2.3409 2.9941 4.3724, 2.3771 2.9941 4.2382, 2.3954 2.9941 4.3578, 2.4075 2.9941 4.3449, 2.4162 2.9941 4.3292, 1.9274 2.9902 4.5488, 1.9351 2.9902 4.614, 1.9908 2.9902 4.7304, 1.944 2.9902 4.6389, 1.9602 2.9902 4.6843, 2.0042 2.9902 4.7507, 2.0638 2.9902 4.8051, 2.1304 2.9902 4.8413, 2.1507 2.9902 4.8487, 2.1983 2.9902 4.9427, 2.2724 2.9902 5.0295, 2.5813 2.9902 5.1501, 2.3111 2.9902 5.0559, 2.3735 2.9902 5.0985, 2.3933 2.9902 5.1056, 2.4875 2.9902 5.1395, 2.8552 2.9902 5.0632, 2.6943 2.9902 5.1369, 2.7771 2.9902 5.1056, 2.7995 2.9902 5.0971, 2.9561 2.9902 4.9637, 2.8638 2.9902 5.0559, 2.909 2.9902 5.0177, 2.9822 2.9902 4.967, 3.0084 2.9902 4.9686, 3.0985 2.9902 4.9581, 3.1831 2.9902 4.9259, 3.2558 2.9902 4.8754, 3.271 2.9902 4.8612, 3.3799 2.9902 4.6024, 3.3266 2.9902 4.7909, 3.3538 2.9902 4.7304, 3.3634 2.9902 4.7091, 3.3763 2.9902 4.6389, 3.3791 2.9902 4.6236, 3.3726 2.9902 4.5402, 3.3733 2.9902 4.5464, 3.3694 2.9902 4.5125, 3.3372 2.9902 4.4275, 3.286 2.9902 4.3535, 3.2157 2.9902 4.2926, 3.1337 2.9902 4.2518, 3.1046 2.9902 4.2429, 3.0823 2.9902 4.194, 3.0487 2.9902 4.152, 3.0044 2.9902 4.1181, 2.9521 2.9902 4.0956, 2.8984 2.9902 4.0868, 2.8894 2.9902 4.0865, 2.8344 2.9902 4.0929, 2.7835 2.9902 4.112, 2.7379 2.9902 4.1432, 2.7022 2.9902 4.1827, 2.675 2.9902 4.2333, 2.6614 2.9902 4.2895, 2.6601 2.9902 4.3126, 2.6599 2.9902 4.3354, 2.3399 2.9902 4.5016, 2.4097 2.9902 4.6228, 2.3657 2.9902 4.5464, 2.3621 2.9902 4.5402, 2.5707 2.9902 4.5402, 2.7159 2.9902 4.4656, 2.5585 2.9902 4.5464, 2.8035 2.9902 4.5283, 2.7553 2.9902 4.502, 2.8498 2.9902 4.5402, 2.8583 2.9902 4.5423, 2.8862 2.9902 4.5442, 2.9212 2.9902 4.5402, 2.9404 2.9902 4.5379, 2.9908 2.9902 4.5191, 3.0377 2.9902 4.4871, 3.0756 2.9902 4.4444, 3.1013 2.9902 4.3954, 3.2364 2.9902 4.6059, 3.1504 2.9902 4.4262, 3.191 2.9902 4.4683, 3.2184 2.9902 4.5159, 3.2252 2.9902 4.5402, 3.227 2.9902 4.5464, 3.2341 2.9902 4.5718, 3.2321 2.9902 4.6389, 3.2293 2.9902 4.6608, 3.2095 2.9902 4.7115, 3.1961 2.9902 4.7304, 3.1776 2.9902 4.7566, 3.1376 2.9902 4.7917, 3.0866 2.9902 4.8182, 3.0302 2.9902 4.831, 3.0071 2.9902 4.832, 2.9545 2.9902 4.8252, 2.9036 2.9902 4.8063, 2.8867 2.9902 4.797, 2.8577 2.9902 4.8587, 2.8086 2.9902 4.9211, 2.7462 2.9902 4.9692, 2.6724 2.9902 5.0009, 2.5968 2.9902 5.0131, 2.58 2.9902 5.0134, 2.5135 2.9902 5.0059, 2.4415 2.9902 4.9806, 2.3765 2.9902 4.9381, 2.3387 2.9902 4.9007, 2.2943 2.9902 4.8335, 2.2679 2.9902 4.7564, 2.2638 2.9902 4.7304, 2.2632 2.9902 4.7265, 2.245 2.9902 4.7264, 2.2019 2.9902 4.7208, 2.1622 2.9902 4.7052, 2.127 2.9902 4.6803, 2.1006 2.9902 4.6504, 2.0946 2.9902 4.6389, 2.0798 2.9902 4.6109, 2.0696 2.9902 4.567, 2.0686 2.9902 4.5475, 2.0688 2.9902 4.5464, 2.0696 2.9902 4.5402, 2.0744 2.9902 4.5033, 2.0903 2.9902 4.4629, 2.1156 2.9902 4.4275, 2.119 2.9902 4.4239, 2.1529 2.9902 4.3967, 2.1933 2.9902 4.3785, 2.2338 2.9902 4.3711, 2.3363 2.9902 4.3718, 2.3409 2.9902 4.3724, 2.3477 2.9902 4.374, 2.35 2.9902 4.3742, 2.3652 2.9902 4.3726, 2.381 2.9902 4.3671, 2.3954 2.9902 4.3578, 2.4075 2.9902 4.3449, 2.4162 2.9902 4.3292, 2.4206 2.9902 4.3119, 2.421 2.9902 4.3041, 2.4195 2.9902 4.2891, 2.4141 2.9902 4.2735, 2.4048 2.9902 4.259, 2.3929 2.9902 4.2474, 2.3771 2.9902 4.2382, 2.3619 2.9902 4.2338, 2.3555 2.9902 4.233, 2.2212 2.9902 4.2321, 2.1552 2.9902 4.2444, 2.0846 2.9902 4.2755, 2.0237 2.9902 4.3223, 2.0132 2.9902 4.3331, 1.9275 2.9902 4.5464, 1.9729 2.9902 4.3865, 1.9415 2.9902 4.4572, 1.928 2.9902 4.5315, 1.9277 2.9902 4.5402, 2.8895 2.9902 4.4008, 2.8741 2.9902 4.3993, 2.8527 2.9902 4.3925, 2.8339 2.9902 4.3807, 2.8187 2.9902 4.3648, 2.8082 2.9902 4.3464, 2.8023 2.9902 4.3257, 2.8017 2.9902 4.3036, 2.8067 2.9902 4.2816, 2.8169 2.9902 4.2618, 2.8315 2.9902 4.2453, 2.849 2.9902 4.2332, 2.8689 2.9902 4.2257, 2.8907 2.9902 4.2232, 2.9114 2.9902 4.2258, 2.9323 2.9902 4.2339, 2.9503 2.9902 4.2467, 2.9645 2.9902 4.2635, 2.9739 2.9902 4.2825, 2.9785 2.9902 4.3036, 2.9778 2.9902 4.3258, 2.9716 2.9902 4.3474, 2.9601 2.9902 4.3665, 2.949 2.9902 4.3784, 2.931 2.9902 4.3907, 2.911 2.9902 4.3983
            ]
        }
        coordIndex [
            0,1,2,-1,3,4,5,-1,6,7,8,-1,9,10,6,-1,11,12,13,-1,13,12,14,-1,10,15,6,-1,6,15,16,-1,6,16,17,-1,18,19,20,-1,21,22,2,-1,2,22,23,-1,2,23,0,-1,16,24,17,-1,17,24,25,-1,17,25,26,-1,26,25,27,-1,28,29,30,-1,30,29,31,-1,30,31,32,-1,32,31,33,-1,32,33,34,-1,34,33,35,-1,34,35,36,-1,36,35,2,-1,36,2,37,-1,38,39,28,-1,28,39,40,-1,28,40,29,-1,18,20,41,-1,41,20,42,-1,41,42,43,-1,43,42,44,-1,43,44,45,-1,12,46,14,-1,14,46,47,-1,14,47,48,-1,48,47,49,-1,48,49,18,-1,18,49,50,-1,18,50,19,-1,51,1,52,-1,52,1,53,-1,52,53,54,-1,4,55,5,-1,5,55,56,-1,5,56,57,-1,57,56,58,-1,57,58,59,-1,59,58,60,-1,59,60,61,-1,61,60,62,-1,61,62,63,-1,63,62,64,-1,63,64,65,-1,65,64,66,-1,65,66,67,-1,67,66,68,-1,67,68,69,-1,69,68,70,-1,71,72,73,-1,45,44,74,-1,74,44,75,-1,74,75,76,-1,77,78,79,-1,79,78,80,-1,79,80,81,-1,81,80,82,-1,81,82,83,-1,83,82,84,-1,83,84,85,-1,85,84,86,-1,85,86,21,-1,21,86,87,-1,21,87,22,-1,9,6,88,-1,88,6,8,-1,88,8,28,-1,28,8,89,-1,28,89,38,-1,73,72,90,-1,90,72,91,-1,90,91,92,-1,92,91,93,-1,92,93,94,-1,94,93,95,-1,94,95,96,-1,96,95,97,-1,96,97,98,-1,98,97,99,-1,98,99,100,-1,100,99,101,-1,100,101,70,-1,70,101,102,-1,70,102,69,-1,13,103,11,-1,11,103,104,-1,11,104,105,-1,105,104,106,-1,105,106,107,-1,107,106,108,-1,107,108,77,-1,77,108,109,-1,77,109,78,-1,51,110,1,-1,1,110,111,-1,1,111,2,-1,2,111,112,-1,2,112,37,-1,75,113,76,-1,76,113,114,-1,76,114,115,-1,115,114,116,-1,115,116,117,-1,117,116,118,-1,117,118,119,-1,119,118,120,-1,119,120,121,-1,121,120,122,-1,121,122,5,-1,5,122,123,-1,5,123,3,-1,53,124,54,-1,54,124,125,-1,54,125,126,-1,126,125,127,-1,126,127,128,-1,128,127,129,-1,128,129,130,-1,130,129,131,-1,130,131,132,-1,132,131,133,-1,132,133,134,-1,134,133,135,-1,134,135,136,-1,136,135,137,-1,136,137,27,-1,27,137,138,-1,27,138,26,-1,139,140,141,-1,141,140,142,-1,141,142,143,-1,139,141,144,-1,144,141,145,-1,144,145,146,-1,146,145,147,-1,146,147,148,-1,73,149,71,-1,71,149,141,-1,71,141,150,-1,150,141,143,-1,148,151,146,-1,146,151,152,-1,146,152,153,-1,67,154,155,-1,156,61,63,-1,67,155,65,-1,65,155,157,-1,65,157,63,-1,63,157,158,-1,63,158,156,-1,156,159,61,-1,61,159,160,-1,61,160,59,-1,59,160,161,-1,59,161,57,-1,57,161,162,-1,57,162,5,-1,5,162,163,-1,5,163,121,-1,121,163,164,-1,121,164,119,-1,165,76,115,-1,119,164,166,-1,119,166,117,-1,166,167,117,-1,117,167,168,-1,117,168,115,-1,115,168,169,-1,115,169,165,-1,170,43,45,-1,76,165,171,-1,76,171,74,-1,74,171,172,-1,74,172,45,-1,45,172,173,-1,45,173,170,-1,174,18,41,-1,43,170,175,-1,43,175,41,-1,41,175,176,-1,41,176,174,-1,18,174,177,-1,18,177,48,-1,48,177,178,-1,48,178,14,-1,14,178,179,-1,14,179,13,-1,13,179,180,-1,13,180,103,-1,103,180,181,-1,103,181,104,-1,104,181,182,-1,104,182,106,-1,183,80,78,-1,106,182,184,-1,106,184,108,-1,108,184,185,-1,108,185,109,-1,185,186,109,-1,109,186,187,-1,109,187,78,-1,78,187,188,-1,78,188,183,-1,189,82,190,-1,190,82,80,-1,190,80,183,-1,189,191,82,-1,82,191,192,-1,82,192,84,-1,84,192,193,-1,84,193,86,-1,86,193,194,-1,86,194,87,-1,87,194,195,-1,87,195,22,-1,22,195,196,-1,22,196,23,-1,23,196,197,-1,23,197,0,-1,0,197,198,-1,0,198,1,-1,1,198,199,-1,1,199,53,-1,53,199,200,-1,53,200,124,-1,124,200,201,-1,124,201,125,-1,125,201,202,-1,125,202,127,-1,127,202,203,-1,127,203,129,-1,129,203,204,-1,129,204,131,-1,131,204,205,-1,131,205,133,-1,133,205,206,-1,133,206,135,-1,135,206,207,-1,135,207,137,-1,137,207,208,-1,137,208,138,-1,138,208,209,-1,138,209,26,-1,17,26,210,-1,210,26,209,-1,6,17,211,-1,211,17,210,-1,212,7,213,-1,213,7,6,-1,213,6,214,-1,214,6,211,-1,215,216,8,-1,215,8,217,-1,217,8,7,-1,217,7,212,-1,218,89,219,-1,219,89,8,-1,219,8,216,-1,220,39,218,-1,218,39,38,-1,218,38,89,-1,220,221,39,-1,39,221,222,-1,39,222,40,-1,29,40,223,-1,223,40,222,-1,223,224,29,-1,29,224,225,-1,29,225,31,-1,31,225,226,-1,31,226,33,-1,33,226,227,-1,33,227,35,-1,35,227,228,-1,35,228,2,-1,229,79,81,-1,2,228,230,-1,2,230,21,-1,21,230,231,-1,21,231,85,-1,85,231,232,-1,85,232,83,-1,232,233,83,-1,83,233,234,-1,83,234,81,-1,81,234,235,-1,81,235,229,-1,77,79,236,-1,236,79,229,-1,236,237,77,-1,77,237,238,-1,77,238,107,-1,107,238,239,-1,107,239,105,-1,239,240,105,-1,105,240,241,-1,105,241,11,-1,11,241,242,-1,11,242,12,-1,12,242,243,-1,12,243,46,-1,46,243,244,-1,46,244,47,-1,47,244,245,-1,47,245,49,-1,49,245,246,-1,49,246,50,-1,50,246,247,-1,50,247,19,-1,19,247,248,-1,19,248,20,-1,20,248,249,-1,20,249,42,-1,42,249,250,-1,42,250,44,-1,44,250,251,-1,44,251,75,-1,75,251,252,-1,75,252,113,-1,113,252,253,-1,113,253,114,-1,114,253,254,-1,114,254,116,-1,116,254,255,-1,116,255,118,-1,118,255,256,-1,118,256,120,-1,120,256,257,-1,120,257,122,-1,122,257,258,-1,122,258,123,-1,123,258,259,-1,123,259,3,-1,3,259,4,-1,4,259,260,-1,4,260,261,-1,55,4,262,-1,262,4,261,-1,55,262,263,-1,55,263,56,-1,56,263,264,-1,56,264,58,-1,58,264,265,-1,58,265,60,-1,60,265,266,-1,60,266,62,-1,62,266,267,-1,62,267,64,-1,267,268,64,-1,64,268,269,-1,64,269,66,-1,66,269,270,-1,66,270,68,-1,270,271,68,-1,68,271,272,-1,68,272,70,-1,272,273,70,-1,70,273,274,-1,70,274,100,-1,100,274,275,-1,100,275,98,-1,98,275,276,-1,98,276,96,-1,96,276,277,-1,96,277,94,-1,94,277,278,-1,94,278,92,-1,92,278,279,-1,92,279,90,-1,73,90,280,-1,280,90,279,-1,73,280,281,-1,73,281,149,-1,149,281,282,-1,149,282,141,-1,141,282,283,-1,141,283,145,-1,145,283,284,-1,145,284,147,-1,147,284,285,-1,147,285,148,-1,148,285,286,-1,148,286,151,-1,151,286,287,-1,151,287,152,-1,152,287,288,-1,152,288,153,-1,153,288,289,-1,153,289,146,-1,146,289,290,-1,146,290,144,-1,144,290,291,-1,144,291,139,-1,139,291,292,-1,139,292,140,-1,140,292,293,-1,140,293,142,-1,142,293,294,-1,142,294,143,-1,143,294,295,-1,143,295,150,-1,150,295,296,-1,150,296,71,-1,71,296,297,-1,71,297,72,-1,91,72,298,-1,298,72,297,-1,91,298,299,-1,91,299,93,-1,93,299,300,-1,93,300,95,-1,95,300,301,-1,95,301,97,-1,97,301,302,-1,97,302,99,-1,303,154,67,-1,99,302,304,-1,99,304,101,-1,101,304,305,-1,101,305,102,-1,102,305,306,-1,102,306,69,-1,69,306,67,-1,67,306,307,-1,67,307,303,-1,88,308,309,-1,88,309,9,-1,9,309,310,-1,9,310,10,-1,10,310,311,-1,10,311,15,-1,15,311,312,-1,15,312,16,-1,16,312,313,-1,16,313,24,-1,24,313,314,-1,24,314,25,-1,25,314,315,-1,25,315,27,-1,27,315,316,-1,27,316,136,-1,136,316,317,-1,136,317,134,-1,134,317,318,-1,134,318,132,-1,132,318,319,-1,132,319,130,-1,130,319,320,-1,130,320,128,-1,128,320,321,-1,128,321,126,-1,126,321,322,-1,126,322,54,-1,54,322,323,-1,54,323,52,-1,52,323,324,-1,52,324,51,-1,51,324,325,-1,51,325,110,-1,110,325,326,-1,110,326,111,-1,111,326,327,-1,111,327,112,-1,112,327,328,-1,112,328,37,-1,37,328,329,-1,37,329,36,-1,36,329,330,-1,36,330,34,-1,34,330,331,-1,34,331,32,-1,32,331,332,-1,32,332,30,-1,30,332,333,-1,30,333,28,-1,28,333,308,-1,28,308,88,-1,
        ]
    }
}
Shape{
    appearance Appearance {
        material  Material {
            diffuseColor 0.25098039215686274 0.25098039215686274 0.25098039215686274
            specularColor 0.07450980392156863 0.07450980392156863 0.07450980392156863
            ambientIntensity 0.251
            transparency 0.0
            shininess 0.5
        }
    }
    geometry IndexedFaceSet {
        ccw TRUE
        solid FALSE
        coord DEF co Coordinate {
            point [
                2.8907 2.9902 4.2232, 2.949 2.9902 4.3784, 2.9601 2.9902 4.3665, 2.8895 2.9902 4.4008, 2.8741 2.9902 4.3993, 2.8689 2.9902 4.2257, 2.911 2.9902 4.3983, 2.931 2.9902 4.3907, 2.8315 2.9902 4.2453, 2.8187 2.9902 4.3648, 2.8339 2.9902 4.3807, 2.9739 2.9902 4.2825, 2.9645 2.9902 4.2635, 2.9503 2.9902 4.2467, 2.849 2.9902 4.2332, 2.8527 2.9902 4.3925, 2.9716 2.9902 4.3474, 2.9778 2.9902 4.3258, 2.9785 2.9902 4.3036, 2.9323 2.9902 4.2339, 2.9114 2.9902 4.2258, 2.8067 2.9902 4.2816, 2.8017 2.9902 4.3036, 2.8169 2.9902 4.2618, 2.8023 2.9902 4.3257, 2.8082 2.9902 4.3464
            ]
        }
        coordIndex [
            0,1,2,-1,3,0,4,-1,4,0,5,-1,3,6,0,-1,0,6,7,-1,0,7,1,-1,8,9,10,-1,11,12,2,-1,2,12,13,-1,5,14,4,-1,4,14,8,-1,4,8,15,-1,15,8,10,-1,16,17,2,-1,2,17,18,-1,2,18,11,-1,13,19,2,-1,2,19,20,-1,2,20,0,-1,21,22,23,-1,23,22,24,-1,23,24,8,-1,8,24,25,-1,8,25,9,-1,
        ]
    }
}