#VRML V2.0 utf8
# 3D model generated by kicad-lcsc-manager
# Based on easyeda2kicad.py v1.0.1

Shape{
    appearance Appearance {
        material  Material {
            diffuseColor 0.6470588235294118 0.6196078431372549 0.5882352941176471
            specularColor 0.45098039215686275 0.43529411764705883 0.4117647058823529
            ambientIntensity 0.6242
            transparency 0.0
            shininess 0.5
        }
    }
    geometry IndexedFaceSet {
        ccw TRUE
        solid FALSE
        coord DEF co Coordinate {
            point [
                -0.2674 -0.2428 3.2205, 0.2983 -0.1884 3.2205, -0.2983 -0.1884 3.2205, 0.3116 -0.1533 3.2205, -0.3116 -0.1533 3.2205, -0.2267 -0.2903 3.2205, -0.1777 -0.3292 3.2205, -0.1222 -0.358 3.2205, -0.0622 -0.3757 3.2205, 0.0 -0.3817 3.2205, 0.0622 -0.3757 3.2205, 0.1222 -0.358 3.2205, 0.1777 -0.3292 3.2205, 0.2674 -0.2428 3.2205, 0.2267 -0.2903 3.2205, -0.2863 -0.3412 3.1417, -0.2813 -0.347 3.1417, -0.2795 -0.3451 3.1621, -0.2021 -0.4048 3.1417, -0.1517 -0.431 3.1417, -0.1507 -0.4285 3.1621, 0.1045 -0.445 3.1417, 0.1517 -0.431 3.1417, 0.1507 -0.4285 3.1621, 0.2863 -0.3412 3.1417, 0.3318 -0.2881 3.1417, 0.3296 -0.2865 3.1621, 0.3127 -0.1533 3.2205, 0.3169 -0.1968 3.2178, 0.3327 -0.1533 3.2178, 0.3329 -0.1533 3.2178, 0.3415 -0.1533 3.2151, 0.3342 -0.2045 3.2099, 0.3524 -0.1533 3.2095, 0.3588 -0.1533 3.2062, 0.3491 -0.2112 3.1974, 0.3662 -0.1533 3.2005, 0.3605 -0.2163 3.1811, 0.3788 -0.1533 3.1868, 0.3693 -0.1533 3.1971, 0.3906 -0.1533 3.1621, 0.3906 -0.1533 3.1624, 0.3677 -0.2195 3.1621, 0.3836 -0.1533 3.1793, 0.3825 -0.1533 3.1811, 0.3934 -0.1533 3.1417, 0.3924 -0.1533 3.1542, 0.3912 -0.1597 3.1417, 0.3701 -0.2206 3.1417, 0.3496 -0.2568 3.1417, -0.3934 -0.1533 3.1417, -0.3912 -0.1597 3.1417, -0.393 -0.1533 3.1498, -0.3905 -0.1533 3.1621, -0.3677 -0.2195 3.1621, -0.39 -0.1533 3.1644, -0.3605 -0.2163 3.1811, -0.3825 -0.1533 3.1812, -0.378 -0.1533 3.1878, -0.3491 -0.2112 3.1974, -0.3692 -0.1533 3.1971, -0.3418 -0.1533 3.215, -0.3524 -0.1533 3.2094, -0.3342 -0.2045 3.2099, -0.3591 -0.1533 3.206, -0.365 -0.1533 3.2015, -0.3348 -0.1533 3.2173, -0.3169 -0.1968 3.2178, -0.3329 -0.1533 3.2176, -0.315 -0.1533 3.2204, 0.1888 -0.3463 3.2178, 0.1298 -0.3769 3.2178, 0.1991 -0.3622 3.2099, 0.1369 -0.3945 3.2099, 0.208 -0.3759 3.1974, 0.143 -0.4096 3.1974, 0.2148 -0.3864 3.1811, 0.1477 -0.4212 3.1811, 0.2191 -0.393 3.1621, -0.0661 -0.3957 3.2178, -0.1298 -0.3769 3.2178, -0.0697 -0.4144 3.2099, -0.1369 -0.3945 3.2099, -0.0729 -0.4304 3.1974, -0.143 -0.4096 3.1974, -0.0752 -0.4427 3.1811, -0.1477 -0.4212 3.1811, -0.0767 -0.4504 3.1621, -0.2841 -0.2545 3.2178, -0.2996 -0.2654 3.2099, -0.3129 -0.2748 3.1974, -0.3232 -0.282 3.1811, -0.3296 -0.2865 3.1621, 0.3232 -0.282 3.1811, 0.3129 -0.2748 3.1974, 0.2996 -0.2654 3.2099, 0.2841 -0.2545 3.2178, 0.2813 -0.347 3.1417, 0.2795 -0.3451 3.1621, 0.274 -0.3394 3.1811, 0.2653 -0.3304 3.1974, 0.254 -0.3186 3.2099, 0.2408 -0.305 3.2178, 0.2205 -0.3952 3.1417, 0.2021 -0.4048 3.1417, 0.0772 -0.453 3.1417, 0.0767 -0.4504 3.1621, 0.0752 -0.4427 3.1811, 0.0729 -0.4304 3.1974, 0.0697 -0.4144 3.2099, 0.0661 -0.3957 3.2178, 0.0 -0.4021 3.2178, 0.0 -0.4211 3.2099, 0.0 -0.4374 3.1974, 0.0 -0.4499 3.1811, 0.0 -0.4578 3.1621, 0.0 -0.4604 3.1417, -0.0772 -0.453 3.1417, -0.1045 -0.445 3.1417, -0.2205 -0.3952 3.1417, -0.2191 -0.393 3.1621, -0.2148 -0.3864 3.1811, -0.208 -0.3759 3.1974, -0.1991 -0.3622 3.2099, -0.1888 -0.3463 3.2178, -0.2408 -0.305 3.2178, -0.254 -0.3186 3.2099, -0.2653 -0.3304 3.1974, -0.274 -0.3394 3.1811, -0.3318 -0.2881 3.1417, -0.3701 -0.2206 3.1417, -0.3496 -0.2568 3.1417, 0.2352 -0.0549 2.6435, 0.2272 0.006 1.8392, 0.2272 0.006 2.6435, 0.2037 0.0627 1.8392, 0.2037 0.0627 2.6435, 0.1663 0.1114 1.8392, 0.1663 0.1114 2.6435, 0.1176 0.1488 1.8392, 0.1176 0.1488 2.6435, 0.0609 0.1723 1.8392, 0.0609 0.1723 2.6435, 0.0 0.1803 1.8392, 0.0 0.1803 2.6435, -0.0609 0.1723 1.8392, -0.0609 0.1723 2.6435, -0.1176 0.1488 1.8392, -0.1176 0.1488 2.6435, -0.1663 0.1114 1.8392, -0.1663 0.1114 2.6435, -0.2037 0.0627 1.8392, -0.2037 0.0627 2.6435, -0.2272 0.006 1.8392, -0.2272 0.006 2.6435, -0.2352 -0.0549 1.8392, -0.2352 -0.0549 2.6435, -0.2272 -0.1158 1.8392, -0.2272 -0.1158 2.6435, -0.2037 -0.1725 1.8392, -0.2037 -0.1725 2.6435, -0.1663 -0.2212 1.8392, -0.1663 -0.2212 2.6435, -0.1176 -0.2586 1.8392, -0.1176 -0.2586 2.6435, -0.0609 -0.2821 1.8392, -0.0609 -0.2821 2.6435, 0.0 -0.2901 1.8392, 0.0 -0.2901 2.6435, 0.0609 -0.2821 1.8392, 0.0609 -0.2821 2.6435, 0.1176 -0.2586 1.8392, 0.1176 -0.2586 2.6435, 0.1663 -0.2212 1.8392, 0.1663 -0.2212 2.6435, 0.2037 -0.1725 1.8392, 0.2037 -0.1725 2.6435, 0.2272 -0.1158 1.8392, 0.2272 -0.1158 2.6435, 0.2352 -0.0549 1.8392
            ]
        }
        coordIndex [
            0,1,2,-1,2,1,3,-1,2,3,4,-1,0,5,1,-1,1,5,6,-1,1,6,7,-1,7,8,1,-1,1,8,9,-1,1,9,10,-1,10,11,1,-1,1,11,12,-1,1,12,13,-1,13,12,14,-1,15,16,17,-1,18,19,20,-1,21,22,23,-1,24,25,26,-1,3,1,27,-1,27,1,28,-1,27,28,29,-1,29,28,30,-1,30,28,31,-1,31,28,32,-1,31,32,33,-1,33,32,34,-1,34,32,35,-1,34,35,36,-1,37,38,35,-1,35,38,39,-1,35,39,36,-1,40,41,42,-1,42,41,43,-1,42,43,37,-1,37,43,44,-1,37,44,38,-1,45,46,47,-1,47,46,40,-1,47,40,48,-1,48,40,42,-1,48,42,49,-1,50,51,52,-1,52,51,53,-1,53,54,55,-1,55,54,56,-1,55,56,57,-1,57,56,58,-1,58,56,59,-1,58,59,60,-1,61,62,63,-1,63,62,64,-1,63,64,59,-1,59,64,65,-1,59,65,60,-1,61,63,66,-1,66,63,67,-1,66,67,68,-1,68,67,69,-1,69,67,2,-1,69,2,4,-1,12,11,70,-1,70,11,71,-1,70,71,72,-1,72,71,73,-1,72,73,74,-1,74,73,75,-1,74,75,76,-1,76,75,77,-1,76,77,78,-1,78,77,23,-1,8,7,79,-1,79,7,80,-1,79,80,81,-1,81,80,82,-1,81,82,83,-1,83,82,84,-1,83,84,85,-1,85,84,86,-1,85,86,87,-1,87,86,20,-1,0,2,88,-1,88,2,67,-1,88,67,89,-1,89,67,63,-1,89,63,90,-1,90,63,59,-1,90,59,91,-1,91,59,56,-1,91,56,92,-1,92,56,54,-1,25,49,26,-1,26,49,42,-1,26,42,93,-1,93,42,37,-1,93,37,94,-1,94,37,35,-1,94,35,95,-1,95,35,32,-1,95,32,96,-1,96,32,28,-1,96,28,13,-1,13,28,1,-1,97,24,98,-1,98,24,26,-1,98,26,99,-1,99,26,93,-1,99,93,100,-1,100,93,94,-1,100,94,101,-1,101,94,95,-1,101,95,102,-1,102,95,96,-1,102,96,14,-1,14,96,13,-1,14,12,102,-1,102,12,70,-1,102,70,101,-1,101,70,72,-1,101,72,100,-1,100,72,74,-1,100,74,99,-1,99,74,76,-1,99,76,98,-1,98,76,78,-1,98,78,97,-1,97,78,103,-1,23,22,78,-1,78,22,104,-1,78,104,103,-1,105,21,106,-1,106,21,23,-1,106,23,107,-1,107,23,77,-1,107,77,108,-1,108,77,75,-1,108,75,109,-1,109,75,73,-1,109,73,110,-1,110,73,71,-1,110,71,10,-1,10,71,11,-1,10,9,110,-1,110,9,111,-1,110,111,109,-1,109,111,112,-1,109,112,108,-1,108,112,113,-1,108,113,107,-1,107,113,114,-1,107,114,106,-1,106,114,115,-1,106,115,105,-1,105,115,116,-1,9,8,111,-1,111,8,79,-1,111,79,112,-1,112,79,81,-1,112,81,113,-1,113,81,83,-1,113,83,114,-1,114,83,85,-1,114,85,115,-1,115,85,87,-1,115,87,116,-1,116,87,117,-1,20,19,87,-1,87,19,118,-1,87,118,117,-1,119,18,120,-1,120,18,20,-1,120,20,121,-1,121,20,86,-1,121,86,122,-1,122,86,84,-1,122,84,123,-1,123,84,82,-1,123,82,124,-1,124,82,80,-1,124,80,6,-1,6,80,7,-1,6,5,124,-1,124,5,125,-1,124,125,123,-1,123,125,126,-1,123,126,122,-1,122,126,127,-1,122,127,121,-1,121,127,128,-1,121,128,120,-1,120,128,17,-1,120,17,119,-1,119,17,16,-1,129,15,92,-1,92,15,17,-1,92,17,91,-1,91,17,128,-1,91,128,90,-1,90,128,127,-1,90,127,89,-1,89,127,126,-1,89,126,88,-1,88,126,125,-1,88,125,0,-1,0,125,5,-1,53,51,54,-1,54,51,130,-1,54,130,92,-1,92,130,131,-1,92,131,129,-1,132,133,134,-1,134,133,135,-1,134,135,136,-1,136,135,137,-1,136,137,138,-1,138,137,139,-1,138,139,140,-1,140,139,141,-1,140,141,142,-1,142,141,143,-1,142,143,144,-1,144,143,145,-1,144,145,146,-1,146,145,147,-1,146,147,148,-1,148,147,149,-1,148,149,150,-1,150,149,151,-1,150,151,152,-1,152,151,153,-1,152,153,154,-1,154,153,155,-1,154,155,156,-1,156,155,157,-1,156,157,158,-1,158,157,159,-1,158,159,160,-1,160,159,161,-1,160,161,162,-1,162,161,163,-1,162,163,164,-1,164,163,165,-1,164,165,166,-1,166,165,167,-1,166,167,168,-1,168,167,169,-1,168,169,170,-1,170,169,171,-1,170,171,172,-1,172,171,173,-1,172,173,174,-1,174,173,175,-1,174,175,176,-1,176,175,177,-1,176,177,178,-1,178,177,179,-1,178,179,132,-1,132,179,133,-1,
        ]
    }
}
Shape{
    appearance Appearance {
        material  Material {
            diffuseColor 0.27450980392156865 0.49411764705882355 0.27450980392156865
            specularColor 0.0196078431372549 0.03529411764705882 0.0196078431372549
            ambientIntensity 0.5763
            transparency 0.0
            shininess 0.5
        }
    }
    geometry IndexedFaceSet {
        ccw TRUE
        solid FALSE
        coord DEF co Coordinate {
            point [
                -1.383 -1.2992 -0.0, -1.5 -1.2992 -0.0, -1.5 -1.1887 -0.0, -0.0747 -0.9996 -0.0, -0.075 -0.9997 -0.0, -0.0983 -0.9997 -0.0, -1.0747 -0.9996 -0.0, -1.075 -0.9997 -0.0, -1.0983 -0.9997 -0.0, 0.9253 -0.9996 -0.0, 0.925 -0.9997 -0.0, 0.9017 -0.9997 -0.0, 0.6063 0.9842 -0.0, 0.0071 1.1811 -0.0, 0.617 0.9842 -0.0, 0.617 1.1811 -0.0, 0.7017 0.9842 -0.0, 0.7017 1.1811 -0.0, 0.8027 0.9842 -0.0, 0.8027 1.1811 -0.0, 0.9017 0.9842 -0.0, 0.9017 1.1811 -0.0, 1.0071 0.9842 -0.0, 1.0071 1.1811 -0.0, 1.3937 0.9842 -0.0, 1.5 1.1811 -0.0, 1.3937 -0.9093 -0.0, 1.5 -0.9512 -0.0, 1.0071 -0.9093 -0.0, 1.0071 -0.9512 -0.0, 0.9017 -0.9093 -0.0, 0.9017 -0.9512 -0.0, 0.8027 -0.9093 -0.0, 0.8027 -0.9512 -0.0, 0.7017 -0.9093 -0.0, 0.7017 -0.9512 -0.0, 0.617 -0.9093 -0.0, 0.617 -0.9512 -0.0, 0.6063 -0.9093 -0.0, 1.0759 -1.0757 -0.0, 1.0374 -1.0664 -0.0, 1.0926 -1.0069 -0.0, 1.0283 -1.0242 -0.0, 1.0938 -0.9997 -0.0, 1.097 -0.9941 -0.0, 1.0969 -0.9939 -0.0, 1.0204 -0.9932 -0.0, 1.0202 -0.9932 -0.0, 1.02 -0.9932 -0.0, 1.0071 -0.9997 -0.0, 1.0193 -0.9946 -0.0, 1.0188 -0.9981 -0.0, 1.0198 -0.9934 -0.0, 1.0196 -0.9936 -0.0, 1.0195 -0.9938 -0.0, 1.5 -0.9997 -0.0, 1.0979 -0.9997 -0.0, 1.0977 -0.9981 -0.0, 1.0974 -0.9956 -0.0, 1.0973 -0.9949 -0.0, 1.0971 -0.9944 -0.0, 1.0976 -0.9967 -0.0, 1.0224 -0.9959 -0.0, 1.096 -0.9936 -0.0, 1.0233 -0.9997 -0.0, 1.0958 -0.9936 -0.0, 1.0955 -0.9938 -0.0, 1.0241 -1.0027 -0.0, 1.0946 -0.9956 -0.0, 1.0948 -0.9948 -0.0, 1.022 -0.9949 -0.0, 1.0217 -0.9942 -0.0, 1.0214 -0.9938 -0.0, 1.0952 -0.994 -0.0, 1.095 -0.9943 -0.0, 1.0211 -0.9935 -0.0, 1.0209 -0.9933 -0.0, 1.0206 -0.9932 -0.0, 1.0967 -0.9937 -0.0, 1.0965 -0.9936 -0.0, 1.0963 -0.9936 -0.0, 1.0998 -1.0224 -0.0, 1.0994 -1.0158 -0.0, 1.0993 -1.0245 -0.0, 1.0996 -1.0241 -0.0, 1.5 -1.1839 -0.0, 1.0998 -1.0238 -0.0, 1.0998 -1.0235 -0.0, 1.0994 -1.0157 -0.0, 1.0983 -1.003 -0.0, 1.0866 -1.0653 -0.0, 1.09 -1.0511 -0.0, 1.0915 -1.0444 -0.0, 1.0934 -1.0378 -0.0, 1.0954 -1.0324 -0.0, 1.0972 -1.0274 -0.0, 1.0984 -1.0256 -0.0, 1.5 -1.1887 -0.0, 1.0071 -1.1887 -0.0, 1.0546 -1.1839 -0.0, 1.0552 -1.1867 -0.0, 1.0592 -1.1867 -0.0, 1.0598 -1.1839 -0.0, 1.0193 -1.0267 -0.0, 1.023 -1.0391 -0.0, 1.0179 -1.0242 -0.0, 1.0173 -1.0231 -0.0, 1.0186 -0.9997 -0.0, 1.0184 -1.0015 -0.0, 1.017 -1.0134 -0.0, 1.0261 -1.0517 -0.0, 1.0071 -1.1839 -0.0, 1.0167 -1.0215 -0.0, 1.0166 -1.0189 -0.0, 0.9127 -1.014 -0.0, 0.9129 -1.0141 -0.0, 0.9017 -1.1839 -0.0, 0.9735 -1.1784 -0.0, 0.9787 -1.1757 -0.0, 0.9731 -1.0099 -0.0, 0.9678 -1.0078 -0.0, 0.9124 -1.0122 -0.0, 0.9123 -1.0125 -0.0, 0.9671 -1.1799 -0.0, 0.914 -1.0144 -0.0, 0.9235 -1.1627 -0.0, 0.9133 -1.0143 -0.0, 0.913 -1.0142 -0.0, 0.9121 -1.1725 -0.0, 0.9121 -1.1732 -0.0, 0.9123 -1.1739 -0.0, 0.9125 -1.1744 -0.0, 0.9833 -1.1715 -0.0, 0.9879 -1.165 -0.0, 0.9922 -1.1534 -0.0, 0.9247 -0.9998 -0.0, 0.9229 -1.0012 -0.0, 0.9188 -1.0049 -0.0, 0.9198 -1.1646 -0.0, 0.9147 -1.1689 -0.0, 0.915 -1.0143 -0.0, 0.9189 -1.0143 -0.0, 0.9235 -1.0143 -0.0, 0.9583 -1.1805 -0.0, 0.952 -1.18 -0.0, 0.9473 -1.0046 -0.0, 0.9348 -1.0032 -0.0, 0.9302 -1.002 -0.0, 0.9123 -1.0128 -0.0, 0.9124 -1.0132 -0.0, 0.9126 -1.0138 -0.0, 0.9216 -1.1635 -0.0, 0.9135 -1.1699 -0.0, 0.9127 -1.1708 -0.0, 0.9122 -1.1719 -0.0, 0.9894 -1.0304 -0.0, 0.9835 -1.0199 -0.0, 0.9786 -1.014 -0.0, 0.9134 -1.0108 -0.0, 0.9129 -1.0114 -0.0, 0.9126 -1.0119 -0.0, 0.9175 -1.0064 -0.0, 0.9141 -1.01 -0.0, 0.9291 -1.1751 -0.0, 0.9351 -1.1757 -0.0, 0.9458 -1.1788 -0.0, 0.9129 -1.1748 -0.0, 0.9133 -1.1751 -0.0, 0.9184 -1.1742 -0.0, 0.9964 -1.1217 -0.0, 0.9977 -1.0825 -0.0, 0.9948 -1.0491 -0.0, 0.9243 -1.1742 -0.0, 0.9267 -1.1747 -0.0, 0.926 -0.9996 -0.0, 0.9263 -0.9996 -0.0, 0.9264 -0.9997 -0.0, 0.9272 -1.0002 -0.0, 0.8835 -1.0989 -0.0, 0.883 -1.0986 -0.0, 0.8823 -1.0245 -0.0, 0.8145 -1.175 -0.0, 0.8146 -1.1753 -0.0, 0.8027 -1.1839 -0.0, 0.8297 -1.1009 -0.0, 0.8535 -1.104 -0.0, 0.8297 -1.1632 -0.0, 0.8633 -1.106 -0.0, 0.875 -1.1114 -0.0, 0.8832 -1.1714 -0.0, 0.8787 -1.1708 -0.0, 0.8147 -1.1754 -0.0, 0.8148 -1.1755 -0.0, 0.815 -1.1756 -0.0, 0.872 -1.1699 -0.0, 0.8653 -1.1692 -0.0, 0.8724 -1.11 -0.0, 0.8696 -1.1082 -0.0, 0.8839 -1.0992 -0.0, 0.8027 -0.9997 -0.0, 0.8212 -1.0011 -0.0, 0.8206 -1.0014 -0.0, 0.8152 -1.171 -0.0, 0.8148 -1.1719 -0.0, 0.8145 -1.1733 -0.0, 0.8857 -1.1738 -0.0, 0.8857 -1.1734 -0.0, 0.8838 -1.1024 -0.0, 0.8842 -1.1018 -0.0, 0.8839 -1.1715 -0.0, 0.8844 -1.1012 -0.0, 0.8844 -1.1716 -0.0, 0.8845 -1.1007 -0.0, 0.8849 -1.1719 -0.0, 0.8853 -1.1723 -0.0, 0.8198 -1.0019 -0.0, 0.8193 -1.0027 -0.0, 0.819 -1.0033 -0.0, 0.8145 -1.1742 -0.0, 0.8145 -1.1748 -0.0, 0.8154 -1.1757 -0.0, 0.8161 -1.1757 -0.0, 0.8169 -1.1757 -0.0, 0.8764 -1.1844 -0.0, 0.8769 -1.1839 -0.0, 0.8846 -1.1759 -0.0, 0.8297 -1.091 -0.0, 0.8297 -1.0143 -0.0, 0.8719 -1.0202 -0.0, 0.8832 -1.1032 -0.0, 0.8903 -1.0157 -0.0, 0.8914 -1.013 -0.0, 0.8913 -1.0125 -0.0, 0.891 -1.012 -0.0, 0.822 -1.001 -0.0, 0.8234 -1.001 -0.0, 0.8188 -1.0044 -0.0, 0.8188 -1.006 -0.0, 0.8189 -1.0066 -0.0, 0.8857 -1.173 -0.0, 0.8856 -1.1726 -0.0, 0.8825 -1.0984 -0.0, 0.8818 -1.0983 -0.0, 0.8798 -1.0231 -0.0, 0.876 -1.0213 -0.0, 0.8183 -1.167 -0.0, 0.8163 -1.1693 -0.0, 0.8844 -1.1003 -0.0, 0.8843 -1.0998 -0.0, 0.8911 -1.0145 -0.0, 0.8914 -1.0138 -0.0, 0.8914 -1.0134 -0.0, 0.8908 -1.0117 -0.0, 0.8906 -1.0115 -0.0, 0.8903 -1.0114 -0.0, 0.8902 -1.0113 -0.0, 0.8895 -1.0112 -0.0, 0.8886 -1.0111 -0.0, 0.8223 -1.1748 -0.0, 0.8271 -1.1742 -0.0, 0.8319 -1.1742 -0.0, 0.8851 -1.175 -0.0, 0.8855 -1.1743 -0.0, 0.8416 -1.0049 -0.0, 0.8286 -1.0027 -0.0, 0.8254 -1.0015 -0.0, 0.8207 -1.0138 -0.0, 0.8215 -1.0211 -0.0, 0.8215 -1.0265 -0.0, 0.8328 -1.1742 -0.0, 0.8383 -1.1744 -0.0, 0.8438 -1.1751 -0.0, 0.8549 -1.1771 -0.0, 0.8646 -1.179 -0.0, 0.8723 -1.1818 -0.0, 0.8843 -1.0109 -0.0, 0.8629 -1.0083 -0.0, 0.8215 -1.1632 -0.0, 0.8218 -1.0335 -0.0, 0.8216 -1.03 -0.0, 0.6304 -1.1719 -0.0, 0.6286 -1.1839 -0.0, 0.617 -1.1839 -0.0, 0.6283 -1.1856 -0.0, 0.638 -1.1572 -0.0, 0.6792 -1.0209 -0.0, 0.6801 -1.0213 -0.0, 0.7017 -0.9997 -0.0, 0.6917 -1.0086 -0.0, 0.6914 -1.008 -0.0, 0.6422 -1.1751 -0.0, 0.6393 -1.1689 -0.0, 0.7017 -1.1839 -0.0, 0.638 -1.1609 -0.0, 0.6898 -1.0127 -0.0, 0.6909 -1.0115 -0.0, 0.6914 -1.0106 -0.0, 0.6916 -1.0097 -0.0, 0.6867 -1.0155 -0.0, 0.638 -1.0129 -0.0, 0.6597 -1.0147 -0.0, 0.6701 -1.0163 -0.0, 0.6736 -1.0171 -0.0, 0.6757 -1.0181 -0.0, 0.6783 -1.0203 -0.0, 0.6309 -1.0014 -0.0, 0.6304 -1.0016 -0.0, 0.617 -0.9997 -0.0, 0.6301 -1.0018 -0.0, 0.6291 -1.0038 -0.0, 0.6291 -1.0054 -0.0, 0.6299 -1.0123 -0.0, 0.6297 -1.0023 -0.0, 0.6293 -1.0031 -0.0, 0.63 -1.014 -0.0, 0.6306 -1.0307 -0.0, 0.6306 -1.1581 -0.0, 0.6912 -1.0077 -0.0, 0.6908 -1.0075 -0.0, 0.6901 -1.0072 -0.0, 0.689 -1.0071 -0.0, 0.6841 -1.007 -0.0, 0.6769 -1.0059 -0.0, 0.6582 -1.004 -0.0, 0.6521 -1.0035 -0.0, 0.6402 -1.0024 -0.0, 0.6314 -1.0013 -0.0, 0.6322 -1.0014 -0.0, 0.6337 -1.0018 -0.0, 0.6352 -1.1839 -0.0, 0.7017 -1.1887 -0.0, 0.6313 -1.1887 -0.0, 0.628 -1.1887 -0.0, 0.6297 -1.1907 -0.0, 0.617 -1.2992 -0.0, 0.7017 -1.2992 -0.0, -1.2983 -0.9512 -0.0, -1.2983 -0.9093 -0.0, -1.1973 -0.9512 -0.0, -1.1973 -0.9093 -0.0, -1.0983 -0.9512 -0.0, -1.0983 -0.9093 -0.0, -0.9929 -0.9512 -0.0, -0.9929 -0.9093 -0.0, -0.5 -0.9512 -0.0, -0.6063 -0.9093 -0.0, -0.5 1.1811 -0.0, -0.6063 0.9842 -0.0, -0.9929 1.1811 -0.0, -0.9929 0.9842 -0.0, -1.0983 1.1811 -0.0, -1.0983 0.9842 -0.0, -1.1973 1.1811 -0.0, -1.1973 0.9842 -0.0, -1.2983 1.1811 -0.0, -1.2983 0.9842 -0.0, -1.383 1.1811 -0.0, -1.383 0.9842 -0.0, -1.5 1.1811 -0.0, -1.3937 0.9842 -0.0, -1.5 -0.9512 -0.0, -1.3937 -0.9093 -0.0, -1.383 -0.9512 -0.0, -1.383 -0.9093 -0.0, -0.9241 -1.0757 -0.0, -0.9626 -1.0664 -0.0, -0.9074 -1.0069 -0.0, -0.9717 -1.0242 -0.0, -0.9062 -0.9997 -0.0, -0.903 -0.9941 -0.0, -0.9031 -0.9939 -0.0, -0.9029 -0.9944 -0.0, -0.9796 -0.9932 -0.0, -0.9798 -0.9932 -0.0, -0.98 -0.9932 -0.0, -0.9929 -0.9997 -0.0, -0.9807 -0.9946 -0.0, -0.9812 -0.9981 -0.0, -0.9802 -0.9934 -0.0, -0.9804 -0.9936 -0.0, -0.9805 -0.9938 -0.0, -0.9023 -0.9981 -0.0, -0.9024 -0.9967 -0.0, -0.9026 -0.9956 -0.0, -0.9027 -0.9949 -0.0, -0.9776 -0.9959 -0.0, -0.904 -0.9936 -0.0, -0.9767 -0.9997 -0.0, -0.9042 -0.9936 -0.0, -0.9045 -0.9938 -0.0, -0.9759 -1.0027 -0.0, -0.9054 -0.9956 -0.0, -0.9052 -0.9948 -0.0, -0.978 -0.9949 -0.0, -0.9783 -0.9942 -0.0, -0.9786 -0.9938 -0.0, -0.9048 -0.994 -0.0, -0.905 -0.9943 -0.0, -0.9789 -0.9935 -0.0, -0.9791 -0.9933 -0.0, -0.9794 -0.9932 -0.0, -0.9033 -0.9937 -0.0, -0.9035 -0.9936 -0.0, -0.9037 -0.9936 -0.0, -0.9007 -1.0245 -0.0, -0.9004 -1.0241 -0.0, -0.5 -1.1839 -0.0, -0.9002 -1.0238 -0.0, -0.9002 -1.0235 -0.0, -0.5 -0.9997 -0.0, -0.9002 -1.0224 -0.0, -0.9006 -1.0158 -0.0, -0.9006 -1.0157 -0.0, -0.9017 -1.003 -0.0, -0.9021 -0.9997 -0.0, -0.9134 -1.0653 -0.0, -0.91 -1.0511 -0.0, -0.9085 -1.0444 -0.0, -0.9066 -1.0378 -0.0, -0.9046 -1.0324 -0.0, -0.9028 -1.0274 -0.0, -0.9016 -1.0256 -0.0, -0.9454 -1.1839 -0.0, -0.9448 -1.1867 -0.0, -0.9929 -1.1887 -0.0, -0.9408 -1.1867 -0.0, -0.9402 -1.1839 -0.0, -0.9807 -1.0267 -0.0, -0.977 -1.0391 -0.0, -0.9821 -1.0242 -0.0, -0.9827 -1.0231 -0.0, -0.9814 -0.9997 -0.0, -0.9816 -1.0015 -0.0, -0.983 -1.0134 -0.0, -0.9739 -1.0517 -0.0, -0.9929 -1.1839 -0.0, -0.9833 -1.0215 -0.0, -0.9834 -1.0189 -0.0, -1.0873 -1.014 -0.0, -1.0871 -1.0141 -0.0, -1.0983 -1.1839 -0.0, -1.0266 -1.1784 -0.0, -1.0213 -1.1757 -0.0, -1.0269 -1.0099 -0.0, -1.0322 -1.0078 -0.0, -1.0876 -1.0122 -0.0, -1.0877 -1.0125 -0.0, -1.0329 -1.1799 -0.0, -1.086 -1.0144 -0.0, -1.0765 -1.1627 -0.0, -1.0867 -1.0143 -0.0, -1.087 -1.0142 -0.0, -1.0879 -1.1725 -0.0, -1.0879 -1.1732 -0.0, -1.0877 -1.1739 -0.0, -1.0875 -1.1744 -0.0, -1.0167 -1.1715 -0.0, -1.0121 -1.165 -0.0, -1.0078 -1.1534 -0.0, -1.0753 -0.9998 -0.0, -1.0771 -1.0012 -0.0, -1.0812 -1.0049 -0.0, -1.0802 -1.1646 -0.0, -1.0853 -1.1689 -0.0, -1.085 -1.0143 -0.0, -1.0811 -1.0143 -0.0, -1.0765 -1.0143 -0.0, -1.0417 -1.1805 -0.0, -1.048 -1.18 -0.0, -1.0527 -1.0046 -0.0, -1.0652 -1.0032 -0.0, -1.0698 -1.002 -0.0, -1.0877 -1.0128 -0.0, -1.0876 -1.0132 -0.0, -1.0874 -1.0138 -0.0, -1.0784 -1.1635 -0.0, -1.0865 -1.1699 -0.0, -1.0873 -1.1708 -0.0, -1.0878 -1.1719 -0.0, -1.0106 -1.0304 -0.0, -1.0165 -1.0199 -0.0, -1.0214 -1.014 -0.0, -1.0866 -1.0108 -0.0, -1.0871 -1.0114 -0.0, -1.0874 -1.0119 -0.0, -1.0825 -1.0064 -0.0, -1.0859 -1.01 -0.0, -1.0709 -1.1751 -0.0, -1.0649 -1.1757 -0.0, -1.0542 -1.1788 -0.0, -1.0871 -1.1748 -0.0, -1.0867 -1.1751 -0.0, -1.0816 -1.1742 -0.0, -1.0036 -1.1217 -0.0, -1.0023 -1.0825 -0.0, -1.0052 -1.0491 -0.0, -1.0757 -1.1742 -0.0, -1.0733 -1.1747 -0.0, -1.074 -0.9996 -0.0, -1.0737 -0.9996 -0.0, -1.0736 -0.9997 -0.0, -1.0728 -1.0002 -0.0, -1.1165 -1.0989 -0.0, -1.117 -1.0986 -0.0, -1.1177 -1.0245 -0.0, -1.1855 -1.175 -0.0, -1.1854 -1.1753 -0.0, -1.1973 -1.1839 -0.0, -1.1703 -1.1009 -0.0, -1.1465 -1.104 -0.0, -1.1703 -1.1632 -0.0, -1.1367 -1.106 -0.0, -1.125 -1.1114 -0.0, -1.1168 -1.1714 -0.0, -1.1213 -1.1708 -0.0, -1.1853 -1.1754 -0.0, -1.1852 -1.1755 -0.0, -1.185 -1.1756 -0.0, -1.128 -1.1699 -0.0, -1.1347 -1.1692 -0.0, -1.1276 -1.11 -0.0, -1.1304 -1.1082 -0.0, -1.1161 -1.0992 -0.0, -1.1973 -0.9997 -0.0, -1.1788 -1.0011 -0.0, -1.1794 -1.0014 -0.0, -1.1848 -1.171 -0.0, -1.1852 -1.1719 -0.0, -1.1855 -1.1733 -0.0, -1.1143 -1.1738 -0.0, -1.1143 -1.1734 -0.0, -1.1162 -1.1024 -0.0, -1.1158 -1.1018 -0.0, -1.1161 -1.1715 -0.0, -1.1156 -1.1012 -0.0, -1.1156 -1.1716 -0.0, -1.1155 -1.1007 -0.0, -1.1151 -1.1719 -0.0, -1.1147 -1.1723 -0.0, -1.1802 -1.0019 -0.0, -1.1807 -1.0027 -0.0, -1.181 -1.0033 -0.0, -1.1855 -1.1742 -0.0, -1.1855 -1.1748 -0.0, -1.1846 -1.1757 -0.0, -1.1839 -1.1757 -0.0, -1.1831 -1.1757 -0.0, -1.1236 -1.1844 -0.0, -1.1231 -1.1839 -0.0, -1.1154 -1.1759 -0.0, -1.1703 -1.091 -0.0, -1.1703 -1.0143 -0.0, -1.1281 -1.0202 -0.0, -1.1168 -1.1032 -0.0, -1.1097 -1.0157 -0.0, -1.1086 -1.013 -0.0, -1.1087 -1.0125 -0.0, -1.109 -1.012 -0.0, -1.178 -1.001 -0.0, -1.1766 -1.001 -0.0, -1.1812 -1.0044 -0.0, -1.1812 -1.006 -0.0, -1.1811 -1.0066 -0.0, -1.1143 -1.173 -0.0, -1.1144 -1.1726 -0.0, -1.1175 -1.0984 -0.0, -1.1182 -1.0983 -0.0, -1.1202 -1.0231 -0.0, -1.124 -1.0213 -0.0, -1.1817 -1.167 -0.0, -1.1837 -1.1693 -0.0, -1.1156 -1.1003 -0.0, -1.1157 -1.0998 -0.0, -1.1089 -1.0145 -0.0, -1.1086 -1.0138 -0.0, -1.1086 -1.0134 -0.0, -1.1092 -1.0117 -0.0, -1.1094 -1.0115 -0.0, -1.1097 -1.0114 -0.0, -1.1098 -1.0113 -0.0, -1.1105 -1.0112 -0.0, -1.1114 -1.0111 -0.0, -1.1777 -1.1748 -0.0, -1.1729 -1.1742 -0.0, -1.1681 -1.1742 -0.0, -1.1149 -1.175 -0.0, -1.1145 -1.1743 -0.0, -1.1584 -1.0049 -0.0, -1.1714 -1.0027 -0.0, -1.1746 -1.0015 -0.0, -1.1793 -1.0138 -0.0, -1.1785 -1.0211 -0.0, -1.1785 -1.0265 -0.0, -1.1672 -1.1742 -0.0, -1.1617 -1.1744 -0.0, -1.1562 -1.1751 -0.0, -1.1451 -1.1771 -0.0, -1.1354 -1.179 -0.0, -1.1277 -1.1818 -0.0, -1.1157 -1.0109 -0.0, -1.1371 -1.0083 -0.0, -1.1785 -1.1632 -0.0, -1.1782 -1.0335 -0.0, -1.1784 -1.03 -0.0, -1.3696 -1.1719 -0.0, -1.3714 -1.1839 -0.0, -1.383 -1.1839 -0.0, -1.3717 -1.1856 -0.0, -1.383 -1.1887 -0.0, -1.362 -1.1572 -0.0, -1.3208 -1.0209 -0.0, -1.3199 -1.0213 -0.0, -1.2983 -0.9997 -0.0, -1.3083 -1.0086 -0.0, -1.3086 -1.008 -0.0, -1.3607 -1.1689 -0.0, -1.362 -1.1609 -0.0, -1.2983 -1.1839 -0.0, -1.3102 -1.0127 -0.0, -1.3091 -1.0115 -0.0, -1.3086 -1.0106 -0.0, -1.3084 -1.0097 -0.0, -1.3133 -1.0155 -0.0, -1.362 -1.0129 -0.0, -1.3403 -1.0147 -0.0, -1.3299 -1.0163 -0.0, -1.3264 -1.0171 -0.0, -1.3243 -1.0181 -0.0, -1.3217 -1.0203 -0.0, -1.3691 -1.0014 -0.0, -1.3696 -1.0016 -0.0, -1.383 -0.9997 -0.0, -1.3699 -1.0018 -0.0, -1.3709 -1.0038 -0.0, -1.3709 -1.0054 -0.0, -1.3701 -1.0123 -0.0, -1.3703 -1.0023 -0.0, -1.3707 -1.0031 -0.0, -1.37 -1.014 -0.0, -1.3694 -1.0307 -0.0, -1.3694 -1.1581 -0.0, -1.3088 -1.0077 -0.0, -1.3092 -1.0075 -0.0, -1.3099 -1.0072 -0.0, -1.311 -1.0071 -0.0, -1.3159 -1.007 -0.0, -1.3231 -1.0059 -0.0, -1.3418 -1.004 -0.0, -1.3479 -1.0035 -0.0, -1.3598 -1.0024 -0.0, -1.3686 -1.0013 -0.0, -1.3678 -1.0014 -0.0, -1.3663 -1.0018 -0.0, -1.3703 -1.1907 -0.0, -1.3687 -1.1887 -0.0, -1.2983 -1.1887 -0.0, -1.3648 -1.1839 -0.0, -1.3578 -1.1751 -0.0, -1.3722 -1.1884 -0.0, -1.372 -1.1887 -0.0, -1.2983 -1.2992 -0.0, 0.0071 -0.9512 -0.0, 0.3937 -0.9093 -0.0, 0.3937 0.9842 -0.0, 0.0071 0.9842 -0.0, -0.0983 1.1811 -0.0, -0.0983 0.9842 -0.0, -0.1973 1.1811 -0.0, -0.1973 0.9842 -0.0, -0.383 1.1811 -0.0, -0.383 0.9842 -0.0, -0.3937 0.9842 -0.0, -0.3937 -0.9093 -0.0, -0.383 -0.9512 -0.0, -0.383 -0.9093 -0.0, -0.1973 -0.9512 -0.0, -0.1973 -0.9093 -0.0, -0.0983 -0.9512 -0.0, -0.0983 -0.9093 -0.0, 0.0071 -0.9093 -0.0, 0.0759 -1.0757 -0.0, 0.0374 -1.0664 -0.0, 0.0926 -1.0069 -0.0, 0.0283 -1.0242 -0.0, 0.0938 -0.9997 -0.0, 0.097 -0.9941 -0.0, 0.0969 -0.9939 -0.0, 0.0971 -0.9944 -0.0, 0.0204 -0.9932 -0.0, 0.0202 -0.9932 -0.0, 0.02 -0.9932 -0.0, 0.0071 -0.9997 -0.0, 0.0193 -0.9946 -0.0, 0.0188 -0.9981 -0.0, 0.0198 -0.9934 -0.0, 0.0196 -0.9936 -0.0, 0.0195 -0.9938 -0.0, 0.0977 -0.9981 -0.0, 0.0976 -0.9967 -0.0, 0.0974 -0.9956 -0.0, 0.0973 -0.9949 -0.0, 0.0224 -0.9959 -0.0, 0.096 -0.9936 -0.0, 0.0233 -0.9997 -0.0, 0.0958 -0.9936 -0.0, 0.0955 -0.9938 -0.0, 0.0241 -1.0027 -0.0, 0.0946 -0.9956 -0.0, 0.0948 -0.9948 -0.0, 0.022 -0.9949 -0.0, 0.0217 -0.9942 -0.0, 0.0214 -0.9938 -0.0, 0.0952 -0.994 -0.0, 0.095 -0.9943 -0.0, 0.0211 -0.9935 -0.0, 0.0209 -0.9933 -0.0, 0.0206 -0.9932 -0.0, 0.0967 -0.9937 -0.0, 0.0965 -0.9936 -0.0, 0.0963 -0.9936 -0.0, 0.0998 -1.0224 -0.0, 0.0994 -1.0158 -0.0, 0.0993 -1.0245 -0.0, 0.0996 -1.0241 -0.0, 0.0998 -1.0238 -0.0, 0.0998 -1.0235 -0.0, 0.0994 -1.0157 -0.0, 0.0983 -1.003 -0.0, 0.0979 -0.9997 -0.0, 0.09 -1.0511 -0.0, 0.0915 -1.0444 -0.0, 0.0934 -1.0378 -0.0, 0.0954 -1.0324 -0.0, 0.0972 -1.0274 -0.0, 0.0984 -1.0256 -0.0, 0.0546 -1.1839 -0.0, 0.0552 -1.1867 -0.0, 0.0071 -1.1887 -0.0, 0.0592 -1.1867 -0.0, 0.0598 -1.1839 -0.0, 0.0866 -1.0653 -0.0, 0.617 -1.1887 -0.0, 0.6278 -1.1884 -0.0, 0.0193 -1.0267 -0.0, 0.023 -1.0391 -0.0, 0.0179 -1.0242 -0.0, 0.0173 -1.0231 -0.0, 0.0186 -0.9997 -0.0, 0.0184 -1.0015 -0.0, 0.017 -1.0134 -0.0, 0.0261 -1.0517 -0.0, 0.0071 -1.1839 -0.0, 0.0167 -1.0215 -0.0, 0.0166 -1.0189 -0.0, -0.0873 -1.014 -0.0, -0.0871 -1.0141 -0.0, -0.0983 -1.1839 -0.0, -0.0265 -1.1784 -0.0, -0.0213 -1.1757 -0.0, -0.0269 -1.0099 -0.0, -0.0322 -1.0078 -0.0, -0.0876 -1.0122 -0.0, -0.0877 -1.0125 -0.0, -0.0329 -1.1799 -0.0, -0.086 -1.0144 -0.0, -0.0765 -1.1627 -0.0, -0.0867 -1.0143 -0.0, -0.087 -1.0142 -0.0, -0.0879 -1.1725 -0.0, -0.0879 -1.1732 -0.0, -0.0877 -1.1739 -0.0, -0.0875 -1.1744 -0.0, -0.0167 -1.1715 -0.0, -0.0121 -1.165 -0.0, -0.0078 -1.1534 -0.0, -0.0753 -0.9998 -0.0, -0.0771 -1.0012 -0.0, -0.0812 -1.0049 -0.0, -0.0802 -1.1646 -0.0, -0.0853 -1.1689 -0.0, -0.085 -1.0143 -0.0, -0.0811 -1.0143 -0.0, -0.0765 -1.0143 -0.0, -0.0417 -1.1805 -0.0, -0.048 -1.18 -0.0, -0.0527 -1.0046 -0.0, -0.0652 -1.0032 -0.0, -0.0698 -1.002 -0.0, -0.0877 -1.0128 -0.0, -0.0876 -1.0132 -0.0, -0.0874 -1.0138 -0.0, -0.0784 -1.1635 -0.0, -0.0865 -1.1699 -0.0, -0.0873 -1.1708 -0.0, -0.0878 -1.1719 -0.0, -0.0106 -1.0304 -0.0, -0.0165 -1.0199 -0.0, -0.0214 -1.014 -0.0, -0.0866 -1.0108 -0.0, -0.0871 -1.0114 -0.0, -0.0874 -1.0119 -0.0, -0.0825 -1.0064 -0.0, -0.0859 -1.01 -0.0, -0.0709 -1.1751 -0.0, -0.0649 -1.1757 -0.0, -0.0542 -1.1788 -0.0, -0.0871 -1.1748 -0.0, -0.0867 -1.1751 -0.0, -0.0816 -1.1742 -0.0, -0.0036 -1.1217 -0.0, -0.0023 -1.0825 -0.0, -0.0052 -1.0491 -0.0, -0.0757 -1.1742 -0.0, -0.0733 -1.1747 -0.0, -0.074 -0.9996 -0.0, -0.0737 -0.9996 -0.0, -0.0736 -0.9997 -0.0, -0.0728 -1.0002 -0.0, -0.1165 -1.0989 -0.0, -0.117 -1.0986 -0.0, -0.1177 -1.0245 -0.0, -0.1855 -1.175 -0.0, -0.1854 -1.1753 -0.0, -0.1973 -1.1839 -0.0, -0.1703 -1.1009 -0.0, -0.1465 -1.104 -0.0, -0.1703 -1.1632 -0.0, -0.1367 -1.106 -0.0, -0.125 -1.1114 -0.0, -0.1168 -1.1714 -0.0, -0.1213 -1.1708 -0.0, -0.1853 -1.1754 -0.0, -0.1852 -1.1755 -0.0, -0.185 -1.1756 -0.0, -0.128 -1.1699 -0.0, -0.1347 -1.1692 -0.0, -0.1276 -1.11 -0.0, -0.1304 -1.1082 -0.0, -0.1161 -1.0992 -0.0, -0.1973 -0.9997 -0.0, -0.1788 -1.0011 -0.0, -0.1794 -1.0014 -0.0, -0.1848 -1.171 -0.0, -0.1852 -1.1719 -0.0, -0.1855 -1.1733 -0.0, -0.1143 -1.1738 -0.0, -0.1143 -1.1734 -0.0, -0.1162 -1.1024 -0.0, -0.1158 -1.1018 -0.0, -0.1161 -1.1715 -0.0, -0.1156 -1.1012 -0.0, -0.1156 -1.1716 -0.0, -0.1155 -1.1007 -0.0, -0.1151 -1.1719 -0.0, -0.1147 -1.1723 -0.0, -0.1802 -1.0019 -0.0, -0.1807 -1.0027 -0.0, -0.181 -1.0033 -0.0, -0.1855 -1.1742 -0.0, -0.1855 -1.1748 -0.0, -0.1846 -1.1757 -0.0, -0.1839 -1.1757 -0.0, -0.1831 -1.1757 -0.0, -0.1236 -1.1844 -0.0, -0.1231 -1.1839 -0.0, -0.1154 -1.1759 -0.0, -0.1703 -1.091 -0.0, -0.1703 -1.0143 -0.0, -0.1281 -1.0202 -0.0, -0.1168 -1.1032 -0.0, -0.1097 -1.0157 -0.0, -0.1086 -1.013 -0.0, -0.1087 -1.0125 -0.0, -0.109 -1.012 -0.0, -0.178 -1.001 -0.0, -0.1766 -1.001 -0.0, -0.1812 -1.0044 -0.0, -0.1812 -1.006 -0.0, -0.1811 -1.0066 -0.0, -0.1143 -1.173 -0.0, -0.1144 -1.1726 -0.0, -0.1175 -1.0984 -0.0, -0.1182 -1.0983 -0.0, -0.1202 -1.0231 -0.0, -0.124 -1.0213 -0.0, -0.1817 -1.167 -0.0, -0.1837 -1.1693 -0.0, -0.1156 -1.1003 -0.0, -0.1157 -1.0998 -0.0, -0.1089 -1.0145 -0.0, -0.1086 -1.0138 -0.0, -0.1086 -1.0134 -0.0, -0.1092 -1.0117 -0.0, -0.1094 -1.0115 -0.0, -0.1097 -1.0114 -0.0, -0.1098 -1.0113 -0.0, -0.1105 -1.0112 -0.0, -0.1114 -1.0111 -0.0, -0.1777 -1.1748 -0.0, -0.1729 -1.1742 -0.0, -0.1681 -1.1742 -0.0, -0.1149 -1.175 -0.0, -0.1145 -1.1743 -0.0, -0.1584 -1.0049 -0.0, -0.1714 -1.0027 -0.0, -0.1746 -1.0015 -0.0, -0.1793 -1.0138 -0.0, -0.1785 -1.0211 -0.0, -0.1785 -1.0265 -0.0, -0.1672 -1.1742 -0.0, -0.1617 -1.1744 -0.0, -0.1562 -1.1751 -0.0, -0.1451 -1.1771 -0.0, -0.1354 -1.179 -0.0, -0.1277 -1.1818 -0.0, -0.1157 -1.0109 -0.0, -0.1371 -1.0083 -0.0, -0.1785 -1.1632 -0.0, -0.1782 -1.0335 -0.0, -0.1784 -1.03 -0.0, -0.3717 -1.1856 -0.0, -0.3722 -1.1884 -0.0, -0.383 -1.1887 -0.0, -0.3208 -1.0209 -0.0, -0.3199 -1.0213 -0.0, -0.2856 -1.1219 -0.0, -0.2177 -1.1802 -0.0, -0.2134 -1.1802 -0.0, -0.2134 -1.1046 -0.0, -0.2728 -1.1661 -0.0, -0.267 -1.1736 -0.0, -0.3578 -1.1751 -0.0, -0.2855 -1.0648 -0.0, -0.3102 -1.0127 -0.0, -0.3091 -1.0115 -0.0, -0.2824 -1.0456 -0.0, -0.2568 -1.0027 -0.0, -0.2633 -1.0065 -0.0, -0.3083 -1.0086 -0.0, -0.2681 -1.0113 -0.0, -0.2311 -1.1775 -0.0, -0.2255 -1.1724 -0.0, -0.2222 -1.168 -0.0, -0.2197 -1.1635 -0.0, -0.25 -1.1832 -0.0, -0.3648 -1.1839 -0.0, -0.246 -1.1833 -0.0, -0.2582 -1.1804 -0.0, -0.254 -1.1824 -0.0, -0.2791 -1.078 -0.0, -0.2152 -1.0551 -0.0, -0.2781 -1.123 -0.0, -0.2137 -1.07 -0.0, -0.2755 -1.1378 -0.0, -0.362 -1.0129 -0.0, -0.3403 -1.0147 -0.0, -0.3299 -1.0163 -0.0, -0.3264 -1.0171 -0.0, -0.2113 -1.036 -0.0, -0.2146 -1.0233 -0.0, -0.3088 -1.0077 -0.0, -0.3092 -1.0075 -0.0, -0.2493 -1.0004 -0.0, -0.246 -1.0095 -0.0, -0.2721 -1.0375 -0.0, -0.3243 -1.0181 -0.0, -0.3217 -1.0203 -0.0, -0.2745 -1.0219 -0.0, -0.3086 -1.0106 -0.0, -0.3084 -1.0097 -0.0, -0.2092 -1.0698 -0.0, -0.2194 -1.0135 -0.0, -0.2231 -1.0088 -0.0, -0.2285 -1.0044 -0.0, -0.3086 -1.008 -0.0, -0.362 -1.1572 -0.0, -0.2788 -1.1526 -0.0, -0.362 -1.1609 -0.0, -0.2283 -1.0158 -0.0, -0.2241 -1.0206 -0.0, -0.2394 -1.173 -0.0, -0.2595 -1.1689 -0.0, -0.264 -1.1645 -0.0, -0.3133 -1.0155 -0.0, -0.2212 -1.1445 -0.0, -0.2188 -1.1046 -0.0, -0.3694 -1.0307 -0.0, -0.3694 -1.1581 -0.0, -0.383 -1.1839 -0.0, -0.3696 -1.1719 -0.0, -0.3714 -1.1839 -0.0, -0.3607 -1.1689 -0.0, -0.2396 -1.0099 -0.0, -0.2334 -1.0123 -0.0, -0.2205 -1.028 -0.0, -0.2164 -1.0467 -0.0, -0.2437 -1.174 -0.0, -0.2496 -1.1736 -0.0, -0.2547 -1.1719 -0.0, -0.3691 -1.0014 -0.0, -0.3696 -1.0016 -0.0, -0.383 -0.9997 -0.0, -0.3699 -1.0018 -0.0, -0.2573 -1.0131 -0.0, -0.2614 -1.0169 -0.0, -0.2678 -1.026 -0.0, -0.2537 -1.011 -0.0, -0.2499 -1.0098 -0.0, -0.2247 -1.1573 -0.0, -0.2282 -1.1643 -0.0, -0.2317 -1.1684 -0.0, -0.3703 -1.0023 -0.0, -0.3707 -1.0031 -0.0, -0.3709 -1.0038 -0.0, -0.3709 -1.0054 -0.0, -0.3701 -1.0123 -0.0, -0.37 -1.014 -0.0, -0.2689 -1.1568 -0.0, -0.2354 -1.1713 -0.0, -0.3231 -1.0059 -0.0, -0.3418 -1.004 -0.0, -0.3598 -1.0024 -0.0, -0.3663 -1.0018 -0.0, -0.3678 -1.0014 -0.0, -0.3099 -1.0072 -0.0, -0.311 -1.0071 -0.0, -0.316 -1.007 -0.0, -0.2354 -1.0013 -0.0, -0.242 -1.0001 -0.0, -0.3479 -1.0035 -0.0, -0.3686 -1.0013 -0.0, -0.3703 -1.1907 -0.0, -0.3687 -1.1887 -0.0, -0.1973 -1.1887 -0.0, -0.2377 -1.1811 -0.0, 0.8027 -1.2992 -0.0, 0.8027 -1.1887 -0.0, 0.9017 -1.2992 -0.0, 0.9017 -1.1887 -0.0, 1.0071 -1.2992 -0.0, 1.5 -1.2992 -0.0, 0.0071 -1.2992 -0.0, -0.0983 -1.1887 -0.0, -0.0983 -1.2992 -0.0, -0.1973 -1.2992 -0.0, -0.383 -1.2992 -0.0, -0.372 -1.1887 -0.0, -0.5 -1.2992 -0.0, -0.5 -1.1887 -0.0, -1.1973 -1.2992 -0.0, -1.1973 -1.1887 -0.0, -1.0983 -1.2992 -0.0, -1.0983 -1.1887 -0.0, -0.9929 -1.2992 -0.0, 0.8739 -1.1827 -0.0, 0.8756 -1.1839 -0.0, -0.1261 -1.1827 -0.0, -0.1244 -1.1839 -0.0, -1.1261 -1.1827 -0.0, -1.1244 -1.1839 -0.0, 0.7823 -1.1802 -0.0, 0.7866 -1.1802 -0.0, 0.7866 -1.1046 -0.0, 0.7432 -1.0027 -0.0, 0.7367 -1.0065 -0.0, 0.7319 -1.0113 -0.0, 0.7255 -1.0219 -0.0, 0.7623 -1.1811 -0.0, 0.7689 -1.1775 -0.0, 0.7212 -1.1526 -0.0, 0.7272 -1.1661 -0.0, 0.733 -1.1736 -0.0, 0.7418 -1.1804 -0.0, 0.7887 -1.036 -0.0, 0.7854 -1.0233 -0.0, 0.7715 -1.0044 -0.0, 0.7646 -1.0013 -0.0, 0.758 -1.0001 -0.0, 0.7507 -1.0004 -0.0, 0.7176 -1.0456 -0.0, 0.7145 -1.0648 -0.0, 0.7144 -1.1219 -0.0, 0.7745 -1.1724 -0.0, 0.7778 -1.168 -0.0, 0.7803 -1.1635 -0.0, 0.7209 -1.078 -0.0, 0.7848 -1.0551 -0.0, 0.7219 -1.123 -0.0, 0.7863 -1.07 -0.0, 0.7245 -1.1378 -0.0, 0.7908 -1.0698 -0.0, 0.7806 -1.0135 -0.0, 0.7769 -1.0088 -0.0, 0.746 -1.1824 -0.0, 0.75 -1.1832 -0.0, 0.754 -1.1833 -0.0, 0.754 -1.0095 -0.0, 0.7279 -1.0375 -0.0, 0.7788 -1.1445 -0.0, 0.7812 -1.1046 -0.0, 0.7717 -1.0158 -0.0, 0.7758 -1.0206 -0.0, 0.7606 -1.173 -0.0, 0.7405 -1.1689 -0.0, 0.736 -1.1645 -0.0, 0.7604 -1.0099 -0.0, 0.7666 -1.0123 -0.0, 0.7795 -1.028 -0.0, 0.7836 -1.0467 -0.0, 0.7563 -1.174 -0.0, 0.7504 -1.1736 -0.0, 0.7453 -1.1719 -0.0, 0.7427 -1.0131 -0.0, 0.7386 -1.0169 -0.0, 0.7322 -1.026 -0.0, 0.7463 -1.011 -0.0, 0.7501 -1.0098 -0.0, 0.7753 -1.1573 -0.0, 0.7718 -1.1643 -0.0, 0.7683 -1.1684 -0.0, 0.7311 -1.1568 -0.0, 0.7646 -1.1713 -0.0, -1.2177 -1.1802 -0.0, -1.2134 -1.1802 -0.0, -1.2134 -1.1046 -0.0, -1.2568 -1.0027 -0.0, -1.2633 -1.0065 -0.0, -1.2681 -1.0113 -0.0, -1.2745 -1.0219 -0.0, -1.2377 -1.1811 -0.0, -1.2311 -1.1775 -0.0, -1.2788 -1.1526 -0.0, -1.2728 -1.1661 -0.0, -1.267 -1.1736 -0.0, -1.2582 -1.1804 -0.0, -1.2113 -1.036 -0.0, -1.2146 -1.0233 -0.0, -1.2285 -1.0044 -0.0, -1.2354 -1.0013 -0.0, -1.242 -1.0001 -0.0, -1.2493 -1.0004 -0.0, -1.2824 -1.0456 -0.0, -1.2855 -1.0648 -0.0, -1.2856 -1.1219 -0.0, -1.2255 -1.1724 -0.0, -1.2222 -1.168 -0.0, -1.2197 -1.1635 -0.0, -1.2791 -1.078 -0.0, -1.2152 -1.0551 -0.0, -1.2781 -1.123 -0.0, -1.2137 -1.07 -0.0, -1.2755 -1.1378 -0.0, -1.2092 -1.0698 -0.0, -1.2194 -1.0135 -0.0, -1.2231 -1.0088 -0.0, -1.254 -1.1824 -0.0, -1.25 -1.1832 -0.0, -1.246 -1.1833 -0.0, -1.246 -1.0095 -0.0, -1.2721 -1.0375 -0.0, -1.2212 -1.1445 -0.0, -1.2188 -1.1046 -0.0, -1.2283 -1.0158 -0.0, -1.2242 -1.0206 -0.0, -1.2394 -1.173 -0.0, -1.2595 -1.1689 -0.0, -1.264 -1.1645 -0.0, -1.2396 -1.0099 -0.0, -1.2334 -1.0123 -0.0, -1.2205 -1.028 -0.0, -1.2164 -1.0467 -0.0, -1.2437 -1.174 -0.0, -1.2496 -1.1736 -0.0, -1.2547 -1.1719 -0.0, -1.2573 -1.0131 -0.0, -1.2614 -1.0169 -0.0, -1.2678 -1.026 -0.0, -1.2537 -1.011 -0.0, -1.2499 -1.0098 -0.0, -1.2247 -1.1573 -0.0, -1.2282 -1.1643 -0.0, -1.2317 -1.1684 -0.0, -1.2689 -1.1568 -0.0, -1.2354 -1.1713 -0.0, -1.5 -1.1839 -0.0, -1.5 -0.9997 -0.0, -1.4331 -1.2992 0.2356, -1.4331 -1.2992 1.9685, -1.5 -1.2992 1.9685, 1.5 -1.2992 1.9685, 1.4331 -1.2992 0.2356, 1.4331 -1.2992 1.9685, 0.5669 -1.2992 1.9685, 0.4331 -1.2992 1.9685, 0.5669 -1.2992 0.2356, 0.4331 -1.2992 0.2356, -0.4331 -1.2992 1.9685, -0.5669 -1.2992 1.9685, -0.4331 -1.2992 0.2356, -0.5669 -1.2992 0.2356, -0.7638 1.1811 1.1811, -0.2362 1.1811 1.1811, -0.7638 1.1811 0.7874, -0.2362 1.1811 0.7874, 0.2362 1.1811 1.1811, 0.7638 1.1811 1.1811, 0.2362 1.1811 0.7874, 0.7638 1.1811 0.7874, 1.2362 1.1811 1.1811, 1.5 1.1811 1.1811, 1.2362 1.1811 0.7874, -1.5 1.1811 1.1811, -1.2362 1.1811 1.1811, -1.2362 1.1811 0.7874, -0.2362 0.9842 1.8676, -1.2362 0.9842 1.8676, -1.5 0.5263 3.4646, -0.7638 0.9842 1.8676, 1.5 0.5263 3.4646, 0.7638 0.9842 1.8676, 1.2362 0.9842 1.8676, 0.2362 0.9842 1.8676, -1.3146 0.2597 3.4646, -1.2225 0.3304 3.4646, -1.1152 -0.4847 3.4646, -1.2225 -0.4402 3.4646, -1.5 -0.6361 3.4646, -1.3146 -0.3695 3.4646, -1.3853 -0.2774 3.4646, -1.3853 0.1676 3.4646, -1.4298 -0.1701 3.4646, -1.4449 -0.0549 3.4646, -1.4298 0.0602 3.4646, 1.4449 -0.0549 3.4646, 1.5 -0.6361 3.4646, 1.4298 -0.1701 3.4646, 1.3853 -0.2774 3.4646, 1.3146 -0.3695 3.4646, 1.2225 -0.4402 3.4646, 1.1152 -0.4847 3.4646, 1.0 -0.4998 3.4646, 0.8848 -0.4847 3.4646, 0.7775 -0.4402 3.4646, 0.3146 -0.3695 3.4646, 0.2225 -0.4402 3.4646, 0.6147 -0.2774 3.4646, 0.0 -0.4998 3.4646, -0.8848 -0.4847 3.4646, -1.0 -0.4998 3.4646, 1.2225 0.3304 3.4646, 1.3146 0.2597 3.4646, -0.6147 -0.2774 3.4646, -0.3853 -0.2774 3.4646, -0.5702 -0.1701 3.4646, -0.4298 -0.1701 3.4646, -0.5551 -0.0549 3.4646, -0.4449 -0.0549 3.4646, -0.5702 0.0602 3.4646, -0.4298 0.0602 3.4646, -0.6147 0.1676 3.4646, -0.3853 0.1676 3.4646, -0.6854 0.2597 3.4646, -0.3146 0.2597 3.4646, -0.7775 -0.4402 3.4646, -0.1152 -0.4847 3.4646, -0.6854 -0.3695 3.4646, -0.2225 -0.4402 3.4646, -0.3146 -0.3695 3.4646, 1.3853 0.1676 3.4646, 1.4298 0.0602 3.4646, 0.6854 -0.3695 3.4646, 0.1152 -0.4847 3.4646, -1.1152 0.3748 3.4646, -1.0 0.39 3.4646, -0.8848 0.3748 3.4646, -0.7775 0.3304 3.4646, 0.6147 0.1676 3.4646, 0.3853 0.1676 3.4646, 0.5702 0.0602 3.4646, 0.4298 0.0602 3.4646, 0.5551 -0.0549 3.4646, 0.4449 -0.0549 3.4646, 0.5702 -0.1701 3.4646, 0.4298 -0.1701 3.4646, 0.3853 -0.2774 3.4646, 0.8848 0.3748 3.4646, 1.0 0.39 3.4646, 1.1152 0.3748 3.4646, 0.7775 0.3304 3.4646, 0.1152 0.3748 3.4646, 0.0 0.39 3.4646, -0.1152 0.3748 3.4646, -0.2225 0.3304 3.4646, 0.6854 0.2597 3.4646, 0.2225 0.3304 3.4646, 0.3146 0.2597 3.4646, -1.5 -0.9843 2.1654, 1.5 -0.9843 2.1654, -1.5 -1.1024 2.1654, 1.5 -1.1024 2.1654, -0.5779 -1.2882 2.0334, -0.4221 -1.2882 2.0334, -1.5 -1.2728 2.0669, -0.4264 -1.2925 2.0195, 0.4221 -1.2882 2.0334, 1.5 -1.2728 2.0669, 0.5736 -1.2925 2.0195, 0.5779 -1.2882 2.0334, 1.4221 -1.2882 2.0334, 1.5 -1.2925 2.0195, -0.5686 -1.2975 1.9942, -0.5736 -1.2925 2.0195, -0.4314 -1.2975 1.9942, -1.5 -1.2925 2.0195, -1.4314 -1.2975 1.9942, -1.4264 -1.2925 2.0195, -1.4221 -1.2882 2.0334, 1.4314 -1.2975 1.9942, 1.4264 -1.2925 2.0195, 0.4314 -1.2975 1.9942, 0.4264 -1.2925 2.0195, 0.5686 -1.2975 1.9942, 1.5 -1.2416 2.1077, -1.5 -1.2416 2.1077, 1.5 -1.2008 2.139, -1.5 -1.2008 2.139, 1.5 -1.1533 2.1586, -1.5 -1.1533 2.1586, 0.3937 -0.8354 0.5543, 0.2362 -0.8354 0.5543, -0.2362 -0.8354 0.5543, -0.3937 -0.8354 0.5543, -0.2362 -0.8354 1.3034, -0.3937 -0.8354 1.5292, 0.2362 -0.8354 1.3034, 0.3937 -0.8354 1.5292, -0.3937 -0.6872 1.5292, 0.3937 -0.6872 1.5292, -0.3937 -0.6872 2.6435, 0.3937 -0.6872 2.6435, -0.2037 0.0627 2.6435, -0.3937 0.6045 2.6435, -0.1663 0.1114 2.6435, -0.1176 0.1488 2.6435, -0.2272 0.006 2.6435, -0.2352 -0.0549 2.6435, -0.2272 -0.1158 2.6435, -0.2037 -0.1725 2.6435, -0.1663 -0.2212 2.6435, -0.1176 -0.2586 2.6435, 0.0609 -0.2821 2.6435, 0.0 -0.2901 2.6435, -0.0609 -0.2821 2.6435, 0.1176 -0.2586 2.6435, 0.1663 -0.2212 2.6435, 0.2037 -0.1725 2.6435, 0.2272 0.006 2.6435, 0.3937 0.6045 2.6435, 0.2352 -0.0549 2.6435, 0.2272 -0.1158 2.6435, 0.2037 0.0627 2.6435, 0.1663 0.1114 2.6435, 0.1176 0.1488 2.6435, 0.0609 0.1723 2.6435, 0.0 0.1803 2.6435, -0.0609 0.1723 2.6435, -0.3937 0.6045 2.4779, 0.3937 0.6045 2.4779, -0.3937 0.7633 1.9241, 0.3937 0.7633 1.9241, 0.0984 0.7633 1.5222, 0.3937 0.7633 1.5222, 0.0984 0.7633 1.5433, -0.0984 0.7633 1.5433, -0.0984 0.7633 1.5222, -0.3937 0.7633 1.5222, 0.0984 0.8198 1.5222, 0.3937 0.9842 1.5222, -0.3937 0.9842 1.5222, -0.2362 0.9842 1.5222, -0.0984 0.8198 1.5222, 0.2362 0.9842 1.5222, -0.2362 0.9842 0.7874, 0.2362 0.9842 0.7874, -0.1663 -0.2212 2.6818, -0.226 -0.2809 2.6818, -0.1176 -0.2586 2.6818, -0.1598 -0.3317 2.6818, -0.0609 -0.2821 2.6818, -0.0827 -0.3636 2.6818, 0.0 -0.2901 2.6818, 0.0 -0.3745 2.6818, 0.0609 -0.2821 2.6818, 0.0827 -0.3636 2.6818, 0.1176 -0.2586 2.6818, 0.1598 -0.3317 2.6818, 0.1663 -0.2212 2.6818, 0.226 -0.2809 2.6818, 0.2037 -0.1725 2.6818, 0.2768 -0.2147 2.6818, 0.2272 -0.1158 2.6818, 0.3087 -0.1376 2.6818, 0.2352 -0.0549 2.6818, 0.3196 -0.0549 2.6818, 0.2272 0.006 2.6818, 0.3087 0.0278 2.6818, 0.2037 0.0627 2.6818, 0.2768 0.1049 2.6818, 0.1663 0.1114 2.6818, 0.226 0.1711 2.6818, 0.1176 0.1488 2.6818, 0.1598 0.2219 2.6818, 0.0609 0.1723 2.6818, 0.0827 0.2538 2.6818, 0.0 0.1803 2.6818, 0.0 0.2647 2.6818, -0.0609 0.1723 2.6818, -0.0827 0.2538 2.6818, -0.1176 0.1488 2.6818, -0.1598 0.2219 2.6818, -0.1663 0.1114 2.6818, -0.226 0.1711 2.6818, -0.2037 0.0627 2.6818, -0.2768 0.1049 2.6818, -0.2272 0.006 2.6818, -0.3087 0.0278 2.6818, -0.2352 -0.0549 2.6818, -0.3196 -0.0549 2.6818, -0.2272 -0.1158 2.6818, -0.3087 -0.1376 2.6818, -0.2037 -0.1725 2.6818, -0.2768 -0.2147 2.6818, 0.3196 -0.0549 2.7983, 0.3087 0.0278 2.7983, 0.2768 0.1049 2.7983, 0.226 0.1711 2.7983, 0.1598 0.2219 2.7983, 0.0827 0.2538 2.7983, 0.0 0.2647 2.7983, -0.0827 0.2538 2.7983, -0.1598 0.2219 2.7983, -0.226 0.1711 2.7983, -0.2768 0.1049 2.7983, -0.3087 0.0278 2.7983, -0.3196 -0.0549 2.7983, -0.3087 -0.1376 2.7983, -0.2768 -0.2147 2.7983, -0.226 -0.2809 2.7983, -0.1598 -0.3317 2.7983, -0.0827 -0.3636 2.7983, 0.0 -0.3745 2.7983, 0.0827 -0.3636 2.7983, 0.1598 -0.3317 2.7983, 0.226 -0.2809 2.7983, 0.2768 -0.2147 2.7983, 0.3087 -0.1376 2.7983, -0.4298 0.0602 2.7983, -0.4449 -0.0549 2.7983, -0.4298 -0.1701 2.7983, -0.3853 -0.2774 2.7983, -0.3146 -0.3695 2.7983, -0.2225 -0.4402 2.7983, -0.1152 -0.4847 2.7983, 0.0 -0.4998 2.7983, 0.1152 -0.4847 2.7983, 0.2225 -0.4402 2.7983, 0.3146 -0.3695 2.7983, 0.3853 -0.2774 2.7983, 0.4298 -0.1701 2.7983, 0.4449 -0.0549 2.7983, 0.4298 0.0602 2.7983, 0.3853 0.1676 2.7983, 0.3146 0.2597 2.7983, 0.2225 0.3304 2.7983, 0.1152 0.3748 2.7983, 0.0 0.39 2.7983, -0.1152 0.3748 2.7983, -0.2225 0.3304 2.7983, -0.3146 0.2597 2.7983, -0.3853 0.1676 2.7983
            ]
        }
        coordIndex [
            0,1,2,-1,3,4,5,-1,6,7,8,-1,9,10,11,-1,12,13,14,-1,14,13,15,-1,14,15,16,-1,16,15,17,-1,16,17,18,-1,18,17,19,-1,18,19,20,-1,20,19,21,-1,20,21,22,-1,22,21,23,-1,22,23,24,-1,24,23,25,-1,24,25,26,-1,26,25,27,-1,26,27,28,-1,28,27,29,-1,28,29,30,-1,30,29,31,-1,30,31,32,-1,32,31,33,-1,32,33,34,-1,34,33,35,-1,34,35,36,-1,36,35,37,-1,36,37,38,-1,39,40,41,-1,41,40,42,-1,41,42,43,-1,44,45,27,-1,46,47,29,-1,29,47,48,-1,49,50,51,-1,48,52,29,-1,29,52,53,-1,29,53,49,-1,49,53,54,-1,49,54,50,-1,55,56,57,-1,58,59,27,-1,27,59,60,-1,27,60,44,-1,55,57,27,-1,27,57,61,-1,27,61,58,-1,62,63,64,-1,64,63,65,-1,64,65,66,-1,42,67,43,-1,43,67,64,-1,43,64,68,-1,68,64,69,-1,62,70,63,-1,63,70,71,-1,63,71,72,-1,66,73,64,-1,64,73,74,-1,64,74,69,-1,72,75,63,-1,63,75,76,-1,63,76,29,-1,29,76,77,-1,29,77,46,-1,45,78,27,-1,27,78,79,-1,27,79,29,-1,29,79,80,-1,29,80,63,-1,81,82,55,-1,83,84,85,-1,85,84,86,-1,85,86,55,-1,55,86,87,-1,55,87,81,-1,82,88,55,-1,55,88,89,-1,55,89,56,-1,90,91,85,-1,91,92,85,-1,85,92,93,-1,85,93,94,-1,94,95,85,-1,85,95,96,-1,85,96,83,-1,85,97,98,-1,99,100,98,-1,98,100,101,-1,98,101,85,-1,85,101,102,-1,85,102,90,-1,103,104,105,-1,105,104,106,-1,51,107,49,-1,49,107,108,-1,49,108,109,-1,104,110,106,-1,106,110,111,-1,106,111,112,-1,112,111,49,-1,112,49,113,-1,113,49,109,-1,114,115,116,-1,117,118,111,-1,49,119,120,-1,121,122,11,-1,117,111,123,-1,124,125,126,-1,126,125,127,-1,128,129,116,-1,116,129,130,-1,116,130,131,-1,118,132,111,-1,111,132,133,-1,111,133,134,-1,10,135,11,-1,11,135,136,-1,11,136,137,-1,115,138,139,-1,124,140,125,-1,125,140,141,-1,125,141,142,-1,123,111,143,-1,143,111,116,-1,143,116,144,-1,120,145,49,-1,49,145,146,-1,49,146,147,-1,122,148,11,-1,11,148,149,-1,11,149,116,-1,116,149,150,-1,116,150,114,-1,127,125,115,-1,115,125,151,-1,115,151,138,-1,139,152,115,-1,115,152,153,-1,115,153,116,-1,116,153,154,-1,116,154,128,-1,155,156,49,-1,49,156,157,-1,49,157,119,-1,158,159,11,-1,11,159,160,-1,11,160,121,-1,137,161,11,-1,11,161,162,-1,11,162,158,-1,163,164,116,-1,116,164,165,-1,116,165,144,-1,131,166,116,-1,116,166,167,-1,116,167,168,-1,134,169,111,-1,111,169,170,-1,111,170,49,-1,49,170,171,-1,49,171,155,-1,168,172,116,-1,116,172,173,-1,116,173,163,-1,174,31,175,-1,175,31,29,-1,175,29,176,-1,176,29,49,-1,176,49,177,-1,177,49,147,-1,178,179,180,-1,181,182,183,-1,184,185,186,-1,186,185,187,-1,188,189,190,-1,182,191,183,-1,183,191,192,-1,183,192,193,-1,190,194,188,-1,188,194,195,-1,188,195,196,-1,196,195,186,-1,196,186,197,-1,197,186,187,-1,178,180,198,-1,199,200,201,-1,202,203,183,-1,183,203,204,-1,205,206,116,-1,207,208,209,-1,209,208,210,-1,209,210,211,-1,211,210,212,-1,211,212,213,-1,213,212,214,-1,201,215,199,-1,199,215,216,-1,199,216,217,-1,204,218,183,-1,183,218,219,-1,183,219,181,-1,193,220,183,-1,183,220,221,-1,183,221,222,-1,223,224,116,-1,116,224,225,-1,226,227,228,-1,189,188,209,-1,209,188,229,-1,209,229,207,-1,116,180,230,-1,231,232,11,-1,11,232,233,-1,200,199,234,-1,234,199,11,-1,234,11,235,-1,217,236,199,-1,199,236,237,-1,199,237,238,-1,206,239,116,-1,116,239,240,-1,116,240,214,-1,179,241,180,-1,180,241,242,-1,180,242,243,-1,243,242,226,-1,243,226,244,-1,244,226,228,-1,245,246,199,-1,214,212,116,-1,116,212,247,-1,116,247,180,-1,180,247,248,-1,180,248,198,-1,230,249,116,-1,116,249,250,-1,116,250,11,-1,11,250,251,-1,11,251,231,-1,233,252,11,-1,11,252,253,-1,11,253,254,-1,254,255,11,-1,11,255,256,-1,11,256,257,-1,222,258,183,-1,183,258,259,-1,183,259,260,-1,225,261,116,-1,116,261,262,-1,116,262,205,-1,263,264,11,-1,11,264,265,-1,11,265,235,-1,238,266,199,-1,199,266,267,-1,199,267,268,-1,260,269,183,-1,183,269,270,-1,183,270,271,-1,271,272,183,-1,183,272,273,-1,183,273,274,-1,257,275,11,-1,11,275,276,-1,11,276,263,-1,277,245,278,-1,278,245,199,-1,278,199,279,-1,279,199,268,-1,280,281,282,-1,282,281,283,-1,284,285,286,-1,287,288,289,-1,290,291,292,-1,292,291,293,-1,292,293,284,-1,294,295,292,-1,292,295,296,-1,292,296,287,-1,287,296,297,-1,287,297,288,-1,284,286,292,-1,292,286,298,-1,292,298,294,-1,299,300,284,-1,284,300,301,-1,284,301,302,-1,302,303,284,-1,284,303,304,-1,284,304,285,-1,305,306,307,-1,307,306,308,-1,309,310,307,-1,307,310,311,-1,308,312,307,-1,307,312,313,-1,307,313,309,-1,311,314,307,-1,307,314,315,-1,307,315,282,-1,282,315,316,-1,282,316,280,-1,289,317,287,-1,287,317,318,-1,287,318,319,-1,319,320,287,-1,287,320,321,-1,287,321,322,-1,322,323,287,-1,287,323,324,-1,287,324,325,-1,305,307,326,-1,326,307,287,-1,326,287,327,-1,327,287,325,-1,327,325,328,-1,290,292,329,-1,329,292,330,-1,329,330,331,-1,332,333,334,-1,331,330,333,-1,333,330,335,-1,333,335,334,-1,336,337,338,-1,338,337,339,-1,338,339,340,-1,340,339,341,-1,340,341,342,-1,342,341,343,-1,342,343,344,-1,344,343,345,-1,344,345,346,-1,346,345,347,-1,346,347,348,-1,348,347,349,-1,348,349,350,-1,350,349,351,-1,350,351,352,-1,352,351,353,-1,352,353,354,-1,354,353,355,-1,354,355,356,-1,356,355,357,-1,356,357,358,-1,358,357,359,-1,358,359,360,-1,360,359,361,-1,360,361,362,-1,362,361,363,-1,362,363,336,-1,336,363,337,-1,364,365,366,-1,366,365,367,-1,366,367,368,-1,369,370,344,-1,369,344,371,-1,372,373,342,-1,342,373,374,-1,375,376,377,-1,374,378,342,-1,342,378,379,-1,342,379,375,-1,375,379,380,-1,375,380,376,-1,381,382,344,-1,382,383,344,-1,344,383,384,-1,344,384,371,-1,385,386,387,-1,387,386,388,-1,387,388,389,-1,367,390,368,-1,368,390,387,-1,368,387,391,-1,391,387,392,-1,385,393,386,-1,386,393,394,-1,386,394,395,-1,389,396,387,-1,387,396,397,-1,387,397,392,-1,395,398,386,-1,386,398,399,-1,386,399,342,-1,342,399,400,-1,342,400,372,-1,370,401,344,-1,344,401,402,-1,344,402,342,-1,342,402,403,-1,342,403,386,-1,404,405,406,-1,407,408,409,-1,409,408,410,-1,409,410,411,-1,411,412,409,-1,409,412,413,-1,409,413,414,-1,415,416,406,-1,416,417,406,-1,406,417,418,-1,406,418,419,-1,419,420,406,-1,406,420,421,-1,406,421,404,-1,422,423,424,-1,424,423,425,-1,424,425,406,-1,406,425,426,-1,406,426,415,-1,427,428,429,-1,429,428,430,-1,377,431,375,-1,375,431,432,-1,375,432,433,-1,428,434,430,-1,430,434,435,-1,430,435,436,-1,436,435,375,-1,436,375,437,-1,437,375,433,-1,438,439,440,-1,441,442,435,-1,375,443,444,-1,445,446,8,-1,441,435,447,-1,448,449,450,-1,450,449,451,-1,452,453,440,-1,440,453,454,-1,440,454,455,-1,442,456,435,-1,435,456,457,-1,435,457,458,-1,7,459,8,-1,8,459,460,-1,8,460,461,-1,439,462,463,-1,448,464,449,-1,449,464,465,-1,449,465,466,-1,447,435,467,-1,467,435,440,-1,467,440,468,-1,444,469,375,-1,375,469,470,-1,375,470,471,-1,446,472,8,-1,8,472,473,-1,8,473,440,-1,440,473,474,-1,440,474,438,-1,451,449,439,-1,439,449,475,-1,439,475,462,-1,463,476,439,-1,439,476,477,-1,439,477,440,-1,440,477,478,-1,440,478,452,-1,479,480,375,-1,375,480,481,-1,375,481,443,-1,482,483,8,-1,8,483,484,-1,8,484,445,-1,461,485,8,-1,8,485,486,-1,8,486,482,-1,487,488,440,-1,440,488,489,-1,440,489,468,-1,455,490,440,-1,440,490,491,-1,440,491,492,-1,458,493,435,-1,435,493,494,-1,435,494,375,-1,375,494,495,-1,375,495,479,-1,492,496,440,-1,440,496,497,-1,440,497,487,-1,498,340,499,-1,499,340,342,-1,499,342,500,-1,500,342,375,-1,500,375,501,-1,501,375,471,-1,502,503,504,-1,505,506,507,-1,508,509,510,-1,510,509,511,-1,512,513,514,-1,506,515,507,-1,507,515,516,-1,507,516,517,-1,514,518,512,-1,512,518,519,-1,512,519,520,-1,520,519,510,-1,520,510,521,-1,521,510,511,-1,502,504,522,-1,523,524,525,-1,526,527,507,-1,507,527,528,-1,529,530,440,-1,531,532,533,-1,533,532,534,-1,533,534,535,-1,535,534,536,-1,535,536,537,-1,537,536,538,-1,525,539,523,-1,523,539,540,-1,523,540,541,-1,528,542,507,-1,507,542,543,-1,507,543,505,-1,517,544,507,-1,507,544,545,-1,507,545,546,-1,547,548,440,-1,440,548,549,-1,550,551,552,-1,513,512,533,-1,533,512,553,-1,533,553,531,-1,440,504,554,-1,555,556,8,-1,8,556,557,-1,524,523,558,-1,558,523,8,-1,558,8,559,-1,541,560,523,-1,523,560,561,-1,523,561,562,-1,530,563,440,-1,440,563,564,-1,440,564,538,-1,503,565,504,-1,504,565,566,-1,504,566,567,-1,567,566,550,-1,567,550,568,-1,568,550,552,-1,569,570,523,-1,538,536,440,-1,440,536,571,-1,440,571,504,-1,504,571,572,-1,504,572,522,-1,554,573,440,-1,440,573,574,-1,440,574,8,-1,8,574,575,-1,8,575,555,-1,557,576,8,-1,8,576,577,-1,8,577,578,-1,578,579,8,-1,8,579,580,-1,8,580,581,-1,546,582,507,-1,507,582,583,-1,507,583,584,-1,549,585,440,-1,440,585,586,-1,440,586,529,-1,587,588,8,-1,8,588,589,-1,8,589,559,-1,562,590,523,-1,523,590,591,-1,523,591,592,-1,584,593,507,-1,507,593,594,-1,507,594,595,-1,595,596,507,-1,507,596,597,-1,507,597,598,-1,581,599,8,-1,8,599,600,-1,8,600,587,-1,601,569,602,-1,602,569,523,-1,602,523,603,-1,603,523,592,-1,604,605,606,-1,606,605,607,-1,606,607,608,-1,609,610,611,-1,612,613,614,-1,615,616,617,-1,617,616,609,-1,618,619,617,-1,617,619,620,-1,617,620,612,-1,612,620,621,-1,612,621,613,-1,609,611,617,-1,617,611,622,-1,617,622,618,-1,623,624,609,-1,609,624,625,-1,609,625,626,-1,626,627,609,-1,609,627,628,-1,609,628,610,-1,629,630,631,-1,631,630,632,-1,633,634,631,-1,631,634,635,-1,632,636,631,-1,631,636,637,-1,631,637,633,-1,635,638,631,-1,631,638,639,-1,631,639,606,-1,606,639,640,-1,606,640,604,-1,614,641,612,-1,612,641,642,-1,612,642,643,-1,643,644,612,-1,612,644,645,-1,612,645,646,-1,646,647,612,-1,612,647,648,-1,612,648,649,-1,629,631,650,-1,650,631,612,-1,650,612,651,-1,651,612,649,-1,651,649,652,-1,653,654,655,-1,655,654,656,-1,655,656,617,-1,617,656,657,-1,617,657,615,-1,607,658,608,-1,608,658,659,-1,608,659,0,-1,0,659,653,-1,0,653,660,-1,660,653,655,-1,37,661,38,-1,38,661,662,-1,38,662,12,-1,12,662,663,-1,12,663,13,-1,13,663,664,-1,13,664,665,-1,665,664,666,-1,665,666,667,-1,667,666,668,-1,667,668,669,-1,669,668,670,-1,669,670,346,-1,346,670,671,-1,346,671,344,-1,344,671,672,-1,344,672,673,-1,673,672,674,-1,673,674,675,-1,675,674,676,-1,675,676,677,-1,677,676,678,-1,677,678,661,-1,661,678,679,-1,661,679,662,-1,680,681,682,-1,682,681,683,-1,682,683,684,-1,685,686,37,-1,685,37,687,-1,688,689,661,-1,661,689,690,-1,691,692,693,-1,690,694,661,-1,661,694,695,-1,661,695,691,-1,691,695,696,-1,691,696,692,-1,697,698,37,-1,698,699,37,-1,37,699,700,-1,37,700,687,-1,701,702,703,-1,703,702,704,-1,703,704,705,-1,683,706,684,-1,684,706,703,-1,684,703,707,-1,707,703,708,-1,701,709,702,-1,702,709,710,-1,702,710,711,-1,705,712,703,-1,703,712,713,-1,703,713,708,-1,711,714,702,-1,702,714,715,-1,702,715,661,-1,661,715,716,-1,661,716,688,-1,686,717,37,-1,37,717,718,-1,37,718,661,-1,661,718,719,-1,661,719,702,-1,720,721,307,-1,722,723,282,-1,282,723,724,-1,282,724,307,-1,307,724,725,-1,307,725,720,-1,721,726,307,-1,307,726,727,-1,307,727,728,-1,729,730,282,-1,282,730,731,-1,282,731,732,-1,732,733,282,-1,282,733,734,-1,282,734,722,-1,735,736,737,-1,738,739,282,-1,282,739,740,-1,282,740,729,-1,736,738,737,-1,737,738,282,-1,737,282,741,-1,741,282,283,-1,741,283,742,-1,743,744,745,-1,745,744,746,-1,693,747,691,-1,691,747,748,-1,691,748,749,-1,744,750,746,-1,746,750,751,-1,746,751,752,-1,752,751,691,-1,752,691,753,-1,753,691,749,-1,754,755,756,-1,757,758,751,-1,691,759,760,-1,761,762,5,-1,757,751,763,-1,764,765,766,-1,766,765,767,-1,768,769,756,-1,756,769,770,-1,756,770,771,-1,758,772,751,-1,751,772,773,-1,751,773,774,-1,4,775,5,-1,5,775,776,-1,5,776,777,-1,755,778,779,-1,764,780,765,-1,765,780,781,-1,765,781,782,-1,763,751,783,-1,783,751,756,-1,783,756,784,-1,760,785,691,-1,691,785,786,-1,691,786,787,-1,762,788,5,-1,5,788,789,-1,5,789,756,-1,756,789,790,-1,756,790,754,-1,767,765,755,-1,755,765,791,-1,755,791,778,-1,779,792,755,-1,755,792,793,-1,755,793,756,-1,756,793,794,-1,756,794,768,-1,795,796,691,-1,691,796,797,-1,691,797,759,-1,798,799,5,-1,5,799,800,-1,5,800,761,-1,777,801,5,-1,5,801,802,-1,5,802,798,-1,803,804,756,-1,756,804,805,-1,756,805,784,-1,771,806,756,-1,756,806,807,-1,756,807,808,-1,774,809,751,-1,751,809,810,-1,751,810,691,-1,691,810,811,-1,691,811,795,-1,808,812,756,-1,756,812,813,-1,756,813,803,-1,814,677,815,-1,815,677,661,-1,815,661,816,-1,816,661,691,-1,816,691,817,-1,817,691,787,-1,818,819,820,-1,821,822,823,-1,824,825,826,-1,826,825,827,-1,828,829,830,-1,822,831,823,-1,823,831,832,-1,823,832,833,-1,830,834,828,-1,828,834,835,-1,828,835,836,-1,836,835,826,-1,836,826,837,-1,837,826,827,-1,818,820,838,-1,839,840,841,-1,842,843,823,-1,823,843,844,-1,845,846,756,-1,847,848,849,-1,849,848,850,-1,849,850,851,-1,851,850,852,-1,851,852,853,-1,853,852,854,-1,841,855,839,-1,839,855,856,-1,839,856,857,-1,844,858,823,-1,823,858,859,-1,823,859,821,-1,833,860,823,-1,823,860,861,-1,823,861,862,-1,863,864,756,-1,756,864,865,-1,866,867,868,-1,829,828,849,-1,849,828,869,-1,849,869,847,-1,756,820,870,-1,871,872,5,-1,5,872,873,-1,840,839,874,-1,874,839,5,-1,874,5,875,-1,857,876,839,-1,839,876,877,-1,839,877,878,-1,846,879,756,-1,756,879,880,-1,756,880,854,-1,819,881,820,-1,820,881,882,-1,820,882,883,-1,883,882,866,-1,883,866,884,-1,884,866,868,-1,885,886,839,-1,854,852,756,-1,756,852,887,-1,756,887,820,-1,820,887,888,-1,820,888,838,-1,870,889,756,-1,756,889,890,-1,756,890,5,-1,5,890,891,-1,5,891,871,-1,873,892,5,-1,5,892,893,-1,5,893,894,-1,894,895,5,-1,5,895,896,-1,5,896,897,-1,862,898,823,-1,823,898,899,-1,823,899,900,-1,865,901,756,-1,756,901,902,-1,756,902,845,-1,903,904,5,-1,5,904,905,-1,5,905,875,-1,878,906,839,-1,839,906,907,-1,839,907,908,-1,900,909,823,-1,823,909,910,-1,823,910,911,-1,911,912,823,-1,823,912,913,-1,823,913,914,-1,897,915,5,-1,5,915,916,-1,5,916,903,-1,917,885,918,-1,918,885,839,-1,918,839,919,-1,919,839,908,-1,920,921,922,-1,923,924,925,-1,926,927,823,-1,823,927,928,-1,929,930,931,-1,925,924,932,-1,933,934,935,-1,936,937,938,-1,938,937,939,-1,940,941,926,-1,926,941,942,-1,926,942,943,-1,931,944,945,-1,945,944,946,-1,930,947,931,-1,931,947,948,-1,931,948,944,-1,949,950,951,-1,951,950,952,-1,951,952,953,-1,954,955,925,-1,925,955,956,-1,925,956,957,-1,958,959,839,-1,960,961,962,-1,963,949,964,-1,957,965,925,-1,925,965,966,-1,925,966,923,-1,935,934,967,-1,967,934,968,-1,967,968,939,-1,939,968,969,-1,939,969,938,-1,958,839,970,-1,959,971,839,-1,839,971,972,-1,839,972,973,-1,936,938,962,-1,962,938,974,-1,962,974,960,-1,954,925,975,-1,975,925,976,-1,975,976,977,-1,949,978,979,-1,980,981,982,-1,932,924,935,-1,935,924,983,-1,935,983,933,-1,984,953,985,-1,985,953,952,-1,985,952,928,-1,928,952,970,-1,928,970,823,-1,823,970,839,-1,823,839,842,-1,842,839,886,-1,986,987,988,-1,988,987,989,-1,988,989,990,-1,929,931,976,-1,976,931,991,-1,976,991,977,-1,963,992,949,-1,949,992,993,-1,949,993,978,-1,979,994,949,-1,949,994,995,-1,949,995,950,-1,996,997,980,-1,980,997,998,-1,980,998,981,-1,999,1000,1001,-1,1001,1000,1002,-1,1003,964,1004,-1,1004,964,1005,-1,1003,1006,964,-1,964,1006,1007,-1,964,1007,963,-1,984,1008,953,-1,953,1008,1009,-1,953,1009,1010,-1,1002,1011,1001,-1,1001,1011,1012,-1,1001,1012,1013,-1,1013,1014,1001,-1,1001,1014,1015,-1,1001,1015,1016,-1,982,1017,980,-1,980,1017,953,-1,980,953,1018,-1,1018,953,1010,-1,962,1019,1020,-1,1021,1022,1023,-1,961,1024,962,-1,962,1024,1025,-1,962,1025,1019,-1,1019,1025,1026,-1,973,1027,839,-1,839,1027,1028,-1,839,1028,1001,-1,1020,1029,962,-1,962,1029,1021,-1,962,1021,1028,-1,1028,1021,1023,-1,1028,1023,1001,-1,1001,1023,1030,-1,1001,1030,999,-1,1031,1032,1033,-1,1033,1032,945,-1,1033,945,823,-1,823,945,946,-1,823,946,926,-1,926,946,1034,-1,926,1034,940,-1,1035,1036,1037,-1,1037,1036,1038,-1,1037,1038,1039,-1,1039,1038,98,-1,1039,98,1040,-1,1040,98,97,-1,742,332,741,-1,741,332,334,-1,741,334,737,-1,737,334,1041,-1,737,1041,1042,-1,1042,1041,1043,-1,1042,1043,1033,-1,1033,1043,1044,-1,1033,1044,1031,-1,1031,1044,1045,-1,1031,1045,1046,-1,1047,1048,1045,-1,1045,1048,922,-1,1045,922,1046,-1,1046,922,921,-1,1049,1050,1051,-1,1051,1050,1052,-1,1051,1052,1053,-1,1053,1052,424,-1,274,1054,183,-1,183,1054,1055,-1,183,1055,1036,-1,1036,1055,223,-1,1036,223,1038,-1,1038,223,116,-1,1038,116,98,-1,98,116,111,-1,98,111,99,-1,99,111,110,-1,914,1056,823,-1,823,1056,1057,-1,823,1057,1033,-1,1033,1057,863,-1,1033,863,1042,-1,1042,863,756,-1,1042,756,737,-1,737,756,751,-1,737,751,735,-1,735,751,750,-1,990,920,988,-1,988,920,922,-1,988,922,406,-1,406,922,1048,-1,406,1048,424,-1,424,1048,1047,-1,424,1047,1053,-1,598,1058,507,-1,507,1058,1059,-1,507,1059,1050,-1,1050,1059,547,-1,1050,547,1052,-1,1052,547,440,-1,1052,440,424,-1,424,440,435,-1,424,435,422,-1,422,435,434,-1,1060,1061,183,-1,183,1061,1062,-1,1063,1064,287,-1,287,1064,1065,-1,287,1065,1066,-1,1060,1067,1068,-1,1069,1070,292,-1,292,1070,1071,-1,292,1071,1072,-1,1073,1074,199,-1,1075,1076,199,-1,199,1076,1077,-1,199,1077,287,-1,287,1077,1078,-1,287,1078,1063,-1,1066,1079,287,-1,287,1079,1080,-1,287,1080,292,-1,292,1080,1081,-1,292,1081,1069,-1,1068,1082,1060,-1,1060,1082,1083,-1,1060,1083,1084,-1,1085,1086,1087,-1,1087,1086,1088,-1,1087,1088,1089,-1,1073,199,1090,-1,1074,1091,199,-1,199,1091,1092,-1,199,1092,1075,-1,1072,1093,292,-1,292,1093,1094,-1,292,1094,1095,-1,1067,1060,1095,-1,1095,1060,183,-1,1095,183,292,-1,292,183,1036,-1,292,1036,330,-1,330,1036,1035,-1,330,1035,335,-1,1096,1085,1097,-1,1098,1089,1099,-1,1099,1089,1088,-1,1099,1088,1062,-1,1062,1088,1090,-1,1062,1090,183,-1,183,1090,199,-1,183,199,202,-1,202,199,246,-1,1085,1100,1101,-1,1102,1103,1104,-1,1096,1105,1085,-1,1085,1105,1106,-1,1085,1106,1100,-1,1101,1107,1085,-1,1085,1107,1108,-1,1085,1108,1086,-1,1109,1110,1102,-1,1102,1110,1111,-1,1102,1111,1103,-1,1112,1097,1113,-1,1113,1097,1114,-1,1112,1115,1097,-1,1097,1115,1116,-1,1097,1116,1096,-1,1098,1117,1089,-1,1089,1117,1118,-1,1089,1118,1119,-1,1104,1120,1102,-1,1102,1120,1089,-1,1102,1089,1121,-1,1121,1089,1119,-1,405,407,406,-1,406,407,409,-1,406,409,988,-1,988,409,1001,-1,988,1001,986,-1,986,1001,1016,-1,1122,1123,507,-1,507,1123,1124,-1,1125,1126,612,-1,612,1126,1127,-1,612,1127,1128,-1,1122,1129,1130,-1,1131,1132,617,-1,617,1132,1133,-1,617,1133,1134,-1,1135,1136,523,-1,1137,1138,523,-1,523,1138,1139,-1,523,1139,612,-1,612,1139,1140,-1,612,1140,1125,-1,1128,1141,612,-1,612,1141,1142,-1,612,1142,617,-1,617,1142,1143,-1,617,1143,1131,-1,1130,1144,1122,-1,1122,1144,1145,-1,1122,1145,1146,-1,1147,1148,1149,-1,1149,1148,1150,-1,1149,1150,1151,-1,1135,523,1152,-1,1136,1153,523,-1,523,1153,1154,-1,523,1154,1137,-1,1134,1155,617,-1,617,1155,1156,-1,617,1156,1157,-1,1129,1122,1157,-1,1157,1122,507,-1,1157,507,617,-1,617,507,1050,-1,617,1050,655,-1,655,1050,1049,-1,655,1049,660,-1,1158,1147,1159,-1,1160,1151,1161,-1,1161,1151,1150,-1,1161,1150,1124,-1,1124,1150,1152,-1,1124,1152,507,-1,507,1152,523,-1,507,523,526,-1,526,523,570,-1,1147,1162,1163,-1,1164,1165,1166,-1,1158,1167,1147,-1,1147,1167,1168,-1,1147,1168,1162,-1,1163,1169,1147,-1,1147,1169,1170,-1,1147,1170,1148,-1,1171,1172,1164,-1,1164,1172,1173,-1,1164,1173,1165,-1,1174,1159,1175,-1,1175,1159,1176,-1,1174,1177,1159,-1,1159,1177,1178,-1,1159,1178,1158,-1,1160,1179,1151,-1,1151,1179,1180,-1,1151,1180,1181,-1,1166,1182,1164,-1,1164,1182,1151,-1,1164,1151,1183,-1,1183,1151,1181,-1,0,2,608,-1,608,2,1184,-1,608,1184,606,-1,606,1184,1185,-1,606,1185,631,-1,728,697,307,-1,307,697,37,-1,307,37,287,-1,287,37,35,-1,287,35,199,-1,199,35,33,-1,199,33,11,-1,11,33,31,-1,11,31,9,-1,9,31,174,-1,414,381,409,-1,409,381,344,-1,409,344,1001,-1,1001,344,673,-1,1001,673,839,-1,839,673,675,-1,839,675,5,-1,5,675,677,-1,5,677,3,-1,3,677,814,-1,1185,360,631,-1,631,360,362,-1,631,362,612,-1,612,362,336,-1,612,336,523,-1,523,336,338,-1,523,338,8,-1,8,338,340,-1,8,340,6,-1,6,340,498,-1,1186,1187,1188,-1,1040,1189,1190,-1,1190,1189,1191,-1,1192,1193,1194,-1,1194,1193,1195,-1,1196,1197,1198,-1,1198,1197,1199,-1,1188,1,1186,-1,1186,1,0,-1,1186,0,660,-1,1194,1037,1190,-1,1190,1037,1039,-1,1190,1039,1040,-1,1045,1044,1198,-1,1198,1044,1043,-1,1198,1043,1195,-1,1195,1043,1041,-1,1041,334,1195,-1,1195,334,335,-1,1195,335,1194,-1,1194,335,1035,-1,1194,1035,1037,-1,660,1049,1186,-1,1186,1049,1051,-1,1186,1051,1199,-1,1199,1051,1053,-1,1199,1053,1198,-1,1198,1053,1047,-1,1198,1047,1045,-1,1200,1201,1202,-1,1202,1201,1203,-1,1204,1205,1206,-1,1206,1205,1207,-1,1206,19,17,-1,1208,1209,1210,-1,1210,1209,25,-1,1210,25,1207,-1,1207,25,23,-1,1207,23,1206,-1,1206,23,21,-1,1206,21,19,-1,1211,1212,358,-1,358,1212,1213,-1,358,1213,356,-1,356,1213,354,-1,17,15,1206,-1,1206,15,13,-1,1206,13,1203,-1,13,665,1203,-1,1203,665,667,-1,1203,667,669,-1,669,346,1203,-1,1203,346,348,-1,1203,348,1202,-1,1202,348,350,-1,1202,350,1213,-1,1213,350,352,-1,1213,352,354,-1,1214,1201,1200,-1,1212,1211,1215,-1,1215,1211,1216,-1,1215,1216,1217,-1,1217,1216,1218,-1,1219,1218,1220,-1,1220,1218,1209,-1,1220,1209,1208,-1,1205,1204,1219,-1,1219,1204,1221,-1,1219,1221,1218,-1,1218,1221,1214,-1,1218,1214,1217,-1,1217,1214,1200,-1,1222,1223,1216,-1,1224,1225,1226,-1,1226,1225,1227,-1,1226,1227,1228,-1,1222,1216,1229,-1,1228,1230,1226,-1,1226,1230,1231,-1,1226,1231,1216,-1,1216,1231,1232,-1,1216,1232,1229,-1,1218,1233,1234,-1,1234,1233,1235,-1,1235,1236,1234,-1,1234,1236,1237,-1,1234,1237,1238,-1,1238,1239,1234,-1,1234,1239,1240,-1,1234,1240,1226,-1,1226,1240,1241,-1,1226,1241,1242,-1,1243,1244,1245,-1,1246,1247,1248,-1,1249,1250,1218,-1,1251,1252,1253,-1,1253,1252,1254,-1,1253,1254,1255,-1,1255,1254,1256,-1,1255,1256,1257,-1,1257,1256,1258,-1,1257,1258,1259,-1,1259,1258,1260,-1,1259,1260,1261,-1,1261,1260,1262,-1,1247,1246,1263,-1,1263,1246,1264,-1,1263,1264,1265,-1,1265,1264,1266,-1,1265,1266,1251,-1,1251,1266,1267,-1,1251,1267,1252,-1,1250,1268,1218,-1,1218,1268,1269,-1,1218,1269,1233,-1,1245,1244,1270,-1,1270,1244,1271,-1,1270,1271,1242,-1,1242,1271,1246,-1,1242,1246,1226,-1,1226,1246,1248,-1,1226,1248,1224,-1,1223,1272,1216,-1,1216,1272,1273,-1,1216,1273,1218,-1,1218,1273,1274,-1,1218,1274,1275,-1,1276,1277,1278,-1,1278,1277,1279,-1,1278,1279,1280,-1,1280,1279,1281,-1,1280,1281,1282,-1,1282,1281,1283,-1,1282,1283,1245,-1,1245,1283,1284,-1,1245,1284,1243,-1,1285,1286,1218,-1,1218,1286,1287,-1,1218,1287,1249,-1,1288,1285,1289,-1,1289,1285,1218,-1,1289,1218,1290,-1,1290,1218,1275,-1,1290,1275,1291,-1,1291,1275,1261,-1,1291,1261,1292,-1,1292,1261,1262,-1,1288,1289,1293,-1,1293,1289,1294,-1,1293,1294,1276,-1,1276,1294,1295,-1,1276,1295,1277,-1,1296,1297,1226,-1,1226,1297,1234,-1,1298,1299,1296,-1,1296,1299,1297,-1,1300,1301,1302,-1,1301,1300,1303,-1,1301,1304,1305,-1,1306,1307,1304,-1,1304,1307,1305,-1,1305,1307,1308,-1,1305,1308,1309,-1,1310,1197,1196,-1,1300,1311,1303,-1,1303,1311,1310,-1,1303,1310,1312,-1,1312,1310,1196,-1,1313,1188,1187,-1,1187,1314,1313,-1,1313,1314,1315,-1,1313,1315,1302,-1,1302,1315,1316,-1,1302,1316,1300,-1,1191,1189,1317,-1,1317,1189,1309,-1,1317,1309,1318,-1,1318,1309,1308,-1,1319,1193,1192,-1,1304,1320,1306,-1,1306,1320,1319,-1,1306,1319,1321,-1,1321,1319,1192,-1,1301,1305,1302,-1,1302,1305,1322,-1,1302,1322,1323,-1,1323,1322,1324,-1,1323,1324,1325,-1,1325,1324,1326,-1,1325,1326,1327,-1,1327,1326,1299,-1,1327,1299,1298,-1,1328,662,1329,-1,1329,662,679,-1,1329,679,1330,-1,1330,679,678,-1,672,1331,674,-1,674,1331,1330,-1,674,1330,676,-1,676,1330,678,-1,1330,1331,1332,-1,1332,1331,1333,-1,1332,1333,1334,-1,1334,1333,1335,-1,1334,1335,1329,-1,1329,1335,1328,-1,1333,1336,1335,-1,1335,1336,1337,-1,1336,1338,1337,-1,1337,1338,1339,-1,1340,1341,1342,-1,1342,1341,1343,-1,1340,1344,1341,-1,1341,1344,1345,-1,1341,1345,1338,-1,1338,1345,1346,-1,1346,1347,1338,-1,1338,1347,1348,-1,1338,1348,1349,-1,1350,1339,1351,-1,1351,1339,1338,-1,1351,1338,1352,-1,1352,1338,1349,-1,1350,1353,1339,-1,1339,1353,1354,-1,1339,1354,1355,-1,1356,1357,1358,-1,1358,1357,1339,-1,1358,1339,1359,-1,1359,1339,1355,-1,1356,1360,1357,-1,1357,1360,1361,-1,1357,1361,1362,-1,1362,1363,1357,-1,1357,1363,1364,-1,1357,1364,1341,-1,1341,1364,1365,-1,1341,1365,1343,-1,1341,1366,1357,-1,1357,1366,1367,-1,1366,1368,1367,-1,1367,1368,1369,-1,1370,1371,1372,-1,1372,1371,1369,-1,1372,1369,1373,-1,1373,1369,1368,-1,1373,1368,1374,-1,1374,1368,1375,-1,1371,1370,1376,-1,1371,1376,1377,-1,1375,1378,1379,-1,1374,1375,1380,-1,1380,1375,1379,-1,1380,1379,1376,-1,1376,1379,1381,-1,1376,1381,1377,-1,1382,1379,1378,-1,1377,1381,1383,-1,1378,671,1382,-1,1382,671,670,-1,1382,670,668,-1,668,666,1382,-1,1382,666,664,-1,1382,664,1383,-1,1383,664,663,-1,1383,663,1377,-1,671,1378,672,-1,672,1378,1375,-1,1366,1341,1338,-1,1336,1333,1331,-1,1366,1338,1368,-1,1368,1338,1336,-1,1368,1336,1375,-1,1375,1336,1331,-1,1375,1331,672,-1,1377,663,1371,-1,1371,663,662,-1,1328,1335,1337,-1,662,1328,1371,-1,1371,1328,1337,-1,1371,1337,1369,-1,1369,1337,1339,-1,1369,1339,1367,-1,1367,1339,1357,-1,1384,1385,1386,-1,1386,1385,1387,-1,1386,1387,1388,-1,1388,1387,1389,-1,1388,1389,1390,-1,1390,1389,1391,-1,1390,1391,1392,-1,1392,1391,1393,-1,1392,1393,1394,-1,1394,1393,1395,-1,1394,1395,1396,-1,1396,1395,1397,-1,1396,1397,1398,-1,1398,1397,1399,-1,1398,1399,1400,-1,1400,1399,1401,-1,1400,1401,1402,-1,1402,1401,1403,-1,1402,1403,1404,-1,1404,1403,1405,-1,1404,1405,1406,-1,1406,1405,1407,-1,1406,1407,1408,-1,1408,1407,1409,-1,1408,1409,1410,-1,1410,1409,1411,-1,1410,1411,1412,-1,1412,1411,1413,-1,1412,1413,1414,-1,1414,1413,1415,-1,1414,1415,1416,-1,1416,1415,1417,-1,1416,1417,1418,-1,1418,1417,1419,-1,1418,1419,1420,-1,1420,1419,1421,-1,1420,1421,1422,-1,1422,1421,1423,-1,1422,1423,1424,-1,1424,1423,1425,-1,1424,1425,1426,-1,1426,1425,1427,-1,1426,1427,1428,-1,1428,1427,1429,-1,1428,1429,1430,-1,1430,1429,1431,-1,1430,1431,1384,-1,1384,1431,1385,-1,1403,1432,1405,-1,1405,1432,1433,-1,1405,1433,1407,-1,1407,1433,1434,-1,1407,1434,1409,-1,1409,1434,1435,-1,1409,1435,1411,-1,1411,1435,1436,-1,1411,1436,1413,-1,1413,1436,1437,-1,1413,1437,1415,-1,1415,1437,1438,-1,1415,1438,1417,-1,1417,1438,1439,-1,1417,1439,1419,-1,1419,1439,1440,-1,1419,1440,1421,-1,1421,1440,1441,-1,1421,1441,1423,-1,1423,1441,1442,-1,1423,1442,1425,-1,1425,1442,1443,-1,1425,1443,1427,-1,1427,1443,1444,-1,1427,1444,1429,-1,1429,1444,1445,-1,1429,1445,1431,-1,1431,1445,1446,-1,1431,1446,1385,-1,1385,1446,1447,-1,1385,1447,1387,-1,1387,1447,1448,-1,1387,1448,1389,-1,1389,1448,1449,-1,1389,1449,1391,-1,1391,1449,1450,-1,1391,1450,1393,-1,1393,1450,1451,-1,1393,1451,1395,-1,1395,1451,1452,-1,1395,1452,1397,-1,1397,1452,1453,-1,1397,1453,1399,-1,1399,1453,1454,-1,1399,1454,1401,-1,1401,1454,1455,-1,1401,1455,1403,-1,1403,1455,1432,-1,1443,1456,1444,-1,1444,1456,1457,-1,1444,1457,1445,-1,1445,1457,1458,-1,1445,1458,1446,-1,1446,1458,1459,-1,1446,1459,1447,-1,1447,1459,1460,-1,1447,1460,1448,-1,1448,1460,1461,-1,1448,1461,1449,-1,1449,1461,1462,-1,1449,1462,1450,-1,1450,1462,1463,-1,1450,1463,1451,-1,1451,1463,1464,-1,1451,1464,1452,-1,1452,1464,1465,-1,1452,1465,1453,-1,1453,1465,1466,-1,1453,1466,1454,-1,1454,1466,1467,-1,1454,1467,1455,-1,1455,1467,1468,-1,1455,1468,1432,-1,1432,1468,1469,-1,1432,1469,1433,-1,1433,1469,1470,-1,1433,1470,1434,-1,1434,1470,1471,-1,1434,1471,1435,-1,1435,1471,1472,-1,1435,1472,1436,-1,1436,1472,1473,-1,1436,1473,1437,-1,1437,1473,1474,-1,1437,1474,1438,-1,1438,1474,1475,-1,1438,1475,1439,-1,1439,1475,1476,-1,1439,1476,1440,-1,1440,1476,1477,-1,1440,1477,1441,-1,1441,1477,1478,-1,1441,1478,1442,-1,1442,1478,1479,-1,1442,1479,1443,-1,1443,1479,1456,-1,1469,1281,1470,-1,1470,1281,1279,-1,1470,1279,1471,-1,1471,1279,1277,-1,1471,1277,1472,-1,1472,1277,1295,-1,1472,1295,1473,-1,1473,1295,1294,-1,1473,1294,1474,-1,1474,1294,1289,-1,1474,1289,1475,-1,1475,1289,1290,-1,1475,1290,1476,-1,1476,1290,1291,-1,1476,1291,1477,-1,1477,1291,1292,-1,1477,1292,1478,-1,1478,1292,1262,-1,1478,1262,1479,-1,1479,1262,1260,-1,1479,1260,1456,-1,1456,1260,1258,-1,1456,1258,1457,-1,1457,1258,1256,-1,1457,1256,1458,-1,1458,1256,1254,-1,1458,1254,1459,-1,1459,1254,1252,-1,1459,1252,1460,-1,1460,1252,1267,-1,1460,1267,1461,-1,1461,1267,1266,-1,1461,1266,1462,-1,1462,1266,1264,-1,1462,1264,1463,-1,1463,1264,1246,-1,1463,1246,1464,-1,1464,1246,1271,-1,1464,1271,1465,-1,1465,1271,1244,-1,1465,1244,1466,-1,1466,1244,1243,-1,1466,1243,1467,-1,1467,1243,1284,-1,1467,1284,1468,-1,1468,1284,1283,-1,1468,1283,1469,-1,1469,1283,1281,-1,
        ]
    }
}
Shape{
    appearance Appearance {
        material  Material {
            diffuseColor 0.6470588235294118 0.6196078431372549 0.5882352941176471
            specularColor 0.45098039215686275 0.43529411764705883 0.4117647058823529
            ambientIntensity 0.6242
            transparency 0.0
            shininess 0.5
        }
    }
    geometry IndexedFaceSet {
        ccw TRUE
        solid FALSE
        coord DEF co Coordinate {
            point [
                -0.3116 0.0435 3.2205, 0.3116 0.0435 3.2205, -0.2983 0.0786 3.2205, 0.2983 0.0786 3.2205, 0.2674 0.133 3.2205, 0.2267 0.1805 3.2205, 0.1777 0.2194 3.2205, 0.1222 0.2482 3.2205, 0.0622 0.2659 3.2205, 0.0 0.2719 3.2205, -0.0622 0.2659 3.2205, -0.1222 0.2482 3.2205, -0.1777 0.2194 3.2205, -0.2674 0.133 3.2205, -0.2267 0.1805 3.2205, -0.3934 0.0435 3.0236, -0.3934 0.0435 3.1417, -0.3912 0.0499 3.1417, 0.3934 -0.1533 3.0236, 0.3934 -0.1533 3.1417, 0.3912 -0.1597 3.1417, 0.3917 -0.1599 2.908, 0.4055 -0.0549 3.0236, 0.4055 -0.0549 2.908, 0.3934 0.0435 3.0236, 0.3917 0.0501 2.908, -0.3917 0.0501 2.908, -0.4055 -0.0549 3.0236, -0.4055 -0.0549 2.908, -0.3934 -0.1533 3.0236, -0.3917 -0.1599 2.908, 0.3701 -0.2206 3.1417, 0.3512 -0.2577 2.908, 0.2863 -0.3412 3.1417, 0.2868 -0.3417 2.908, 0.3318 -0.2881 3.1417, 0.3496 -0.2568 3.1417, 0.2813 -0.347 3.1417, 0.2205 -0.3952 3.1417, 0.2028 -0.4061 2.908, 0.2021 -0.4048 3.1417, 0.1517 -0.431 3.1417, 0.105 -0.4466 2.908, 0.1045 -0.445 3.1417, 0.0772 -0.453 3.1417, 0.0 -0.4604 2.908, 0.0 -0.4604 3.1417, -0.0772 -0.453 3.1417, -0.105 -0.4466 2.908, -0.2021 -0.4048 3.1417, -0.2028 -0.4061 2.908, -0.1517 -0.431 3.1417, -0.1045 -0.445 3.1417, -0.2205 -0.3952 3.1417, -0.2813 -0.347 3.1417, -0.2868 -0.3417 2.908, -0.2863 -0.3412 3.1417, -0.3318 -0.2881 3.1417, -0.3512 -0.2577 2.908, -0.3934 -0.1533 3.1417, -0.3912 -0.1597 3.1417, -0.3701 -0.2206 3.1417, -0.3496 -0.2568 3.1417, -0.3701 0.1108 3.1417, -0.3512 0.1479 2.908, -0.2863 0.2314 3.1417, -0.2868 0.2319 2.908, -0.3318 0.1783 3.1417, -0.3496 0.147 3.1417, -0.2813 0.2372 3.1417, -0.2205 0.2854 3.1417, -0.2028 0.2963 2.908, -0.2021 0.295 3.1417, -0.1517 0.3212 3.1417, -0.105 0.3368 2.908, -0.1045 0.3352 3.1417, -0.0772 0.3432 3.1417, 0.0 0.3506 2.908, 0.0 0.3506 3.1417, 0.0772 0.3432 3.1417, 0.105 0.3368 2.908, 0.2021 0.295 3.1417, 0.2028 0.2963 2.908, 0.1517 0.3212 3.1417, 0.1045 0.3352 3.1417, 0.2205 0.2854 3.1417, 0.2813 0.2372 3.1417, 0.2868 0.2319 2.908, 0.2863 0.2314 3.1417, 0.3318 0.1783 3.1417, 0.3512 0.1479 2.908, 0.3934 0.0435 3.1417, 0.3912 0.0499 3.1417, 0.3701 0.1108 3.1417, 0.3496 0.147 3.1417, -0.1663 0.1114 2.908, -0.1176 0.1488 2.908, -0.0609 0.1723 2.908, 0.0 0.1803 2.908, 0.0609 0.1723 2.908, 0.1176 0.1488 2.908, 0.1663 0.1114 2.908, 0.2037 0.0627 2.908, 0.2272 0.006 2.908, 0.2352 -0.0549 2.908, 0.2272 -0.1158 2.908, 0.2037 -0.1725 2.908, 0.1663 -0.2212 2.908, 0.1176 -0.2586 2.908, 0.0609 -0.2821 2.908, 0.0 -0.2901 2.908, -0.0609 -0.2821 2.908, -0.1176 -0.2586 2.908, -0.1663 -0.2212 2.908, -0.2037 -0.1725 2.908, -0.2272 -0.1158 2.908, -0.2352 -0.0549 2.908, -0.2272 0.006 2.908, -0.2037 0.0627 2.908, 0.2272 0.006 2.6818, 0.2037 0.0627 2.6818, 0.1663 0.1114 2.6818, 0.1176 0.1488 2.6818, 0.0609 0.1723 2.6818, 0.0 0.1803 2.6818, -0.0609 0.1723 2.6818, -0.1176 0.1488 2.6818, -0.1663 0.1114 2.6818, -0.2037 0.0627 2.6818, -0.2272 0.006 2.6818, -0.2352 -0.0549 2.6818, -0.2272 -0.1158 2.6818, -0.2037 -0.1725 2.6818, -0.1663 -0.2212 2.6818, -0.1176 -0.2586 2.6818, -0.0609 -0.2821 2.6818, 0.0 -0.2901 2.6818, 0.0609 -0.2821 2.6818, 0.1176 -0.2586 2.6818, 0.1663 -0.2212 2.6818, 0.2037 -0.1725 2.6818, 0.2272 -0.1158 2.6818, 0.2352 -0.0549 2.6818
            ]
        }
        coordIndex [
            0,1,2,-1,2,1,3,-1,2,3,4,-1,4,5,2,-1,2,5,6,-1,2,6,7,-1,7,8,2,-1,2,8,9,-1,2,9,10,-1,10,11,2,-1,2,11,12,-1,2,12,13,-1,13,12,14,-1,15,16,17,-1,18,19,20,-1,18,21,22,-1,22,21,23,-1,22,23,24,-1,24,23,25,-1,15,26,27,-1,27,26,28,-1,27,28,29,-1,29,28,30,-1,18,20,21,-1,21,20,31,-1,21,31,32,-1,33,34,35,-1,35,34,32,-1,35,32,36,-1,36,32,31,-1,33,37,34,-1,34,37,38,-1,34,38,39,-1,38,40,39,-1,39,40,41,-1,39,41,42,-1,41,43,42,-1,42,43,44,-1,42,44,45,-1,44,46,45,-1,45,46,47,-1,45,47,48,-1,49,50,51,-1,51,50,48,-1,51,48,52,-1,52,48,47,-1,49,53,50,-1,50,53,54,-1,50,54,55,-1,54,56,55,-1,55,56,57,-1,55,57,58,-1,59,29,60,-1,60,29,30,-1,60,30,61,-1,61,30,58,-1,61,58,62,-1,62,58,57,-1,15,17,26,-1,26,17,63,-1,26,63,64,-1,65,66,67,-1,67,66,64,-1,67,64,68,-1,68,64,63,-1,65,69,66,-1,66,69,70,-1,66,70,71,-1,70,72,71,-1,71,72,73,-1,71,73,74,-1,73,75,74,-1,74,75,76,-1,74,76,77,-1,76,78,77,-1,77,78,79,-1,77,79,80,-1,81,82,83,-1,83,82,80,-1,83,80,84,-1,84,80,79,-1,81,85,82,-1,82,85,86,-1,82,86,87,-1,86,88,87,-1,87,88,89,-1,87,89,90,-1,91,24,92,-1,92,24,25,-1,92,25,93,-1,93,25,90,-1,93,90,94,-1,94,90,89,-1,95,66,96,-1,96,66,71,-1,96,71,97,-1,97,71,74,-1,97,74,98,-1,98,74,77,-1,98,77,99,-1,99,77,80,-1,99,80,100,-1,100,80,82,-1,100,82,101,-1,101,82,87,-1,101,87,102,-1,102,87,90,-1,102,90,103,-1,103,90,25,-1,103,25,104,-1,104,25,23,-1,104,23,105,-1,105,23,21,-1,105,21,106,-1,106,21,32,-1,106,32,107,-1,107,32,34,-1,107,34,108,-1,108,34,39,-1,108,39,109,-1,109,39,42,-1,109,42,110,-1,110,42,45,-1,110,45,111,-1,111,45,48,-1,111,48,112,-1,112,48,50,-1,112,50,113,-1,113,50,55,-1,113,55,114,-1,114,55,58,-1,114,58,115,-1,115,58,30,-1,115,30,116,-1,116,30,28,-1,116,28,117,-1,117,28,26,-1,117,26,118,-1,118,26,64,-1,118,64,95,-1,95,64,66,-1,104,119,103,-1,103,119,120,-1,103,120,102,-1,102,120,121,-1,102,121,101,-1,101,121,122,-1,101,122,100,-1,100,122,123,-1,100,123,99,-1,99,123,124,-1,99,124,98,-1,98,124,125,-1,98,125,97,-1,97,125,126,-1,97,126,96,-1,96,126,127,-1,96,127,95,-1,95,127,128,-1,95,128,118,-1,118,128,129,-1,118,129,117,-1,117,129,130,-1,117,130,116,-1,116,130,131,-1,116,131,115,-1,115,131,132,-1,115,132,114,-1,114,132,133,-1,114,133,113,-1,113,133,134,-1,113,134,112,-1,112,134,135,-1,112,135,111,-1,111,135,136,-1,111,136,110,-1,110,136,137,-1,110,137,109,-1,109,137,138,-1,109,138,108,-1,108,138,139,-1,108,139,107,-1,107,139,140,-1,107,140,106,-1,106,140,141,-1,106,141,105,-1,105,141,142,-1,105,142,104,-1,104,142,119,-1,
        ]
    }
}
Shape{
    appearance Appearance {
        material  Material {
            diffuseColor 0.27450980392156865 0.49411764705882355 0.27450980392156865
            specularColor 0.0196078431372549 0.03529411764705882 0.0196078431372549
            ambientIntensity 0.5763
            transparency 0.0
            shininess 0.5
        }
    }
    geometry IndexedFaceSet {
        ccw TRUE
        solid FALSE
        coord DEF co Coordinate {
            point [
                -0.2362 -1.1024 1.8475, -0.2362 -1.0821 1.8475, 0.2362 -1.1024 1.8475, 0.2362 -1.0821 1.8475, -0.2362 -0.9942 1.3034, 0.2362 -0.9942 1.3034, -0.2362 -0.8354 1.3034, 0.2362 -0.8354 1.3034, -0.2362 -0.8354 0.5543, -0.2362 -0.9997 0.5543, 0.2362 -0.8354 0.5543, 0.2362 -0.9997 0.5543, -0.4331 -1.2992 0.2356, 0.4331 -1.2992 0.2356, 0.2362 -1.1024 0.445, -0.2362 -1.1024 0.445
            ]
        }
        coordIndex [
            0,1,2,-1,2,1,3,-1,1,4,3,-1,3,4,5,-1,4,6,5,-1,5,6,7,-1,8,9,10,-1,10,9,11,-1,12,13,14,-1,11,9,14,-1,14,9,15,-1,14,15,12,-1,4,1,0,-1,8,6,9,-1,9,6,4,-1,9,4,15,-1,15,4,0,-1,14,2,5,-1,5,2,3,-1,7,10,5,-1,5,10,11,-1,5,11,14,-1,
        ]
    }
}
Shape{
    appearance Appearance {
        material  Material {
            diffuseColor 0.6470588235294118 0.6196078431372549 0.5882352941176471
            specularColor 0.45098039215686275 0.43529411764705883 0.4117647058823529
            ambientIntensity 0.6242
            transparency 0.0
            shininess 0.5
        }
    }
    geometry IndexedFaceSet {
        ccw TRUE
        solid FALSE
        coord DEF co Coordinate {
            point [
                0.2037 -0.1725 1.8392, 0.1663 -0.2212 1.8392, 0.3543 -0.6375 1.8392, 0.0609 0.1723 1.8392, 0.1176 0.1488 1.8392, 0.3543 0.5848 1.8392, 0.1663 0.1114 1.8392, 0.2037 0.0627 1.8392, 0.2272 0.006 1.8392, 0.2352 -0.0549 1.8392, 0.2272 -0.1158 1.8392, -0.0609 -0.2821 1.8392, -0.1176 -0.2586 1.8392, -0.3543 -0.6375 1.8392, -0.1663 -0.2212 1.8392, -0.2037 -0.1725 1.8392, -0.3543 0.5848 1.8392, -0.2037 0.0627 1.8392, -0.1663 0.1114 1.8392, -0.2272 -0.1158 1.8392, -0.2352 -0.0549 1.8392, -0.2272 0.006 1.8392, -0.1176 0.1488 1.8392, -0.0609 0.1723 1.8392, 0.0 0.1803 1.8392, 0.1176 -0.2586 1.8392, 0.0609 -0.2821 1.8392, 0.0 -0.2901 1.8392, 0.1969 -0.6375 0.6985, 0.3543 -0.6375 0.4087, 0.1969 -0.6375 1.5748, -0.1969 -0.6375 1.5748, -0.1969 -0.6375 0.6985, -0.3543 -0.6375 0.4087, 0.3543 0.5848 0.4087, -0.3543 0.5848 0.4087, 0.1969 0.5848 1.5748, 0.1969 0.5848 0.6985, -0.1969 0.5848 0.6985, -0.1969 0.5848 1.5748, -0.0984 0.7633 1.5433, -0.0984 0.6956 1.5517, 0.0984 0.7633 1.5433, 0.0984 0.6956 1.5517, 0.0984 0.9712 1.2761, -0.0984 0.9712 1.2761, -0.0984 0.9645 1.3365, 0.0984 0.9645 1.3365, -0.0984 0.9448 1.3938, 0.0984 0.9448 1.3938, -0.0984 0.913 1.4455, 0.0984 0.913 1.4455, -0.0984 0.8706 1.489, 0.0984 0.8706 1.489, -0.0984 0.8198 1.5222, 0.0984 0.8198 1.5222, 0.0984 -0.3824 1.5517, 0.0984 -0.3824 1.3549, 0.0984 0.6956 1.3549, 0.0984 0.7638 1.3155, 0.0984 0.7512 1.3318, 0.0984 0.7349 1.3443, 0.0984 0.7159 1.3522, 0.0984 0.7633 1.5222, 0.0984 -0.0984 -0.9843, 0.0984 0.0984 -0.9843, 0.0984 -0.0984 0.0478, 0.0984 0.0984 0.0478, 0.0984 -0.089 0.1191, 0.0984 0.1011 0.0682, 0.0984 -0.0615 0.1856, 0.0984 0.109 0.0872, 0.0984 -0.0177 0.2427, 0.0984 0.1215 0.1035, 0.0984 0.0394 0.2865, 0.0984 0.1378 0.116, 0.0984 0.1058 0.314, 0.0984 0.1568 0.1238, 0.0984 0.1772 0.3234, 0.0984 0.1772 0.1265, 0.0984 0.6956 0.3234, 0.0984 0.6956 0.1265, 0.0984 0.7159 0.3261, 0.0984 0.7669 0.1359, 0.0984 0.7349 0.3339, 0.0984 0.8334 0.1635, 0.0984 0.7512 0.3464, 0.0984 0.8904 0.2073, 0.0984 0.7638 0.3628, 0.0984 0.9342 0.2643, 0.0984 0.7716 0.3817, 0.0984 0.9618 0.3308, 0.0984 0.7743 0.4021, 0.0984 0.9712 0.4021, 0.0984 0.7743 1.2761, 0.0984 0.7716 1.2965, -0.0984 0.6956 1.3549, -0.0984 -0.3824 1.3549, -0.0984 -0.3824 1.5517, -0.0984 0.7633 1.5222, -0.0984 0.7743 1.2761, -0.0984 0.7716 1.2965, -0.0984 0.7638 1.3155, -0.0984 0.7512 1.3318, -0.0984 0.7349 1.3443, -0.0984 0.7159 1.3522, -0.0984 0.0984 -0.9843, -0.0984 -0.0984 -0.9843, -0.0984 0.0984 0.0478, -0.0984 -0.0984 0.0478, -0.0984 0.1011 0.0682, -0.0984 -0.089 0.1191, -0.0984 0.109 0.0872, -0.0984 -0.0615 0.1856, -0.0984 0.1215 0.1035, -0.0984 -0.0177 0.2427, -0.0984 0.1378 0.116, -0.0984 0.0394 0.2865, -0.0984 0.1568 0.1238, -0.0984 0.1058 0.314, -0.0984 0.1772 0.1265, -0.0984 0.1772 0.3234, -0.0984 0.6956 0.1265, -0.0984 0.6956 0.3234, -0.0984 0.7669 0.1359, -0.0984 0.7159 0.3261, -0.0984 0.8334 0.1635, -0.0984 0.7349 0.3339, -0.0984 0.8904 0.2073, -0.0984 0.7512 0.3464, -0.0984 0.9342 0.2643, -0.0984 0.7638 0.3628, -0.0984 0.9618 0.3308, -0.0984 0.7716 0.3817, -0.0984 0.9712 0.4021, -0.0984 0.7743 0.4021, -0.0591 -0.0591 -1.378, -0.0591 0.0591 -1.378, 0.0591 -0.0591 -1.378, 0.0591 0.0591 -1.378
            ]
        }
        coordIndex [
            0,1,2,-1,3,4,5,-1,5,4,6,-1,5,6,7,-1,7,8,5,-1,5,8,9,-1,5,9,2,-1,2,9,10,-1,2,10,0,-1,11,12,13,-1,13,12,14,-1,13,14,15,-1,16,17,18,-1,15,19,13,-1,13,19,20,-1,13,20,16,-1,16,20,21,-1,16,21,17,-1,18,22,16,-1,16,22,23,-1,16,23,5,-1,5,23,24,-1,5,24,3,-1,1,25,2,-1,2,25,26,-1,2,26,13,-1,13,26,27,-1,13,27,11,-1,28,29,30,-1,30,29,2,-1,30,2,31,-1,31,2,13,-1,31,13,32,-1,32,13,33,-1,32,33,28,-1,28,33,29,-1,34,29,35,-1,35,29,33,-1,36,5,37,-1,37,5,34,-1,37,34,38,-1,38,34,35,-1,38,35,39,-1,39,35,16,-1,39,16,36,-1,36,16,5,-1,29,34,2,-1,2,34,5,-1,35,33,16,-1,16,33,13,-1,31,39,30,-1,30,39,36,-1,38,32,37,-1,37,32,28,-1,32,38,31,-1,31,38,39,-1,37,28,36,-1,36,28,30,-1,40,41,42,-1,42,41,43,-1,44,45,46,-1,44,46,47,-1,47,46,48,-1,47,48,49,-1,49,48,50,-1,49,50,51,-1,51,50,52,-1,51,52,53,-1,53,52,54,-1,53,54,55,-1,56,57,43,-1,43,57,58,-1,59,51,60,-1,60,51,53,-1,60,53,61,-1,61,53,55,-1,61,55,62,-1,62,55,63,-1,62,63,58,-1,58,63,42,-1,58,42,43,-1,64,65,66,-1,66,65,67,-1,66,67,68,-1,68,67,69,-1,68,69,70,-1,70,69,71,-1,70,71,72,-1,72,71,73,-1,72,73,74,-1,74,73,75,-1,74,75,76,-1,76,75,77,-1,76,77,78,-1,78,77,79,-1,78,79,80,-1,80,79,81,-1,80,81,82,-1,82,81,83,-1,82,83,84,-1,84,83,85,-1,84,85,86,-1,86,85,87,-1,86,87,88,-1,88,87,89,-1,88,89,90,-1,90,89,91,-1,90,91,92,-1,92,91,93,-1,92,93,94,-1,94,93,44,-1,94,44,95,-1,95,44,47,-1,95,47,59,-1,59,47,49,-1,59,49,51,-1,96,97,98,-1,99,100,101,-1,101,102,99,-1,99,102,103,-1,99,103,104,-1,41,40,99,-1,98,41,96,-1,96,41,99,-1,96,99,105,-1,105,99,104,-1,106,107,108,-1,108,107,109,-1,108,109,110,-1,110,109,111,-1,110,111,112,-1,112,111,113,-1,112,113,114,-1,114,113,115,-1,114,115,116,-1,116,115,117,-1,116,117,118,-1,118,117,119,-1,118,119,120,-1,120,119,121,-1,120,121,122,-1,122,121,123,-1,122,123,124,-1,124,123,125,-1,124,125,126,-1,126,125,127,-1,126,127,128,-1,128,127,129,-1,128,129,130,-1,130,129,131,-1,130,131,132,-1,132,131,133,-1,132,133,134,-1,134,133,135,-1,134,135,45,-1,45,135,100,-1,99,54,100,-1,100,54,52,-1,100,52,50,-1,50,48,100,-1,100,48,46,-1,100,46,45,-1,56,43,98,-1,98,43,41,-1,57,56,97,-1,97,56,98,-1,58,57,96,-1,96,57,97,-1,58,96,62,-1,62,96,105,-1,62,105,61,-1,61,105,104,-1,61,104,60,-1,60,104,103,-1,60,103,59,-1,59,103,102,-1,59,102,95,-1,95,102,101,-1,95,101,94,-1,94,101,100,-1,92,94,135,-1,135,94,100,-1,92,135,90,-1,90,135,133,-1,90,133,88,-1,88,133,131,-1,88,131,86,-1,86,131,129,-1,86,129,84,-1,84,129,127,-1,84,127,82,-1,82,127,125,-1,82,125,80,-1,80,125,123,-1,78,80,121,-1,121,80,123,-1,78,121,119,-1,78,119,76,-1,76,119,117,-1,76,117,74,-1,74,117,115,-1,74,115,72,-1,72,115,113,-1,72,113,70,-1,70,113,111,-1,70,111,68,-1,68,111,109,-1,68,109,66,-1,64,66,107,-1,107,66,109,-1,136,137,138,-1,138,137,139,-1,106,108,65,-1,65,108,67,-1,67,108,69,-1,69,108,110,-1,69,110,71,-1,71,110,112,-1,71,112,73,-1,73,112,114,-1,73,114,75,-1,75,114,116,-1,75,116,77,-1,77,116,118,-1,77,118,79,-1,79,118,120,-1,81,79,122,-1,122,79,120,-1,81,122,124,-1,81,124,83,-1,83,124,126,-1,83,126,85,-1,85,126,128,-1,85,128,87,-1,87,128,130,-1,87,130,89,-1,89,130,132,-1,89,132,91,-1,91,132,134,-1,91,134,93,-1,44,93,45,-1,45,93,134,-1,
        ]
    }
}
Shape{
    appearance Appearance {
        material  Material {
            diffuseColor 0.27450980392156865 0.49411764705882355 0.27450980392156865
            specularColor 0.0196078431372549 0.03529411764705882 0.0196078431372549
            ambientIntensity 0.5763
            transparency 0.0
            shininess 0.5
        }
    }
    geometry IndexedFaceSet {
        ccw TRUE
        solid FALSE
        coord DEF co Coordinate {
            point [
                -0.2362 -1.1024 1.8475, -0.4221 -1.2882 2.0334, -0.4264 -1.2925 2.0195, -0.4331 -1.2992 0.2356, -0.2362 -1.1024 0.445, -0.4331 -1.2992 1.9685, -0.4314 -1.2975 1.9942, 0.2362 -1.1024 1.8475, 0.4221 -1.2882 2.0334, 0.2362 -1.1024 0.445, 0.4331 -1.2992 0.2356, 0.4331 -1.2992 1.9685, 0.4314 -1.2975 1.9942, 0.4264 -1.2925 2.0195
            ]
        }
        coordIndex [
            0,1,2,-1,3,4,5,-1,5,4,0,-1,5,0,6,-1,6,0,2,-1,7,8,0,-1,0,8,1,-1,9,10,7,-1,7,10,11,-1,11,12,7,-1,7,12,13,-1,7,13,8,-1,
        ]
    }
}
Shape{
    appearance Appearance {
        material  Material {
            diffuseColor 0.6470588235294118 0.6196078431372549 0.5882352941176471
            specularColor 0.45098039215686275 0.43529411764705883 0.4117647058823529
            ambientIntensity 0.6242
            transparency 0.0
            shininess 0.5
        }
    }
    geometry IndexedFaceSet {
        ccw TRUE
        solid FALSE
        coord DEF co Coordinate {
            point [
                0.0984 0.0984 -0.9843, 0.0591 0.0591 -1.378, -0.0984 0.0984 -0.9843, -0.0591 0.0591 -1.378, 0.0984 -0.0984 -0.9843, 0.0591 -0.0591 -1.378, -0.0591 -0.0591 -1.378, -0.0984 -0.0984 -0.9843, 0.2863 0.2314 3.1417, 0.2813 0.2372 3.1417, 0.2795 0.2353 3.1621, 0.2021 0.295 3.1417, 0.1517 0.3212 3.1417, 0.1507 0.3187 3.1621, -0.1045 0.3352 3.1417, -0.1517 0.3212 3.1417, -0.1507 0.3187 3.1621, -0.2863 0.2314 3.1417, -0.3318 0.1783 3.1417, -0.3296 0.1767 3.1621, 0.3433 0.0435 3.2144, 0.3524 0.0435 3.2094, 0.3342 0.0947 3.2099, 0.3934 0.0435 3.1417, 0.3912 0.0499 3.1417, 0.3913 0.0435 3.1596, 0.3906 0.0435 3.1621, 0.3677 0.1097 3.1621, 0.3902 0.0435 3.1636, 0.3605 0.1065 3.1811, 0.3661 0.0435 3.2006, 0.3693 0.0435 3.1971, 0.3491 0.1014 3.1974, 0.3789 0.0435 3.1867, 0.3829 0.0435 3.1805, 0.3604 0.0435 3.205, 0.3364 0.0435 3.2168, 0.3169 0.0869 3.2178, 0.3329 0.0435 3.2174, 0.3166 0.0435 3.2203, 0.2983 0.0786 3.2205, 0.3116 0.0435 3.2205, -0.3116 0.0435 3.2205, -0.2983 0.0786 3.2205, -0.3121 0.0435 3.2205, -0.3169 0.0869 3.2178, -0.3322 0.0435 3.218, -0.3342 0.0947 3.2099, -0.341 0.0435 3.2153, -0.3329 0.0435 3.2178, -0.3693 0.0435 3.1971, -0.3657 0.0435 3.2009, -0.3491 0.1014 3.1974, -0.3583 0.0435 3.2065, -0.3524 0.0435 3.2095, -0.3785 0.0435 3.1872, -0.3605 0.1065 3.1811, -0.3833 0.0435 3.1797, -0.39 0.0435 3.1644, -0.3677 0.1097 3.1621, -0.3904 0.0435 3.1621, -0.3934 0.0435 3.1417, -0.3933 0.0435 3.1467, -0.3912 0.0499 3.1417, -0.3701 0.1108 3.1417, -0.3496 0.147 3.1417, -0.1777 0.2194 3.2205, -0.1222 0.2482 3.2205, -0.1888 0.2365 3.2178, -0.1298 0.2671 3.2178, -0.1991 0.2524 3.2099, -0.1369 0.2847 3.2099, -0.208 0.2661 3.1974, -0.143 0.2998 3.1974, -0.2148 0.2766 3.1811, -0.1477 0.3114 3.1811, -0.2191 0.2832 3.1621, 0.0622 0.2659 3.2205, 0.1222 0.2482 3.2205, 0.0661 0.2859 3.2178, 0.1298 0.2671 3.2178, 0.0697 0.3046 3.2099, 0.1369 0.2847 3.2099, 0.0729 0.3206 3.1974, 0.143 0.2998 3.1974, 0.0752 0.3329 3.1811, 0.1477 0.3114 3.1811, 0.0767 0.3406 3.1621, 0.2674 0.133 3.2205, 0.2841 0.1447 3.2178, 0.2996 0.1556 3.2099, 0.3129 0.165 3.1974, 0.3232 0.1722 3.1811, 0.3296 0.1767 3.1621, -0.3232 0.1722 3.1811, -0.3129 0.165 3.1974, -0.2996 0.1556 3.2099, -0.2841 0.1447 3.2178, -0.2674 0.133 3.2205, -0.2813 0.2372 3.1417, -0.2795 0.2353 3.1621, -0.274 0.2296 3.1811, -0.2653 0.2206 3.1974, -0.254 0.2088 3.2099, -0.2408 0.1952 3.2178, -0.2267 0.1805 3.2205, -0.2205 0.2854 3.1417, -0.2021 0.295 3.1417, -0.0772 0.3432 3.1417, -0.0767 0.3406 3.1621, -0.0752 0.3329 3.1811, -0.0729 0.3206 3.1974, -0.0697 0.3046 3.2099, -0.0661 0.2859 3.2178, -0.0622 0.2659 3.2205, 0.0 0.2719 3.2205, 0.0 0.2923 3.2178, 0.0 0.3113 3.2099, 0.0 0.3276 3.1974, 0.0 0.3401 3.1811, 0.0 0.348 3.1621, 0.0 0.3506 3.1417, 0.0772 0.3432 3.1417, 0.1045 0.3352 3.1417, 0.2205 0.2854 3.1417, 0.2191 0.2832 3.1621, 0.2148 0.2766 3.1811, 0.208 0.2661 3.1974, 0.1991 0.2524 3.2099, 0.1888 0.2365 3.2178, 0.1777 0.2194 3.2205, 0.2267 0.1805 3.2205, 0.2408 0.1952 3.2178, 0.254 0.2088 3.2099, 0.2653 0.2206 3.1974, 0.274 0.2296 3.1811, 0.3318 0.1783 3.1417, 0.3701 0.1108 3.1417, 0.3496 0.147 3.1417, 0.3934 -0.1533 3.0236, -0.3934 -0.1533 3.0236, -0.3934 -0.1533 3.1417, -0.393 -0.1533 3.1498, -0.3905 -0.1533 3.1621, 0.3934 -0.1533 3.1417, -0.39 -0.1533 3.1644, 0.3906 -0.1533 3.1621, 0.3924 -0.1533 3.1542, -0.3825 -0.1533 3.1812, -0.378 -0.1533 3.1878, -0.3692 -0.1533 3.1971, 0.3329 -0.1533 3.2178, 0.3825 -0.1533 3.1811, 0.3836 -0.1533 3.1793, -0.3591 -0.1533 3.206, -0.3524 -0.1533 3.2094, -0.365 -0.1533 3.2015, 0.3693 -0.1533 3.1971, 0.3524 -0.1533 3.2095, 0.3662 -0.1533 3.2005, 0.3588 -0.1533 3.2062, 0.3415 -0.1533 3.2151, 0.3788 -0.1533 3.1868, -0.3418 -0.1533 3.215, -0.3348 -0.1533 3.2173, -0.3329 -0.1533 3.2176, -0.315 -0.1533 3.2204, -0.3116 -0.1533 3.2205, 0.3116 -0.1533 3.2205, 0.3127 -0.1533 3.2205, 0.3906 -0.1533 3.1624, 0.3327 -0.1533 3.2178, -0.3934 0.0435 3.0236, 0.3934 0.0435 3.0236, 0.4055 -0.0549 3.0236, -0.4055 -0.0549 3.0236
            ]
        }
        coordIndex [
            0,1,2,-1,2,1,3,-1,4,5,0,-1,0,5,1,-1,6,7,3,-1,3,7,2,-1,7,6,4,-1,4,6,5,-1,8,9,10,-1,11,12,13,-1,14,15,16,-1,17,18,19,-1,20,21,22,-1,23,24,25,-1,25,24,26,-1,26,27,28,-1,28,27,29,-1,30,31,32,-1,32,31,33,-1,32,33,29,-1,29,33,34,-1,29,34,28,-1,22,21,32,-1,32,21,35,-1,32,35,30,-1,20,22,36,-1,36,22,37,-1,36,37,38,-1,38,37,39,-1,39,37,40,-1,39,40,41,-1,42,43,44,-1,44,43,45,-1,44,45,46,-1,47,48,45,-1,45,48,49,-1,45,49,46,-1,50,51,52,-1,52,51,53,-1,52,53,47,-1,47,53,54,-1,47,54,48,-1,50,52,55,-1,55,52,56,-1,55,56,57,-1,57,56,58,-1,58,56,59,-1,58,59,60,-1,61,62,63,-1,63,62,60,-1,63,60,64,-1,64,60,59,-1,64,59,65,-1,66,67,68,-1,68,67,69,-1,68,69,70,-1,70,69,71,-1,70,71,72,-1,72,71,73,-1,72,73,74,-1,74,73,75,-1,74,75,76,-1,76,75,16,-1,77,78,79,-1,79,78,80,-1,79,80,81,-1,81,80,82,-1,81,82,83,-1,83,82,84,-1,83,84,85,-1,85,84,86,-1,85,86,87,-1,87,86,13,-1,88,40,89,-1,89,40,37,-1,89,37,90,-1,90,37,22,-1,90,22,91,-1,91,22,32,-1,91,32,92,-1,92,32,29,-1,92,29,93,-1,93,29,27,-1,18,65,19,-1,19,65,59,-1,19,59,94,-1,94,59,56,-1,94,56,95,-1,95,56,52,-1,95,52,96,-1,96,52,47,-1,96,47,97,-1,97,47,45,-1,97,45,98,-1,98,45,43,-1,99,17,100,-1,100,17,19,-1,100,19,101,-1,101,19,94,-1,101,94,102,-1,102,94,95,-1,102,95,103,-1,103,95,96,-1,103,96,104,-1,104,96,97,-1,104,97,105,-1,105,97,98,-1,105,66,104,-1,104,66,68,-1,104,68,103,-1,103,68,70,-1,103,70,102,-1,102,70,72,-1,102,72,101,-1,101,72,74,-1,101,74,100,-1,100,74,76,-1,100,76,99,-1,99,76,106,-1,16,15,76,-1,76,15,107,-1,76,107,106,-1,108,14,109,-1,109,14,16,-1,109,16,110,-1,110,16,75,-1,110,75,111,-1,111,75,73,-1,111,73,112,-1,112,73,71,-1,112,71,113,-1,113,71,69,-1,113,69,114,-1,114,69,67,-1,114,115,113,-1,113,115,116,-1,113,116,112,-1,112,116,117,-1,112,117,111,-1,111,117,118,-1,111,118,110,-1,110,118,119,-1,110,119,109,-1,109,119,120,-1,109,120,108,-1,108,120,121,-1,115,77,116,-1,116,77,79,-1,116,79,117,-1,117,79,81,-1,117,81,118,-1,118,81,83,-1,118,83,119,-1,119,83,85,-1,119,85,120,-1,120,85,87,-1,120,87,121,-1,121,87,122,-1,13,12,87,-1,87,12,123,-1,87,123,122,-1,124,11,125,-1,125,11,13,-1,125,13,126,-1,126,13,86,-1,126,86,127,-1,127,86,84,-1,127,84,128,-1,128,84,82,-1,128,82,129,-1,129,82,80,-1,129,80,130,-1,130,80,78,-1,130,131,129,-1,129,131,132,-1,129,132,128,-1,128,132,133,-1,128,133,127,-1,127,133,134,-1,127,134,126,-1,126,134,135,-1,126,135,125,-1,125,135,10,-1,125,10,124,-1,124,10,9,-1,136,8,93,-1,93,8,10,-1,93,10,92,-1,92,10,135,-1,92,135,91,-1,91,135,134,-1,91,134,90,-1,90,134,133,-1,90,133,89,-1,89,133,132,-1,89,132,88,-1,88,132,131,-1,26,24,27,-1,27,24,137,-1,27,137,93,-1,93,137,138,-1,93,138,136,-1,139,140,141,-1,141,142,139,-1,139,142,143,-1,139,143,144,-1,145,146,143,-1,143,146,147,-1,143,147,144,-1,145,148,146,-1,146,148,149,-1,146,149,150,-1,151,152,153,-1,154,155,156,-1,156,155,150,-1,157,158,159,-1,159,158,160,-1,151,161,152,-1,152,161,158,-1,152,158,162,-1,162,158,157,-1,163,164,155,-1,155,164,165,-1,155,165,150,-1,165,166,150,-1,150,166,167,-1,150,167,146,-1,146,167,168,-1,146,168,169,-1,153,170,151,-1,151,170,146,-1,151,146,171,-1,171,146,169,-1,61,172,173,-1,61,173,62,-1,48,173,49,-1,49,173,23,-1,30,35,21,-1,23,25,49,-1,49,25,26,-1,49,26,28,-1,48,54,173,-1,173,54,53,-1,173,53,51,-1,51,50,173,-1,173,50,55,-1,173,55,57,-1,57,58,173,-1,173,58,60,-1,173,60,62,-1,28,34,49,-1,49,34,33,-1,49,33,31,-1,36,38,20,-1,20,38,21,-1,30,21,31,-1,31,21,38,-1,31,38,39,-1,39,41,31,-1,31,41,42,-1,31,42,49,-1,49,42,44,-1,49,44,46,-1,173,172,174,-1,174,172,175,-1,174,175,139,-1,139,175,140,-1,
        ]
    }
}
Shape{
    appearance Appearance {
        material  Material {
            diffuseColor 1.0 0.9490196078431372 0.8980392156862745
            specularColor 0.011764705882352941 0.00784313725490196 0.00784313725490196
            ambientIntensity 0.9585
            transparency 0.0
            shininess 0.5
        }
    }
    geometry IndexedFaceSet {
        ccw TRUE
        solid FALSE
        coord DEF co Coordinate {
            point [
                0.0283 -1.0242 0.0039, 0.0283 -1.0242 -0.0, 0.0374 -1.0664 0.0039, 0.0374 -1.0664 -0.0, 0.0241 -1.0027 0.0039, 0.0241 -1.0027 -0.0, 0.0224 -0.9959 0.0039, 0.0224 -0.9959 -0.0, 0.0233 -0.9997 -0.0, 0.022 -0.9949 0.0039, 0.022 -0.9949 -0.0, 0.0217 -0.9942 0.0039, 0.0217 -0.9942 -0.0, 0.0214 -0.9938 0.0039, 0.0214 -0.9938 -0.0, 0.0211 -0.9935 0.0039, 0.0211 -0.9935 -0.0, 0.0209 -0.9933 0.0039, 0.0209 -0.9933 -0.0, 0.0206 -0.9932 0.0039, 0.0206 -0.9932 -0.0, 0.0204 -0.9932 0.0039, 0.0204 -0.9932 -0.0, 0.0202 -0.9932 0.0039, 0.0202 -0.9932 -0.0, 0.02 -0.9932 0.0039, 0.02 -0.9932 -0.0, 0.0198 -0.9934 0.0039, 0.0198 -0.9934 -0.0, 0.0196 -0.9936 0.0039, 0.0196 -0.9936 -0.0, 0.0195 -0.9938 0.0039, 0.0195 -0.9938 -0.0, 0.0193 -0.9946 0.0039, 0.0193 -0.9946 -0.0, 0.0188 -0.9981 0.0039, 0.0188 -0.9981 -0.0, 0.0186 -0.9997 -0.0, 0.0184 -1.0015 0.0039, 0.0184 -1.0015 -0.0, 0.017 -1.0134 0.0039, 0.017 -1.0134 -0.0, 0.0166 -1.0189 0.0039, 0.0166 -1.0189 -0.0, 0.0167 -1.0215 0.0039, 0.0167 -1.0215 -0.0, 0.0173 -1.0231 0.0039, 0.0173 -1.0231 -0.0, 0.0179 -1.0242 0.0039, 0.0179 -1.0242 -0.0, 0.0193 -1.0267 0.0039, 0.0193 -1.0267 -0.0, 0.023 -1.0391 0.0039, 0.023 -1.0391 -0.0, 0.0261 -1.0517 0.0039, 0.0261 -1.0517 -0.0, 0.0546 -1.1839 -0.0, 0.0552 -1.1867 0.0039, 0.0552 -1.1867 -0.0, 0.0592 -1.1867 0.0039, 0.0592 -1.1867 -0.0, 0.0866 -1.0653 0.0039, 0.0866 -1.0653 -0.0, 0.0598 -1.1839 -0.0, 0.09 -1.0511 0.0039, 0.09 -1.0511 -0.0, 0.0915 -1.0444 0.0039, 0.0915 -1.0444 -0.0, 0.0934 -1.0378 0.0039, 0.0934 -1.0378 -0.0, 0.0954 -1.0324 0.0039, 0.0954 -1.0324 -0.0, 0.0972 -1.0274 0.0039, 0.0972 -1.0274 -0.0, 0.0984 -1.0256 0.0039, 0.0984 -1.0256 -0.0, 0.0993 -1.0245 0.0039, 0.0993 -1.0245 -0.0, 0.0996 -1.0241 0.0039, 0.0996 -1.0241 -0.0, 0.0998 -1.0238 0.0039, 0.0998 -1.0238 -0.0, 0.0998 -1.0235 0.0039, 0.0998 -1.0235 -0.0, 0.0998 -1.0224 0.0039, 0.0998 -1.0224 -0.0, 0.0994 -1.0158 0.0039, 0.0994 -1.0158 -0.0, 0.0994 -1.0157 0.0039, 0.0994 -1.0157 -0.0, 0.0983 -1.003 0.0039, 0.0983 -1.003 -0.0, 0.0979 -0.9997 -0.0, 0.0977 -0.9981 0.0039, 0.0977 -0.9981 -0.0, 0.0976 -0.9967 0.0039, 0.0976 -0.9967 -0.0, 0.0974 -0.9956 0.0039, 0.0974 -0.9956 -0.0, 0.0973 -0.9949 0.0039, 0.0973 -0.9949 -0.0, 0.0971 -0.9944 0.0039, 0.0971 -0.9944 -0.0, 0.097 -0.9941 0.0039, 0.097 -0.9941 -0.0, 0.0969 -0.9939 0.0039, 0.0969 -0.9939 -0.0, 0.0967 -0.9937 0.0039, 0.0967 -0.9937 -0.0, 0.0965 -0.9936 0.0039, 0.0965 -0.9936 -0.0, 0.0963 -0.9936 0.0039, 0.0963 -0.9936 -0.0, 0.096 -0.9936 0.0039, 0.096 -0.9936 -0.0, 0.0958 -0.9936 0.0039, 0.0958 -0.9936 -0.0, 0.0955 -0.9938 0.0039, 0.0955 -0.9938 -0.0, 0.0952 -0.994 0.0039, 0.0952 -0.994 -0.0, 0.095 -0.9943 0.0039, 0.095 -0.9943 -0.0, 0.0948 -0.9948 0.0039, 0.0948 -0.9948 -0.0, 0.0946 -0.9956 0.0039, 0.0946 -0.9956 -0.0, 0.0926 -1.0069 0.0039, 0.0926 -1.0069 -0.0, 0.0938 -0.9997 -0.0, 0.0759 -1.0757 0.0039, 0.0759 -1.0757 -0.0, 0.0572 -1.1595 0.0039, 0.0388 -1.0763 0.0039, 0.0753 -1.08 0.0039, 0.0677 -1.0873 0.0039, 0.0606 -1.0825 0.0039, 0.0582 -1.0812 0.0039, 0.0499 -1.0786 0.0039, 0.0388 -1.0763 -0.0, 0.0572 -1.1595 -0.0, 0.0499 -1.0786 -0.0, 0.0582 -1.0812 -0.0, 0.0606 -1.0825 -0.0, 0.0677 -1.0873 -0.0, 0.0753 -1.08 -0.0, -0.0853 -1.1689 0.0039, -0.0853 -1.1689 -0.0, -0.0802 -1.1646 0.0039, -0.0802 -1.1646 -0.0, -0.0865 -1.1699 0.0039, -0.0865 -1.1699 -0.0, -0.0873 -1.1708 0.0039, -0.0873 -1.1708 -0.0, -0.0878 -1.1719 0.0039, -0.0878 -1.1719 -0.0, -0.0879 -1.1725 0.0039, -0.0879 -1.1725 -0.0, -0.0879 -1.1732 0.0039, -0.0879 -1.1732 -0.0, -0.0877 -1.1739 0.0039, -0.0877 -1.1739 -0.0, -0.0875 -1.1744 0.0039, -0.0875 -1.1744 -0.0, -0.0871 -1.1748 0.0039, -0.0871 -1.1748 -0.0, -0.0867 -1.1751 0.0039, -0.0867 -1.1751 -0.0, -0.0816 -1.1742 0.0039, -0.0816 -1.1742 -0.0, -0.0757 -1.1742 0.0039, -0.0757 -1.1742 -0.0, -0.0733 -1.1747 0.0039, -0.0733 -1.1747 -0.0, -0.0709 -1.1751 0.0039, -0.0709 -1.1751 -0.0, -0.0649 -1.1757 0.0039, -0.0649 -1.1757 -0.0, -0.0542 -1.1788 0.0039, -0.0542 -1.1788 -0.0, -0.048 -1.18 0.0039, -0.048 -1.18 -0.0, -0.0417 -1.1805 0.0039, -0.0417 -1.1805 -0.0, -0.0329 -1.1799 0.0039, -0.0329 -1.1799 -0.0, -0.0265 -1.1784 0.0039, -0.0265 -1.1784 -0.0, -0.0213 -1.1757 0.0039, -0.0213 -1.1757 -0.0, -0.0167 -1.1715 0.0039, -0.0167 -1.1715 -0.0, -0.0121 -1.165 0.0039, -0.0121 -1.165 -0.0, -0.0078 -1.1534 0.0039, -0.0078 -1.1534 -0.0, -0.0036 -1.1217 0.0039, -0.0036 -1.1217 -0.0, -0.0023 -1.0825 0.0039, -0.0023 -1.0825 -0.0, -0.0052 -1.0491 0.0039, -0.0052 -1.0491 -0.0, -0.0106 -1.0304 0.0039, -0.0106 -1.0304 -0.0, -0.0165 -1.0199 0.0039, -0.0165 -1.0199 -0.0, -0.0214 -1.014 0.0039, -0.0214 -1.014 -0.0, -0.0269 -1.0099 0.0039, -0.0269 -1.0099 -0.0, -0.0322 -1.0078 0.0039, -0.0322 -1.0078 -0.0, -0.0527 -1.0046 0.0039, -0.0527 -1.0046 -0.0, -0.0652 -1.0032 0.0039, -0.0652 -1.0032 -0.0, -0.0698 -1.002 0.0039, -0.0698 -1.002 -0.0, -0.0728 -1.0002 0.0039, -0.0728 -1.0002 -0.0, -0.0736 -0.9997 -0.0, -0.0737 -0.9996 0.0039, -0.0737 -0.9996 -0.0, -0.074 -0.9996 0.0039, -0.074 -0.9996 -0.0, -0.0747 -0.9996 -0.0, -0.0747 -0.9996 0.0039, -0.075 -0.9997 -0.0, -0.0753 -0.9998 0.0039, -0.0753 -0.9998 -0.0, -0.0771 -1.0012 0.0039, -0.0771 -1.0012 -0.0, -0.0812 -1.0049 0.0039, -0.0812 -1.0049 -0.0, -0.0825 -1.0064 0.0039, -0.0825 -1.0064 -0.0, -0.0859 -1.01 0.0039, -0.0859 -1.01 -0.0, -0.0866 -1.0108 0.0039, -0.0866 -1.0108 -0.0, -0.0871 -1.0114 0.0039, -0.0871 -1.0114 -0.0, -0.0874 -1.0119 0.0039, -0.0874 -1.0119 -0.0, -0.0876 -1.0122 0.0039, -0.0876 -1.0122 -0.0, -0.0877 -1.0125 0.0039, -0.0877 -1.0125 -0.0, -0.0877 -1.0128 0.0039, -0.0877 -1.0128 -0.0, -0.0876 -1.0132 0.0039, -0.0876 -1.0132 -0.0, -0.0874 -1.0138 0.0039, -0.0874 -1.0138 -0.0, -0.0873 -1.014 0.0039, -0.0873 -1.014 -0.0, -0.0871 -1.0141 0.0039, -0.0871 -1.0141 -0.0, -0.087 -1.0142 0.0039, -0.087 -1.0142 -0.0, -0.0867 -1.0143 0.0039, -0.0867 -1.0143 -0.0, -0.086 -1.0144 0.0039, -0.086 -1.0144 -0.0, -0.085 -1.0143 0.0039, -0.085 -1.0143 -0.0, -0.0811 -1.0143 0.0039, -0.0811 -1.0143 -0.0, -0.0765 -1.0143 0.0039, -0.0765 -1.0143 -0.0, -0.0765 -1.1627 0.0039, -0.0765 -1.1627 -0.0, -0.0784 -1.1635 0.0039, -0.0784 -1.1635 -0.0, -0.0686 -1.1646 0.0039, -0.0686 -1.0148 0.0039, -0.0323 -1.019 0.0039, -0.0386 -1.0174 0.0039, -0.0474 -1.0163 0.0039, -0.0598 -1.0148 0.0039, -0.0277 -1.021 0.0039, -0.0642 -1.0147 0.0039, -0.0632 -1.1669 0.0039, -0.0512 -1.1697 0.0039, -0.0389 -1.1706 0.0039, -0.0314 -1.1691 0.0039, -0.0109 -1.0657 0.0039, -0.0154 -1.0406 0.0039, -0.021 -1.028 0.0039, -0.0243 -1.0237 0.0039, -0.0259 -1.167 0.0039, -0.0226 -1.1646 0.0039, -0.0192 -1.1605 0.0039, -0.016 -1.1544 0.0039, -0.0136 -1.1459 0.0039, -0.0103 -1.1074 0.0039, -0.0474 -1.0163 -0.0, -0.0598 -1.0148 -0.0, -0.0386 -1.0174 -0.0, -0.0323 -1.019 -0.0, -0.0277 -1.021 -0.0, -0.0243 -1.0237 -0.0, -0.021 -1.028 -0.0, -0.0154 -1.0406 -0.0, -0.0109 -1.0657 -0.0, -0.0103 -1.1074 -0.0, -0.0136 -1.1459 -0.0, -0.016 -1.1544 -0.0, -0.0192 -1.1605 -0.0, -0.0226 -1.1646 -0.0, -0.0259 -1.167 -0.0, -0.0314 -1.1691 -0.0, -0.0389 -1.1706 -0.0, -0.0512 -1.1697 -0.0, -0.0632 -1.1669 -0.0, -0.0686 -1.1646 -0.0, -0.0686 -1.0148 -0.0, -0.0642 -1.0147 -0.0, -0.1465 -1.104 0.0039, -0.1465 -1.104 -0.0, -0.1703 -1.1009 0.0039, -0.1703 -1.1009 -0.0, -0.1367 -1.106 0.0039, -0.1367 -1.106 -0.0, -0.1304 -1.1082 0.0039, -0.1304 -1.1082 -0.0, -0.1276 -1.11 0.0039, -0.1276 -1.11 -0.0, -0.125 -1.1114 0.0039, -0.125 -1.1114 -0.0, -0.1168 -1.1032 0.0039, -0.1168 -1.1032 -0.0, -0.1162 -1.1024 0.0039, -0.1162 -1.1024 -0.0, -0.1158 -1.1018 0.0039, -0.1158 -1.1018 -0.0, -0.1156 -1.1012 0.0039, -0.1156 -1.1012 -0.0, -0.1155 -1.1007 0.0039, -0.1155 -1.1007 -0.0, -0.1156 -1.1003 0.0039, -0.1156 -1.1003 -0.0, -0.1157 -1.0998 0.0039, -0.1157 -1.0998 -0.0, -0.1161 -1.0992 0.0039, -0.1161 -1.0992 -0.0, -0.1165 -1.0989 0.0039, -0.1165 -1.0989 -0.0, -0.117 -1.0986 0.0039, -0.117 -1.0986 -0.0, -0.1175 -1.0984 0.0039, -0.1175 -1.0984 -0.0, -0.1182 -1.0983 0.0039, -0.1182 -1.0983 -0.0, -0.1703 -1.091 0.0039, -0.1703 -1.091 -0.0, -0.1703 -1.0143 0.0039, -0.1703 -1.0143 -0.0, -0.1281 -1.0202 0.0039, -0.1281 -1.0202 -0.0, -0.124 -1.0213 0.0039, -0.124 -1.0213 -0.0, -0.1202 -1.0231 0.0039, -0.1202 -1.0231 -0.0, -0.1177 -1.0245 0.0039, -0.1177 -1.0245 -0.0, -0.1097 -1.0157 0.0039, -0.1097 -1.0157 -0.0, -0.1089 -1.0145 0.0039, -0.1089 -1.0145 -0.0, -0.1086 -1.0138 0.0039, -0.1086 -1.0138 -0.0, -0.1086 -1.0134 0.0039, -0.1086 -1.0134 -0.0, -0.1086 -1.013 0.0039, -0.1086 -1.013 -0.0, -0.1087 -1.0125 0.0039, -0.1087 -1.0125 -0.0, -0.109 -1.012 0.0039, -0.109 -1.012 -0.0, -0.1092 -1.0117 0.0039, -0.1092 -1.0117 -0.0, -0.1094 -1.0115 0.0039, -0.1094 -1.0115 -0.0, -0.1097 -1.0114 0.0039, -0.1097 -1.0114 -0.0, -0.1098 -1.0113 0.0039, -0.1098 -1.0113 -0.0, -0.1105 -1.0112 0.0039, -0.1105 -1.0112 -0.0, -0.1114 -1.0111 0.0039, -0.1114 -1.0111 -0.0, -0.1157 -1.0109 0.0039, -0.1157 -1.0109 -0.0, -0.1371 -1.0083 0.0039, -0.1371 -1.0083 -0.0, -0.1584 -1.0049 0.0039, -0.1584 -1.0049 -0.0, -0.1714 -1.0027 0.0039, -0.1714 -1.0027 -0.0, -0.1746 -1.0015 0.0039, -0.1746 -1.0015 -0.0, -0.1766 -1.001 0.0039, -0.1766 -1.001 -0.0, -0.178 -1.001 0.0039, -0.178 -1.001 -0.0, -0.1788 -1.0011 0.0039, -0.1788 -1.0011 -0.0, -0.1794 -1.0014 0.0039, -0.1794 -1.0014 -0.0, -0.1802 -1.0019 0.0039, -0.1802 -1.0019 -0.0, -0.1807 -1.0027 0.0039, -0.1807 -1.0027 -0.0, -0.181 -1.0033 0.0039, -0.181 -1.0033 -0.0, -0.1812 -1.0044 0.0039, -0.1812 -1.0044 -0.0, -0.1812 -1.006 0.0039, -0.1812 -1.006 -0.0, -0.1811 -1.0066 0.0039, -0.1811 -1.0066 -0.0, -0.1793 -1.0138 0.0039, -0.1793 -1.0138 -0.0, -0.1785 -1.0211 0.0039, -0.1785 -1.0211 -0.0, -0.1785 -1.0265 0.0039, -0.1785 -1.0265 -0.0, -0.1784 -1.03 0.0039, -0.1784 -1.03 -0.0, -0.1782 -1.0335 0.0039, -0.1782 -1.0335 -0.0, -0.1785 -1.1632 0.0039, -0.1785 -1.1632 -0.0, -0.1817 -1.167 0.0039, -0.1817 -1.167 -0.0, -0.1837 -1.1693 0.0039, -0.1837 -1.1693 -0.0, -0.1848 -1.171 0.0039, -0.1848 -1.171 -0.0, -0.1852 -1.1719 0.0039, -0.1852 -1.1719 -0.0, -0.1855 -1.1733 0.0039, -0.1855 -1.1733 -0.0, -0.1855 -1.1742 0.0039, -0.1855 -1.1742 -0.0, -0.1855 -1.1748 0.0039, -0.1855 -1.1748 -0.0, -0.1855 -1.175 0.0039, -0.1855 -1.175 -0.0, -0.1854 -1.1753 0.0039, -0.1854 -1.1753 -0.0, -0.1853 -1.1754 0.0039, -0.1853 -1.1754 -0.0, -0.1852 -1.1755 0.0039, -0.1852 -1.1755 -0.0, -0.185 -1.1756 0.0039, -0.185 -1.1756 -0.0, -0.1846 -1.1757 0.0039, -0.1846 -1.1757 -0.0, -0.1839 -1.1757 0.0039, -0.1839 -1.1757 -0.0, -0.1831 -1.1757 0.0039, -0.1831 -1.1757 -0.0, -0.1777 -1.1748 0.0039, -0.1777 -1.1748 -0.0, -0.1729 -1.1742 0.0039, -0.1729 -1.1742 -0.0, -0.1681 -1.1742 0.0039, -0.1681 -1.1742 -0.0, -0.1672 -1.1742 0.0039, -0.1672 -1.1742 -0.0, -0.1617 -1.1744 0.0039, -0.1617 -1.1744 -0.0, -0.1562 -1.1751 0.0039, -0.1562 -1.1751 -0.0, -0.1451 -1.1771 0.0039, -0.1451 -1.1771 -0.0, -0.1354 -1.179 0.0039, -0.1354 -1.179 -0.0, -0.1277 -1.1818 0.0039, -0.1277 -1.1818 -0.0, -0.1261 -1.1827 0.0039, -0.1261 -1.1827 -0.0, -0.1244 -1.1839 -0.0, -0.1236 -1.1844 0.0039, -0.1236 -1.1844 -0.0, -0.1231 -1.1839 -0.0, -0.1154 -1.1759 0.0039, -0.1154 -1.1759 -0.0, -0.1149 -1.175 0.0039, -0.1149 -1.175 -0.0, -0.1145 -1.1743 0.0039, -0.1145 -1.1743 -0.0, -0.1143 -1.1738 0.0039, -0.1143 -1.1738 -0.0, -0.1143 -1.1734 0.0039, -0.1143 -1.1734 -0.0, -0.1143 -1.173 0.0039, -0.1143 -1.173 -0.0, -0.1144 -1.1726 0.0039, -0.1144 -1.1726 -0.0, -0.1147 -1.1723 0.0039, -0.1147 -1.1723 -0.0, -0.1151 -1.1719 0.0039, -0.1151 -1.1719 -0.0, -0.1156 -1.1716 0.0039, -0.1156 -1.1716 -0.0, -0.1161 -1.1715 0.0039, -0.1161 -1.1715 -0.0, -0.1168 -1.1714 0.0039, -0.1168 -1.1714 -0.0, -0.1213 -1.1708 0.0039, -0.1213 -1.1708 -0.0, -0.128 -1.1699 0.0039, -0.128 -1.1699 -0.0, -0.1347 -1.1692 0.0039, -0.1347 -1.1692 -0.0, -0.1703 -1.1632 0.0039, -0.1703 -1.1632 -0.0, -0.2134 -1.1802 0.0039, -0.2134 -1.1802 -0.0, -0.2177 -1.1802 0.0039, -0.2177 -1.1802 -0.0, -0.2134 -1.1046 0.0039, -0.2134 -1.1046 -0.0, -0.2188 -1.1046 0.0039, -0.2188 -1.1046 -0.0, -0.2212 -1.1445 0.0039, -0.2212 -1.1445 -0.0, -0.2247 -1.1573 0.0039, -0.2247 -1.1573 -0.0, -0.2282 -1.1643 0.0039, -0.2282 -1.1643 -0.0, -0.2317 -1.1684 0.0039, -0.2317 -1.1684 -0.0, -0.2354 -1.1713 0.0039, -0.2354 -1.1713 -0.0, -0.2394 -1.173 0.0039, -0.2394 -1.173 -0.0, -0.2437 -1.174 0.0039, -0.2437 -1.174 -0.0, -0.2496 -1.1736 0.0039, -0.2496 -1.1736 -0.0, -0.2547 -1.1719 0.0039, -0.2547 -1.1719 -0.0, -0.2595 -1.1689 0.0039, -0.2595 -1.1689 -0.0, -0.264 -1.1645 0.0039, -0.264 -1.1645 -0.0, -0.2689 -1.1568 0.0039, -0.2689 -1.1568 -0.0, -0.2755 -1.1378 0.0039, -0.2755 -1.1378 -0.0, -0.2781 -1.123 0.0039, -0.2781 -1.123 -0.0, -0.2791 -1.078 0.0039, -0.2791 -1.078 -0.0, -0.2721 -1.0375 0.0039, -0.2721 -1.0375 -0.0, -0.2678 -1.026 0.0039, -0.2678 -1.026 -0.0, -0.2614 -1.0169 0.0039, -0.2614 -1.0169 -0.0, -0.2573 -1.0131 0.0039, -0.2573 -1.0131 -0.0, -0.2537 -1.011 0.0039, -0.2537 -1.011 -0.0, -0.2499 -1.0098 0.0039, -0.2499 -1.0098 -0.0, -0.246 -1.0095 0.0039, -0.246 -1.0095 -0.0, -0.2396 -1.0099 0.0039, -0.2396 -1.0099 -0.0, -0.2334 -1.0123 0.0039, -0.2334 -1.0123 -0.0, -0.2283 -1.0158 0.0039, -0.2283 -1.0158 -0.0, -0.2241 -1.0206 0.0039, -0.2241 -1.0206 -0.0, -0.2205 -1.028 0.0039, -0.2205 -1.028 -0.0, -0.2164 -1.0467 0.0039, -0.2164 -1.0467 -0.0, -0.2152 -1.0551 0.0039, -0.2152 -1.0551 -0.0, -0.2137 -1.07 0.0039, -0.2137 -1.07 -0.0, -0.2092 -1.0698 0.0039, -0.2092 -1.0698 -0.0, -0.2113 -1.036 0.0039, -0.2113 -1.036 -0.0, -0.2146 -1.0233 0.0039, -0.2146 -1.0233 -0.0, -0.2194 -1.0135 0.0039, -0.2194 -1.0135 -0.0, -0.2231 -1.0088 0.0039, -0.2231 -1.0088 -0.0, -0.2285 -1.0044 0.0039, -0.2285 -1.0044 -0.0, -0.2354 -1.0013 0.0039, -0.2354 -1.0013 -0.0, -0.242 -1.0001 0.0039, -0.242 -1.0001 -0.0, -0.2493 -1.0004 0.0039, -0.2493 -1.0004 -0.0, -0.2568 -1.0027 0.0039, -0.2568 -1.0027 -0.0, -0.2633 -1.0065 0.0039, -0.2633 -1.0065 -0.0, -0.2681 -1.0113 0.0039, -0.2681 -1.0113 -0.0, -0.2745 -1.0219 0.0039, -0.2745 -1.0219 -0.0, -0.2824 -1.0456 0.0039, -0.2824 -1.0456 -0.0, -0.2855 -1.0648 0.0039, -0.2855 -1.0648 -0.0, -0.2856 -1.1219 0.0039, -0.2856 -1.1219 -0.0, -0.2788 -1.1526 0.0039, -0.2788 -1.1526 -0.0, -0.2728 -1.1661 0.0039, -0.2728 -1.1661 -0.0, -0.267 -1.1736 0.0039, -0.267 -1.1736 -0.0, -0.2582 -1.1804 0.0039, -0.2582 -1.1804 -0.0, -0.254 -1.1824 0.0039, -0.254 -1.1824 -0.0, -0.25 -1.1832 0.0039, -0.25 -1.1832 -0.0, -0.246 -1.1833 0.0039, -0.246 -1.1833 -0.0, -0.2377 -1.1811 0.0039, -0.2377 -1.1811 -0.0, -0.2311 -1.1775 0.0039, -0.2311 -1.1775 -0.0, -0.2255 -1.1724 0.0039, -0.2255 -1.1724 -0.0, -0.2222 -1.168 0.0039, -0.2222 -1.168 -0.0, -0.2197 -1.1635 0.0039, -0.2197 -1.1635 -0.0, -0.3703 -1.1907 0.0039, -0.3578 -1.1751 0.0039, -0.3578 -1.1751 -0.0, -0.3648 -1.1839 -0.0, -0.3687 -1.1887 -0.0, -0.3703 -1.1907 -0.0, -0.3607 -1.1689 0.0039, -0.3607 -1.1689 -0.0, -0.362 -1.1609 0.0039, -0.362 -1.1609 -0.0, -0.362 -1.1572 0.0039, -0.362 -1.1572 -0.0, -0.362 -1.0129 0.0039, -0.362 -1.0129 -0.0, -0.3403 -1.0147 0.0039, -0.3403 -1.0147 -0.0, -0.3299 -1.0163 0.0039, -0.3299 -1.0163 -0.0, -0.3264 -1.0171 0.0039, -0.3264 -1.0171 -0.0, -0.3243 -1.0181 0.0039, -0.3243 -1.0181 -0.0, -0.3217 -1.0203 0.0039, -0.3217 -1.0203 -0.0, -0.3208 -1.0209 0.0039, -0.3208 -1.0209 -0.0, -0.3199 -1.0213 0.0039, -0.3199 -1.0213 -0.0, -0.3133 -1.0155 0.0039, -0.3133 -1.0155 -0.0, -0.3102 -1.0127 0.0039, -0.3102 -1.0127 -0.0, -0.3091 -1.0115 0.0039, -0.3091 -1.0115 -0.0, -0.3086 -1.0106 0.0039, -0.3086 -1.0106 -0.0, -0.3084 -1.0097 0.0039, -0.3084 -1.0097 -0.0, -0.3083 -1.0086 0.0039, -0.3083 -1.0086 -0.0, -0.3086 -1.008 0.0039, -0.3086 -1.008 -0.0, -0.3088 -1.0077 0.0039, -0.3088 -1.0077 -0.0, -0.3092 -1.0075 0.0039, -0.3092 -1.0075 -0.0, -0.3099 -1.0072 0.0039, -0.3099 -1.0072 -0.0, -0.311 -1.0071 0.0039, -0.311 -1.0071 -0.0, -0.316 -1.007 0.0039, -0.316 -1.007 -0.0, -0.3231 -1.0059 0.0039, -0.3231 -1.0059 -0.0, -0.3418 -1.004 0.0039, -0.3418 -1.004 -0.0, -0.3479 -1.0035 0.0039, -0.3479 -1.0035 -0.0, -0.3598 -1.0024 0.0039, -0.3598 -1.0024 -0.0, -0.3663 -1.0018 0.0039, -0.3663 -1.0018 -0.0, -0.3678 -1.0014 0.0039, -0.3678 -1.0014 -0.0, -0.3686 -1.0013 0.0039, -0.3686 -1.0013 -0.0, -0.3691 -1.0014 0.0039, -0.3691 -1.0014 -0.0, -0.3696 -1.0016 0.0039, -0.3696 -1.0016 -0.0, -0.3699 -1.0018 0.0039, -0.3699 -1.0018 -0.0, -0.3703 -1.0023 0.0039, -0.3703 -1.0023 -0.0, -0.3707 -1.0031 0.0039, -0.3707 -1.0031 -0.0, -0.3709 -1.0038 0.0039, -0.3709 -1.0038 -0.0, -0.3709 -1.0054 0.0039, -0.3709 -1.0054 -0.0, -0.3701 -1.0123 0.0039, -0.3701 -1.0123 -0.0, -0.37 -1.014 0.0039, -0.37 -1.014 -0.0, -0.3694 -1.0307 0.0039, -0.3694 -1.0307 -0.0, -0.3694 -1.1581 0.0039, -0.3694 -1.1581 -0.0, -0.3696 -1.1719 -0.0, -0.3696 -1.1719 0.0039, -0.3714 -1.1839 -0.0, -0.3717 -1.1856 0.0039, -0.3717 -1.1856 -0.0, -0.3722 -1.1884 0.0039, -0.3722 -1.1884 -0.0, -0.372 -1.1887 -0.0
            ]
        }
        coordIndex [
            0,1,2,-1,2,1,3,-1,4,5,0,-1,0,5,1,-1,6,7,4,-1,4,7,8,-1,4,8,5,-1,7,6,9,-1,7,9,10,-1,10,9,11,-1,10,11,12,-1,12,11,13,-1,12,13,14,-1,14,13,15,-1,14,15,16,-1,16,15,17,-1,16,17,18,-1,18,17,19,-1,18,19,20,-1,20,19,21,-1,20,21,22,-1,22,21,23,-1,22,23,24,-1,24,23,25,-1,24,25,26,-1,26,25,27,-1,26,27,28,-1,28,27,29,-1,28,29,30,-1,30,29,31,-1,30,31,32,-1,32,31,33,-1,32,33,34,-1,34,33,35,-1,34,35,36,-1,36,35,37,-1,37,35,38,-1,37,38,39,-1,40,41,38,-1,38,41,39,-1,41,40,42,-1,41,42,43,-1,43,42,44,-1,43,44,45,-1,45,44,46,-1,45,46,47,-1,47,46,48,-1,47,48,49,-1,50,51,48,-1,48,51,49,-1,51,50,52,-1,51,52,53,-1,53,52,54,-1,53,54,55,-1,55,54,56,-1,56,54,57,-1,56,57,58,-1,59,60,57,-1,57,60,58,-1,61,62,59,-1,59,62,63,-1,59,63,60,-1,64,65,61,-1,61,65,62,-1,65,64,66,-1,65,66,67,-1,67,66,68,-1,67,68,69,-1,70,71,68,-1,68,71,69,-1,71,70,72,-1,71,72,73,-1,73,72,74,-1,73,74,75,-1,75,74,76,-1,75,76,77,-1,77,76,78,-1,77,78,79,-1,79,78,80,-1,79,80,81,-1,81,80,82,-1,81,82,83,-1,83,82,84,-1,83,84,85,-1,85,84,86,-1,85,86,87,-1,87,86,88,-1,87,88,89,-1,90,91,88,-1,88,91,89,-1,91,90,92,-1,92,90,93,-1,92,93,94,-1,94,93,95,-1,94,95,96,-1,96,95,97,-1,96,97,98,-1,98,97,99,-1,98,99,100,-1,100,99,101,-1,100,101,102,-1,102,101,103,-1,102,103,104,-1,104,103,105,-1,104,105,106,-1,106,105,107,-1,106,107,108,-1,108,107,109,-1,108,109,110,-1,110,109,111,-1,110,111,112,-1,112,111,113,-1,112,113,114,-1,114,113,115,-1,114,115,116,-1,116,115,117,-1,116,117,118,-1,118,117,119,-1,118,119,120,-1,120,119,121,-1,120,121,122,-1,122,121,123,-1,122,123,124,-1,124,123,125,-1,124,125,126,-1,127,128,125,-1,125,128,129,-1,125,129,126,-1,130,131,127,-1,127,131,128,-1,130,2,131,-1,131,2,3,-1,132,57,133,-1,133,57,54,-1,6,4,35,-1,130,134,135,-1,74,72,127,-1,127,72,70,-1,135,136,130,-1,130,136,137,-1,130,137,2,-1,2,137,138,-1,52,0,54,-1,54,0,2,-1,54,2,133,-1,133,2,138,-1,70,68,127,-1,127,68,66,-1,127,66,130,-1,130,66,64,-1,130,64,134,-1,134,64,61,-1,134,61,132,-1,132,61,59,-1,132,59,57,-1,0,40,4,-1,4,40,38,-1,4,38,35,-1,97,95,125,-1,125,95,93,-1,125,93,127,-1,127,93,90,-1,90,88,127,-1,127,88,86,-1,127,86,74,-1,74,86,84,-1,74,84,76,-1,52,50,0,-1,0,50,48,-1,0,48,46,-1,33,11,35,-1,35,11,9,-1,35,9,6,-1,46,44,0,-1,0,44,42,-1,0,42,40,-1,82,80,84,-1,84,80,78,-1,84,78,76,-1,121,103,123,-1,123,103,101,-1,123,101,125,-1,125,101,99,-1,125,99,97,-1,121,119,103,-1,103,119,117,-1,103,117,105,-1,31,15,33,-1,33,15,13,-1,33,13,11,-1,31,29,15,-1,15,29,27,-1,15,27,25,-1,19,17,21,-1,21,17,15,-1,21,15,23,-1,23,15,25,-1,113,111,115,-1,115,111,109,-1,115,109,117,-1,117,109,107,-1,117,107,105,-1,133,139,132,-1,132,139,140,-1,139,133,138,-1,139,138,141,-1,141,138,137,-1,141,137,142,-1,142,137,136,-1,142,136,143,-1,135,144,136,-1,136,144,143,-1,134,145,135,-1,135,145,144,-1,140,145,132,-1,132,145,134,-1,146,147,148,-1,148,147,149,-1,147,146,150,-1,147,150,151,-1,151,150,152,-1,151,152,153,-1,153,152,154,-1,153,154,155,-1,155,154,156,-1,155,156,157,-1,157,156,158,-1,157,158,159,-1,159,158,160,-1,159,160,161,-1,161,160,162,-1,161,162,163,-1,163,162,164,-1,163,164,165,-1,165,164,166,-1,165,166,167,-1,168,169,166,-1,166,169,167,-1,170,171,168,-1,168,171,169,-1,171,170,172,-1,171,172,173,-1,173,172,174,-1,173,174,175,-1,176,177,174,-1,174,177,175,-1,178,179,176,-1,176,179,177,-1,179,178,180,-1,179,180,181,-1,181,180,182,-1,181,182,183,-1,183,182,184,-1,183,184,185,-1,185,184,186,-1,185,186,187,-1,187,186,188,-1,187,188,189,-1,189,188,190,-1,189,190,191,-1,191,190,192,-1,191,192,193,-1,193,192,194,-1,193,194,195,-1,195,194,196,-1,195,196,197,-1,197,196,198,-1,197,198,199,-1,199,198,200,-1,199,200,201,-1,201,200,202,-1,201,202,203,-1,203,202,204,-1,203,204,205,-1,205,204,206,-1,205,206,207,-1,207,206,208,-1,207,208,209,-1,209,208,210,-1,209,210,211,-1,211,210,212,-1,211,212,213,-1,214,215,212,-1,212,215,213,-1,215,214,216,-1,215,216,217,-1,217,216,218,-1,217,218,219,-1,219,218,220,-1,220,218,221,-1,220,221,222,-1,222,221,223,-1,222,223,224,-1,225,224,226,-1,226,224,223,-1,225,226,227,-1,227,226,228,-1,227,228,229,-1,229,228,230,-1,229,230,231,-1,231,230,232,-1,231,232,233,-1,233,232,234,-1,233,234,235,-1,236,237,234,-1,234,237,235,-1,237,236,238,-1,237,238,239,-1,239,238,240,-1,239,240,241,-1,241,240,242,-1,241,242,243,-1,243,242,244,-1,243,244,245,-1,245,244,246,-1,245,246,247,-1,247,246,248,-1,247,248,249,-1,249,248,250,-1,249,250,251,-1,251,250,252,-1,251,252,253,-1,253,252,254,-1,253,254,255,-1,255,254,256,-1,255,256,257,-1,257,256,258,-1,257,258,259,-1,259,258,260,-1,259,260,261,-1,261,260,262,-1,261,262,263,-1,263,262,264,-1,263,264,265,-1,266,267,264,-1,264,267,265,-1,268,269,266,-1,266,269,267,-1,270,271,268,-1,268,271,269,-1,271,270,272,-1,271,272,273,-1,273,272,148,-1,273,148,149,-1,242,240,264,-1,170,168,274,-1,168,166,146,-1,146,166,164,-1,146,164,150,-1,146,148,168,-1,168,148,272,-1,168,272,274,-1,274,272,270,-1,274,270,275,-1,276,277,232,-1,232,277,278,-1,232,278,279,-1,240,238,264,-1,264,238,236,-1,264,236,266,-1,266,236,234,-1,266,234,268,-1,268,234,232,-1,232,230,276,-1,276,230,216,-1,276,216,280,-1,270,268,275,-1,275,268,232,-1,275,232,281,-1,281,232,279,-1,282,283,178,-1,178,283,180,-1,180,283,284,-1,180,284,182,-1,258,256,254,-1,178,176,282,-1,282,176,174,-1,282,174,274,-1,274,174,172,-1,274,172,170,-1,182,284,184,-1,184,284,285,-1,184,285,186,-1,264,250,248,-1,162,154,164,-1,164,154,152,-1,164,152,150,-1,162,160,154,-1,154,160,158,-1,154,158,156,-1,286,287,202,-1,250,264,252,-1,252,264,262,-1,252,262,254,-1,254,262,260,-1,254,260,258,-1,248,246,264,-1,264,246,244,-1,264,244,242,-1,226,223,228,-1,228,223,221,-1,228,221,230,-1,230,221,218,-1,230,218,216,-1,202,287,204,-1,216,214,280,-1,280,214,212,-1,280,212,210,-1,287,288,204,-1,204,288,289,-1,204,289,206,-1,206,289,280,-1,206,280,208,-1,208,280,210,-1,186,285,188,-1,188,285,290,-1,188,290,190,-1,190,290,291,-1,190,291,192,-1,192,291,292,-1,192,292,194,-1,292,293,194,-1,194,293,294,-1,194,294,196,-1,196,294,295,-1,196,295,198,-1,198,295,286,-1,198,286,200,-1,200,286,202,-1,278,296,279,-1,279,296,297,-1,296,278,277,-1,296,277,298,-1,298,277,276,-1,298,276,299,-1,299,276,280,-1,299,280,300,-1,300,280,289,-1,300,289,301,-1,301,289,288,-1,301,288,302,-1,302,288,287,-1,302,287,303,-1,303,287,286,-1,303,286,304,-1,304,286,295,-1,304,295,305,-1,305,295,294,-1,305,294,306,-1,306,294,293,-1,306,293,307,-1,307,293,292,-1,307,292,308,-1,308,292,291,-1,308,291,309,-1,309,291,290,-1,309,290,310,-1,310,290,285,-1,310,285,311,-1,311,285,284,-1,311,284,312,-1,312,284,283,-1,312,283,313,-1,313,283,282,-1,313,282,314,-1,274,315,282,-1,282,315,314,-1,275,316,274,-1,274,316,315,-1,316,275,281,-1,316,281,317,-1,317,281,279,-1,317,279,297,-1,318,319,320,-1,320,319,321,-1,319,318,322,-1,319,322,323,-1,323,322,324,-1,323,324,325,-1,325,324,326,-1,325,326,327,-1,328,329,326,-1,326,329,327,-1,330,331,328,-1,328,331,329,-1,331,330,332,-1,331,332,333,-1,333,332,334,-1,333,334,335,-1,335,334,336,-1,335,336,337,-1,337,336,338,-1,337,338,339,-1,339,338,340,-1,339,340,341,-1,341,340,342,-1,341,342,343,-1,343,342,344,-1,343,344,345,-1,345,344,346,-1,345,346,347,-1,347,346,348,-1,347,348,349,-1,349,348,350,-1,349,350,351,-1,351,350,352,-1,351,352,353,-1,354,355,352,-1,352,355,353,-1,356,357,354,-1,354,357,355,-1,358,359,356,-1,356,359,357,-1,359,358,360,-1,359,360,361,-1,361,360,362,-1,361,362,363,-1,364,365,362,-1,362,365,363,-1,366,367,364,-1,364,367,365,-1,367,366,368,-1,367,368,369,-1,369,368,370,-1,369,370,371,-1,371,370,372,-1,371,372,373,-1,373,372,374,-1,373,374,375,-1,375,374,376,-1,375,376,377,-1,377,376,378,-1,377,378,379,-1,379,378,380,-1,379,380,381,-1,381,380,382,-1,381,382,383,-1,383,382,384,-1,383,384,385,-1,385,384,386,-1,385,386,387,-1,387,386,388,-1,387,388,389,-1,389,388,390,-1,389,390,391,-1,392,393,390,-1,390,393,391,-1,393,392,394,-1,393,394,395,-1,395,394,396,-1,395,396,397,-1,398,399,396,-1,396,399,397,-1,399,398,400,-1,399,400,401,-1,401,400,402,-1,401,402,403,-1,403,402,404,-1,403,404,405,-1,405,404,406,-1,405,406,407,-1,407,406,408,-1,407,408,409,-1,409,408,410,-1,409,410,411,-1,411,410,412,-1,411,412,413,-1,413,412,414,-1,413,414,415,-1,415,414,416,-1,415,416,417,-1,417,416,418,-1,417,418,419,-1,419,418,420,-1,419,420,421,-1,421,420,422,-1,421,422,423,-1,423,422,424,-1,423,424,425,-1,426,427,424,-1,424,427,425,-1,427,426,428,-1,427,428,429,-1,429,428,430,-1,429,430,431,-1,432,433,430,-1,430,433,431,-1,433,432,434,-1,433,434,435,-1,435,434,436,-1,435,436,437,-1,437,436,438,-1,437,438,439,-1,439,438,440,-1,439,440,441,-1,441,440,442,-1,441,442,443,-1,443,442,444,-1,443,444,445,-1,445,444,446,-1,445,446,447,-1,447,446,448,-1,447,448,449,-1,449,448,450,-1,449,450,451,-1,451,450,452,-1,451,452,453,-1,453,452,454,-1,453,454,455,-1,455,454,456,-1,455,456,457,-1,457,456,458,-1,457,458,459,-1,459,458,460,-1,459,460,461,-1,461,460,462,-1,461,462,463,-1,464,465,462,-1,462,465,463,-1,465,464,466,-1,465,466,467,-1,467,466,468,-1,467,468,469,-1,470,471,468,-1,468,471,469,-1,471,470,472,-1,471,472,473,-1,473,472,474,-1,473,474,475,-1,476,477,474,-1,474,477,475,-1,477,476,478,-1,477,478,479,-1,479,478,480,-1,479,480,481,-1,481,480,482,-1,481,482,483,-1,483,482,484,-1,484,482,485,-1,484,485,486,-1,486,485,487,-1,487,485,488,-1,487,488,489,-1,489,488,490,-1,489,490,491,-1,491,490,492,-1,491,492,493,-1,493,492,494,-1,493,494,495,-1,495,494,496,-1,495,496,497,-1,497,496,498,-1,497,498,499,-1,499,498,500,-1,499,500,501,-1,501,500,502,-1,501,502,503,-1,503,502,504,-1,503,504,505,-1,505,504,506,-1,505,506,507,-1,507,506,508,-1,507,508,509,-1,509,508,510,-1,509,510,511,-1,512,513,510,-1,510,513,511,-1,513,512,514,-1,513,514,515,-1,515,514,516,-1,515,516,517,-1,518,519,516,-1,516,519,517,-1,518,320,519,-1,519,320,321,-1,402,400,356,-1,362,360,392,-1,392,360,358,-1,326,324,352,-1,400,398,356,-1,356,398,396,-1,356,396,358,-1,358,396,394,-1,358,394,392,-1,430,428,356,-1,428,426,356,-1,356,426,424,-1,356,424,422,-1,422,420,356,-1,356,420,418,-1,356,418,416,-1,320,354,318,-1,318,354,352,-1,318,352,322,-1,322,352,324,-1,362,392,364,-1,364,392,390,-1,364,390,366,-1,366,390,388,-1,366,388,386,-1,356,410,408,-1,436,434,518,-1,518,434,432,-1,518,432,320,-1,320,432,430,-1,320,430,354,-1,354,430,356,-1,416,414,356,-1,356,414,412,-1,356,412,410,-1,336,334,350,-1,350,334,352,-1,328,326,330,-1,330,326,352,-1,330,352,332,-1,332,352,334,-1,448,446,518,-1,518,446,444,-1,518,444,442,-1,386,384,366,-1,366,384,382,-1,366,382,380,-1,408,406,356,-1,356,406,404,-1,356,404,402,-1,496,494,508,-1,508,494,492,-1,508,492,510,-1,510,492,490,-1,510,490,488,-1,472,470,518,-1,518,470,468,-1,518,468,466,-1,466,464,518,-1,518,464,462,-1,518,462,460,-1,370,376,372,-1,372,376,374,-1,380,378,366,-1,366,378,376,-1,366,376,368,-1,368,376,370,-1,454,452,518,-1,518,452,450,-1,518,450,448,-1,442,440,518,-1,518,440,438,-1,518,438,436,-1,488,485,510,-1,510,485,482,-1,510,482,512,-1,512,482,480,-1,512,480,514,-1,514,480,478,-1,514,478,516,-1,516,478,476,-1,516,476,518,-1,518,476,474,-1,518,474,472,-1,460,458,518,-1,518,458,456,-1,518,456,454,-1,342,340,350,-1,350,340,338,-1,350,338,336,-1,502,508,504,-1,504,508,506,-1,502,500,508,-1,508,500,498,-1,508,498,496,-1,348,346,350,-1,350,346,344,-1,350,344,342,-1,520,521,522,-1,522,521,523,-1,524,525,520,-1,520,525,521,-1,526,527,524,-1,524,527,525,-1,527,526,528,-1,527,528,529,-1,529,528,530,-1,529,530,531,-1,531,530,532,-1,531,532,533,-1,533,532,534,-1,533,534,535,-1,535,534,536,-1,535,536,537,-1,537,536,538,-1,537,538,539,-1,539,538,540,-1,539,540,541,-1,541,540,542,-1,541,542,543,-1,543,542,544,-1,543,544,545,-1,545,544,546,-1,545,546,547,-1,547,546,548,-1,547,548,549,-1,549,548,550,-1,549,550,551,-1,551,550,552,-1,551,552,553,-1,553,552,554,-1,553,554,555,-1,555,554,556,-1,555,556,557,-1,557,556,558,-1,557,558,559,-1,559,558,560,-1,559,560,561,-1,561,560,562,-1,561,562,563,-1,563,562,564,-1,563,564,565,-1,565,564,566,-1,565,566,567,-1,567,566,568,-1,567,568,569,-1,569,568,570,-1,569,570,571,-1,571,570,572,-1,571,572,573,-1,573,572,574,-1,573,574,575,-1,575,574,576,-1,575,576,577,-1,577,576,578,-1,577,578,579,-1,579,578,580,-1,579,580,581,-1,581,580,582,-1,581,582,583,-1,583,582,584,-1,583,584,585,-1,586,587,584,-1,584,587,585,-1,588,589,586,-1,586,589,587,-1,589,588,590,-1,589,590,591,-1,591,590,592,-1,591,592,593,-1,593,592,594,-1,593,594,595,-1,595,594,596,-1,595,596,597,-1,597,596,598,-1,597,598,599,-1,599,598,600,-1,599,600,601,-1,601,600,602,-1,601,602,603,-1,603,602,604,-1,603,604,605,-1,605,604,606,-1,605,606,607,-1,607,606,608,-1,607,608,609,-1,609,608,610,-1,609,610,611,-1,611,610,612,-1,611,612,613,-1,613,612,614,-1,613,614,615,-1,615,614,616,-1,615,616,617,-1,617,616,618,-1,617,618,619,-1,619,618,620,-1,619,620,621,-1,621,620,622,-1,621,622,623,-1,623,622,624,-1,623,624,625,-1,625,624,626,-1,625,626,627,-1,627,626,628,-1,627,628,629,-1,629,628,630,-1,629,630,631,-1,631,630,632,-1,631,632,633,-1,633,632,634,-1,633,634,635,-1,635,634,636,-1,635,636,637,-1,637,636,638,-1,637,638,639,-1,639,638,640,-1,639,640,641,-1,642,643,640,-1,640,643,641,-1,642,522,643,-1,643,522,523,-1,524,520,642,-1,642,520,522,-1,640,536,642,-1,642,536,534,-1,642,534,532,-1,526,524,528,-1,528,524,642,-1,528,642,530,-1,530,642,532,-1,640,638,536,-1,536,638,636,-1,536,636,538,-1,538,636,634,-1,538,634,540,-1,540,634,632,-1,540,632,542,-1,632,630,542,-1,542,630,628,-1,542,628,544,-1,544,628,626,-1,544,626,546,-1,546,626,624,-1,546,624,548,-1,548,624,622,-1,548,622,550,-1,550,622,552,-1,552,622,620,-1,552,620,554,-1,554,620,618,-1,554,618,556,-1,556,618,616,-1,556,616,558,-1,558,616,614,-1,558,614,560,-1,560,614,612,-1,560,612,562,-1,562,612,610,-1,562,610,564,-1,564,610,608,-1,564,608,566,-1,566,608,606,-1,566,606,568,-1,568,606,604,-1,568,604,570,-1,570,604,602,-1,570,602,572,-1,572,602,600,-1,572,600,574,-1,574,600,598,-1,574,598,576,-1,576,598,596,-1,576,596,578,-1,578,596,594,-1,578,594,580,-1,580,594,592,-1,580,592,582,-1,582,592,590,-1,582,590,584,-1,584,590,588,-1,584,588,586,-1,644,645,646,-1,646,647,644,-1,644,647,648,-1,644,648,649,-1,646,645,650,-1,646,650,651,-1,651,650,652,-1,651,652,653,-1,653,652,654,-1,653,654,655,-1,656,657,654,-1,654,657,655,-1,657,656,658,-1,657,658,659,-1,659,658,660,-1,659,660,661,-1,661,660,662,-1,661,662,663,-1,663,662,664,-1,663,664,665,-1,665,664,666,-1,665,666,667,-1,667,666,668,-1,667,668,669,-1,669,668,670,-1,669,670,671,-1,671,670,672,-1,671,672,673,-1,673,672,674,-1,673,674,675,-1,675,674,676,-1,675,676,677,-1,677,676,678,-1,677,678,679,-1,679,678,680,-1,679,680,681,-1,681,680,682,-1,681,682,683,-1,683,682,684,-1,683,684,685,-1,685,684,686,-1,685,686,687,-1,687,686,688,-1,687,688,689,-1,689,688,690,-1,689,690,691,-1,691,690,692,-1,691,692,693,-1,693,692,694,-1,693,694,695,-1,695,694,696,-1,695,696,697,-1,697,696,698,-1,697,698,699,-1,699,698,700,-1,699,700,701,-1,702,703,700,-1,700,703,701,-1,704,705,702,-1,702,705,703,-1,705,704,706,-1,705,706,707,-1,707,706,708,-1,707,708,709,-1,709,708,710,-1,709,710,711,-1,711,710,712,-1,711,712,713,-1,713,712,714,-1,713,714,715,-1,715,714,716,-1,715,716,717,-1,717,716,718,-1,717,718,719,-1,719,718,720,-1,719,720,721,-1,721,720,722,-1,721,722,723,-1,723,722,724,-1,723,724,725,-1,725,724,726,-1,725,726,727,-1,728,729,726,-1,726,729,727,-1,730,731,728,-1,728,731,729,-1,732,731,733,-1,733,731,730,-1,732,733,734,-1,734,733,735,-1,734,735,736,-1,737,738,735,-1,735,738,736,-1,738,737,739,-1,739,737,644,-1,739,644,649,-1,668,666,694,-1,694,666,664,-1,694,664,696,-1,670,668,672,-1,672,668,694,-1,672,694,674,-1,674,694,692,-1,674,692,676,-1,730,728,656,-1,656,728,726,-1,656,726,724,-1,664,662,696,-1,696,662,660,-1,696,660,698,-1,698,660,658,-1,644,737,645,-1,645,737,735,-1,645,735,650,-1,650,735,733,-1,650,733,652,-1,652,733,730,-1,652,730,654,-1,654,730,656,-1,724,722,656,-1,656,722,720,-1,656,720,718,-1,680,690,688,-1,690,680,692,-1,692,680,678,-1,692,678,676,-1,718,716,656,-1,656,716,714,-1,656,714,712,-1,712,710,656,-1,656,710,708,-1,656,708,706,-1,706,704,656,-1,656,704,702,-1,656,702,658,-1,658,702,700,-1,658,700,698,-1,688,686,680,-1,680,686,684,-1,680,684,682,-1,
        ]
    }
}
Shape{
    appearance Appearance {
        material  Material {
            diffuseColor 0.27450980392156865 0.49411764705882355 0.27450980392156865
            specularColor 0.0196078431372549 0.03529411764705882 0.0196078431372549
            ambientIntensity 0.5763
            transparency 0.0
            shininess 0.5
        }
    }
    geometry IndexedFaceSet {
        ccw TRUE
        solid FALSE
        coord DEF co Coordinate {
            point [
                0.0677 -1.0873 -0.0, 0.0753 -1.08 -0.0, 0.0572 -1.1595 -0.0, 0.0388 -1.0763 -0.0, 0.0499 -1.0786 -0.0, 0.0582 -1.0812 -0.0, 0.0606 -1.0825 -0.0, -0.0686 -1.1646 -0.0, -0.0686 -1.0148 -0.0, -0.0632 -1.1669 -0.0, -0.0642 -1.0147 -0.0, -0.0598 -1.0148 -0.0, -0.0474 -1.0163 -0.0, -0.0386 -1.0174 -0.0, -0.0389 -1.1706 -0.0, -0.0512 -1.1697 -0.0, -0.0103 -1.1074 -0.0, -0.0109 -1.0657 -0.0, -0.0314 -1.1691 -0.0, -0.0136 -1.1459 -0.0, -0.016 -1.1544 -0.0, -0.0323 -1.019 -0.0, -0.0277 -1.021 -0.0, -0.0243 -1.0237 -0.0, -0.0192 -1.1605 -0.0, -0.0226 -1.1646 -0.0, -0.0259 -1.167 -0.0, -0.021 -1.028 -0.0, -0.0154 -1.0406 -0.0, -0.2362 0.9842 1.5222, -0.2362 0.9842 1.8676, 0.2362 0.9842 1.5222, 0.2362 0.9842 1.8676, -0.2362 0.9842 0.7874, -0.2362 1.1811 0.7874, -0.2362 1.1811 1.1811, 0.2362 1.1811 0.7874, 0.2362 0.9842 0.7874, 0.2362 1.1811 1.1811
            ]
        }
        coordIndex [
            0,1,2,-1,2,3,4,-1,4,5,2,-1,2,5,6,-1,2,6,0,-1,7,8,9,-1,9,8,10,-1,10,11,9,-1,9,11,12,-1,9,12,13,-1,14,15,16,-1,16,15,9,-1,16,9,17,-1,14,16,18,-1,18,16,19,-1,18,19,20,-1,13,21,9,-1,9,21,22,-1,9,22,23,-1,20,24,18,-1,18,24,25,-1,18,25,26,-1,23,27,9,-1,9,27,28,-1,9,28,17,-1,29,30,31,-1,31,30,32,-1,33,34,29,-1,29,34,35,-1,29,35,30,-1,36,37,38,-1,38,37,31,-1,38,31,32,-1,37,36,33,-1,33,36,34,-1,
        ]
    }
}
Shape{
    appearance Appearance {
        material  Material {
            diffuseColor 0.6470588235294118 0.6196078431372549 0.5882352941176471
            specularColor 0.45098039215686275 0.43529411764705883 0.4117647058823529
            ambientIntensity 0.6242
            transparency 0.0
            shininess 0.5
        }
    }
    geometry IndexedFaceSet {
        ccw TRUE
        solid FALSE
        coord DEF co Coordinate {
            point [
                -0.6884 -0.1533 3.2205, -1.3116 -0.1533 3.2205, -1.2983 -0.1884 3.2205, -0.7017 -0.1884 3.2205, -1.2674 -0.2428 3.2205, -0.7326 -0.2428 3.2205, -0.7733 -0.2903 3.2205, -1.2267 -0.2903 3.2205, -1.1777 -0.3292 3.2205, -1.0 -0.3817 3.2205, -0.9378 -0.3757 3.2205, -0.8778 -0.358 3.2205, -0.8223 -0.3292 3.2205, -1.1222 -0.358 3.2205, -1.0622 -0.3757 3.2205, -1.2863 -0.3412 3.1417, -1.2813 -0.347 3.1417, -1.2795 -0.3451 3.1621, -1.2021 -0.4048 3.1417, -1.1517 -0.431 3.1417, -1.1507 -0.4285 3.1621, -0.8955 -0.445 3.1417, -0.8483 -0.431 3.1417, -0.8493 -0.4285 3.1621, -0.7137 -0.3412 3.1417, -0.6682 -0.2881 3.1417, -0.6704 -0.2865 3.1621, -0.6873 -0.1533 3.2205, -0.6831 -0.1968 3.2178, -0.6673 -0.1533 3.2178, -0.6671 -0.1533 3.2178, -0.6585 -0.1533 3.2151, -0.6658 -0.2045 3.2099, -0.6476 -0.1533 3.2095, -0.6412 -0.1533 3.2062, -0.6509 -0.2112 3.1974, -0.6338 -0.1533 3.2005, -0.6395 -0.2163 3.1811, -0.6212 -0.1533 3.1868, -0.6307 -0.1533 3.1971, -0.6094 -0.1533 3.1621, -0.6094 -0.1533 3.1624, -0.6323 -0.2195 3.1621, -0.6164 -0.1533 3.1793, -0.6175 -0.1533 3.1811, -0.6066 -0.1533 3.1417, -0.6076 -0.1533 3.1542, -0.6088 -0.1597 3.1417, -0.6299 -0.2206 3.1417, -0.6504 -0.2568 3.1417, -1.3934 -0.1533 3.1417, -1.3912 -0.1597 3.1417, -1.393 -0.1533 3.1498, -1.3905 -0.1533 3.1621, -1.3677 -0.2195 3.1621, -1.39 -0.1533 3.1644, -1.3605 -0.2163 3.1811, -1.3825 -0.1533 3.1812, -1.378 -0.1533 3.1878, -1.3491 -0.2112 3.1974, -1.3692 -0.1533 3.1971, -1.3418 -0.1533 3.215, -1.3524 -0.1533 3.2094, -1.3342 -0.2045 3.2099, -1.3591 -0.1533 3.206, -1.365 -0.1533 3.2015, -1.3348 -0.1533 3.2173, -1.3169 -0.1968 3.2178, -1.3329 -0.1533 3.2176, -1.315 -0.1533 3.2204, -0.8112 -0.3463 3.2178, -0.8702 -0.3769 3.2178, -0.8009 -0.3622 3.2099, -0.8631 -0.3945 3.2099, -0.792 -0.3759 3.1974, -0.857 -0.4096 3.1974, -0.7852 -0.3864 3.1811, -0.8523 -0.4212 3.1811, -0.7809 -0.393 3.1621, -1.0661 -0.3957 3.2178, -1.1298 -0.3769 3.2178, -1.0697 -0.4144 3.2099, -1.1369 -0.3945 3.2099, -1.0729 -0.4304 3.1974, -1.143 -0.4096 3.1974, -1.0752 -0.4427 3.1811, -1.1477 -0.4212 3.1811, -1.0767 -0.4504 3.1621, -1.2841 -0.2545 3.2178, -1.2996 -0.2654 3.2099, -1.3129 -0.2748 3.1974, -1.3232 -0.282 3.1811, -1.3296 -0.2865 3.1621, -0.6768 -0.282 3.1811, -0.6871 -0.2748 3.1974, -0.7004 -0.2654 3.2099, -0.7159 -0.2545 3.2178, -0.7187 -0.347 3.1417, -0.7205 -0.3451 3.1621, -0.726 -0.3394 3.1811, -0.7347 -0.3304 3.1974, -0.746 -0.3186 3.2099, -0.7592 -0.305 3.2178, -0.7795 -0.3952 3.1417, -0.7979 -0.4048 3.1417, -0.9228 -0.453 3.1417, -0.9233 -0.4504 3.1621, -0.9248 -0.4427 3.1811, -0.9271 -0.4304 3.1974, -0.9303 -0.4144 3.2099, -0.9339 -0.3957 3.2178, -1.0 -0.4021 3.2178, -1.0 -0.4211 3.2099, -1.0 -0.4374 3.1974, -1.0 -0.4499 3.1811, -1.0 -0.4578 3.1621, -1.0 -0.4604 3.1417, -1.0772 -0.453 3.1417, -1.1045 -0.445 3.1417, -1.2205 -0.3952 3.1417, -1.2191 -0.393 3.1621, -1.2148 -0.3864 3.1811, -1.208 -0.3759 3.1974, -1.1991 -0.3622 3.2099, -1.1888 -0.3463 3.2178, -1.2408 -0.305 3.2178, -1.254 -0.3186 3.2099, -1.2653 -0.3304 3.1974, -1.274 -0.3394 3.1811, -1.3318 -0.2881 3.1417, -1.3701 -0.2206 3.1417, -1.3496 -0.2568 3.1417, -0.7648 -0.0549 2.6435, -0.7728 0.006 1.8392, -0.7728 0.006 2.6435, -0.7963 0.0627 1.8392, -0.7963 0.0627 2.6435, -0.8337 0.1114 1.8392, -0.8337 0.1114 2.6435, -0.8824 0.1488 1.8392, -0.8824 0.1488 2.6435, -0.9391 0.1723 1.8392, -0.9391 0.1723 2.6435, -1.0 0.1803 1.8392, -1.0 0.1803 2.6435, -1.0609 0.1723 1.8392, -1.0609 0.1723 2.6435, -1.1176 0.1488 1.8392, -1.1176 0.1488 2.6435, -1.1663 0.1114 1.8392, -1.1663 0.1114 2.6435, -1.2037 0.0627 1.8392, -1.2037 0.0627 2.6435, -1.2272 0.006 1.8392, -1.2272 0.006 2.6435, -1.2352 -0.0549 1.8392, -1.2352 -0.0549 2.6435, -1.2272 -0.1158 1.8392, -1.2272 -0.1158 2.6435, -1.2037 -0.1725 1.8392, -1.2037 -0.1725 2.6435, -1.1663 -0.2212 1.8392, -1.1663 -0.2212 2.6435, -1.1176 -0.2586 1.8392, -1.1176 -0.2586 2.6435, -1.0609 -0.2821 1.8392, -1.0609 -0.2821 2.6435, -1.0 -0.2901 1.8392, -1.0 -0.2901 2.6435, -0.9391 -0.2821 1.8392, -0.9391 -0.2821 2.6435, -0.8824 -0.2586 1.8392, -0.8824 -0.2586 2.6435, -0.8337 -0.2212 1.8392, -0.8337 -0.2212 2.6435, -0.7963 -0.1725 1.8392, -0.7963 -0.1725 2.6435, -0.7728 -0.1158 1.8392, -0.7728 -0.1158 2.6435, -0.7648 -0.0549 1.8392
            ]
        }
        coordIndex [
            0,1,2,-1,0,2,3,-1,3,2,4,-1,3,4,5,-1,5,4,6,-1,6,4,7,-1,6,7,8,-1,9,10,6,-1,6,10,11,-1,6,11,12,-1,8,13,6,-1,6,13,14,-1,6,14,9,-1,15,16,17,-1,18,19,20,-1,21,22,23,-1,24,25,26,-1,0,3,27,-1,27,3,28,-1,27,28,29,-1,29,28,30,-1,30,28,31,-1,31,28,32,-1,31,32,33,-1,33,32,34,-1,34,32,35,-1,34,35,36,-1,37,38,35,-1,35,38,39,-1,35,39,36,-1,40,41,42,-1,42,41,43,-1,42,43,37,-1,37,43,44,-1,37,44,38,-1,45,46,47,-1,47,46,40,-1,47,40,48,-1,48,40,42,-1,48,42,49,-1,50,51,52,-1,52,51,53,-1,53,54,55,-1,55,54,56,-1,55,56,57,-1,57,56,58,-1,58,56,59,-1,58,59,60,-1,61,62,63,-1,63,62,64,-1,63,64,59,-1,59,64,65,-1,59,65,60,-1,61,63,66,-1,66,63,67,-1,66,67,68,-1,68,67,69,-1,69,67,2,-1,69,2,1,-1,12,11,70,-1,70,11,71,-1,70,71,72,-1,72,71,73,-1,72,73,74,-1,74,73,75,-1,74,75,76,-1,76,75,77,-1,76,77,78,-1,78,77,23,-1,14,13,79,-1,79,13,80,-1,79,80,81,-1,81,80,82,-1,81,82,83,-1,83,82,84,-1,83,84,85,-1,85,84,86,-1,85,86,87,-1,87,86,20,-1,4,2,88,-1,88,2,67,-1,88,67,89,-1,89,67,63,-1,89,63,90,-1,90,63,59,-1,90,59,91,-1,91,59,56,-1,91,56,92,-1,92,56,54,-1,25,49,26,-1,26,49,42,-1,26,42,93,-1,93,42,37,-1,93,37,94,-1,94,37,35,-1,94,35,95,-1,95,35,32,-1,95,32,96,-1,96,32,28,-1,96,28,5,-1,5,28,3,-1,97,24,98,-1,98,24,26,-1,98,26,99,-1,99,26,93,-1,99,93,100,-1,100,93,94,-1,100,94,101,-1,101,94,95,-1,101,95,102,-1,102,95,96,-1,102,96,6,-1,6,96,5,-1,6,12,102,-1,102,12,70,-1,102,70,101,-1,101,70,72,-1,101,72,100,-1,100,72,74,-1,100,74,99,-1,99,74,76,-1,99,76,98,-1,98,76,78,-1,98,78,97,-1,97,78,103,-1,23,22,78,-1,78,22,104,-1,78,104,103,-1,105,21,106,-1,106,21,23,-1,106,23,107,-1,107,23,77,-1,107,77,108,-1,108,77,75,-1,108,75,109,-1,109,75,73,-1,109,73,110,-1,110,73,71,-1,110,71,10,-1,10,71,11,-1,10,9,110,-1,110,9,111,-1,110,111,109,-1,109,111,112,-1,109,112,108,-1,108,112,113,-1,108,113,107,-1,107,113,114,-1,107,114,106,-1,106,114,115,-1,106,115,105,-1,105,115,116,-1,9,14,111,-1,111,14,79,-1,111,79,112,-1,112,79,81,-1,112,81,113,-1,113,81,83,-1,113,83,114,-1,114,83,85,-1,114,85,115,-1,115,85,87,-1,115,87,116,-1,116,87,117,-1,20,19,87,-1,87,19,118,-1,87,118,117,-1,119,18,120,-1,120,18,20,-1,120,20,121,-1,121,20,86,-1,121,86,122,-1,122,86,84,-1,122,84,123,-1,123,84,82,-1,123,82,124,-1,124,82,80,-1,124,80,8,-1,8,80,13,-1,8,7,124,-1,124,7,125,-1,124,125,123,-1,123,125,126,-1,123,126,122,-1,122,126,127,-1,122,127,121,-1,121,127,128,-1,121,128,120,-1,120,128,17,-1,120,17,119,-1,119,17,16,-1,129,15,92,-1,92,15,17,-1,92,17,91,-1,91,17,128,-1,91,128,90,-1,90,128,127,-1,90,127,89,-1,89,127,126,-1,89,126,88,-1,88,126,125,-1,88,125,4,-1,4,125,7,-1,53,51,54,-1,54,51,130,-1,54,130,92,-1,92,130,131,-1,92,131,129,-1,132,133,134,-1,134,133,135,-1,134,135,136,-1,136,135,137,-1,136,137,138,-1,138,137,139,-1,138,139,140,-1,140,139,141,-1,140,141,142,-1,142,141,143,-1,142,143,144,-1,144,143,145,-1,144,145,146,-1,146,145,147,-1,146,147,148,-1,148,147,149,-1,148,149,150,-1,150,149,151,-1,150,151,152,-1,152,151,153,-1,152,153,154,-1,154,153,155,-1,154,155,156,-1,156,155,157,-1,156,157,158,-1,158,157,159,-1,158,159,160,-1,160,159,161,-1,160,161,162,-1,162,161,163,-1,162,163,164,-1,164,163,165,-1,164,165,166,-1,166,165,167,-1,166,167,168,-1,168,167,169,-1,168,169,170,-1,170,169,171,-1,170,171,172,-1,172,171,173,-1,172,173,174,-1,174,173,175,-1,174,175,176,-1,176,175,177,-1,176,177,178,-1,178,177,179,-1,178,179,132,-1,132,179,133,-1,
        ]
    }
}
Shape{
    appearance Appearance {
        material  Material {
            diffuseColor 0.27450980392156865 0.49411764705882355 0.27450980392156865
            specularColor 0.0196078431372549 0.03529411764705882 0.0196078431372549
            ambientIntensity 0.5763
            transparency 0.0
            shininess 0.5
        }
    }
    geometry IndexedFaceSet {
        ccw TRUE
        solid FALSE
        coord DEF co Coordinate {
            point [
                -1.5 1.1811 -0.0, -1.5 -0.9843 2.1654, -1.5 1.1811 1.1811, -1.5 -0.6361 3.4646, -1.5 0.5263 3.4646, -1.5 -0.9512 -0.0, -1.5 -0.9997 -0.0, -1.5 -1.1024 2.1654, -1.5 -1.1887 -0.0, -1.5 -1.2992 -0.0, -1.5 -1.2992 1.9685, -1.5 -1.1533 2.1586, -1.5 -1.1839 -0.0, -1.5 -1.2008 2.139, -1.5 -1.2925 2.0195, -1.5 -1.2728 2.0669, -1.5 -1.2416 2.1077, -0.6063 -0.8354 0.5543, -0.6063 -0.9093 -0.0, -0.7638 -0.8354 0.5543, -0.9929 -0.9093 -0.0, -1.2362 -0.8354 0.5543, -1.0983 -0.9093 -0.0, -1.1973 -0.9093 -0.0, -1.3937 -0.9093 -0.0, -1.3937 -0.8354 0.5543, -1.383 -0.9093 -0.0, -1.2983 -0.9093 -0.0, -1.2362 -0.8354 1.3034, -1.3937 -0.8354 1.5292, -0.7638 -0.8354 1.3034, -0.6063 -0.8354 1.5292, -1.3937 -0.6872 1.5292, -0.6063 -0.6872 1.5292, -1.3937 -0.6872 2.6435, -0.6063 -0.6872 2.6435, -0.8337 -0.2212 2.6435, -0.7963 -0.1725 2.6435, -1.2272 -0.1158 2.6435, -1.2037 -0.1725 2.6435, -1.1663 -0.2212 2.6435, -1.1176 -0.2586 2.6435, -0.8824 -0.2586 2.6435, -1.0609 -0.2821 2.6435, -1.0 -0.2901 2.6435, -0.9391 -0.2821 2.6435, -0.7963 0.0627 2.6435, -0.8337 0.1114 2.6435, -0.6063 0.6045 2.6435, -0.8824 0.1488 2.6435, -1.2352 -0.0549 2.6435, -1.3937 0.6045 2.6435, -1.2272 0.006 2.6435, -0.7728 -0.1158 2.6435, -0.7648 -0.0549 2.6435, -0.7728 0.006 2.6435, -1.1176 0.1488 2.6435, -1.1663 0.1114 2.6435, -1.2037 0.0627 2.6435, -0.9391 0.1723 2.6435, -1.0 0.1803 2.6435, -1.0609 0.1723 2.6435, -1.3937 0.6045 2.4779, -0.6063 0.6045 2.4779, -1.3937 0.7633 1.9241, -0.6063 0.7633 1.9241, -0.9016 0.7633 1.5222, -0.6063 0.7633 1.5222, -0.9016 0.7633 1.5433, -1.0984 0.7633 1.5433, -1.0984 0.7633 1.5222, -1.3937 0.7633 1.5222, -0.9016 0.8198 1.5222, -0.6063 0.9842 1.5222, -1.3937 0.9842 1.5222, -1.2362 0.9842 1.5222, -1.0984 0.8198 1.5222, -0.7638 0.9842 1.5222, -1.2362 0.9842 0.7874, -1.3937 0.9842 -0.0, -0.7638 0.9842 0.7874, -1.383 0.9842 -0.0, -1.2983 0.9842 -0.0, -1.1973 0.9842 -0.0, -1.0983 0.9842 -0.0, -0.9929 0.9842 -0.0, -0.6063 0.9842 -0.0, -0.7728 0.006 2.6818, -0.6913 0.0278 2.6818, -0.7963 0.0627 2.6818, -0.7232 0.1049 2.6818, -0.8337 0.1114 2.6818, -0.774 0.1711 2.6818, -0.8824 0.1488 2.6818, -0.8402 0.2219 2.6818, -0.9391 0.1723 2.6818, -0.9173 0.2538 2.6818, -1.0 0.1803 2.6818, -1.0 0.2647 2.6818, -1.0609 0.1723 2.6818, -1.0827 0.2538 2.6818, -1.1176 0.1488 2.6818, -1.1598 0.2219 2.6818, -1.1663 0.1114 2.6818, -1.226 0.1711 2.6818, -1.2037 0.0627 2.6818, -1.2768 0.1049 2.6818, -1.2272 0.006 2.6818, -1.3087 0.0278 2.6818, -1.2352 -0.0549 2.6818, -1.3196 -0.0549 2.6818, -1.2272 -0.1158 2.6818, -1.3087 -0.1376 2.6818, -1.2037 -0.1725 2.6818, -1.2768 -0.2147 2.6818, -1.1663 -0.2212 2.6818, -1.226 -0.2809 2.6818, -1.1176 -0.2586 2.6818, -1.1598 -0.3317 2.6818, -1.0609 -0.2821 2.6818, -1.0827 -0.3636 2.6818, -1.0 -0.2901 2.6818, -1.0 -0.3745 2.6818, -0.9391 -0.2821 2.6818, -0.9173 -0.3636 2.6818, -0.8824 -0.2586 2.6818, -0.8402 -0.3317 2.6818, -0.8337 -0.2212 2.6818, -0.774 -0.2809 2.6818, -0.7963 -0.1725 2.6818, -0.7232 -0.2147 2.6818, -0.7728 -0.1158 2.6818, -0.6913 -0.1376 2.6818, -0.7648 -0.0549 2.6818, -0.6804 -0.0549 2.6818, -0.6804 -0.0549 2.7983, -0.6913 0.0278 2.7983, -0.7232 0.1049 2.7983, -0.774 0.1711 2.7983, -0.8402 0.2219 2.7983, -0.9173 0.2538 2.7983, -1.0 0.2647 2.7983, -1.0827 0.2538 2.7983, -1.1598 0.2219 2.7983, -1.226 0.1711 2.7983, -1.2768 0.1049 2.7983, -1.3087 0.0278 2.7983, -1.3196 -0.0549 2.7983, -1.3087 -0.1376 2.7983, -1.2768 -0.2147 2.7983, -1.226 -0.2809 2.7983, -1.1598 -0.3317 2.7983, -1.0827 -0.3636 2.7983, -1.0 -0.3745 2.7983, -0.9173 -0.3636 2.7983, -0.8402 -0.3317 2.7983, -0.774 -0.2809 2.7983, -0.7232 -0.2147 2.7983, -0.6913 -0.1376 2.7983, -0.5702 0.0602 2.7983, -0.6147 0.1676 2.7983, -0.6854 0.2597 2.7983, -0.7775 0.3304 2.7983, -0.8848 0.3748 2.7983, -1.0 0.39 2.7983, -1.1152 0.3748 2.7983, -1.2225 0.3304 2.7983, -1.3146 0.2597 2.7983, -1.3853 0.1676 2.7983, -1.4298 0.0602 2.7983, -1.4449 -0.0549 2.7983, -1.4298 -0.1701 2.7983, -1.3853 -0.2774 2.7983, -1.3146 -0.3695 2.7983, -1.2225 -0.4402 2.7983, -1.1152 -0.4847 2.7983, -1.0 -0.4998 2.7983, -0.8848 -0.4847 2.7983, -0.7775 -0.4402 2.7983, -0.6854 -0.3695 2.7983, -0.6147 -0.2774 2.7983, -0.5702 -0.1701 2.7983, -0.5551 -0.0549 2.7983, -0.5551 -0.0549 3.4646, -0.5702 0.0602 3.4646, -0.6147 0.1676 3.4646, -0.6854 0.2597 3.4646, -0.7775 0.3304 3.4646, -0.8848 0.3748 3.4646, -1.0 0.39 3.4646, -1.1152 0.3748 3.4646, -1.2225 0.3304 3.4646, -1.3146 0.2597 3.4646, -1.3853 0.1676 3.4646, -1.4298 0.0602 3.4646, -1.4449 -0.0549 3.4646, -1.4298 -0.1701 3.4646, -1.3853 -0.2774 3.4646, -1.3146 -0.3695 3.4646, -1.2225 -0.4402 3.4646, -1.1152 -0.4847 3.4646, -1.0 -0.4998 3.4646, -0.8848 -0.4847 3.4646, -0.7775 -0.4402 3.4646, -0.6854 -0.3695 3.4646, -0.6147 -0.2774 3.4646, -0.5702 -0.1701 3.4646
            ]
        }
        coordIndex [
            0,1,2,-1,2,1,3,-1,2,3,4,-1,0,5,1,-1,1,5,6,-1,1,6,7,-1,8,9,10,-1,7,6,11,-1,11,6,12,-1,11,12,13,-1,10,14,15,-1,12,8,13,-1,13,8,10,-1,13,10,16,-1,16,10,15,-1,17,18,19,-1,19,18,20,-1,19,20,21,-1,21,20,22,-1,21,22,23,-1,24,25,26,-1,26,25,21,-1,26,21,27,-1,27,21,23,-1,21,25,28,-1,28,25,29,-1,28,29,30,-1,30,29,31,-1,30,31,19,-1,19,31,17,-1,29,32,31,-1,31,32,33,-1,32,34,33,-1,33,34,35,-1,36,37,35,-1,38,39,34,-1,34,39,40,-1,34,40,41,-1,36,35,42,-1,41,43,34,-1,34,43,44,-1,34,44,35,-1,35,44,45,-1,35,45,42,-1,46,47,48,-1,48,47,49,-1,38,34,50,-1,50,34,51,-1,50,51,52,-1,37,53,35,-1,35,53,54,-1,35,54,48,-1,48,54,55,-1,48,55,46,-1,56,57,51,-1,51,57,58,-1,51,58,52,-1,49,59,48,-1,48,59,60,-1,48,60,51,-1,51,60,61,-1,51,61,56,-1,51,62,48,-1,48,62,63,-1,62,64,63,-1,63,64,65,-1,66,67,68,-1,68,67,65,-1,68,65,69,-1,69,65,64,-1,69,64,70,-1,70,64,71,-1,67,66,72,-1,67,72,73,-1,71,74,75,-1,70,71,76,-1,76,71,75,-1,76,75,72,-1,72,75,77,-1,72,77,73,-1,75,74,78,-1,78,74,79,-1,73,77,80,-1,79,81,78,-1,78,81,82,-1,78,82,83,-1,83,84,78,-1,78,84,85,-1,78,85,80,-1,80,85,86,-1,80,86,73,-1,79,74,24,-1,24,74,71,-1,62,51,34,-1,32,29,25,-1,62,34,64,-1,64,34,32,-1,64,32,71,-1,71,32,25,-1,71,25,24,-1,73,86,67,-1,67,86,18,-1,17,31,33,-1,18,17,67,-1,67,17,33,-1,67,33,65,-1,65,33,35,-1,65,35,63,-1,63,35,48,-1,87,88,89,-1,89,88,90,-1,89,90,91,-1,91,90,92,-1,91,92,93,-1,93,92,94,-1,93,94,95,-1,95,94,96,-1,95,96,97,-1,97,96,98,-1,97,98,99,-1,99,98,100,-1,99,100,101,-1,101,100,102,-1,101,102,103,-1,103,102,104,-1,103,104,105,-1,105,104,106,-1,105,106,107,-1,107,106,108,-1,107,108,109,-1,109,108,110,-1,109,110,111,-1,111,110,112,-1,111,112,113,-1,113,112,114,-1,113,114,115,-1,115,114,116,-1,115,116,117,-1,117,116,118,-1,117,118,119,-1,119,118,120,-1,119,120,121,-1,121,120,122,-1,121,122,123,-1,123,122,124,-1,123,124,125,-1,125,124,126,-1,125,126,127,-1,127,126,128,-1,127,128,129,-1,129,128,130,-1,129,130,131,-1,131,130,132,-1,131,132,133,-1,133,132,134,-1,133,134,87,-1,87,134,88,-1,134,135,88,-1,88,135,136,-1,88,136,90,-1,90,136,137,-1,90,137,92,-1,92,137,138,-1,92,138,94,-1,94,138,139,-1,94,139,96,-1,96,139,140,-1,96,140,98,-1,98,140,141,-1,98,141,100,-1,100,141,142,-1,100,142,102,-1,102,142,143,-1,102,143,104,-1,104,143,144,-1,104,144,106,-1,106,144,145,-1,106,145,108,-1,108,145,146,-1,108,146,110,-1,110,146,147,-1,110,147,112,-1,112,147,148,-1,112,148,114,-1,114,148,149,-1,114,149,116,-1,116,149,150,-1,116,150,118,-1,118,150,151,-1,118,151,120,-1,120,151,152,-1,120,152,122,-1,122,152,153,-1,122,153,124,-1,124,153,154,-1,124,154,126,-1,126,154,155,-1,126,155,128,-1,128,155,156,-1,128,156,130,-1,130,156,157,-1,130,157,132,-1,132,157,158,-1,132,158,134,-1,134,158,135,-1,136,159,137,-1,137,159,160,-1,137,160,138,-1,138,160,161,-1,138,161,139,-1,139,161,162,-1,139,162,140,-1,140,162,163,-1,140,163,141,-1,141,163,164,-1,141,164,142,-1,142,164,165,-1,142,165,143,-1,143,165,166,-1,143,166,144,-1,144,166,167,-1,144,167,145,-1,145,167,168,-1,145,168,146,-1,146,168,169,-1,146,169,147,-1,147,169,170,-1,147,170,148,-1,148,170,171,-1,148,171,149,-1,149,171,172,-1,149,172,150,-1,150,172,173,-1,150,173,151,-1,151,173,174,-1,151,174,152,-1,152,174,175,-1,152,175,153,-1,153,175,176,-1,153,176,154,-1,154,176,177,-1,154,177,155,-1,155,177,178,-1,155,178,156,-1,156,178,179,-1,156,179,157,-1,157,179,180,-1,157,180,158,-1,158,180,181,-1,158,181,135,-1,135,181,182,-1,135,182,136,-1,136,182,159,-1,182,183,159,-1,159,183,184,-1,159,184,160,-1,160,184,185,-1,160,185,161,-1,161,185,186,-1,161,186,162,-1,162,186,187,-1,162,187,163,-1,163,187,188,-1,163,188,164,-1,164,188,189,-1,164,189,165,-1,165,189,190,-1,165,190,166,-1,166,190,191,-1,166,191,167,-1,167,191,192,-1,167,192,168,-1,168,192,193,-1,168,193,169,-1,169,193,194,-1,169,194,170,-1,170,194,195,-1,170,195,171,-1,171,195,196,-1,171,196,172,-1,172,196,197,-1,172,197,173,-1,173,197,198,-1,173,198,174,-1,174,198,199,-1,174,199,175,-1,175,199,200,-1,175,200,176,-1,176,200,201,-1,176,201,177,-1,177,201,202,-1,177,202,178,-1,178,202,203,-1,178,203,179,-1,179,203,204,-1,179,204,180,-1,180,204,205,-1,180,205,181,-1,181,205,206,-1,181,206,182,-1,182,206,183,-1,
        ]
    }
}
Shape{
    appearance Appearance {
        material  Material {
            diffuseColor 0.6470588235294118 0.6196078431372549 0.5882352941176471
            specularColor 0.45098039215686275 0.43529411764705883 0.4117647058823529
            ambientIntensity 0.6242
            transparency 0.0
            shininess 0.5
        }
    }
    geometry IndexedFaceSet {
        ccw TRUE
        solid FALSE
        coord DEF co Coordinate {
            point [
                -1.3116 0.0435 3.2205, -0.6884 0.0435 3.2205, -0.7017 0.0786 3.2205, -1.2983 0.0786 3.2205, -0.7326 0.133 3.2205, -0.7733 0.1805 3.2205, -0.9378 0.2659 3.2205, -1.0 0.2719 3.2205, -0.8778 0.2482 3.2205, -1.0622 0.2659 3.2205, -1.1222 0.2482 3.2205, -1.1777 0.2194 3.2205, -1.2267 0.1805 3.2205, -0.8223 0.2194 3.2205, -1.2674 0.133 3.2205, -1.3934 0.0435 3.0236, -1.3934 0.0435 3.1417, -1.3912 0.0499 3.1417, -0.6066 -0.1533 3.0236, -0.6066 -0.1533 3.1417, -0.6088 -0.1597 3.1417, -0.6083 -0.1599 2.908, -0.5945 -0.0549 3.0236, -0.5945 -0.0549 2.908, -0.6066 0.0435 3.0236, -0.6083 0.0501 2.908, -1.3917 0.0501 2.908, -1.4055 -0.0549 3.0236, -1.4055 -0.0549 2.908, -1.3934 -0.1533 3.0236, -1.3917 -0.1599 2.908, -0.6299 -0.2206 3.1417, -0.6488 -0.2577 2.908, -0.7137 -0.3412 3.1417, -0.7132 -0.3417 2.908, -0.6682 -0.2881 3.1417, -0.6504 -0.2568 3.1417, -0.7187 -0.347 3.1417, -0.7795 -0.3952 3.1417, -0.7972 -0.4061 2.908, -0.7979 -0.4048 3.1417, -0.8483 -0.431 3.1417, -0.895 -0.4466 2.908, -0.8955 -0.445 3.1417, -0.9228 -0.453 3.1417, -1.0 -0.4604 2.908, -1.0 -0.4604 3.1417, -1.0772 -0.453 3.1417, -1.105 -0.4466 2.908, -1.2021 -0.4048 3.1417, -1.2028 -0.4061 2.908, -1.1517 -0.431 3.1417, -1.1045 -0.445 3.1417, -1.2205 -0.3952 3.1417, -1.2813 -0.347 3.1417, -1.2868 -0.3417 2.908, -1.2863 -0.3412 3.1417, -1.3318 -0.2881 3.1417, -1.3512 -0.2577 2.908, -1.3934 -0.1533 3.1417, -1.3912 -0.1597 3.1417, -1.3701 -0.2206 3.1417, -1.3496 -0.2568 3.1417, -1.3701 0.1108 3.1417, -1.3512 0.1479 2.908, -1.2863 0.2314 3.1417, -1.2868 0.2319 2.908, -1.3318 0.1783 3.1417, -1.3496 0.147 3.1417, -1.2813 0.2372 3.1417, -1.2205 0.2854 3.1417, -1.2028 0.2963 2.908, -1.2021 0.295 3.1417, -1.1517 0.3212 3.1417, -1.105 0.3368 2.908, -1.1045 0.3352 3.1417, -1.0772 0.3432 3.1417, -1.0 0.3506 2.908, -1.0 0.3506 3.1417, -0.9228 0.3432 3.1417, -0.895 0.3368 2.908, -0.7979 0.295 3.1417, -0.7972 0.2963 2.908, -0.8483 0.3212 3.1417, -0.8955 0.3352 3.1417, -0.7795 0.2854 3.1417, -0.7187 0.2372 3.1417, -0.7132 0.2319 2.908, -0.7137 0.2314 3.1417, -0.6682 0.1783 3.1417, -0.6488 0.1479 2.908, -0.6066 0.0435 3.1417, -0.6088 0.0499 3.1417, -0.6299 0.1108 3.1417, -0.6504 0.147 3.1417, -0.7728 -0.1158 2.908, -0.7963 -0.1725 2.908, -0.8337 -0.2212 2.908, -0.8824 -0.2586 2.908, -0.9391 -0.2821 2.908, -1.0 -0.2901 2.908, -1.0609 -0.2821 2.908, -1.1176 -0.2586 2.908, -1.1663 -0.2212 2.908, -1.2037 -0.1725 2.908, -1.2272 -0.1158 2.908, -1.2352 -0.0549 2.908, -1.2272 0.006 2.908, -1.2037 0.0627 2.908, -1.1663 0.1114 2.908, -1.1176 0.1488 2.908, -1.0609 0.1723 2.908, -1.0 0.1803 2.908, -0.9391 0.1723 2.908, -0.8824 0.1488 2.908, -0.8337 0.1114 2.908, -0.7963 0.0627 2.908, -0.7728 0.006 2.908, -0.7648 -0.0549 2.908, -0.7728 0.006 2.6818, -0.7963 0.0627 2.6818, -0.8337 0.1114 2.6818, -0.8824 0.1488 2.6818, -0.9391 0.1723 2.6818, -1.0 0.1803 2.6818, -1.0609 0.1723 2.6818, -1.1176 0.1488 2.6818, -1.1663 0.1114 2.6818, -1.2037 0.0627 2.6818, -1.2272 0.006 2.6818, -1.2352 -0.0549 2.6818, -1.2272 -0.1158 2.6818, -1.2037 -0.1725 2.6818, -1.1663 -0.2212 2.6818, -1.1176 -0.2586 2.6818, -1.0609 -0.2821 2.6818, -1.0 -0.2901 2.6818, -0.9391 -0.2821 2.6818, -0.8824 -0.2586 2.6818, -0.8337 -0.2212 2.6818, -0.7963 -0.1725 2.6818, -0.7728 -0.1158 2.6818, -0.7648 -0.0549 2.6818
            ]
        }
        coordIndex [
            0,1,2,-1,0,2,3,-1,3,2,4,-1,3,4,5,-1,6,7,8,-1,8,7,9,-1,9,10,8,-1,8,10,11,-1,8,11,12,-1,5,13,3,-1,3,13,8,-1,3,8,14,-1,14,8,12,-1,15,16,17,-1,18,19,20,-1,18,21,22,-1,22,21,23,-1,22,23,24,-1,24,23,25,-1,15,26,27,-1,27,26,28,-1,27,28,29,-1,29,28,30,-1,18,20,21,-1,21,20,31,-1,21,31,32,-1,33,34,35,-1,35,34,32,-1,35,32,36,-1,36,32,31,-1,33,37,34,-1,34,37,38,-1,34,38,39,-1,38,40,39,-1,39,40,41,-1,39,41,42,-1,41,43,42,-1,42,43,44,-1,42,44,45,-1,44,46,45,-1,45,46,47,-1,45,47,48,-1,49,50,51,-1,51,50,48,-1,51,48,52,-1,52,48,47,-1,49,53,50,-1,50,53,54,-1,50,54,55,-1,54,56,55,-1,55,56,57,-1,55,57,58,-1,59,29,60,-1,60,29,30,-1,60,30,61,-1,61,30,58,-1,61,58,62,-1,62,58,57,-1,15,17,26,-1,26,17,63,-1,26,63,64,-1,65,66,67,-1,67,66,64,-1,67,64,68,-1,68,64,63,-1,65,69,66,-1,66,69,70,-1,66,70,71,-1,70,72,71,-1,71,72,73,-1,71,73,74,-1,73,75,74,-1,74,75,76,-1,74,76,77,-1,76,78,77,-1,77,78,79,-1,77,79,80,-1,81,82,83,-1,83,82,80,-1,83,80,84,-1,84,80,79,-1,81,85,82,-1,82,85,86,-1,82,86,87,-1,86,88,87,-1,87,88,89,-1,87,89,90,-1,91,24,92,-1,92,24,25,-1,92,25,93,-1,93,25,90,-1,93,90,94,-1,94,90,89,-1,95,21,96,-1,96,21,32,-1,96,32,97,-1,97,32,34,-1,97,34,98,-1,98,34,39,-1,98,39,99,-1,99,39,42,-1,99,42,100,-1,100,42,45,-1,100,45,101,-1,101,45,48,-1,101,48,102,-1,102,48,50,-1,102,50,103,-1,103,50,55,-1,103,55,104,-1,104,55,58,-1,104,58,105,-1,105,58,30,-1,105,30,106,-1,106,30,28,-1,106,28,107,-1,107,28,26,-1,107,26,108,-1,108,26,64,-1,108,64,109,-1,109,64,66,-1,109,66,110,-1,110,66,71,-1,110,71,111,-1,111,71,74,-1,111,74,112,-1,112,74,77,-1,112,77,113,-1,113,77,80,-1,113,80,114,-1,114,80,82,-1,114,82,115,-1,115,82,87,-1,115,87,116,-1,116,87,90,-1,116,90,117,-1,117,90,25,-1,117,25,118,-1,118,25,23,-1,118,23,95,-1,95,23,21,-1,118,119,117,-1,117,119,120,-1,117,120,116,-1,116,120,121,-1,116,121,115,-1,115,121,122,-1,115,122,114,-1,114,122,123,-1,114,123,113,-1,113,123,124,-1,113,124,112,-1,112,124,125,-1,112,125,111,-1,111,125,126,-1,111,126,110,-1,110,126,127,-1,110,127,109,-1,109,127,128,-1,109,128,108,-1,108,128,129,-1,108,129,107,-1,107,129,130,-1,107,130,106,-1,106,130,131,-1,106,131,105,-1,105,131,132,-1,105,132,104,-1,104,132,133,-1,104,133,103,-1,103,133,134,-1,103,134,102,-1,102,134,135,-1,102,135,101,-1,101,135,136,-1,101,136,100,-1,100,136,137,-1,100,137,99,-1,99,137,138,-1,99,138,98,-1,98,138,139,-1,98,139,97,-1,97,139,140,-1,97,140,96,-1,96,140,141,-1,96,141,95,-1,95,141,142,-1,95,142,118,-1,118,142,119,-1,
        ]
    }
}
Shape{
    appearance Appearance {
        material  Material {
            diffuseColor 0.27450980392156865 0.49411764705882355 0.27450980392156865
            specularColor 0.0196078431372549 0.03529411764705882 0.0196078431372549
            ambientIntensity 0.5763
            transparency 0.0
            shininess 0.5
        }
    }
    geometry IndexedFaceSet {
        ccw TRUE
        solid FALSE
        coord DEF co Coordinate {
            point [
                -1.2362 -1.1024 1.8475, -1.2362 -1.0821 1.8475, -0.7638 -1.1024 1.8475, -0.7638 -1.0821 1.8475, -1.2362 -0.9942 1.3034, -0.7638 -0.9942 1.3034, -1.2362 -0.8354 1.3034, -0.7638 -0.8354 1.3034, -1.2362 -0.8354 0.5543, -1.2362 -0.9997 0.5543, -0.7638 -0.8354 0.5543, -0.7638 -0.9997 0.5543, -1.4331 -1.2992 0.2356, -0.5669 -1.2992 0.2356, -0.7638 -1.1024 0.445, -1.2362 -1.1024 0.445
            ]
        }
        coordIndex [
            0,1,2,-1,2,1,3,-1,1,4,3,-1,3,4,5,-1,4,6,5,-1,5,6,7,-1,8,9,10,-1,10,9,11,-1,12,13,14,-1,11,9,14,-1,14,9,15,-1,14,15,12,-1,4,1,0,-1,8,6,9,-1,9,6,4,-1,9,4,15,-1,15,4,0,-1,14,2,5,-1,5,2,3,-1,7,10,5,-1,5,10,11,-1,5,11,14,-1,
        ]
    }
}
Shape{
    appearance Appearance {
        material  Material {
            diffuseColor 0.6470588235294118 0.6196078431372549 0.5882352941176471
            specularColor 0.45098039215686275 0.43529411764705883 0.4117647058823529
            ambientIntensity 0.6242
            transparency 0.0
            shininess 0.5
        }
    }
    geometry IndexedFaceSet {
        ccw TRUE
        solid FALSE
        coord DEF co Coordinate {
            point [
                -0.7963 -0.1725 1.8392, -0.8337 -0.2212 1.8392, -0.6457 -0.6375 1.8392, -1.3543 0.5848 1.8392, -1.2037 0.0627 1.8392, -1.1663 0.1114 1.8392, -1.1176 0.1488 1.8392, -1.0609 0.1723 1.8392, -0.6457 0.5848 1.8392, -1.0 0.1803 1.8392, -0.9391 0.1723 1.8392, -1.0609 -0.2821 1.8392, -1.1176 -0.2586 1.8392, -1.3543 -0.6375 1.8392, -1.1663 -0.2212 1.8392, -1.2037 -0.1725 1.8392, -0.8824 0.1488 1.8392, -0.8337 0.1114 1.8392, -0.7963 0.0627 1.8392, -1.2272 -0.1158 1.8392, -1.2352 -0.0549 1.8392, -1.2272 0.006 1.8392, -0.7728 0.006 1.8392, -0.7648 -0.0549 1.8392, -0.7728 -0.1158 1.8392, -0.8824 -0.2586 1.8392, -0.9391 -0.2821 1.8392, -1.0 -0.2901 1.8392, -0.8031 -0.6375 0.6985, -0.6457 -0.6375 0.4087, -0.8031 -0.6375 1.5748, -1.1969 -0.6375 1.5748, -1.1969 -0.6375 0.6985, -1.3543 -0.6375 0.4087, -0.6457 0.5848 0.4087, -1.3543 0.5848 0.4087, -0.8031 0.5848 1.5748, -0.8031 0.5848 0.6985, -1.1969 0.5848 0.6985, -1.1969 0.5848 1.5748, -1.0984 0.7633 1.5433, -1.0984 0.6956 1.5517, -0.9016 0.7633 1.5433, -0.9016 0.6956 1.5517, -0.9016 0.9712 1.2761, -1.0984 0.9712 1.2761, -1.0984 0.9645 1.3365, -0.9016 0.9645 1.3365, -1.0984 0.9448 1.3938, -0.9016 0.9448 1.3938, -1.0984 0.913 1.4455, -0.9016 0.913 1.4455, -1.0984 0.8706 1.489, -0.9016 0.8706 1.489, -1.0984 0.8198 1.5222, -0.9016 0.8198 1.5222, -0.9016 -0.3824 1.5517, -0.9016 -0.3824 1.3549, -0.9016 0.6956 1.3549, -0.9016 0.7638 1.3155, -0.9016 0.7512 1.3318, -0.9016 0.7349 1.3443, -0.9016 0.7159 1.3522, -0.9016 0.7633 1.5222, -0.9016 -0.0984 -0.9843, -0.9016 0.0984 -0.9843, -0.9016 -0.0984 0.0478, -0.9016 0.0984 0.0478, -0.9016 -0.089 0.1191, -0.9016 0.1011 0.0682, -0.9016 -0.0615 0.1856, -0.9016 0.109 0.0872, -0.9016 -0.0177 0.2427, -0.9016 0.1215 0.1035, -0.9016 0.0394 0.2865, -0.9016 0.1378 0.116, -0.9016 0.1058 0.314, -0.9016 0.1568 0.1238, -0.9016 0.1772 0.3234, -0.9016 0.1772 0.1265, -0.9016 0.6956 0.3234, -0.9016 0.6956 0.1265, -0.9016 0.7159 0.3261, -0.9016 0.7669 0.1359, -0.9016 0.7349 0.3339, -0.9016 0.8334 0.1635, -0.9016 0.7512 0.3464, -0.9016 0.8904 0.2073, -0.9016 0.7638 0.3628, -0.9016 0.9342 0.2643, -0.9016 0.7716 0.3817, -0.9016 0.9618 0.3308, -0.9016 0.7743 0.4021, -0.9016 0.9712 0.4021, -0.9016 0.7743 1.2761, -0.9016 0.7716 1.2965, -1.0984 0.6956 1.3549, -1.0984 -0.3824 1.3549, -1.0984 -0.3824 1.5517, -1.0984 0.7633 1.5222, -1.0984 0.7743 1.2761, -1.0984 0.7716 1.2965, -1.0984 0.7638 1.3155, -1.0984 0.7512 1.3318, -1.0984 0.7349 1.3443, -1.0984 0.7159 1.3522, -1.0984 0.0984 -0.9843, -1.0984 -0.0984 -0.9843, -1.0984 0.0984 0.0478, -1.0984 -0.0984 0.0478, -1.0984 0.1011 0.0682, -1.0984 -0.089 0.1191, -1.0984 0.109 0.0872, -1.0984 -0.0615 0.1856, -1.0984 0.1215 0.1035, -1.0984 -0.0177 0.2427, -1.0984 0.1378 0.116, -1.0984 0.0394 0.2865, -1.0984 0.1568 0.1238, -1.0984 0.1058 0.314, -1.0984 0.1772 0.1265, -1.0984 0.1772 0.3234, -1.0984 0.6956 0.1265, -1.0984 0.6956 0.3234, -1.0984 0.7669 0.1359, -1.0984 0.7159 0.3261, -1.0984 0.8334 0.1635, -1.0984 0.7349 0.3339, -1.0984 0.8904 0.2073, -1.0984 0.7512 0.3464, -1.0984 0.9342 0.2643, -1.0984 0.7638 0.3628, -1.0984 0.9618 0.3308, -1.0984 0.7716 0.3817, -1.0984 0.9712 0.4021, -1.0984 0.7743 0.4021, -1.0591 -0.0591 -1.378, -1.0591 0.0591 -1.378, -0.9409 -0.0591 -1.378, -0.9409 0.0591 -1.378
            ]
        }
        coordIndex [
            0,1,2,-1,3,4,5,-1,5,6,3,-1,3,6,7,-1,3,7,8,-1,8,7,9,-1,8,9,10,-1,11,12,13,-1,13,12,14,-1,13,14,15,-1,10,16,8,-1,8,16,17,-1,8,17,18,-1,15,19,13,-1,13,19,20,-1,13,20,3,-1,3,20,21,-1,3,21,4,-1,18,22,8,-1,8,22,23,-1,8,23,2,-1,2,23,24,-1,2,24,0,-1,1,25,2,-1,2,25,26,-1,2,26,13,-1,13,26,27,-1,13,27,11,-1,28,29,30,-1,30,29,2,-1,30,2,31,-1,31,2,13,-1,31,13,32,-1,32,13,33,-1,32,33,28,-1,28,33,29,-1,34,29,35,-1,35,29,33,-1,36,8,37,-1,37,8,34,-1,37,34,38,-1,38,34,35,-1,38,35,39,-1,39,35,3,-1,39,3,36,-1,36,3,8,-1,29,34,2,-1,2,34,8,-1,35,33,3,-1,3,33,13,-1,31,39,30,-1,30,39,36,-1,38,32,37,-1,37,32,28,-1,32,38,31,-1,31,38,39,-1,37,28,36,-1,36,28,30,-1,40,41,42,-1,42,41,43,-1,44,45,46,-1,44,46,47,-1,47,46,48,-1,47,48,49,-1,49,48,50,-1,49,50,51,-1,51,50,52,-1,51,52,53,-1,53,52,54,-1,53,54,55,-1,56,57,43,-1,43,57,58,-1,59,51,60,-1,60,51,53,-1,60,53,61,-1,61,53,55,-1,61,55,62,-1,62,55,63,-1,62,63,58,-1,58,63,42,-1,58,42,43,-1,64,65,66,-1,66,65,67,-1,66,67,68,-1,68,67,69,-1,68,69,70,-1,70,69,71,-1,70,71,72,-1,72,71,73,-1,72,73,74,-1,74,73,75,-1,74,75,76,-1,76,75,77,-1,76,77,78,-1,78,77,79,-1,78,79,80,-1,80,79,81,-1,80,81,82,-1,82,81,83,-1,82,83,84,-1,84,83,85,-1,84,85,86,-1,86,85,87,-1,86,87,88,-1,88,87,89,-1,88,89,90,-1,90,89,91,-1,90,91,92,-1,92,91,93,-1,92,93,94,-1,94,93,44,-1,94,44,95,-1,95,44,47,-1,95,47,59,-1,59,47,49,-1,59,49,51,-1,96,97,98,-1,99,100,101,-1,101,102,99,-1,99,102,103,-1,99,103,104,-1,41,40,99,-1,98,41,96,-1,96,41,99,-1,96,99,105,-1,105,99,104,-1,106,107,108,-1,108,107,109,-1,108,109,110,-1,110,109,111,-1,110,111,112,-1,112,111,113,-1,112,113,114,-1,114,113,115,-1,114,115,116,-1,116,115,117,-1,116,117,118,-1,118,117,119,-1,118,119,120,-1,120,119,121,-1,120,121,122,-1,122,121,123,-1,122,123,124,-1,124,123,125,-1,124,125,126,-1,126,125,127,-1,126,127,128,-1,128,127,129,-1,128,129,130,-1,130,129,131,-1,130,131,132,-1,132,131,133,-1,132,133,134,-1,134,133,135,-1,134,135,45,-1,45,135,100,-1,99,54,100,-1,100,54,52,-1,100,52,50,-1,50,48,100,-1,100,48,46,-1,100,46,45,-1,56,43,98,-1,98,43,41,-1,57,56,97,-1,97,56,98,-1,58,57,96,-1,96,57,97,-1,58,96,62,-1,62,96,105,-1,62,105,61,-1,61,105,104,-1,61,104,60,-1,60,104,103,-1,60,103,59,-1,59,103,102,-1,59,102,95,-1,95,102,101,-1,95,101,94,-1,94,101,100,-1,92,94,135,-1,135,94,100,-1,92,135,90,-1,90,135,133,-1,90,133,88,-1,88,133,131,-1,88,131,86,-1,86,131,129,-1,86,129,84,-1,84,129,127,-1,84,127,82,-1,82,127,125,-1,82,125,80,-1,80,125,123,-1,78,80,121,-1,121,80,123,-1,78,121,119,-1,78,119,76,-1,76,119,117,-1,76,117,74,-1,74,117,115,-1,74,115,72,-1,72,115,113,-1,72,113,70,-1,70,113,111,-1,70,111,68,-1,68,111,109,-1,68,109,66,-1,64,66,107,-1,107,66,109,-1,136,137,138,-1,138,137,139,-1,106,108,65,-1,65,108,67,-1,67,108,69,-1,69,108,110,-1,69,110,71,-1,71,110,112,-1,71,112,73,-1,73,112,114,-1,73,114,75,-1,75,114,116,-1,75,116,77,-1,77,116,118,-1,77,118,79,-1,79,118,120,-1,81,79,122,-1,122,79,120,-1,81,122,124,-1,81,124,83,-1,83,124,126,-1,83,126,85,-1,85,126,128,-1,85,128,87,-1,87,128,130,-1,87,130,89,-1,89,130,132,-1,89,132,91,-1,91,132,134,-1,91,134,93,-1,44,93,45,-1,45,93,134,-1,
        ]
    }
}
Shape{
    appearance Appearance {
        material  Material {
            diffuseColor 0.27450980392156865 0.49411764705882355 0.27450980392156865
            specularColor 0.0196078431372549 0.03529411764705882 0.0196078431372549
            ambientIntensity 0.5763
            transparency 0.0
            shininess 0.5
        }
    }
    geometry IndexedFaceSet {
        ccw TRUE
        solid FALSE
        coord DEF co Coordinate {
            point [
                -1.2362 -1.1024 1.8475, -1.4221 -1.2882 2.0334, -1.4264 -1.2925 2.0195, -1.4331 -1.2992 0.2356, -1.2362 -1.1024 0.445, -1.4331 -1.2992 1.9685, -1.4314 -1.2975 1.9942, -0.7638 -1.1024 1.8475, -0.5779 -1.2882 2.0334, -0.7638 -1.1024 0.445, -0.5669 -1.2992 0.2356, -0.5669 -1.2992 1.9685, -0.5686 -1.2975 1.9942, -0.5736 -1.2925 2.0195
            ]
        }
        coordIndex [
            0,1,2,-1,3,4,5,-1,5,4,0,-1,5,0,6,-1,6,0,2,-1,7,8,0,-1,0,8,1,-1,9,10,7,-1,7,10,11,-1,11,12,7,-1,7,12,13,-1,7,13,8,-1,
        ]
    }
}
Shape{
    appearance Appearance {
        material  Material {
            diffuseColor 0.6470588235294118 0.6196078431372549 0.5882352941176471
            specularColor 0.45098039215686275 0.43529411764705883 0.4117647058823529
            ambientIntensity 0.6242
            transparency 0.0
            shininess 0.5
        }
    }
    geometry IndexedFaceSet {
        ccw TRUE
        solid FALSE
        coord DEF co Coordinate {
            point [
                -0.9016 0.0984 -0.9843, -0.9409 0.0591 -1.378, -1.0984 0.0984 -0.9843, -1.0591 0.0591 -1.378, -0.9016 -0.0984 -0.9843, -0.9409 -0.0591 -1.378, -1.0591 -0.0591 -1.378, -1.0984 -0.0984 -0.9843, -0.7137 0.2314 3.1417, -0.7187 0.2372 3.1417, -0.7205 0.2353 3.1621, -0.7979 0.295 3.1417, -0.8483 0.3212 3.1417, -0.8493 0.3187 3.1621, -1.1045 0.3352 3.1417, -1.1517 0.3212 3.1417, -1.1507 0.3187 3.1621, -1.2863 0.2314 3.1417, -1.3318 0.1783 3.1417, -1.3296 0.1767 3.1621, -0.6567 0.0435 3.2144, -0.6476 0.0435 3.2094, -0.6658 0.0947 3.2099, -0.6066 0.0435 3.1417, -0.6088 0.0499 3.1417, -0.6087 0.0435 3.1596, -0.6094 0.0435 3.1621, -0.6323 0.1097 3.1621, -0.6098 0.0435 3.1636, -0.6395 0.1065 3.1811, -0.6339 0.0435 3.2006, -0.6307 0.0435 3.1971, -0.6509 0.1014 3.1974, -0.6211 0.0435 3.1867, -0.6171 0.0435 3.1805, -0.6396 0.0435 3.205, -0.6636 0.0435 3.2168, -0.6831 0.0869 3.2178, -0.6671 0.0435 3.2174, -0.6834 0.0435 3.2203, -0.7017 0.0786 3.2205, -0.6884 0.0435 3.2205, -1.3116 0.0435 3.2205, -1.2983 0.0786 3.2205, -1.3121 0.0435 3.2205, -1.3169 0.0869 3.2178, -1.3322 0.0435 3.218, -1.3342 0.0947 3.2099, -1.341 0.0435 3.2153, -1.3329 0.0435 3.2178, -1.3693 0.0435 3.1971, -1.3657 0.0435 3.2009, -1.3491 0.1014 3.1974, -1.3583 0.0435 3.2065, -1.3524 0.0435 3.2095, -1.3785 0.0435 3.1872, -1.3605 0.1065 3.1811, -1.3833 0.0435 3.1797, -1.39 0.0435 3.1644, -1.3677 0.1097 3.1621, -1.3904 0.0435 3.1621, -1.3934 0.0435 3.1417, -1.3933 0.0435 3.1467, -1.3912 0.0499 3.1417, -1.3701 0.1108 3.1417, -1.3496 0.147 3.1417, -1.1777 0.2194 3.2205, -1.1222 0.2482 3.2205, -1.1888 0.2365 3.2178, -1.1298 0.2671 3.2178, -1.1991 0.2524 3.2099, -1.1369 0.2847 3.2099, -1.208 0.2661 3.1974, -1.143 0.2998 3.1974, -1.2148 0.2766 3.1811, -1.1477 0.3114 3.1811, -1.2191 0.2832 3.1621, -0.9378 0.2659 3.2205, -0.8778 0.2482 3.2205, -0.9339 0.2859 3.2178, -0.8702 0.2671 3.2178, -0.9303 0.3046 3.2099, -0.8631 0.2847 3.2099, -0.9271 0.3206 3.1974, -0.857 0.2998 3.1974, -0.9248 0.3329 3.1811, -0.8523 0.3114 3.1811, -0.9233 0.3406 3.1621, -0.7326 0.133 3.2205, -0.7159 0.1447 3.2178, -0.7004 0.1556 3.2099, -0.6871 0.165 3.1974, -0.6768 0.1722 3.1811, -0.6704 0.1767 3.1621, -1.3232 0.1722 3.1811, -1.3129 0.165 3.1974, -1.2996 0.1556 3.2099, -1.2841 0.1447 3.2178, -1.2674 0.133 3.2205, -1.2813 0.2372 3.1417, -1.2795 0.2353 3.1621, -1.274 0.2296 3.1811, -1.2653 0.2206 3.1974, -1.254 0.2088 3.2099, -1.2408 0.1952 3.2178, -1.2267 0.1805 3.2205, -1.2205 0.2854 3.1417, -1.2021 0.295 3.1417, -1.0772 0.3432 3.1417, -1.0767 0.3406 3.1621, -1.0752 0.3329 3.1811, -1.0729 0.3206 3.1974, -1.0697 0.3046 3.2099, -1.0661 0.2859 3.2178, -1.0622 0.2659 3.2205, -1.0 0.2719 3.2205, -1.0 0.2923 3.2178, -1.0 0.3113 3.2099, -1.0 0.3276 3.1974, -1.0 0.3401 3.1811, -1.0 0.348 3.1621, -1.0 0.3506 3.1417, -0.9228 0.3432 3.1417, -0.8955 0.3352 3.1417, -0.7795 0.2854 3.1417, -0.7809 0.2832 3.1621, -0.7852 0.2766 3.1811, -0.792 0.2661 3.1974, -0.8009 0.2524 3.2099, -0.8112 0.2365 3.2178, -0.8223 0.2194 3.2205, -0.7733 0.1805 3.2205, -0.7592 0.1952 3.2178, -0.746 0.2088 3.2099, -0.7347 0.2206 3.1974, -0.726 0.2296 3.1811, -0.6682 0.1783 3.1417, -0.6299 0.1108 3.1417, -0.6504 0.147 3.1417, -0.6066 -0.1533 3.0236, -1.3934 -0.1533 3.0236, -1.3934 -0.1533 3.1417, -1.393 -0.1533 3.1498, -1.3905 -0.1533 3.1621, -0.6066 -0.1533 3.1417, -1.39 -0.1533 3.1644, -0.6094 -0.1533 3.1621, -0.6076 -0.1533 3.1542, -1.3825 -0.1533 3.1812, -1.378 -0.1533 3.1878, -1.3692 -0.1533 3.1971, -0.6671 -0.1533 3.2178, -0.6175 -0.1533 3.1811, -0.6164 -0.1533 3.1793, -1.3591 -0.1533 3.206, -1.3524 -0.1533 3.2094, -1.365 -0.1533 3.2015, -0.6307 -0.1533 3.1971, -0.6476 -0.1533 3.2095, -0.6338 -0.1533 3.2005, -0.6412 -0.1533 3.2062, -0.6585 -0.1533 3.2151, -0.6212 -0.1533 3.1868, -1.3418 -0.1533 3.215, -1.3348 -0.1533 3.2173, -1.3329 -0.1533 3.2176, -1.315 -0.1533 3.2204, -1.3116 -0.1533 3.2205, -0.6884 -0.1533 3.2205, -0.6873 -0.1533 3.2205, -0.6094 -0.1533 3.1624, -0.6673 -0.1533 3.2178, -1.3934 0.0435 3.0236, -0.6066 0.0435 3.0236, -0.5945 -0.0549 3.0236, -1.4055 -0.0549 3.0236
            ]
        }
        coordIndex [
            0,1,2,-1,2,1,3,-1,4,5,0,-1,0,5,1,-1,6,7,3,-1,3,7,2,-1,7,6,4,-1,4,6,5,-1,8,9,10,-1,11,12,13,-1,14,15,16,-1,17,18,19,-1,20,21,22,-1,23,24,25,-1,25,24,26,-1,26,27,28,-1,28,27,29,-1,30,31,32,-1,32,31,33,-1,32,33,29,-1,29,33,34,-1,29,34,28,-1,22,21,32,-1,32,21,35,-1,32,35,30,-1,20,22,36,-1,36,22,37,-1,36,37,38,-1,38,37,39,-1,39,37,40,-1,39,40,41,-1,42,43,44,-1,44,43,45,-1,44,45,46,-1,47,48,45,-1,45,48,49,-1,45,49,46,-1,50,51,52,-1,52,51,53,-1,52,53,47,-1,47,53,54,-1,47,54,48,-1,50,52,55,-1,55,52,56,-1,55,56,57,-1,57,56,58,-1,58,56,59,-1,58,59,60,-1,61,62,63,-1,63,62,60,-1,63,60,64,-1,64,60,59,-1,64,59,65,-1,66,67,68,-1,68,67,69,-1,68,69,70,-1,70,69,71,-1,70,71,72,-1,72,71,73,-1,72,73,74,-1,74,73,75,-1,74,75,76,-1,76,75,16,-1,77,78,79,-1,79,78,80,-1,79,80,81,-1,81,80,82,-1,81,82,83,-1,83,82,84,-1,83,84,85,-1,85,84,86,-1,85,86,87,-1,87,86,13,-1,88,40,89,-1,89,40,37,-1,89,37,90,-1,90,37,22,-1,90,22,91,-1,91,22,32,-1,91,32,92,-1,92,32,29,-1,92,29,93,-1,93,29,27,-1,18,65,19,-1,19,65,59,-1,19,59,94,-1,94,59,56,-1,94,56,95,-1,95,56,52,-1,95,52,96,-1,96,52,47,-1,96,47,97,-1,97,47,45,-1,97,45,98,-1,98,45,43,-1,99,17,100,-1,100,17,19,-1,100,19,101,-1,101,19,94,-1,101,94,102,-1,102,94,95,-1,102,95,103,-1,103,95,96,-1,103,96,104,-1,104,96,97,-1,104,97,105,-1,105,97,98,-1,105,66,104,-1,104,66,68,-1,104,68,103,-1,103,68,70,-1,103,70,102,-1,102,70,72,-1,102,72,101,-1,101,72,74,-1,101,74,100,-1,100,74,76,-1,100,76,99,-1,99,76,106,-1,16,15,76,-1,76,15,107,-1,76,107,106,-1,108,14,109,-1,109,14,16,-1,109,16,110,-1,110,16,75,-1,110,75,111,-1,111,75,73,-1,111,73,112,-1,112,73,71,-1,112,71,113,-1,113,71,69,-1,113,69,114,-1,114,69,67,-1,114,115,113,-1,113,115,116,-1,113,116,112,-1,112,116,117,-1,112,117,111,-1,111,117,118,-1,111,118,110,-1,110,118,119,-1,110,119,109,-1,109,119,120,-1,109,120,108,-1,108,120,121,-1,115,77,116,-1,116,77,79,-1,116,79,117,-1,117,79,81,-1,117,81,118,-1,118,81,83,-1,118,83,119,-1,119,83,85,-1,119,85,120,-1,120,85,87,-1,120,87,121,-1,121,87,122,-1,13,12,87,-1,87,12,123,-1,87,123,122,-1,124,11,125,-1,125,11,13,-1,125,13,126,-1,126,13,86,-1,126,86,127,-1,127,86,84,-1,127,84,128,-1,128,84,82,-1,128,82,129,-1,129,82,80,-1,129,80,130,-1,130,80,78,-1,130,131,129,-1,129,131,132,-1,129,132,128,-1,128,132,133,-1,128,133,127,-1,127,133,134,-1,127,134,126,-1,126,134,135,-1,126,135,125,-1,125,135,10,-1,125,10,124,-1,124,10,9,-1,136,8,93,-1,93,8,10,-1,93,10,92,-1,92,10,135,-1,92,135,91,-1,91,135,134,-1,91,134,90,-1,90,134,133,-1,90,133,89,-1,89,133,132,-1,89,132,88,-1,88,132,131,-1,26,24,27,-1,27,24,137,-1,27,137,93,-1,93,137,138,-1,93,138,136,-1,139,140,141,-1,141,142,139,-1,139,142,143,-1,139,143,144,-1,145,146,143,-1,143,146,147,-1,143,147,144,-1,145,148,146,-1,146,148,149,-1,146,149,150,-1,151,152,153,-1,154,155,156,-1,156,155,150,-1,157,158,159,-1,159,158,160,-1,151,161,152,-1,152,161,158,-1,152,158,162,-1,162,158,157,-1,163,164,155,-1,155,164,165,-1,155,165,150,-1,165,166,150,-1,150,166,167,-1,150,167,146,-1,146,167,168,-1,146,168,169,-1,153,170,151,-1,151,170,146,-1,151,146,171,-1,171,146,169,-1,61,172,173,-1,61,173,62,-1,48,173,49,-1,49,173,23,-1,30,35,21,-1,23,25,49,-1,49,25,26,-1,49,26,28,-1,48,54,173,-1,173,54,53,-1,173,53,51,-1,51,50,173,-1,173,50,55,-1,173,55,57,-1,57,58,173,-1,173,58,60,-1,173,60,62,-1,28,34,49,-1,49,34,33,-1,49,33,31,-1,36,38,20,-1,20,38,21,-1,30,21,31,-1,31,21,38,-1,31,38,39,-1,39,41,31,-1,31,41,42,-1,31,42,49,-1,49,42,44,-1,49,44,46,-1,173,172,174,-1,174,172,175,-1,174,175,139,-1,139,175,140,-1,
        ]
    }
}
Shape{
    appearance Appearance {
        material  Material {
            diffuseColor 1.0 0.9490196078431372 0.8980392156862745
            specularColor 0.011764705882352941 0.00784313725490196 0.00784313725490196
            ambientIntensity 0.9585
            transparency 0.0
            shininess 0.5
        }
    }
    geometry IndexedFaceSet {
        ccw TRUE
        solid FALSE
        coord DEF co Coordinate {
            point [
                -0.9717 -1.0242 0.0039, -0.9717 -1.0242 -0.0, -0.9626 -1.0664 0.0039, -0.9626 -1.0664 -0.0, -0.9759 -1.0027 0.0039, -0.9759 -1.0027 -0.0, -0.9776 -0.9959 0.0039, -0.9776 -0.9959 -0.0, -0.9767 -0.9997 -0.0, -0.978 -0.9949 0.0039, -0.978 -0.9949 -0.0, -0.9783 -0.9942 0.0039, -0.9783 -0.9942 -0.0, -0.9786 -0.9938 0.0039, -0.9786 -0.9938 -0.0, -0.9789 -0.9935 0.0039, -0.9789 -0.9935 -0.0, -0.9791 -0.9933 0.0039, -0.9791 -0.9933 -0.0, -0.9794 -0.9932 0.0039, -0.9794 -0.9932 -0.0, -0.9796 -0.9932 0.0039, -0.9796 -0.9932 -0.0, -0.9798 -0.9932 0.0039, -0.9798 -0.9932 -0.0, -0.98 -0.9932 0.0039, -0.98 -0.9932 -0.0, -0.9802 -0.9934 0.0039, -0.9802 -0.9934 -0.0, -0.9804 -0.9936 0.0039, -0.9804 -0.9936 -0.0, -0.9805 -0.9938 0.0039, -0.9805 -0.9938 -0.0, -0.9807 -0.9946 0.0039, -0.9807 -0.9946 -0.0, -0.9812 -0.9981 0.0039, -0.9812 -0.9981 -0.0, -0.9814 -0.9997 -0.0, -0.9816 -1.0015 0.0039, -0.9816 -1.0015 -0.0, -0.983 -1.0134 0.0039, -0.983 -1.0134 -0.0, -0.9834 -1.0189 0.0039, -0.9834 -1.0189 -0.0, -0.9833 -1.0215 0.0039, -0.9833 -1.0215 -0.0, -0.9827 -1.0231 0.0039, -0.9827 -1.0231 -0.0, -0.9821 -1.0242 0.0039, -0.9821 -1.0242 -0.0, -0.9807 -1.0267 0.0039, -0.9807 -1.0267 -0.0, -0.977 -1.0391 0.0039, -0.977 -1.0391 -0.0, -0.9739 -1.0517 0.0039, -0.9739 -1.0517 -0.0, -0.9454 -1.1839 -0.0, -0.9448 -1.1867 0.0039, -0.9448 -1.1867 -0.0, -0.9408 -1.1867 0.0039, -0.9408 -1.1867 -0.0, -0.9134 -1.0653 0.0039, -0.9134 -1.0653 -0.0, -0.9402 -1.1839 -0.0, -0.91 -1.0511 0.0039, -0.91 -1.0511 -0.0, -0.9085 -1.0444 0.0039, -0.9085 -1.0444 -0.0, -0.9066 -1.0378 0.0039, -0.9066 -1.0378 -0.0, -0.9046 -1.0324 0.0039, -0.9046 -1.0324 -0.0, -0.9028 -1.0274 0.0039, -0.9028 -1.0274 -0.0, -0.9016 -1.0256 0.0039, -0.9016 -1.0256 -0.0, -0.9007 -1.0245 0.0039, -0.9007 -1.0245 -0.0, -0.9004 -1.0241 0.0039, -0.9004 -1.0241 -0.0, -0.9002 -1.0238 0.0039, -0.9002 -1.0238 -0.0, -0.9002 -1.0235 0.0039, -0.9002 -1.0235 -0.0, -0.9002 -1.0224 0.0039, -0.9002 -1.0224 -0.0, -0.9006 -1.0158 0.0039, -0.9006 -1.0158 -0.0, -0.9006 -1.0157 0.0039, -0.9006 -1.0157 -0.0, -0.9017 -1.003 0.0039, -0.9017 -1.003 -0.0, -0.9021 -0.9997 -0.0, -0.9023 -0.9981 0.0039, -0.9023 -0.9981 -0.0, -0.9024 -0.9967 0.0039, -0.9024 -0.9967 -0.0, -0.9026 -0.9956 0.0039, -0.9026 -0.9956 -0.0, -0.9027 -0.9949 0.0039, -0.9027 -0.9949 -0.0, -0.9029 -0.9944 0.0039, -0.9029 -0.9944 -0.0, -0.903 -0.9941 0.0039, -0.903 -0.9941 -0.0, -0.9031 -0.9939 0.0039, -0.9031 -0.9939 -0.0, -0.9033 -0.9937 0.0039, -0.9033 -0.9937 -0.0, -0.9035 -0.9936 0.0039, -0.9035 -0.9936 -0.0, -0.9037 -0.9936 0.0039, -0.9037 -0.9936 -0.0, -0.904 -0.9936 0.0039, -0.904 -0.9936 -0.0, -0.9042 -0.9936 0.0039, -0.9042 -0.9936 -0.0, -0.9045 -0.9938 0.0039, -0.9045 -0.9938 -0.0, -0.9048 -0.994 0.0039, -0.9048 -0.994 -0.0, -0.905 -0.9943 0.0039, -0.905 -0.9943 -0.0, -0.9052 -0.9948 0.0039, -0.9052 -0.9948 -0.0, -0.9054 -0.9956 0.0039, -0.9054 -0.9956 -0.0, -0.9074 -1.0069 0.0039, -0.9074 -1.0069 -0.0, -0.9062 -0.9997 -0.0, -0.9241 -1.0757 0.0039, -0.9241 -1.0757 -0.0, -0.9428 -1.1595 0.0039, -0.9612 -1.0763 0.0039, -0.9247 -1.08 0.0039, -0.9323 -1.0873 0.0039, -0.9394 -1.0825 0.0039, -0.9418 -1.0812 0.0039, -0.9501 -1.0786 0.0039, -0.9612 -1.0763 -0.0, -0.9428 -1.1595 -0.0, -0.9501 -1.0786 -0.0, -0.9418 -1.0812 -0.0, -0.9394 -1.0825 -0.0, -0.9323 -1.0873 -0.0, -0.9247 -1.08 -0.0, -1.0853 -1.1689 0.0039, -1.0853 -1.1689 -0.0, -1.0802 -1.1646 0.0039, -1.0802 -1.1646 -0.0, -1.0865 -1.1699 0.0039, -1.0865 -1.1699 -0.0, -1.0873 -1.1708 0.0039, -1.0873 -1.1708 -0.0, -1.0878 -1.1719 0.0039, -1.0878 -1.1719 -0.0, -1.0879 -1.1725 0.0039, -1.0879 -1.1725 -0.0, -1.0879 -1.1732 0.0039, -1.0879 -1.1732 -0.0, -1.0877 -1.1739 0.0039, -1.0877 -1.1739 -0.0, -1.0875 -1.1744 0.0039, -1.0875 -1.1744 -0.0, -1.0871 -1.1748 0.0039, -1.0871 -1.1748 -0.0, -1.0867 -1.1751 0.0039, -1.0867 -1.1751 -0.0, -1.0816 -1.1742 0.0039, -1.0816 -1.1742 -0.0, -1.0757 -1.1742 0.0039, -1.0757 -1.1742 -0.0, -1.0733 -1.1747 0.0039, -1.0733 -1.1747 -0.0, -1.0709 -1.1751 0.0039, -1.0709 -1.1751 -0.0, -1.0649 -1.1757 0.0039, -1.0649 -1.1757 -0.0, -1.0542 -1.1788 0.0039, -1.0542 -1.1788 -0.0, -1.048 -1.18 0.0039, -1.048 -1.18 -0.0, -1.0417 -1.1805 0.0039, -1.0417 -1.1805 -0.0, -1.0329 -1.1799 0.0039, -1.0329 -1.1799 -0.0, -1.0266 -1.1784 0.0039, -1.0266 -1.1784 -0.0, -1.0213 -1.1757 0.0039, -1.0213 -1.1757 -0.0, -1.0167 -1.1715 0.0039, -1.0167 -1.1715 -0.0, -1.0121 -1.165 0.0039, -1.0121 -1.165 -0.0, -1.0078 -1.1534 0.0039, -1.0078 -1.1534 -0.0, -1.0036 -1.1217 0.0039, -1.0036 -1.1217 -0.0, -1.0023 -1.0825 0.0039, -1.0023 -1.0825 -0.0, -1.0052 -1.0491 0.0039, -1.0052 -1.0491 -0.0, -1.0106 -1.0304 0.0039, -1.0106 -1.0304 -0.0, -1.0165 -1.0199 0.0039, -1.0165 -1.0199 -0.0, -1.0214 -1.014 0.0039, -1.0214 -1.014 -0.0, -1.0269 -1.0099 0.0039, -1.0269 -1.0099 -0.0, -1.0322 -1.0078 0.0039, -1.0322 -1.0078 -0.0, -1.0527 -1.0046 0.0039, -1.0527 -1.0046 -0.0, -1.0652 -1.0032 0.0039, -1.0652 -1.0032 -0.0, -1.0698 -1.002 0.0039, -1.0698 -1.002 -0.0, -1.0728 -1.0002 0.0039, -1.0728 -1.0002 -0.0, -1.0736 -0.9997 -0.0, -1.0737 -0.9996 0.0039, -1.0737 -0.9996 -0.0, -1.074 -0.9996 0.0039, -1.074 -0.9996 -0.0, -1.0747 -0.9996 -0.0, -1.0747 -0.9996 0.0039, -1.075 -0.9997 -0.0, -1.0753 -0.9998 0.0039, -1.0753 -0.9998 -0.0, -1.0771 -1.0012 0.0039, -1.0771 -1.0012 -0.0, -1.0812 -1.0049 0.0039, -1.0812 -1.0049 -0.0, -1.0825 -1.0064 0.0039, -1.0825 -1.0064 -0.0, -1.0859 -1.01 0.0039, -1.0859 -1.01 -0.0, -1.0866 -1.0108 0.0039, -1.0866 -1.0108 -0.0, -1.0871 -1.0114 0.0039, -1.0871 -1.0114 -0.0, -1.0874 -1.0119 0.0039, -1.0874 -1.0119 -0.0, -1.0876 -1.0122 0.0039, -1.0876 -1.0122 -0.0, -1.0877 -1.0125 0.0039, -1.0877 -1.0125 -0.0, -1.0877 -1.0128 0.0039, -1.0877 -1.0128 -0.0, -1.0876 -1.0132 0.0039, -1.0876 -1.0132 -0.0, -1.0874 -1.0138 0.0039, -1.0874 -1.0138 -0.0, -1.0873 -1.014 0.0039, -1.0873 -1.014 -0.0, -1.0871 -1.0141 0.0039, -1.0871 -1.0141 -0.0, -1.087 -1.0142 0.0039, -1.087 -1.0142 -0.0, -1.0867 -1.0143 0.0039, -1.0867 -1.0143 -0.0, -1.086 -1.0144 0.0039, -1.086 -1.0144 -0.0, -1.085 -1.0143 0.0039, -1.085 -1.0143 -0.0, -1.0811 -1.0143 0.0039, -1.0811 -1.0143 -0.0, -1.0765 -1.0143 0.0039, -1.0765 -1.0143 -0.0, -1.0765 -1.1627 0.0039, -1.0765 -1.1627 -0.0, -1.0784 -1.1635 0.0039, -1.0784 -1.1635 -0.0, -1.0686 -1.1646 0.0039, -1.0686 -1.0148 0.0039, -1.0323 -1.019 0.0039, -1.0386 -1.0174 0.0039, -1.0474 -1.0163 0.0039, -1.0598 -1.0148 0.0039, -1.0277 -1.021 0.0039, -1.0642 -1.0147 0.0039, -1.0632 -1.1669 0.0039, -1.0512 -1.1697 0.0039, -1.0389 -1.1706 0.0039, -1.0314 -1.1691 0.0039, -1.0109 -1.0657 0.0039, -1.0154 -1.0406 0.0039, -1.021 -1.028 0.0039, -1.0243 -1.0237 0.0039, -1.0259 -1.167 0.0039, -1.0226 -1.1646 0.0039, -1.0192 -1.1605 0.0039, -1.016 -1.1544 0.0039, -1.0136 -1.1459 0.0039, -1.0103 -1.1074 0.0039, -1.0474 -1.0163 -0.0, -1.0598 -1.0148 -0.0, -1.0386 -1.0174 -0.0, -1.0323 -1.019 -0.0, -1.0277 -1.021 -0.0, -1.0243 -1.0237 -0.0, -1.021 -1.028 -0.0, -1.0154 -1.0406 -0.0, -1.0109 -1.0657 -0.0, -1.0103 -1.1074 -0.0, -1.0136 -1.1459 -0.0, -1.016 -1.1544 -0.0, -1.0192 -1.1605 -0.0, -1.0226 -1.1646 -0.0, -1.0259 -1.167 -0.0, -1.0314 -1.1691 -0.0, -1.0389 -1.1706 -0.0, -1.0512 -1.1697 -0.0, -1.0632 -1.1669 -0.0, -1.0686 -1.1646 -0.0, -1.0686 -1.0148 -0.0, -1.0642 -1.0147 -0.0, -1.1465 -1.104 0.0039, -1.1465 -1.104 -0.0, -1.1703 -1.1009 0.0039, -1.1703 -1.1009 -0.0, -1.1367 -1.106 0.0039, -1.1367 -1.106 -0.0, -1.1304 -1.1082 0.0039, -1.1304 -1.1082 -0.0, -1.1276 -1.11 0.0039, -1.1276 -1.11 -0.0, -1.125 -1.1114 0.0039, -1.125 -1.1114 -0.0, -1.1168 -1.1032 0.0039, -1.1168 -1.1032 -0.0, -1.1162 -1.1024 0.0039, -1.1162 -1.1024 -0.0, -1.1158 -1.1018 0.0039, -1.1158 -1.1018 -0.0, -1.1156 -1.1012 0.0039, -1.1156 -1.1012 -0.0, -1.1155 -1.1007 0.0039, -1.1155 -1.1007 -0.0, -1.1156 -1.1003 0.0039, -1.1156 -1.1003 -0.0, -1.1157 -1.0998 0.0039, -1.1157 -1.0998 -0.0, -1.1161 -1.0992 0.0039, -1.1161 -1.0992 -0.0, -1.1165 -1.0989 0.0039, -1.1165 -1.0989 -0.0, -1.117 -1.0986 0.0039, -1.117 -1.0986 -0.0, -1.1175 -1.0984 0.0039, -1.1175 -1.0984 -0.0, -1.1182 -1.0983 0.0039, -1.1182 -1.0983 -0.0, -1.1703 -1.091 0.0039, -1.1703 -1.091 -0.0, -1.1703 -1.0143 0.0039, -1.1703 -1.0143 -0.0, -1.1281 -1.0202 0.0039, -1.1281 -1.0202 -0.0, -1.124 -1.0213 0.0039, -1.124 -1.0213 -0.0, -1.1202 -1.0231 0.0039, -1.1202 -1.0231 -0.0, -1.1177 -1.0245 0.0039, -1.1177 -1.0245 -0.0, -1.1097 -1.0157 0.0039, -1.1097 -1.0157 -0.0, -1.1089 -1.0145 0.0039, -1.1089 -1.0145 -0.0, -1.1086 -1.0138 0.0039, -1.1086 -1.0138 -0.0, -1.1086 -1.0134 0.0039, -1.1086 -1.0134 -0.0, -1.1086 -1.013 0.0039, -1.1086 -1.013 -0.0, -1.1087 -1.0125 0.0039, -1.1087 -1.0125 -0.0, -1.109 -1.012 0.0039, -1.109 -1.012 -0.0, -1.1092 -1.0117 0.0039, -1.1092 -1.0117 -0.0, -1.1094 -1.0115 0.0039, -1.1094 -1.0115 -0.0, -1.1097 -1.0114 0.0039, -1.1097 -1.0114 -0.0, -1.1098 -1.0113 0.0039, -1.1098 -1.0113 -0.0, -1.1105 -1.0112 0.0039, -1.1105 -1.0112 -0.0, -1.1114 -1.0111 0.0039, -1.1114 -1.0111 -0.0, -1.1157 -1.0109 0.0039, -1.1157 -1.0109 -0.0, -1.1371 -1.0083 0.0039, -1.1371 -1.0083 -0.0, -1.1584 -1.0049 0.0039, -1.1584 -1.0049 -0.0, -1.1714 -1.0027 0.0039, -1.1714 -1.0027 -0.0, -1.1746 -1.0015 0.0039, -1.1746 -1.0015 -0.0, -1.1766 -1.001 0.0039, -1.1766 -1.001 -0.0, -1.178 -1.001 0.0039, -1.178 -1.001 -0.0, -1.1788 -1.0011 0.0039, -1.1788 -1.0011 -0.0, -1.1794 -1.0014 0.0039, -1.1794 -1.0014 -0.0, -1.1802 -1.0019 0.0039, -1.1802 -1.0019 -0.0, -1.1807 -1.0027 0.0039, -1.1807 -1.0027 -0.0, -1.181 -1.0033 0.0039, -1.181 -1.0033 -0.0, -1.1812 -1.0044 0.0039, -1.1812 -1.0044 -0.0, -1.1812 -1.006 0.0039, -1.1812 -1.006 -0.0, -1.1811 -1.0066 0.0039, -1.1811 -1.0066 -0.0, -1.1793 -1.0138 0.0039, -1.1793 -1.0138 -0.0, -1.1785 -1.0211 0.0039, -1.1785 -1.0211 -0.0, -1.1785 -1.0265 0.0039, -1.1785 -1.0265 -0.0, -1.1784 -1.03 0.0039, -1.1784 -1.03 -0.0, -1.1782 -1.0335 0.0039, -1.1782 -1.0335 -0.0, -1.1785 -1.1632 0.0039, -1.1785 -1.1632 -0.0, -1.1817 -1.167 0.0039, -1.1817 -1.167 -0.0, -1.1837 -1.1693 0.0039, -1.1837 -1.1693 -0.0, -1.1848 -1.171 0.0039, -1.1848 -1.171 -0.0, -1.1852 -1.1719 0.0039, -1.1852 -1.1719 -0.0, -1.1855 -1.1733 0.0039, -1.1855 -1.1733 -0.0, -1.1855 -1.1742 0.0039, -1.1855 -1.1742 -0.0, -1.1855 -1.1748 0.0039, -1.1855 -1.1748 -0.0, -1.1855 -1.175 0.0039, -1.1855 -1.175 -0.0, -1.1854 -1.1753 0.0039, -1.1854 -1.1753 -0.0, -1.1853 -1.1754 0.0039, -1.1853 -1.1754 -0.0, -1.1852 -1.1755 0.0039, -1.1852 -1.1755 -0.0, -1.185 -1.1756 0.0039, -1.185 -1.1756 -0.0, -1.1846 -1.1757 0.0039, -1.1846 -1.1757 -0.0, -1.1839 -1.1757 0.0039, -1.1839 -1.1757 -0.0, -1.1831 -1.1757 0.0039, -1.1831 -1.1757 -0.0, -1.1777 -1.1748 0.0039, -1.1777 -1.1748 -0.0, -1.1729 -1.1742 0.0039, -1.1729 -1.1742 -0.0, -1.1681 -1.1742 0.0039, -1.1681 -1.1742 -0.0, -1.1672 -1.1742 0.0039, -1.1672 -1.1742 -0.0, -1.1617 -1.1744 0.0039, -1.1617 -1.1744 -0.0, -1.1562 -1.1751 0.0039, -1.1562 -1.1751 -0.0, -1.1451 -1.1771 0.0039, -1.1451 -1.1771 -0.0, -1.1354 -1.179 0.0039, -1.1354 -1.179 -0.0, -1.1277 -1.1818 0.0039, -1.1277 -1.1818 -0.0, -1.1261 -1.1827 0.0039, -1.1261 -1.1827 -0.0, -1.1244 -1.1839 -0.0, -1.1236 -1.1844 0.0039, -1.1236 -1.1844 -0.0, -1.1231 -1.1839 -0.0, -1.1154 -1.1759 0.0039, -1.1154 -1.1759 -0.0, -1.1149 -1.175 0.0039, -1.1149 -1.175 -0.0, -1.1145 -1.1743 0.0039, -1.1145 -1.1743 -0.0, -1.1143 -1.1738 0.0039, -1.1143 -1.1738 -0.0, -1.1143 -1.1734 0.0039, -1.1143 -1.1734 -0.0, -1.1143 -1.173 0.0039, -1.1143 -1.173 -0.0, -1.1144 -1.1726 0.0039, -1.1144 -1.1726 -0.0, -1.1147 -1.1723 0.0039, -1.1147 -1.1723 -0.0, -1.1151 -1.1719 0.0039, -1.1151 -1.1719 -0.0, -1.1156 -1.1716 0.0039, -1.1156 -1.1716 -0.0, -1.1161 -1.1715 0.0039, -1.1161 -1.1715 -0.0, -1.1168 -1.1714 0.0039, -1.1168 -1.1714 -0.0, -1.1213 -1.1708 0.0039, -1.1213 -1.1708 -0.0, -1.128 -1.1699 0.0039, -1.128 -1.1699 -0.0, -1.1347 -1.1692 0.0039, -1.1347 -1.1692 -0.0, -1.1703 -1.1632 0.0039, -1.1703 -1.1632 -0.0, -1.2134 -1.1802 0.0039, -1.2134 -1.1802 -0.0, -1.2177 -1.1802 0.0039, -1.2177 -1.1802 -0.0, -1.2134 -1.1046 0.0039, -1.2134 -1.1046 -0.0, -1.2188 -1.1046 0.0039, -1.2188 -1.1046 -0.0, -1.2212 -1.1445 0.0039, -1.2212 -1.1445 -0.0, -1.2247 -1.1573 0.0039, -1.2247 -1.1573 -0.0, -1.2282 -1.1643 0.0039, -1.2282 -1.1643 -0.0, -1.2317 -1.1684 0.0039, -1.2317 -1.1684 -0.0, -1.2354 -1.1713 0.0039, -1.2354 -1.1713 -0.0, -1.2394 -1.173 0.0039, -1.2394 -1.173 -0.0, -1.2437 -1.174 0.0039, -1.2437 -1.174 -0.0, -1.2496 -1.1736 0.0039, -1.2496 -1.1736 -0.0, -1.2547 -1.1719 0.0039, -1.2547 -1.1719 -0.0, -1.2595 -1.1689 0.0039, -1.2595 -1.1689 -0.0, -1.264 -1.1645 0.0039, -1.264 -1.1645 -0.0, -1.2689 -1.1568 0.0039, -1.2689 -1.1568 -0.0, -1.2755 -1.1378 0.0039, -1.2755 -1.1378 -0.0, -1.2781 -1.123 0.0039, -1.2781 -1.123 -0.0, -1.2791 -1.078 0.0039, -1.2791 -1.078 -0.0, -1.2721 -1.0375 0.0039, -1.2721 -1.0375 -0.0, -1.2678 -1.026 0.0039, -1.2678 -1.026 -0.0, -1.2614 -1.0169 0.0039, -1.2614 -1.0169 -0.0, -1.2573 -1.0131 0.0039, -1.2573 -1.0131 -0.0, -1.2537 -1.011 0.0039, -1.2537 -1.011 -0.0, -1.2499 -1.0098 0.0039, -1.2499 -1.0098 -0.0, -1.246 -1.0095 0.0039, -1.246 -1.0095 -0.0, -1.2396 -1.0099 0.0039, -1.2396 -1.0099 -0.0, -1.2334 -1.0123 0.0039, -1.2334 -1.0123 -0.0, -1.2283 -1.0158 0.0039, -1.2283 -1.0158 -0.0, -1.2242 -1.0206 0.0039, -1.2242 -1.0206 -0.0, -1.2205 -1.028 0.0039, -1.2205 -1.028 -0.0, -1.2164 -1.0467 0.0039, -1.2164 -1.0467 -0.0, -1.2152 -1.0551 0.0039, -1.2152 -1.0551 -0.0, -1.2137 -1.07 0.0039, -1.2137 -1.07 -0.0, -1.2092 -1.0698 0.0039, -1.2092 -1.0698 -0.0, -1.2113 -1.036 0.0039, -1.2113 -1.036 -0.0, -1.2146 -1.0233 0.0039, -1.2146 -1.0233 -0.0, -1.2194 -1.0135 0.0039, -1.2194 -1.0135 -0.0, -1.2231 -1.0088 0.0039, -1.2231 -1.0088 -0.0, -1.2285 -1.0044 0.0039, -1.2285 -1.0044 -0.0, -1.2354 -1.0013 0.0039, -1.2354 -1.0013 -0.0, -1.242 -1.0001 0.0039, -1.242 -1.0001 -0.0, -1.2493 -1.0004 0.0039, -1.2493 -1.0004 -0.0, -1.2568 -1.0027 0.0039, -1.2568 -1.0027 -0.0, -1.2633 -1.0065 0.0039, -1.2633 -1.0065 -0.0, -1.2681 -1.0113 0.0039, -1.2681 -1.0113 -0.0, -1.2745 -1.0219 0.0039, -1.2745 -1.0219 -0.0, -1.2824 -1.0456 0.0039, -1.2824 -1.0456 -0.0, -1.2855 -1.0648 0.0039, -1.2855 -1.0648 -0.0, -1.2856 -1.1219 0.0039, -1.2856 -1.1219 -0.0, -1.2788 -1.1526 0.0039, -1.2788 -1.1526 -0.0, -1.2728 -1.1661 0.0039, -1.2728 -1.1661 -0.0, -1.267 -1.1736 0.0039, -1.267 -1.1736 -0.0, -1.2582 -1.1804 0.0039, -1.2582 -1.1804 -0.0, -1.254 -1.1824 0.0039, -1.254 -1.1824 -0.0, -1.25 -1.1832 0.0039, -1.25 -1.1832 -0.0, -1.246 -1.1833 0.0039, -1.246 -1.1833 -0.0, -1.2377 -1.1811 0.0039, -1.2377 -1.1811 -0.0, -1.2311 -1.1775 0.0039, -1.2311 -1.1775 -0.0, -1.2255 -1.1724 0.0039, -1.2255 -1.1724 -0.0, -1.2222 -1.168 0.0039, -1.2222 -1.168 -0.0, -1.2197 -1.1635 0.0039, -1.2197 -1.1635 -0.0, -1.3703 -1.1907 0.0039, -1.3578 -1.1751 0.0039, -1.3578 -1.1751 -0.0, -1.3648 -1.1839 -0.0, -1.3687 -1.1887 -0.0, -1.3703 -1.1907 -0.0, -1.3607 -1.1689 0.0039, -1.3607 -1.1689 -0.0, -1.362 -1.1609 0.0039, -1.362 -1.1609 -0.0, -1.362 -1.1572 0.0039, -1.362 -1.1572 -0.0, -1.362 -1.0129 0.0039, -1.362 -1.0129 -0.0, -1.3403 -1.0147 0.0039, -1.3403 -1.0147 -0.0, -1.3299 -1.0163 0.0039, -1.3299 -1.0163 -0.0, -1.3264 -1.0171 0.0039, -1.3264 -1.0171 -0.0, -1.3243 -1.0181 0.0039, -1.3243 -1.0181 -0.0, -1.3217 -1.0203 0.0039, -1.3217 -1.0203 -0.0, -1.3208 -1.0209 0.0039, -1.3208 -1.0209 -0.0, -1.3199 -1.0213 0.0039, -1.3199 -1.0213 -0.0, -1.3133 -1.0155 0.0039, -1.3133 -1.0155 -0.0, -1.3102 -1.0127 0.0039, -1.3102 -1.0127 -0.0, -1.3091 -1.0115 0.0039, -1.3091 -1.0115 -0.0, -1.3086 -1.0106 0.0039, -1.3086 -1.0106 -0.0, -1.3084 -1.0097 0.0039, -1.3084 -1.0097 -0.0, -1.3083 -1.0086 0.0039, -1.3083 -1.0086 -0.0, -1.3086 -1.008 0.0039, -1.3086 -1.008 -0.0, -1.3088 -1.0077 0.0039, -1.3088 -1.0077 -0.0, -1.3092 -1.0075 0.0039, -1.3092 -1.0075 -0.0, -1.3099 -1.0072 0.0039, -1.3099 -1.0072 -0.0, -1.311 -1.0071 0.0039, -1.311 -1.0071 -0.0, -1.3159 -1.007 0.0039, -1.3159 -1.007 -0.0, -1.3231 -1.0059 0.0039, -1.3231 -1.0059 -0.0, -1.3418 -1.004 0.0039, -1.3418 -1.004 -0.0, -1.3479 -1.0035 0.0039, -1.3479 -1.0035 -0.0, -1.3598 -1.0024 0.0039, -1.3598 -1.0024 -0.0, -1.3663 -1.0018 0.0039, -1.3663 -1.0018 -0.0, -1.3678 -1.0014 0.0039, -1.3678 -1.0014 -0.0, -1.3686 -1.0013 0.0039, -1.3686 -1.0013 -0.0, -1.3691 -1.0014 0.0039, -1.3691 -1.0014 -0.0, -1.3696 -1.0016 0.0039, -1.3696 -1.0016 -0.0, -1.3699 -1.0018 0.0039, -1.3699 -1.0018 -0.0, -1.3703 -1.0023 0.0039, -1.3703 -1.0023 -0.0, -1.3707 -1.0031 0.0039, -1.3707 -1.0031 -0.0, -1.3709 -1.0038 0.0039, -1.3709 -1.0038 -0.0, -1.3709 -1.0054 0.0039, -1.3709 -1.0054 -0.0, -1.3701 -1.0123 0.0039, -1.3701 -1.0123 -0.0, -1.37 -1.014 0.0039, -1.37 -1.014 -0.0, -1.3694 -1.0307 0.0039, -1.3694 -1.0307 -0.0, -1.3694 -1.1581 0.0039, -1.3694 -1.1581 -0.0, -1.3696 -1.1719 -0.0, -1.3696 -1.1719 0.0039, -1.3714 -1.1839 -0.0, -1.3717 -1.1856 0.0039, -1.3717 -1.1856 -0.0, -1.3722 -1.1884 0.0039, -1.3722 -1.1884 -0.0, -1.372 -1.1887 -0.0
            ]
        }
        coordIndex [
            0,1,2,-1,2,1,3,-1,4,5,0,-1,0,5,1,-1,6,7,4,-1,4,7,8,-1,4,8,5,-1,7,6,9,-1,7,9,10,-1,10,9,11,-1,10,11,12,-1,12,11,13,-1,12,13,14,-1,14,13,15,-1,14,15,16,-1,16,15,17,-1,16,17,18,-1,18,17,19,-1,18,19,20,-1,20,19,21,-1,20,21,22,-1,22,21,23,-1,22,23,24,-1,24,23,25,-1,24,25,26,-1,26,25,27,-1,26,27,28,-1,28,27,29,-1,28,29,30,-1,30,29,31,-1,30,31,32,-1,32,31,33,-1,32,33,34,-1,34,33,35,-1,34,35,36,-1,36,35,37,-1,37,35,38,-1,37,38,39,-1,40,41,38,-1,38,41,39,-1,41,40,42,-1,41,42,43,-1,43,42,44,-1,43,44,45,-1,45,44,46,-1,45,46,47,-1,47,46,48,-1,47,48,49,-1,50,51,48,-1,48,51,49,-1,51,50,52,-1,51,52,53,-1,53,52,54,-1,53,54,55,-1,55,54,56,-1,56,54,57,-1,56,57,58,-1,59,60,57,-1,57,60,58,-1,61,62,59,-1,59,62,63,-1,59,63,60,-1,64,65,61,-1,61,65,62,-1,65,64,66,-1,65,66,67,-1,67,66,68,-1,67,68,69,-1,70,71,68,-1,68,71,69,-1,71,70,72,-1,71,72,73,-1,73,72,74,-1,73,74,75,-1,75,74,76,-1,75,76,77,-1,77,76,78,-1,77,78,79,-1,79,78,80,-1,79,80,81,-1,81,80,82,-1,81,82,83,-1,83,82,84,-1,83,84,85,-1,85,84,86,-1,85,86,87,-1,87,86,88,-1,87,88,89,-1,90,91,88,-1,88,91,89,-1,91,90,92,-1,92,90,93,-1,92,93,94,-1,94,93,95,-1,94,95,96,-1,96,95,97,-1,96,97,98,-1,98,97,99,-1,98,99,100,-1,100,99,101,-1,100,101,102,-1,102,101,103,-1,102,103,104,-1,104,103,105,-1,104,105,106,-1,106,105,107,-1,106,107,108,-1,108,107,109,-1,108,109,110,-1,110,109,111,-1,110,111,112,-1,112,111,113,-1,112,113,114,-1,114,113,115,-1,114,115,116,-1,116,115,117,-1,116,117,118,-1,118,117,119,-1,118,119,120,-1,120,119,121,-1,120,121,122,-1,122,121,123,-1,122,123,124,-1,124,123,125,-1,124,125,126,-1,127,128,125,-1,125,128,129,-1,125,129,126,-1,130,131,127,-1,127,131,128,-1,130,2,131,-1,131,2,3,-1,132,57,133,-1,133,57,54,-1,6,4,35,-1,130,134,135,-1,74,72,127,-1,127,72,70,-1,135,136,130,-1,130,136,137,-1,130,137,2,-1,2,137,138,-1,52,0,54,-1,54,0,2,-1,54,2,133,-1,133,2,138,-1,70,68,127,-1,127,68,66,-1,127,66,130,-1,130,66,64,-1,130,64,134,-1,134,64,61,-1,134,61,132,-1,132,61,59,-1,132,59,57,-1,0,40,4,-1,4,40,38,-1,4,38,35,-1,97,95,125,-1,125,95,93,-1,125,93,127,-1,127,93,90,-1,90,88,127,-1,127,88,86,-1,127,86,74,-1,74,86,84,-1,74,84,76,-1,52,50,0,-1,0,50,48,-1,0,48,46,-1,33,11,35,-1,35,11,9,-1,35,9,6,-1,46,44,0,-1,0,44,42,-1,0,42,40,-1,82,80,84,-1,84,80,78,-1,84,78,76,-1,121,103,123,-1,123,103,101,-1,123,101,125,-1,125,101,99,-1,125,99,97,-1,121,119,103,-1,103,119,117,-1,103,117,105,-1,31,15,33,-1,33,15,13,-1,33,13,11,-1,31,29,15,-1,15,29,27,-1,15,27,25,-1,19,17,21,-1,21,17,15,-1,21,15,23,-1,23,15,25,-1,113,111,115,-1,115,111,109,-1,115,109,117,-1,117,109,107,-1,117,107,105,-1,133,139,132,-1,132,139,140,-1,139,133,138,-1,139,138,141,-1,141,138,137,-1,141,137,142,-1,142,137,136,-1,142,136,143,-1,135,144,136,-1,136,144,143,-1,134,145,135,-1,135,145,144,-1,140,145,132,-1,132,145,134,-1,146,147,148,-1,148,147,149,-1,147,146,150,-1,147,150,151,-1,151,150,152,-1,151,152,153,-1,153,152,154,-1,153,154,155,-1,155,154,156,-1,155,156,157,-1,157,156,158,-1,157,158,159,-1,159,158,160,-1,159,160,161,-1,161,160,162,-1,161,162,163,-1,163,162,164,-1,163,164,165,-1,165,164,166,-1,165,166,167,-1,168,169,166,-1,166,169,167,-1,170,171,168,-1,168,171,169,-1,171,170,172,-1,171,172,173,-1,173,172,174,-1,173,174,175,-1,176,177,174,-1,174,177,175,-1,178,179,176,-1,176,179,177,-1,179,178,180,-1,179,180,181,-1,181,180,182,-1,181,182,183,-1,183,182,184,-1,183,184,185,-1,185,184,186,-1,185,186,187,-1,187,186,188,-1,187,188,189,-1,189,188,190,-1,189,190,191,-1,191,190,192,-1,191,192,193,-1,193,192,194,-1,193,194,195,-1,195,194,196,-1,195,196,197,-1,197,196,198,-1,197,198,199,-1,199,198,200,-1,199,200,201,-1,201,200,202,-1,201,202,203,-1,203,202,204,-1,203,204,205,-1,205,204,206,-1,205,206,207,-1,207,206,208,-1,207,208,209,-1,209,208,210,-1,209,210,211,-1,211,210,212,-1,211,212,213,-1,214,215,212,-1,212,215,213,-1,215,214,216,-1,215,216,217,-1,217,216,218,-1,217,218,219,-1,219,218,220,-1,220,218,221,-1,220,221,222,-1,222,221,223,-1,222,223,224,-1,225,224,226,-1,226,224,223,-1,225,226,227,-1,227,226,228,-1,227,228,229,-1,229,228,230,-1,229,230,231,-1,231,230,232,-1,231,232,233,-1,233,232,234,-1,233,234,235,-1,236,237,234,-1,234,237,235,-1,237,236,238,-1,237,238,239,-1,239,238,240,-1,239,240,241,-1,241,240,242,-1,241,242,243,-1,243,242,244,-1,243,244,245,-1,245,244,246,-1,245,246,247,-1,247,246,248,-1,247,248,249,-1,249,248,250,-1,249,250,251,-1,251,250,252,-1,251,252,253,-1,253,252,254,-1,253,254,255,-1,255,254,256,-1,255,256,257,-1,257,256,258,-1,257,258,259,-1,259,258,260,-1,259,260,261,-1,261,260,262,-1,261,262,263,-1,263,262,264,-1,263,264,265,-1,266,267,264,-1,264,267,265,-1,268,269,266,-1,266,269,267,-1,270,271,268,-1,268,271,269,-1,271,270,272,-1,271,272,273,-1,273,272,148,-1,273,148,149,-1,242,240,264,-1,170,168,274,-1,168,166,146,-1,146,166,164,-1,146,164,150,-1,146,148,168,-1,168,148,272,-1,168,272,274,-1,274,272,270,-1,274,270,275,-1,276,277,232,-1,232,277,278,-1,232,278,279,-1,240,238,264,-1,264,238,236,-1,264,236,266,-1,266,236,234,-1,266,234,268,-1,268,234,232,-1,232,230,276,-1,276,230,216,-1,276,216,280,-1,270,268,275,-1,275,268,232,-1,275,232,281,-1,281,232,279,-1,282,283,178,-1,178,283,180,-1,180,283,284,-1,180,284,182,-1,258,256,254,-1,178,176,282,-1,282,176,174,-1,282,174,274,-1,274,174,172,-1,274,172,170,-1,182,284,184,-1,184,284,285,-1,184,285,186,-1,264,250,248,-1,162,154,164,-1,164,154,152,-1,164,152,150,-1,162,160,154,-1,154,160,158,-1,154,158,156,-1,286,287,202,-1,250,264,252,-1,252,264,262,-1,252,262,254,-1,254,262,260,-1,254,260,258,-1,248,246,264,-1,264,246,244,-1,264,244,242,-1,226,223,228,-1,228,223,221,-1,228,221,230,-1,230,221,218,-1,230,218,216,-1,202,287,204,-1,216,214,280,-1,280,214,212,-1,280,212,210,-1,287,288,204,-1,204,288,289,-1,204,289,206,-1,206,289,280,-1,206,280,208,-1,208,280,210,-1,186,285,188,-1,188,285,290,-1,188,290,190,-1,190,290,291,-1,190,291,192,-1,192,291,292,-1,192,292,194,-1,292,293,194,-1,194,293,294,-1,194,294,196,-1,196,294,295,-1,196,295,198,-1,198,295,286,-1,198,286,200,-1,200,286,202,-1,278,296,279,-1,279,296,297,-1,296,278,277,-1,296,277,298,-1,298,277,276,-1,298,276,299,-1,299,276,280,-1,299,280,300,-1,300,280,289,-1,300,289,301,-1,301,289,288,-1,301,288,302,-1,302,288,287,-1,302,287,303,-1,303,287,286,-1,303,286,304,-1,304,286,295,-1,304,295,305,-1,305,295,294,-1,305,294,306,-1,306,294,293,-1,306,293,307,-1,307,293,292,-1,307,292,308,-1,308,292,291,-1,308,291,309,-1,309,291,290,-1,309,290,310,-1,310,290,285,-1,310,285,311,-1,311,285,284,-1,311,284,312,-1,312,284,283,-1,312,283,313,-1,313,283,282,-1,313,282,314,-1,274,315,282,-1,282,315,314,-1,275,316,274,-1,274,316,315,-1,316,275,281,-1,316,281,317,-1,317,281,279,-1,317,279,297,-1,318,319,320,-1,320,319,321,-1,319,318,322,-1,319,322,323,-1,323,322,324,-1,323,324,325,-1,325,324,326,-1,325,326,327,-1,328,329,326,-1,326,329,327,-1,330,331,328,-1,328,331,329,-1,331,330,332,-1,331,332,333,-1,333,332,334,-1,333,334,335,-1,335,334,336,-1,335,336,337,-1,337,336,338,-1,337,338,339,-1,339,338,340,-1,339,340,341,-1,341,340,342,-1,341,342,343,-1,343,342,344,-1,343,344,345,-1,345,344,346,-1,345,346,347,-1,347,346,348,-1,347,348,349,-1,349,348,350,-1,349,350,351,-1,351,350,352,-1,351,352,353,-1,354,355,352,-1,352,355,353,-1,356,357,354,-1,354,357,355,-1,358,359,356,-1,356,359,357,-1,359,358,360,-1,359,360,361,-1,361,360,362,-1,361,362,363,-1,364,365,362,-1,362,365,363,-1,366,367,364,-1,364,367,365,-1,367,366,368,-1,367,368,369,-1,369,368,370,-1,369,370,371,-1,371,370,372,-1,371,372,373,-1,373,372,374,-1,373,374,375,-1,375,374,376,-1,375,376,377,-1,377,376,378,-1,377,378,379,-1,379,378,380,-1,379,380,381,-1,381,380,382,-1,381,382,383,-1,383,382,384,-1,383,384,385,-1,385,384,386,-1,385,386,387,-1,387,386,388,-1,387,388,389,-1,389,388,390,-1,389,390,391,-1,392,393,390,-1,390,393,391,-1,393,392,394,-1,393,394,395,-1,395,394,396,-1,395,396,397,-1,398,399,396,-1,396,399,397,-1,399,398,400,-1,399,400,401,-1,401,400,402,-1,401,402,403,-1,403,402,404,-1,403,404,405,-1,405,404,406,-1,405,406,407,-1,407,406,408,-1,407,408,409,-1,409,408,410,-1,409,410,411,-1,411,410,412,-1,411,412,413,-1,413,412,414,-1,413,414,415,-1,415,414,416,-1,415,416,417,-1,417,416,418,-1,417,418,419,-1,419,418,420,-1,419,420,421,-1,421,420,422,-1,421,422,423,-1,423,422,424,-1,423,424,425,-1,426,427,424,-1,424,427,425,-1,427,426,428,-1,427,428,429,-1,429,428,430,-1,429,430,431,-1,432,433,430,-1,430,433,431,-1,433,432,434,-1,433,434,435,-1,435,434,436,-1,435,436,437,-1,437,436,438,-1,437,438,439,-1,439,438,440,-1,439,440,441,-1,441,440,442,-1,441,442,443,-1,443,442,444,-1,443,444,445,-1,445,444,446,-1,445,446,447,-1,447,446,448,-1,447,448,449,-1,449,448,450,-1,449,450,451,-1,451,450,452,-1,451,452,453,-1,453,452,454,-1,453,454,455,-1,455,454,456,-1,455,456,457,-1,457,456,458,-1,457,458,459,-1,459,458,460,-1,459,460,461,-1,461,460,462,-1,461,462,463,-1,464,465,462,-1,462,465,463,-1,465,464,466,-1,465,466,467,-1,467,466,468,-1,467,468,469,-1,470,471,468,-1,468,471,469,-1,471,470,472,-1,471,472,473,-1,473,472,474,-1,473,474,475,-1,476,477,474,-1,474,477,475,-1,477,476,478,-1,477,478,479,-1,479,478,480,-1,479,480,481,-1,481,480,482,-1,481,482,483,-1,483,482,484,-1,484,482,485,-1,484,485,486,-1,486,485,487,-1,487,485,488,-1,487,488,489,-1,489,488,490,-1,489,490,491,-1,491,490,492,-1,491,492,493,-1,493,492,494,-1,493,494,495,-1,495,494,496,-1,495,496,497,-1,497,496,498,-1,497,498,499,-1,499,498,500,-1,499,500,501,-1,501,500,502,-1,501,502,503,-1,503,502,504,-1,503,504,505,-1,505,504,506,-1,505,506,507,-1,507,506,508,-1,507,508,509,-1,509,508,510,-1,509,510,511,-1,512,513,510,-1,510,513,511,-1,513,512,514,-1,513,514,515,-1,515,514,516,-1,515,516,517,-1,518,519,516,-1,516,519,517,-1,518,320,519,-1,519,320,321,-1,402,400,356,-1,362,360,392,-1,392,360,358,-1,326,324,352,-1,400,398,356,-1,356,398,396,-1,356,396,358,-1,358,396,394,-1,358,394,392,-1,430,428,356,-1,428,426,356,-1,356,426,424,-1,356,424,422,-1,422,420,356,-1,356,420,418,-1,356,418,416,-1,320,354,318,-1,318,354,352,-1,318,352,322,-1,322,352,324,-1,362,392,364,-1,364,392,390,-1,364,390,366,-1,366,390,388,-1,366,388,386,-1,356,410,408,-1,436,434,518,-1,518,434,432,-1,518,432,320,-1,320,432,430,-1,320,430,354,-1,354,430,356,-1,416,414,356,-1,356,414,412,-1,356,412,410,-1,336,334,350,-1,350,334,352,-1,328,326,330,-1,330,326,352,-1,330,352,332,-1,332,352,334,-1,448,446,518,-1,518,446,444,-1,518,444,442,-1,386,384,366,-1,366,384,382,-1,366,382,380,-1,408,406,356,-1,356,406,404,-1,356,404,402,-1,496,494,508,-1,508,494,492,-1,508,492,510,-1,510,492,490,-1,510,490,488,-1,472,470,518,-1,518,470,468,-1,518,468,466,-1,466,464,518,-1,518,464,462,-1,518,462,460,-1,370,376,372,-1,372,376,374,-1,380,378,366,-1,366,378,376,-1,366,376,368,-1,368,376,370,-1,454,452,518,-1,518,452,450,-1,518,450,448,-1,442,440,518,-1,518,440,438,-1,518,438,436,-1,488,485,510,-1,510,485,482,-1,510,482,512,-1,512,482,480,-1,512,480,514,-1,514,480,478,-1,514,478,516,-1,516,478,476,-1,516,476,518,-1,518,476,474,-1,518,474,472,-1,460,458,518,-1,518,458,456,-1,518,456,454,-1,342,340,350,-1,350,340,338,-1,350,338,336,-1,502,508,504,-1,504,508,506,-1,502,500,508,-1,508,500,498,-1,508,498,496,-1,348,346,350,-1,350,346,344,-1,350,344,342,-1,520,521,522,-1,522,521,523,-1,524,525,520,-1,520,525,521,-1,526,527,524,-1,524,527,525,-1,527,526,528,-1,527,528,529,-1,529,528,530,-1,529,530,531,-1,531,530,532,-1,531,532,533,-1,533,532,534,-1,533,534,535,-1,535,534,536,-1,535,536,537,-1,537,536,538,-1,537,538,539,-1,539,538,540,-1,539,540,541,-1,541,540,542,-1,541,542,543,-1,543,542,544,-1,543,544,545,-1,545,544,546,-1,545,546,547,-1,547,546,548,-1,547,548,549,-1,549,548,550,-1,549,550,551,-1,551,550,552,-1,551,552,553,-1,553,552,554,-1,553,554,555,-1,555,554,556,-1,555,556,557,-1,557,556,558,-1,557,558,559,-1,559,558,560,-1,559,560,561,-1,561,560,562,-1,561,562,563,-1,563,562,564,-1,563,564,565,-1,565,564,566,-1,565,566,567,-1,567,566,568,-1,567,568,569,-1,569,568,570,-1,569,570,571,-1,571,570,572,-1,571,572,573,-1,573,572,574,-1,573,574,575,-1,575,574,576,-1,575,576,577,-1,577,576,578,-1,577,578,579,-1,579,578,580,-1,579,580,581,-1,581,580,582,-1,581,582,583,-1,583,582,584,-1,583,584,585,-1,586,587,584,-1,584,587,585,-1,588,589,586,-1,586,589,587,-1,589,588,590,-1,589,590,591,-1,591,590,592,-1,591,592,593,-1,593,592,594,-1,593,594,595,-1,595,594,596,-1,595,596,597,-1,597,596,598,-1,597,598,599,-1,599,598,600,-1,599,600,601,-1,601,600,602,-1,601,602,603,-1,603,602,604,-1,603,604,605,-1,605,604,606,-1,605,606,607,-1,607,606,608,-1,607,608,609,-1,609,608,610,-1,609,610,611,-1,611,610,612,-1,611,612,613,-1,613,612,614,-1,613,614,615,-1,615,614,616,-1,615,616,617,-1,617,616,618,-1,617,618,619,-1,619,618,620,-1,619,620,621,-1,621,620,622,-1,621,622,623,-1,623,622,624,-1,623,624,625,-1,625,624,626,-1,625,626,627,-1,627,626,628,-1,627,628,629,-1,629,628,630,-1,629,630,631,-1,631,630,632,-1,631,632,633,-1,633,632,634,-1,633,634,635,-1,635,634,636,-1,635,636,637,-1,637,636,638,-1,637,638,639,-1,639,638,640,-1,639,640,641,-1,642,643,640,-1,640,643,641,-1,642,522,643,-1,643,522,523,-1,524,520,642,-1,642,520,522,-1,640,536,642,-1,642,536,534,-1,642,534,532,-1,526,524,528,-1,528,524,642,-1,528,642,530,-1,530,642,532,-1,640,638,536,-1,536,638,636,-1,536,636,538,-1,538,636,634,-1,538,634,540,-1,540,634,632,-1,540,632,542,-1,632,630,542,-1,542,630,628,-1,542,628,544,-1,544,628,626,-1,544,626,546,-1,546,626,624,-1,546,624,548,-1,548,624,622,-1,548,622,550,-1,550,622,552,-1,552,622,620,-1,552,620,554,-1,554,620,618,-1,554,618,556,-1,556,618,616,-1,556,616,558,-1,558,616,614,-1,558,614,560,-1,560,614,612,-1,560,612,562,-1,562,612,610,-1,562,610,564,-1,564,610,608,-1,564,608,566,-1,566,608,606,-1,566,606,568,-1,568,606,604,-1,568,604,570,-1,570,604,602,-1,570,602,572,-1,572,602,600,-1,572,600,574,-1,574,600,598,-1,574,598,576,-1,576,598,596,-1,576,596,578,-1,578,596,594,-1,578,594,580,-1,580,594,592,-1,580,592,582,-1,582,592,590,-1,582,590,584,-1,584,590,588,-1,584,588,586,-1,644,645,646,-1,646,647,644,-1,644,647,648,-1,644,648,649,-1,646,645,650,-1,646,650,651,-1,651,650,652,-1,651,652,653,-1,653,652,654,-1,653,654,655,-1,656,657,654,-1,654,657,655,-1,657,656,658,-1,657,658,659,-1,659,658,660,-1,659,660,661,-1,661,660,662,-1,661,662,663,-1,663,662,664,-1,663,664,665,-1,665,664,666,-1,665,666,667,-1,667,666,668,-1,667,668,669,-1,669,668,670,-1,669,670,671,-1,671,670,672,-1,671,672,673,-1,673,672,674,-1,673,674,675,-1,675,674,676,-1,675,676,677,-1,677,676,678,-1,677,678,679,-1,679,678,680,-1,679,680,681,-1,681,680,682,-1,681,682,683,-1,683,682,684,-1,683,684,685,-1,685,684,686,-1,685,686,687,-1,687,686,688,-1,687,688,689,-1,689,688,690,-1,689,690,691,-1,691,690,692,-1,691,692,693,-1,693,692,694,-1,693,694,695,-1,695,694,696,-1,695,696,697,-1,697,696,698,-1,697,698,699,-1,699,698,700,-1,699,700,701,-1,702,703,700,-1,700,703,701,-1,704,705,702,-1,702,705,703,-1,705,704,706,-1,705,706,707,-1,707,706,708,-1,707,708,709,-1,709,708,710,-1,709,710,711,-1,711,710,712,-1,711,712,713,-1,713,712,714,-1,713,714,715,-1,715,714,716,-1,715,716,717,-1,717,716,718,-1,717,718,719,-1,719,718,720,-1,719,720,721,-1,721,720,722,-1,721,722,723,-1,723,722,724,-1,723,724,725,-1,725,724,726,-1,725,726,727,-1,728,729,726,-1,726,729,727,-1,730,731,728,-1,728,731,729,-1,732,731,733,-1,733,731,730,-1,732,733,734,-1,734,733,735,-1,734,735,736,-1,737,738,735,-1,735,738,736,-1,738,737,739,-1,739,737,644,-1,739,644,649,-1,668,666,694,-1,694,666,664,-1,694,664,696,-1,670,668,672,-1,672,668,694,-1,672,694,674,-1,674,694,692,-1,674,692,676,-1,730,728,656,-1,656,728,726,-1,656,726,724,-1,664,662,696,-1,696,662,660,-1,696,660,698,-1,698,660,658,-1,644,737,645,-1,645,737,735,-1,645,735,650,-1,650,735,733,-1,650,733,652,-1,652,733,730,-1,652,730,654,-1,654,730,656,-1,724,722,656,-1,656,722,720,-1,656,720,718,-1,680,690,688,-1,690,680,692,-1,692,680,678,-1,692,678,676,-1,718,716,656,-1,656,716,714,-1,656,714,712,-1,712,710,656,-1,656,710,708,-1,656,708,706,-1,706,704,656,-1,656,704,702,-1,656,702,658,-1,658,702,700,-1,658,700,698,-1,688,686,680,-1,680,686,684,-1,680,684,682,-1,
        ]
    }
}
Shape{
    appearance Appearance {
        material  Material {
            diffuseColor 0.27450980392156865 0.49411764705882355 0.27450980392156865
            specularColor 0.0196078431372549 0.03529411764705882 0.0196078431372549
            ambientIntensity 0.5763
            transparency 0.0
            shininess 0.5
        }
    }
    geometry IndexedFaceSet {
        ccw TRUE
        solid FALSE
        coord DEF co Coordinate {
            point [
                -0.9323 -1.0873 -0.0, -0.9247 -1.08 -0.0, -0.9428 -1.1595 -0.0, -0.9612 -1.0763 -0.0, -0.9501 -1.0786 -0.0, -0.9418 -1.0812 -0.0, -0.9394 -1.0825 -0.0, -1.0686 -1.1646 -0.0, -1.0686 -1.0148 -0.0, -1.0632 -1.1669 -0.0, -1.0642 -1.0147 -0.0, -1.0598 -1.0148 -0.0, -1.0474 -1.0163 -0.0, -1.0386 -1.0174 -0.0, -1.0389 -1.1706 -0.0, -1.0512 -1.1697 -0.0, -1.0103 -1.1074 -0.0, -1.0109 -1.0657 -0.0, -1.0314 -1.1691 -0.0, -1.0136 -1.1459 -0.0, -1.016 -1.1544 -0.0, -1.0323 -1.019 -0.0, -1.0277 -1.021 -0.0, -1.0243 -1.0237 -0.0, -1.0192 -1.1605 -0.0, -1.0226 -1.1646 -0.0, -1.0259 -1.167 -0.0, -1.021 -1.028 -0.0, -1.0154 -1.0406 -0.0, -1.2362 0.9842 1.5222, -1.2362 0.9842 1.8676, -0.7638 0.9842 1.5222, -0.7638 0.9842 1.8676, -1.2362 0.9842 0.7874, -1.2362 1.1811 0.7874, -1.2362 1.1811 1.1811, -0.7638 1.1811 0.7874, -0.7638 0.9842 0.7874, -0.7638 1.1811 1.1811
            ]
        }
        coordIndex [
            0,1,2,-1,2,3,4,-1,4,5,2,-1,2,5,6,-1,2,6,0,-1,7,8,9,-1,9,8,10,-1,10,11,9,-1,9,11,12,-1,9,12,13,-1,14,15,16,-1,16,15,9,-1,16,9,17,-1,14,16,18,-1,18,16,19,-1,18,19,20,-1,13,21,9,-1,9,21,22,-1,9,22,23,-1,20,24,18,-1,18,24,25,-1,18,25,26,-1,23,27,9,-1,9,27,28,-1,9,28,17,-1,29,30,31,-1,31,30,32,-1,33,34,29,-1,29,34,35,-1,29,35,30,-1,36,37,38,-1,38,37,31,-1,38,31,32,-1,37,36,33,-1,33,36,34,-1,
        ]
    }
}
Shape{
    appearance Appearance {
        material  Material {
            diffuseColor 0.6470588235294118 0.6196078431372549 0.5882352941176471
            specularColor 0.45098039215686275 0.43529411764705883 0.4117647058823529
            ambientIntensity 0.6242
            transparency 0.0
            shininess 0.5
        }
    }
    geometry IndexedFaceSet {
        ccw TRUE
        solid FALSE
        coord DEF co Coordinate {
            point [
                1.3116 -0.1533 3.2205, 0.6884 -0.1533 3.2205, 0.7017 -0.1884 3.2205, 1.2983 -0.1884 3.2205, 0.7326 -0.2428 3.2205, 1.2674 -0.2428 3.2205, 1.2267 -0.2903 3.2205, 0.7733 -0.2903 3.2205, 0.8223 -0.3292 3.2205, 1.0 -0.3817 3.2205, 1.0622 -0.3757 3.2205, 1.1222 -0.358 3.2205, 1.1777 -0.3292 3.2205, 0.8778 -0.358 3.2205, 0.9378 -0.3757 3.2205, 0.7137 -0.3412 3.1417, 0.7187 -0.347 3.1417, 0.7205 -0.3451 3.1621, 0.7979 -0.4048 3.1417, 0.8483 -0.431 3.1417, 0.8493 -0.4285 3.1621, 1.1045 -0.445 3.1417, 1.1517 -0.431 3.1417, 1.1507 -0.4285 3.1621, 1.2863 -0.3412 3.1417, 1.3318 -0.2881 3.1417, 1.3296 -0.2865 3.1621, 1.3127 -0.1533 3.2205, 1.3169 -0.1968 3.2178, 1.3327 -0.1533 3.2178, 1.3329 -0.1533 3.2178, 1.3415 -0.1533 3.2151, 1.3342 -0.2045 3.2099, 1.3524 -0.1533 3.2095, 1.3588 -0.1533 3.2062, 1.3491 -0.2112 3.1974, 1.3662 -0.1533 3.2005, 1.3605 -0.2163 3.1811, 1.3788 -0.1533 3.1868, 1.3693 -0.1533 3.1971, 1.3906 -0.1533 3.1621, 1.3906 -0.1533 3.1624, 1.3677 -0.2195 3.1621, 1.3836 -0.1533 3.1793, 1.3825 -0.1533 3.1811, 1.3934 -0.1533 3.1417, 1.3924 -0.1533 3.1542, 1.3912 -0.1597 3.1417, 1.3701 -0.2206 3.1417, 1.3496 -0.2568 3.1417, 0.6066 -0.1533 3.1417, 0.6088 -0.1597 3.1417, 0.607 -0.1533 3.1498, 0.6095 -0.1533 3.1621, 0.6323 -0.2195 3.1621, 0.61 -0.1533 3.1644, 0.6395 -0.2163 3.1811, 0.6175 -0.1533 3.1812, 0.622 -0.1533 3.1878, 0.6509 -0.2112 3.1974, 0.6308 -0.1533 3.1971, 0.6582 -0.1533 3.215, 0.6476 -0.1533 3.2094, 0.6658 -0.2045 3.2099, 0.6409 -0.1533 3.206, 0.635 -0.1533 3.2015, 0.6652 -0.1533 3.2173, 0.6831 -0.1968 3.2178, 0.6671 -0.1533 3.2176, 0.685 -0.1533 3.2204, 1.1888 -0.3463 3.2178, 1.1298 -0.3769 3.2178, 1.1991 -0.3622 3.2099, 1.1369 -0.3945 3.2099, 1.208 -0.3759 3.1974, 1.143 -0.4096 3.1974, 1.2148 -0.3864 3.1811, 1.1477 -0.4212 3.1811, 1.2191 -0.393 3.1621, 0.9339 -0.3957 3.2178, 0.8702 -0.3769 3.2178, 0.9303 -0.4144 3.2099, 0.8631 -0.3945 3.2099, 0.9271 -0.4304 3.1974, 0.857 -0.4096 3.1974, 0.9248 -0.4427 3.1811, 0.8523 -0.4212 3.1811, 0.9233 -0.4504 3.1621, 0.7159 -0.2545 3.2178, 0.7004 -0.2654 3.2099, 0.6871 -0.2748 3.1974, 0.6768 -0.282 3.1811, 0.6704 -0.2865 3.1621, 1.3232 -0.282 3.1811, 1.3129 -0.2748 3.1974, 1.2996 -0.2654 3.2099, 1.2841 -0.2545 3.2178, 1.2813 -0.347 3.1417, 1.2795 -0.3451 3.1621, 1.274 -0.3394 3.1811, 1.2653 -0.3304 3.1974, 1.254 -0.3186 3.2099, 1.2408 -0.305 3.2178, 1.2205 -0.3952 3.1417, 1.2021 -0.4048 3.1417, 1.0772 -0.453 3.1417, 1.0767 -0.4504 3.1621, 1.0752 -0.4427 3.1811, 1.0729 -0.4304 3.1974, 1.0697 -0.4144 3.2099, 1.0661 -0.3957 3.2178, 1.0 -0.4021 3.2178, 1.0 -0.4211 3.2099, 1.0 -0.4374 3.1974, 1.0 -0.4499 3.1811, 1.0 -0.4578 3.1621, 1.0 -0.4604 3.1417, 0.9228 -0.453 3.1417, 0.8955 -0.445 3.1417, 0.7795 -0.3952 3.1417, 0.7809 -0.393 3.1621, 0.7852 -0.3864 3.1811, 0.792 -0.3759 3.1974, 0.8009 -0.3622 3.2099, 0.8112 -0.3463 3.2178, 0.7592 -0.305 3.2178, 0.746 -0.3186 3.2099, 0.7347 -0.3304 3.1974, 0.726 -0.3394 3.1811, 0.6682 -0.2881 3.1417, 0.6299 -0.2206 3.1417, 0.6504 -0.2568 3.1417, 1.2352 -0.0549 2.6435, 1.2272 0.006 1.8392, 1.2272 0.006 2.6435, 1.2037 0.0627 1.8392, 1.2037 0.0627 2.6435, 1.1663 0.1114 1.8392, 1.1663 0.1114 2.6435, 1.1176 0.1488 1.8392, 1.1176 0.1488 2.6435, 1.0609 0.1723 1.8392, 1.0609 0.1723 2.6435, 1.0 0.1803 1.8392, 1.0 0.1803 2.6435, 0.9391 0.1723 1.8392, 0.9391 0.1723 2.6435, 0.8824 0.1488 1.8392, 0.8824 0.1488 2.6435, 0.8337 0.1114 1.8392, 0.8337 0.1114 2.6435, 0.7963 0.0627 1.8392, 0.7963 0.0627 2.6435, 0.7728 0.006 1.8392, 0.7728 0.006 2.6435, 0.7648 -0.0549 1.8392, 0.7648 -0.0549 2.6435, 0.7728 -0.1158 1.8392, 0.7728 -0.1158 2.6435, 0.7963 -0.1725 1.8392, 0.7963 -0.1725 2.6435, 0.8337 -0.2212 1.8392, 0.8337 -0.2212 2.6435, 0.8824 -0.2586 1.8392, 0.8824 -0.2586 2.6435, 0.9391 -0.2821 1.8392, 0.9391 -0.2821 2.6435, 1.0 -0.2901 1.8392, 1.0 -0.2901 2.6435, 1.0609 -0.2821 1.8392, 1.0609 -0.2821 2.6435, 1.1176 -0.2586 1.8392, 1.1176 -0.2586 2.6435, 1.1663 -0.2212 1.8392, 1.1663 -0.2212 2.6435, 1.2037 -0.1725 1.8392, 1.2037 -0.1725 2.6435, 1.2272 -0.1158 1.8392, 1.2272 -0.1158 2.6435, 1.2352 -0.0549 1.8392
            ]
        }
        coordIndex [
            0,1,2,-1,0,2,3,-1,3,2,4,-1,3,4,5,-1,5,4,6,-1,6,4,7,-1,6,7,8,-1,9,10,6,-1,6,10,11,-1,6,11,12,-1,8,13,6,-1,6,13,14,-1,6,14,9,-1,15,16,17,-1,18,19,20,-1,21,22,23,-1,24,25,26,-1,0,3,27,-1,27,3,28,-1,27,28,29,-1,29,28,30,-1,30,28,31,-1,31,28,32,-1,31,32,33,-1,33,32,34,-1,34,32,35,-1,34,35,36,-1,37,38,35,-1,35,38,39,-1,35,39,36,-1,40,41,42,-1,42,41,43,-1,42,43,37,-1,37,43,44,-1,37,44,38,-1,45,46,47,-1,47,46,40,-1,47,40,48,-1,48,40,42,-1,48,42,49,-1,50,51,52,-1,52,51,53,-1,53,54,55,-1,55,54,56,-1,55,56,57,-1,57,56,58,-1,58,56,59,-1,58,59,60,-1,61,62,63,-1,63,62,64,-1,63,64,59,-1,59,64,65,-1,59,65,60,-1,61,63,66,-1,66,63,67,-1,66,67,68,-1,68,67,69,-1,69,67,2,-1,69,2,1,-1,12,11,70,-1,70,11,71,-1,70,71,72,-1,72,71,73,-1,72,73,74,-1,74,73,75,-1,74,75,76,-1,76,75,77,-1,76,77,78,-1,78,77,23,-1,14,13,79,-1,79,13,80,-1,79,80,81,-1,81,80,82,-1,81,82,83,-1,83,82,84,-1,83,84,85,-1,85,84,86,-1,85,86,87,-1,87,86,20,-1,4,2,88,-1,88,2,67,-1,88,67,89,-1,89,67,63,-1,89,63,90,-1,90,63,59,-1,90,59,91,-1,91,59,56,-1,91,56,92,-1,92,56,54,-1,25,49,26,-1,26,49,42,-1,26,42,93,-1,93,42,37,-1,93,37,94,-1,94,37,35,-1,94,35,95,-1,95,35,32,-1,95,32,96,-1,96,32,28,-1,96,28,5,-1,5,28,3,-1,97,24,98,-1,98,24,26,-1,98,26,99,-1,99,26,93,-1,99,93,100,-1,100,93,94,-1,100,94,101,-1,101,94,95,-1,101,95,102,-1,102,95,96,-1,102,96,6,-1,6,96,5,-1,6,12,102,-1,102,12,70,-1,102,70,101,-1,101,70,72,-1,101,72,100,-1,100,72,74,-1,100,74,99,-1,99,74,76,-1,99,76,98,-1,98,76,78,-1,98,78,97,-1,97,78,103,-1,23,22,78,-1,78,22,104,-1,78,104,103,-1,105,21,106,-1,106,21,23,-1,106,23,107,-1,107,23,77,-1,107,77,108,-1,108,77,75,-1,108,75,109,-1,109,75,73,-1,109,73,110,-1,110,73,71,-1,110,71,10,-1,10,71,11,-1,10,9,110,-1,110,9,111,-1,110,111,109,-1,109,111,112,-1,109,112,108,-1,108,112,113,-1,108,113,107,-1,107,113,114,-1,107,114,106,-1,106,114,115,-1,106,115,105,-1,105,115,116,-1,9,14,111,-1,111,14,79,-1,111,79,112,-1,112,79,81,-1,112,81,113,-1,113,81,83,-1,113,83,114,-1,114,83,85,-1,114,85,115,-1,115,85,87,-1,115,87,116,-1,116,87,117,-1,20,19,87,-1,87,19,118,-1,87,118,117,-1,119,18,120,-1,120,18,20,-1,120,20,121,-1,121,20,86,-1,121,86,122,-1,122,86,84,-1,122,84,123,-1,123,84,82,-1,123,82,124,-1,124,82,80,-1,124,80,8,-1,8,80,13,-1,8,7,124,-1,124,7,125,-1,124,125,123,-1,123,125,126,-1,123,126,122,-1,122,126,127,-1,122,127,121,-1,121,127,128,-1,121,128,120,-1,120,128,17,-1,120,17,119,-1,119,17,16,-1,129,15,92,-1,92,15,17,-1,92,17,91,-1,91,17,128,-1,91,128,90,-1,90,128,127,-1,90,127,89,-1,89,127,126,-1,89,126,88,-1,88,126,125,-1,88,125,4,-1,4,125,7,-1,53,51,54,-1,54,51,130,-1,54,130,92,-1,92,130,131,-1,92,131,129,-1,132,133,134,-1,134,133,135,-1,134,135,136,-1,136,135,137,-1,136,137,138,-1,138,137,139,-1,138,139,140,-1,140,139,141,-1,140,141,142,-1,142,141,143,-1,142,143,144,-1,144,143,145,-1,144,145,146,-1,146,145,147,-1,146,147,148,-1,148,147,149,-1,148,149,150,-1,150,149,151,-1,150,151,152,-1,152,151,153,-1,152,153,154,-1,154,153,155,-1,154,155,156,-1,156,155,157,-1,156,157,158,-1,158,157,159,-1,158,159,160,-1,160,159,161,-1,160,161,162,-1,162,161,163,-1,162,163,164,-1,164,163,165,-1,164,165,166,-1,166,165,167,-1,166,167,168,-1,168,167,169,-1,168,169,170,-1,170,169,171,-1,170,171,172,-1,172,171,173,-1,172,173,174,-1,174,173,175,-1,174,175,176,-1,176,175,177,-1,176,177,178,-1,178,177,179,-1,178,179,132,-1,132,179,133,-1,
        ]
    }
}
Shape{
    appearance Appearance {
        material  Material {
            diffuseColor 0.27450980392156865 0.49411764705882355 0.27450980392156865
            specularColor 0.0196078431372549 0.03529411764705882 0.0196078431372549
            ambientIntensity 0.5763
            transparency 0.0
            shininess 0.5
        }
    }
    geometry IndexedFaceSet {
        ccw TRUE
        solid FALSE
        coord DEF co Coordinate {
            point [
                1.5 -1.2992 1.9685, 1.5 -1.2992 -0.0, 1.5 -1.1887 -0.0, 1.5 0.5263 3.4646, 1.5 -0.6361 3.4646, 1.5 1.1811 1.1811, 1.5 -0.9843 2.1654, 1.5 -1.1839 -0.0, 1.5 -0.9997 -0.0, 1.5 -1.2416 2.1077, 1.5 -1.2728 2.0669, 1.5 -1.2008 2.139, 1.5 -1.2925 2.0195, 1.5 -0.9512 -0.0, 1.5 1.1811 -0.0, 1.5 -1.1533 2.1586, 1.5 -1.1024 2.1654, 1.3937 -0.8354 0.5543, 1.3937 -0.9093 -0.0, 1.2362 -0.8354 0.5543, 1.0071 -0.9093 -0.0, 0.7638 -0.8354 0.5543, 0.9017 -0.9093 -0.0, 0.8027 -0.9093 -0.0, 0.6063 -0.9093 -0.0, 0.6063 -0.8354 0.5543, 0.617 -0.9093 -0.0, 0.7017 -0.9093 -0.0, 0.7638 -0.8354 1.3034, 0.6063 -0.8354 1.5292, 1.2362 -0.8354 1.3034, 1.3937 -0.8354 1.5292, 0.6063 -0.6872 1.5292, 1.3937 -0.6872 1.5292, 0.6063 -0.6872 2.6435, 1.3937 -0.6872 2.6435, 1.1663 -0.2212 2.6435, 1.2037 -0.1725 2.6435, 0.7728 -0.1158 2.6435, 0.7963 -0.1725 2.6435, 0.8337 -0.2212 2.6435, 0.8824 -0.2586 2.6435, 1.1176 -0.2586 2.6435, 0.9391 -0.2821 2.6435, 1.0 -0.2901 2.6435, 1.0609 -0.2821 2.6435, 1.2037 0.0627 2.6435, 1.1663 0.1114 2.6435, 1.3937 0.6045 2.6435, 1.1176 0.1488 2.6435, 0.7648 -0.0549 2.6435, 0.6063 0.6045 2.6435, 0.7728 0.006 2.6435, 1.2272 -0.1158 2.6435, 1.2352 -0.0549 2.6435, 1.2272 0.006 2.6435, 0.8824 0.1488 2.6435, 0.8337 0.1114 2.6435, 0.7963 0.0627 2.6435, 1.0609 0.1723 2.6435, 1.0 0.1803 2.6435, 0.9391 0.1723 2.6435, 0.6063 0.6045 2.4779, 1.3937 0.6045 2.4779, 0.6063 0.7633 1.9241, 1.3937 0.7633 1.9241, 1.0984 0.7633 1.5222, 1.3937 0.7633 1.5222, 1.0984 0.7633 1.5433, 0.9016 0.7633 1.5433, 0.9016 0.7633 1.5222, 0.6063 0.7633 1.5222, 1.0984 0.8198 1.5222, 1.3937 0.9842 1.5222, 0.6063 0.9842 1.5222, 0.7638 0.9842 1.5222, 0.9016 0.8198 1.5222, 1.2362 0.9842 1.5222, 0.7638 0.9842 0.7874, 0.6063 0.9842 -0.0, 1.2362 0.9842 0.7874, 0.617 0.9842 -0.0, 0.7017 0.9842 -0.0, 0.8027 0.9842 -0.0, 0.9017 0.9842 -0.0, 1.0071 0.9842 -0.0, 1.3937 0.9842 -0.0, 1.2272 0.006 2.6818, 1.3087 0.0278 2.6818, 1.2037 0.0627 2.6818, 1.2768 0.1049 2.6818, 1.1663 0.1114 2.6818, 1.226 0.1711 2.6818, 1.1176 0.1488 2.6818, 1.1598 0.2219 2.6818, 1.0609 0.1723 2.6818, 1.0827 0.2538 2.6818, 1.0 0.1803 2.6818, 1.0 0.2647 2.6818, 0.9391 0.1723 2.6818, 0.9173 0.2538 2.6818, 0.8824 0.1488 2.6818, 0.8402 0.2219 2.6818, 0.8337 0.1114 2.6818, 0.774 0.1711 2.6818, 0.7963 0.0627 2.6818, 0.7232 0.1049 2.6818, 0.7728 0.006 2.6818, 0.6913 0.0278 2.6818, 0.7648 -0.0549 2.6818, 0.6804 -0.0549 2.6818, 0.7728 -0.1158 2.6818, 0.6913 -0.1376 2.6818, 0.7963 -0.1725 2.6818, 0.7232 -0.2147 2.6818, 0.8337 -0.2212 2.6818, 0.774 -0.2809 2.6818, 0.8824 -0.2586 2.6818, 0.8402 -0.3317 2.6818, 0.9391 -0.2821 2.6818, 0.9173 -0.3636 2.6818, 1.0 -0.2901 2.6818, 1.0 -0.3745 2.6818, 1.0609 -0.2821 2.6818, 1.0827 -0.3636 2.6818, 1.1176 -0.2586 2.6818, 1.1598 -0.3317 2.6818, 1.1663 -0.2212 2.6818, 1.226 -0.2809 2.6818, 1.2037 -0.1725 2.6818, 1.2768 -0.2147 2.6818, 1.2272 -0.1158 2.6818, 1.3087 -0.1376 2.6818, 1.2352 -0.0549 2.6818, 1.3196 -0.0549 2.6818, 1.3196 -0.0549 2.7983, 1.3087 0.0278 2.7983, 1.2768 0.1049 2.7983, 1.226 0.1711 2.7983, 1.1598 0.2219 2.7983, 1.0827 0.2538 2.7983, 1.0 0.2647 2.7983, 0.9173 0.2538 2.7983, 0.8402 0.2219 2.7983, 0.774 0.1711 2.7983, 0.7232 0.1049 2.7983, 0.6913 0.0278 2.7983, 0.6804 -0.0549 2.7983, 0.6913 -0.1376 2.7983, 0.7232 -0.2147 2.7983, 0.774 -0.2809 2.7983, 0.8402 -0.3317 2.7983, 0.9173 -0.3636 2.7983, 1.0 -0.3745 2.7983, 1.0827 -0.3636 2.7983, 1.1598 -0.3317 2.7983, 1.226 -0.2809 2.7983, 1.2768 -0.2147 2.7983, 1.3087 -0.1376 2.7983, 1.3146 0.2597 2.7983, 1.2225 0.3304 2.7983, 1.1152 0.3748 2.7983, 1.0 0.39 2.7983, 0.8848 0.3748 2.7983, 0.7775 0.3304 2.7983, 0.6854 0.2597 2.7983, 0.6147 0.1676 2.7983, 0.5702 0.0602 2.7983, 0.5551 -0.0549 2.7983, 0.5702 -0.1701 2.7983, 0.6147 -0.2774 2.7983, 0.6854 -0.3695 2.7983, 0.7775 -0.4402 2.7983, 0.8848 -0.4847 2.7983, 1.0 -0.4998 2.7983, 1.1152 -0.4847 2.7983, 1.2225 -0.4402 2.7983, 1.3146 -0.3695 2.7983, 1.3853 -0.2774 2.7983, 1.4298 -0.1701 2.7983, 1.4449 -0.0549 2.7983, 1.4298 0.0602 2.7983, 1.3853 0.1676 2.7983, 1.4449 -0.0549 3.4646, 1.4298 0.0602 3.4646, 1.3853 0.1676 3.4646, 1.3146 0.2597 3.4646, 1.2225 0.3304 3.4646, 1.1152 0.3748 3.4646, 1.0 0.39 3.4646, 0.8848 0.3748 3.4646, 0.7775 0.3304 3.4646, 0.6854 0.2597 3.4646, 0.6147 0.1676 3.4646, 0.5702 0.0602 3.4646, 0.5551 -0.0549 3.4646, 0.5702 -0.1701 3.4646, 0.6147 -0.2774 3.4646, 0.6854 -0.3695 3.4646, 0.7775 -0.4402 3.4646, 0.8848 -0.4847 3.4646, 1.0 -0.4998 3.4646, 1.1152 -0.4847 3.4646, 1.2225 -0.4402 3.4646, 1.3146 -0.3695 3.4646, 1.3853 -0.2774 3.4646, 1.4298 -0.1701 3.4646
            ]
        }
        coordIndex [
            0,1,2,-1,3,4,5,-1,5,4,6,-1,6,7,8,-1,9,10,11,-1,11,10,12,-1,8,13,6,-1,6,13,14,-1,6,14,5,-1,12,0,11,-1,11,0,2,-1,11,2,15,-1,15,2,7,-1,15,7,16,-1,16,7,6,-1,17,18,19,-1,19,18,20,-1,19,20,21,-1,21,20,22,-1,21,22,23,-1,24,25,26,-1,26,25,21,-1,26,21,27,-1,27,21,23,-1,21,25,28,-1,28,25,29,-1,28,29,30,-1,30,29,31,-1,30,31,19,-1,19,31,17,-1,29,32,31,-1,31,32,33,-1,32,34,33,-1,33,34,35,-1,36,37,35,-1,38,39,34,-1,34,39,40,-1,34,40,41,-1,36,35,42,-1,41,43,34,-1,34,43,44,-1,34,44,35,-1,35,44,45,-1,35,45,42,-1,46,47,48,-1,48,47,49,-1,38,34,50,-1,50,34,51,-1,50,51,52,-1,37,53,35,-1,35,53,54,-1,35,54,48,-1,48,54,55,-1,48,55,46,-1,56,57,51,-1,51,57,58,-1,51,58,52,-1,49,59,48,-1,48,59,60,-1,48,60,51,-1,51,60,61,-1,51,61,56,-1,51,62,48,-1,48,62,63,-1,62,64,63,-1,63,64,65,-1,66,67,68,-1,68,67,65,-1,68,65,69,-1,69,65,64,-1,69,64,70,-1,70,64,71,-1,67,66,72,-1,67,72,73,-1,71,74,75,-1,70,71,76,-1,76,71,75,-1,76,75,72,-1,72,75,77,-1,72,77,73,-1,75,74,78,-1,78,74,79,-1,73,77,80,-1,79,81,78,-1,78,81,82,-1,78,82,83,-1,83,84,78,-1,78,84,85,-1,78,85,80,-1,80,85,86,-1,80,86,73,-1,79,74,24,-1,24,74,71,-1,62,51,34,-1,32,29,25,-1,62,34,64,-1,64,34,32,-1,64,32,71,-1,71,32,25,-1,71,25,24,-1,73,86,67,-1,67,86,18,-1,17,31,33,-1,18,17,67,-1,67,17,33,-1,67,33,65,-1,65,33,35,-1,65,35,63,-1,63,35,48,-1,87,88,89,-1,89,88,90,-1,89,90,91,-1,91,90,92,-1,91,92,93,-1,93,92,94,-1,93,94,95,-1,95,94,96,-1,95,96,97,-1,97,96,98,-1,97,98,99,-1,99,98,100,-1,99,100,101,-1,101,100,102,-1,101,102,103,-1,103,102,104,-1,103,104,105,-1,105,104,106,-1,105,106,107,-1,107,106,108,-1,107,108,109,-1,109,108,110,-1,109,110,111,-1,111,110,112,-1,111,112,113,-1,113,112,114,-1,113,114,115,-1,115,114,116,-1,115,116,117,-1,117,116,118,-1,117,118,119,-1,119,118,120,-1,119,120,121,-1,121,120,122,-1,121,122,123,-1,123,122,124,-1,123,124,125,-1,125,124,126,-1,125,126,127,-1,127,126,128,-1,127,128,129,-1,129,128,130,-1,129,130,131,-1,131,130,132,-1,131,132,133,-1,133,132,134,-1,133,134,87,-1,87,134,88,-1,134,135,88,-1,88,135,136,-1,88,136,90,-1,90,136,137,-1,90,137,92,-1,92,137,138,-1,92,138,94,-1,94,138,139,-1,94,139,96,-1,96,139,140,-1,96,140,98,-1,98,140,141,-1,98,141,100,-1,100,141,142,-1,100,142,102,-1,102,142,143,-1,102,143,104,-1,104,143,144,-1,104,144,106,-1,106,144,145,-1,106,145,108,-1,108,145,146,-1,108,146,110,-1,110,146,147,-1,110,147,112,-1,112,147,148,-1,112,148,114,-1,114,148,149,-1,114,149,116,-1,116,149,150,-1,116,150,118,-1,118,150,151,-1,118,151,120,-1,120,151,152,-1,120,152,122,-1,122,152,153,-1,122,153,124,-1,124,153,154,-1,124,154,126,-1,126,154,155,-1,126,155,128,-1,128,155,156,-1,128,156,130,-1,130,156,157,-1,130,157,132,-1,132,157,158,-1,132,158,134,-1,134,158,135,-1,138,159,139,-1,139,159,160,-1,139,160,140,-1,140,160,161,-1,140,161,141,-1,141,161,162,-1,141,162,142,-1,142,162,163,-1,142,163,143,-1,143,163,164,-1,143,164,144,-1,144,164,165,-1,144,165,145,-1,145,165,166,-1,145,166,146,-1,146,166,167,-1,146,167,147,-1,147,167,168,-1,147,168,148,-1,148,168,169,-1,148,169,149,-1,149,169,170,-1,149,170,150,-1,150,170,171,-1,150,171,151,-1,151,171,172,-1,151,172,152,-1,152,172,173,-1,152,173,153,-1,153,173,174,-1,153,174,154,-1,154,174,175,-1,154,175,155,-1,155,175,176,-1,155,176,156,-1,156,176,177,-1,156,177,157,-1,157,177,178,-1,157,178,158,-1,158,178,179,-1,158,179,135,-1,135,179,180,-1,135,180,136,-1,136,180,181,-1,136,181,137,-1,137,181,182,-1,137,182,138,-1,138,182,159,-1,180,183,181,-1,181,183,184,-1,181,184,182,-1,182,184,185,-1,182,185,159,-1,159,185,186,-1,159,186,160,-1,160,186,187,-1,160,187,161,-1,161,187,188,-1,161,188,162,-1,162,188,189,-1,162,189,163,-1,163,189,190,-1,163,190,164,-1,164,190,191,-1,164,191,165,-1,165,191,192,-1,165,192,166,-1,166,192,193,-1,166,193,167,-1,167,193,194,-1,167,194,168,-1,168,194,195,-1,168,195,169,-1,169,195,196,-1,169,196,170,-1,170,196,197,-1,170,197,171,-1,171,197,198,-1,171,198,172,-1,172,198,199,-1,172,199,173,-1,173,199,200,-1,173,200,174,-1,174,200,201,-1,174,201,175,-1,175,201,202,-1,175,202,176,-1,176,202,203,-1,176,203,177,-1,177,203,204,-1,177,204,178,-1,178,204,205,-1,178,205,179,-1,179,205,206,-1,179,206,180,-1,180,206,183,-1,
        ]
    }
}
Shape{
    appearance Appearance {
        material  Material {
            diffuseColor 0.6470588235294118 0.6196078431372549 0.5882352941176471
            specularColor 0.45098039215686275 0.43529411764705883 0.4117647058823529
            ambientIntensity 0.6242
            transparency 0.0
            shininess 0.5
        }
    }
    geometry IndexedFaceSet {
        ccw TRUE
        solid FALSE
        coord DEF co Coordinate {
            point [
                0.7017 0.0786 3.2205, 0.6884 0.0435 3.2205, 1.2983 0.0786 3.2205, 1.3116 0.0435 3.2205, 0.7326 0.133 3.2205, 1.2674 0.133 3.2205, 1.2267 0.1805 3.2205, 1.1222 0.2482 3.2205, 1.0622 0.2659 3.2205, 1.0 0.2719 3.2205, 0.9378 0.2659 3.2205, 0.8778 0.2482 3.2205, 0.8223 0.2194 3.2205, 1.1777 0.2194 3.2205, 0.7733 0.1805 3.2205, 0.6066 0.0435 3.0236, 0.6066 0.0435 3.1417, 0.6088 0.0499 3.1417, 1.3934 -0.1533 3.0236, 1.3934 -0.1533 3.1417, 1.3912 -0.1597 3.1417, 1.3917 -0.1599 2.908, 1.4055 -0.0549 3.0236, 1.4055 -0.0549 2.908, 1.3934 0.0435 3.0236, 1.3917 0.0501 2.908, 0.6083 0.0501 2.908, 0.5945 -0.0549 3.0236, 0.5945 -0.0549 2.908, 0.6066 -0.1533 3.0236, 0.6083 -0.1599 2.908, 1.3701 -0.2206 3.1417, 1.3512 -0.2577 2.908, 1.2863 -0.3412 3.1417, 1.2868 -0.3417 2.908, 1.3318 -0.2881 3.1417, 1.3496 -0.2568 3.1417, 1.2813 -0.347 3.1417, 1.2205 -0.3952 3.1417, 1.2028 -0.4061 2.908, 1.2021 -0.4048 3.1417, 1.1517 -0.431 3.1417, 1.105 -0.4466 2.908, 1.1045 -0.445 3.1417, 1.0772 -0.453 3.1417, 1.0 -0.4604 2.908, 1.0 -0.4604 3.1417, 0.9228 -0.453 3.1417, 0.895 -0.4466 2.908, 0.7979 -0.4048 3.1417, 0.7972 -0.4061 2.908, 0.8483 -0.431 3.1417, 0.8955 -0.445 3.1417, 0.7795 -0.3952 3.1417, 0.7187 -0.347 3.1417, 0.7132 -0.3417 2.908, 0.7137 -0.3412 3.1417, 0.6682 -0.2881 3.1417, 0.6488 -0.2577 2.908, 0.6066 -0.1533 3.1417, 0.6088 -0.1597 3.1417, 0.6299 -0.2206 3.1417, 0.6504 -0.2568 3.1417, 0.6299 0.1108 3.1417, 0.6488 0.1479 2.908, 0.7137 0.2314 3.1417, 0.7132 0.2319 2.908, 0.6682 0.1783 3.1417, 0.6504 0.147 3.1417, 0.7187 0.2372 3.1417, 0.7795 0.2854 3.1417, 0.7972 0.2963 2.908, 0.7979 0.295 3.1417, 0.8483 0.3212 3.1417, 0.895 0.3368 2.908, 0.8955 0.3352 3.1417, 0.9228 0.3432 3.1417, 1.0 0.3506 2.908, 1.0 0.3506 3.1417, 1.0772 0.3432 3.1417, 1.105 0.3368 2.908, 1.2021 0.295 3.1417, 1.2028 0.2963 2.908, 1.1517 0.3212 3.1417, 1.1045 0.3352 3.1417, 1.2205 0.2854 3.1417, 1.2813 0.2372 3.1417, 1.2868 0.2319 2.908, 1.2863 0.2314 3.1417, 1.3318 0.1783 3.1417, 1.3512 0.1479 2.908, 1.3934 0.0435 3.1417, 1.3912 0.0499 3.1417, 1.3701 0.1108 3.1417, 1.3496 0.147 3.1417, 1.2272 -0.1158 2.908, 1.2037 -0.1725 2.908, 1.1663 -0.2212 2.908, 1.1176 -0.2586 2.908, 1.0609 -0.2821 2.908, 1.0 -0.2901 2.908, 0.9391 -0.2821 2.908, 0.8824 -0.2586 2.908, 0.8337 -0.2212 2.908, 0.7963 -0.1725 2.908, 0.7728 -0.1158 2.908, 0.7648 -0.0549 2.908, 0.7728 0.006 2.908, 0.7963 0.0627 2.908, 0.8337 0.1114 2.908, 0.8824 0.1488 2.908, 0.9391 0.1723 2.908, 1.0 0.1803 2.908, 1.0609 0.1723 2.908, 1.1176 0.1488 2.908, 1.1663 0.1114 2.908, 1.2037 0.0627 2.908, 1.2272 0.006 2.908, 1.2352 -0.0549 2.908, 1.2272 0.006 2.6818, 1.2037 0.0627 2.6818, 1.1663 0.1114 2.6818, 1.1176 0.1488 2.6818, 1.0609 0.1723 2.6818, 1.0 0.1803 2.6818, 0.9391 0.1723 2.6818, 0.8824 0.1488 2.6818, 0.8337 0.1114 2.6818, 0.7963 0.0627 2.6818, 0.7728 0.006 2.6818, 0.7648 -0.0549 2.6818, 0.7728 -0.1158 2.6818, 0.7963 -0.1725 2.6818, 0.8337 -0.2212 2.6818, 0.8824 -0.2586 2.6818, 0.9391 -0.2821 2.6818, 1.0 -0.2901 2.6818, 1.0609 -0.2821 2.6818, 1.1176 -0.2586 2.6818, 1.1663 -0.2212 2.6818, 1.2037 -0.1725 2.6818, 1.2272 -0.1158 2.6818, 1.2352 -0.0549 2.6818
            ]
        }
        coordIndex [
            0,1,2,-1,2,1,3,-1,0,2,4,-1,4,2,5,-1,4,5,6,-1,7,8,9,-1,9,10,7,-1,7,10,11,-1,7,11,12,-1,6,13,4,-1,4,13,7,-1,4,7,14,-1,14,7,12,-1,15,16,17,-1,18,19,20,-1,18,21,22,-1,22,21,23,-1,22,23,24,-1,24,23,25,-1,15,26,27,-1,27,26,28,-1,27,28,29,-1,29,28,30,-1,18,20,21,-1,21,20,31,-1,21,31,32,-1,33,34,35,-1,35,34,32,-1,35,32,36,-1,36,32,31,-1,33,37,34,-1,34,37,38,-1,34,38,39,-1,38,40,39,-1,39,40,41,-1,39,41,42,-1,41,43,42,-1,42,43,44,-1,42,44,45,-1,44,46,45,-1,45,46,47,-1,45,47,48,-1,49,50,51,-1,51,50,48,-1,51,48,52,-1,52,48,47,-1,49,53,50,-1,50,53,54,-1,50,54,55,-1,54,56,55,-1,55,56,57,-1,55,57,58,-1,59,29,60,-1,60,29,30,-1,60,30,61,-1,61,30,58,-1,61,58,62,-1,62,58,57,-1,15,17,26,-1,26,17,63,-1,26,63,64,-1,65,66,67,-1,67,66,64,-1,67,64,68,-1,68,64,63,-1,65,69,66,-1,66,69,70,-1,66,70,71,-1,70,72,71,-1,71,72,73,-1,71,73,74,-1,73,75,74,-1,74,75,76,-1,74,76,77,-1,76,78,77,-1,77,78,79,-1,77,79,80,-1,81,82,83,-1,83,82,80,-1,83,80,84,-1,84,80,79,-1,81,85,82,-1,82,85,86,-1,82,86,87,-1,86,88,87,-1,87,88,89,-1,87,89,90,-1,91,24,92,-1,92,24,25,-1,92,25,93,-1,93,25,90,-1,93,90,94,-1,94,90,89,-1,95,21,96,-1,96,21,32,-1,96,32,97,-1,97,32,34,-1,97,34,98,-1,98,34,39,-1,98,39,99,-1,99,39,42,-1,99,42,100,-1,100,42,45,-1,100,45,101,-1,101,45,48,-1,101,48,102,-1,102,48,50,-1,102,50,103,-1,103,50,55,-1,103,55,104,-1,104,55,58,-1,104,58,105,-1,105,58,30,-1,105,30,106,-1,106,30,28,-1,106,28,107,-1,107,28,26,-1,107,26,108,-1,108,26,64,-1,108,64,109,-1,109,64,66,-1,109,66,110,-1,110,66,71,-1,110,71,111,-1,111,71,74,-1,111,74,112,-1,112,74,77,-1,112,77,113,-1,113,77,80,-1,113,80,114,-1,114,80,82,-1,114,82,115,-1,115,82,87,-1,115,87,116,-1,116,87,90,-1,116,90,117,-1,117,90,25,-1,117,25,118,-1,118,25,23,-1,118,23,95,-1,95,23,21,-1,118,119,117,-1,117,119,120,-1,117,120,116,-1,116,120,121,-1,116,121,115,-1,115,121,122,-1,115,122,114,-1,114,122,123,-1,114,123,113,-1,113,123,124,-1,113,124,112,-1,112,124,125,-1,112,125,111,-1,111,125,126,-1,111,126,110,-1,110,126,127,-1,110,127,109,-1,109,127,128,-1,109,128,108,-1,108,128,129,-1,108,129,107,-1,107,129,130,-1,107,130,106,-1,106,130,131,-1,106,131,105,-1,105,131,132,-1,105,132,104,-1,104,132,133,-1,104,133,103,-1,103,133,134,-1,103,134,102,-1,102,134,135,-1,102,135,101,-1,101,135,136,-1,101,136,100,-1,100,136,137,-1,100,137,99,-1,99,137,138,-1,99,138,98,-1,98,138,139,-1,98,139,97,-1,97,139,140,-1,97,140,96,-1,96,140,141,-1,96,141,95,-1,95,141,142,-1,95,142,118,-1,118,142,119,-1,
        ]
    }
}
Shape{
    appearance Appearance {
        material  Material {
            diffuseColor 0.27450980392156865 0.49411764705882355 0.27450980392156865
            specularColor 0.0196078431372549 0.03529411764705882 0.0196078431372549
            ambientIntensity 0.5763
            transparency 0.0
            shininess 0.5
        }
    }
    geometry IndexedFaceSet {
        ccw TRUE
        solid FALSE
        coord DEF co Coordinate {
            point [
                0.7638 -1.1024 1.8475, 0.7638 -1.0821 1.8475, 1.2362 -1.1024 1.8475, 1.2362 -1.0821 1.8475, 0.7638 -0.9942 1.3034, 1.2362 -0.9942 1.3034, 0.7638 -0.8354 1.3034, 1.2362 -0.8354 1.3034, 0.7638 -0.8354 0.5543, 0.7638 -0.9997 0.5543, 1.2362 -0.8354 0.5543, 1.2362 -0.9997 0.5543, 0.5669 -1.2992 0.2356, 1.4331 -1.2992 0.2356, 1.2362 -1.1024 0.445, 0.7638 -1.1024 0.445
            ]
        }
        coordIndex [
            0,1,2,-1,2,1,3,-1,1,4,3,-1,3,4,5,-1,4,6,5,-1,5,6,7,-1,8,9,10,-1,10,9,11,-1,12,13,14,-1,11,9,14,-1,14,9,15,-1,14,15,12,-1,4,1,0,-1,8,6,9,-1,9,6,4,-1,9,4,15,-1,15,4,0,-1,14,2,5,-1,5,2,3,-1,7,10,5,-1,5,10,11,-1,5,11,14,-1,
        ]
    }
}
Shape{
    appearance Appearance {
        material  Material {
            diffuseColor 0.6470588235294118 0.6196078431372549 0.5882352941176471
            specularColor 0.45098039215686275 0.43529411764705883 0.4117647058823529
            ambientIntensity 0.6242
            transparency 0.0
            shininess 0.5
        }
    }
    geometry IndexedFaceSet {
        ccw TRUE
        solid FALSE
        coord DEF co Coordinate {
            point [
                1.2037 -0.1725 1.8392, 1.1663 -0.2212 1.8392, 1.3543 -0.6375 1.8392, 0.6457 0.5848 1.8392, 0.7963 0.0627 1.8392, 0.8337 0.1114 1.8392, 0.8824 0.1488 1.8392, 0.9391 0.1723 1.8392, 1.3543 0.5848 1.8392, 1.0 0.1803 1.8392, 1.0609 0.1723 1.8392, 0.9391 -0.2821 1.8392, 0.8824 -0.2586 1.8392, 0.6457 -0.6375 1.8392, 0.8337 -0.2212 1.8392, 0.7963 -0.1725 1.8392, 1.1176 0.1488 1.8392, 1.1663 0.1114 1.8392, 1.2037 0.0627 1.8392, 0.7728 -0.1158 1.8392, 0.7648 -0.0549 1.8392, 0.7728 0.006 1.8392, 1.2272 0.006 1.8392, 1.2352 -0.0549 1.8392, 1.2272 -0.1158 1.8392, 1.1176 -0.2586 1.8392, 1.0609 -0.2821 1.8392, 1.0 -0.2901 1.8392, 1.1969 -0.6375 0.6985, 1.3543 -0.6375 0.4087, 1.1969 -0.6375 1.5748, 0.8031 -0.6375 1.5748, 0.8031 -0.6375 0.6985, 0.6457 -0.6375 0.4087, 1.3543 0.5848 0.4087, 0.6457 0.5848 0.4087, 1.1969 0.5848 1.5748, 1.1969 0.5848 0.6985, 0.8031 0.5848 0.6985, 0.8031 0.5848 1.5748, 0.9016 0.7633 1.5433, 0.9016 0.6956 1.5517, 1.0984 0.7633 1.5433, 1.0984 0.6956 1.5517, 1.0984 0.9712 1.2761, 0.9016 0.9712 1.2761, 0.9016 0.9645 1.3365, 1.0984 0.9645 1.3365, 0.9016 0.9448 1.3938, 1.0984 0.9448 1.3938, 0.9016 0.913 1.4455, 1.0984 0.913 1.4455, 0.9016 0.8706 1.489, 1.0984 0.8706 1.489, 0.9016 0.8198 1.5222, 1.0984 0.8198 1.5222, 1.0984 -0.3824 1.5517, 1.0984 -0.3824 1.3549, 1.0984 0.6956 1.3549, 1.0984 0.7638 1.3155, 1.0984 0.7512 1.3318, 1.0984 0.7349 1.3443, 1.0984 0.7159 1.3522, 1.0984 0.7633 1.5222, 1.0984 -0.0984 -0.9843, 1.0984 0.0984 -0.9843, 1.0984 -0.0984 0.0478, 1.0984 0.0984 0.0478, 1.0984 -0.089 0.1191, 1.0984 0.1011 0.0682, 1.0984 -0.0615 0.1856, 1.0984 0.109 0.0872, 1.0984 -0.0177 0.2427, 1.0984 0.1215 0.1035, 1.0984 0.0394 0.2865, 1.0984 0.1378 0.116, 1.0984 0.1058 0.314, 1.0984 0.1568 0.1238, 1.0984 0.1772 0.3234, 1.0984 0.1772 0.1265, 1.0984 0.6956 0.3234, 1.0984 0.6956 0.1265, 1.0984 0.7159 0.3261, 1.0984 0.7669 0.1359, 1.0984 0.7349 0.3339, 1.0984 0.8334 0.1635, 1.0984 0.7512 0.3464, 1.0984 0.8904 0.2073, 1.0984 0.7638 0.3628, 1.0984 0.9342 0.2643, 1.0984 0.7716 0.3817, 1.0984 0.9618 0.3308, 1.0984 0.7743 0.4021, 1.0984 0.9712 0.4021, 1.0984 0.7743 1.2761, 1.0984 0.7716 1.2965, 0.9016 0.6956 1.3549, 0.9016 -0.3824 1.3549, 0.9016 -0.3824 1.5517, 0.9016 0.7633 1.5222, 0.9016 0.7743 1.2761, 0.9016 0.7716 1.2965, 0.9016 0.7638 1.3155, 0.9016 0.7512 1.3318, 0.9016 0.7349 1.3443, 0.9016 0.7159 1.3522, 0.9016 0.0984 -0.9843, 0.9016 -0.0984 -0.9843, 0.9016 0.0984 0.0478, 0.9016 -0.0984 0.0478, 0.9016 0.1011 0.0682, 0.9016 -0.089 0.1191, 0.9016 0.109 0.0872, 0.9016 -0.0615 0.1856, 0.9016 0.1215 0.1035, 0.9016 -0.0177 0.2427, 0.9016 0.1378 0.116, 0.9016 0.0394 0.2865, 0.9016 0.1568 0.1238, 0.9016 0.1058 0.314, 0.9016 0.1772 0.1265, 0.9016 0.1772 0.3234, 0.9016 0.6956 0.1265, 0.9016 0.6956 0.3234, 0.9016 0.7669 0.1359, 0.9016 0.7159 0.3261, 0.9016 0.8334 0.1635, 0.9016 0.7349 0.3339, 0.9016 0.8904 0.2073, 0.9016 0.7512 0.3464, 0.9016 0.9342 0.2643, 0.9016 0.7638 0.3628, 0.9016 0.9618 0.3308, 0.9016 0.7716 0.3817, 0.9016 0.9712 0.4021, 0.9016 0.7743 0.4021, 0.9409 -0.0591 -1.378, 0.9409 0.0591 -1.378, 1.0591 -0.0591 -1.378, 1.0591 0.0591 -1.378
            ]
        }
        coordIndex [
            0,1,2,-1,3,4,5,-1,5,6,3,-1,3,6,7,-1,3,7,8,-1,8,7,9,-1,8,9,10,-1,11,12,13,-1,13,12,14,-1,13,14,15,-1,10,16,8,-1,8,16,17,-1,8,17,18,-1,15,19,13,-1,13,19,20,-1,13,20,3,-1,3,20,21,-1,3,21,4,-1,18,22,8,-1,8,22,23,-1,8,23,2,-1,2,23,24,-1,2,24,0,-1,1,25,2,-1,2,25,26,-1,2,26,13,-1,13,26,27,-1,13,27,11,-1,28,29,30,-1,30,29,2,-1,30,2,31,-1,31,2,13,-1,31,13,32,-1,32,13,33,-1,32,33,28,-1,28,33,29,-1,34,29,35,-1,35,29,33,-1,36,8,37,-1,37,8,34,-1,37,34,38,-1,38,34,35,-1,38,35,39,-1,39,35,3,-1,39,3,36,-1,36,3,8,-1,29,34,2,-1,2,34,8,-1,35,33,3,-1,3,33,13,-1,31,39,30,-1,30,39,36,-1,38,32,37,-1,37,32,28,-1,32,38,31,-1,31,38,39,-1,37,28,36,-1,36,28,30,-1,40,41,42,-1,42,41,43,-1,44,45,46,-1,44,46,47,-1,47,46,48,-1,47,48,49,-1,49,48,50,-1,49,50,51,-1,51,50,52,-1,51,52,53,-1,53,52,54,-1,53,54,55,-1,56,57,43,-1,43,57,58,-1,59,51,60,-1,60,51,53,-1,60,53,61,-1,61,53,55,-1,61,55,62,-1,62,55,63,-1,62,63,58,-1,58,63,42,-1,58,42,43,-1,64,65,66,-1,66,65,67,-1,66,67,68,-1,68,67,69,-1,68,69,70,-1,70,69,71,-1,70,71,72,-1,72,71,73,-1,72,73,74,-1,74,73,75,-1,74,75,76,-1,76,75,77,-1,76,77,78,-1,78,77,79,-1,78,79,80,-1,80,79,81,-1,80,81,82,-1,82,81,83,-1,82,83,84,-1,84,83,85,-1,84,85,86,-1,86,85,87,-1,86,87,88,-1,88,87,89,-1,88,89,90,-1,90,89,91,-1,90,91,92,-1,92,91,93,-1,92,93,94,-1,94,93,44,-1,94,44,95,-1,95,44,47,-1,95,47,59,-1,59,47,49,-1,59,49,51,-1,96,97,98,-1,99,100,101,-1,101,102,99,-1,99,102,103,-1,99,103,104,-1,41,40,99,-1,98,41,96,-1,96,41,99,-1,96,99,105,-1,105,99,104,-1,106,107,108,-1,108,107,109,-1,108,109,110,-1,110,109,111,-1,110,111,112,-1,112,111,113,-1,112,113,114,-1,114,113,115,-1,114,115,116,-1,116,115,117,-1,116,117,118,-1,118,117,119,-1,118,119,120,-1,120,119,121,-1,120,121,122,-1,122,121,123,-1,122,123,124,-1,124,123,125,-1,124,125,126,-1,126,125,127,-1,126,127,128,-1,128,127,129,-1,128,129,130,-1,130,129,131,-1,130,131,132,-1,132,131,133,-1,132,133,134,-1,134,133,135,-1,134,135,45,-1,45,135,100,-1,99,54,100,-1,100,54,52,-1,100,52,50,-1,50,48,100,-1,100,48,46,-1,100,46,45,-1,56,43,98,-1,98,43,41,-1,57,56,97,-1,97,56,98,-1,58,57,96,-1,96,57,97,-1,58,96,62,-1,62,96,105,-1,62,105,61,-1,61,105,104,-1,61,104,60,-1,60,104,103,-1,60,103,59,-1,59,103,102,-1,59,102,95,-1,95,102,101,-1,95,101,94,-1,94,101,100,-1,92,94,135,-1,135,94,100,-1,92,135,90,-1,90,135,133,-1,90,133,88,-1,88,133,131,-1,88,131,86,-1,86,131,129,-1,86,129,84,-1,84,129,127,-1,84,127,82,-1,82,127,125,-1,82,125,80,-1,80,125,123,-1,78,80,121,-1,121,80,123,-1,78,121,119,-1,78,119,76,-1,76,119,117,-1,76,117,74,-1,74,117,115,-1,74,115,72,-1,72,115,113,-1,72,113,70,-1,70,113,111,-1,70,111,68,-1,68,111,109,-1,68,109,66,-1,64,66,107,-1,107,66,109,-1,136,137,138,-1,138,137,139,-1,106,108,65,-1,65,108,67,-1,67,108,69,-1,69,108,110,-1,69,110,71,-1,71,110,112,-1,71,112,73,-1,73,112,114,-1,73,114,75,-1,75,114,116,-1,75,116,77,-1,77,116,118,-1,77,118,79,-1,79,118,120,-1,81,79,122,-1,122,79,120,-1,81,122,124,-1,81,124,83,-1,83,124,126,-1,83,126,85,-1,85,126,128,-1,85,128,87,-1,87,128,130,-1,87,130,89,-1,89,130,132,-1,89,132,91,-1,91,132,134,-1,91,134,93,-1,44,93,45,-1,45,93,134,-1,
        ]
    }
}
Shape{
    appearance Appearance {
        material  Material {
            diffuseColor 0.27450980392156865 0.49411764705882355 0.27450980392156865
            specularColor 0.0196078431372549 0.03529411764705882 0.0196078431372549
            ambientIntensity 0.5763
            transparency 0.0
            shininess 0.5
        }
    }
    geometry IndexedFaceSet {
        ccw TRUE
        solid FALSE
        coord DEF co Coordinate {
            point [
                0.7638 -1.1024 1.8475, 0.5779 -1.2882 2.0334, 0.5736 -1.2925 2.0195, 0.5669 -1.2992 0.2356, 0.7638 -1.1024 0.445, 0.5669 -1.2992 1.9685, 0.5686 -1.2975 1.9942, 1.2362 -1.1024 1.8475, 1.4221 -1.2882 2.0334, 1.2362 -1.1024 0.445, 1.4331 -1.2992 0.2356, 1.4331 -1.2992 1.9685, 1.4314 -1.2975 1.9942, 1.4264 -1.2925 2.0195
            ]
        }
        coordIndex [
            0,1,2,-1,3,4,5,-1,5,4,0,-1,5,0,6,-1,6,0,2,-1,7,8,0,-1,0,8,1,-1,9,10,7,-1,7,10,11,-1,11,12,7,-1,7,12,13,-1,7,13,8,-1,
        ]
    }
}
Shape{
    appearance Appearance {
        material  Material {
            diffuseColor 0.6470588235294118 0.6196078431372549 0.5882352941176471
            specularColor 0.45098039215686275 0.43529411764705883 0.4117647058823529
            ambientIntensity 0.6242
            transparency 0.0
            shininess 0.5
        }
    }
    geometry IndexedFaceSet {
        ccw TRUE
        solid FALSE
        coord DEF co Coordinate {
            point [
                1.0984 0.0984 -0.9843, 1.0591 0.0591 -1.378, 0.9016 0.0984 -0.9843, 0.9409 0.0591 -1.378, 1.0984 -0.0984 -0.9843, 1.0591 -0.0591 -1.378, 0.9409 -0.0591 -1.378, 0.9016 -0.0984 -0.9843, 1.2863 0.2314 3.1417, 1.2813 0.2372 3.1417, 1.2795 0.2353 3.1621, 1.2021 0.295 3.1417, 1.1517 0.3212 3.1417, 1.1507 0.3187 3.1621, 0.8955 0.3352 3.1417, 0.8483 0.3212 3.1417, 0.8493 0.3187 3.1621, 0.7137 0.2314 3.1417, 0.6682 0.1783 3.1417, 0.6704 0.1767 3.1621, 1.3433 0.0435 3.2144, 1.3524 0.0435 3.2094, 1.3342 0.0947 3.2099, 1.3934 0.0435 3.1417, 1.3912 0.0499 3.1417, 1.3913 0.0435 3.1596, 1.3906 0.0435 3.1621, 1.3677 0.1097 3.1621, 1.3902 0.0435 3.1636, 1.3605 0.1065 3.1811, 1.3661 0.0435 3.2006, 1.3693 0.0435 3.1971, 1.3491 0.1014 3.1974, 1.3789 0.0435 3.1867, 1.3829 0.0435 3.1805, 1.3604 0.0435 3.205, 1.3364 0.0435 3.2168, 1.3169 0.0869 3.2178, 1.3329 0.0435 3.2174, 1.3166 0.0435 3.2203, 1.2983 0.0786 3.2205, 1.3116 0.0435 3.2205, 0.6884 0.0435 3.2205, 0.7017 0.0786 3.2205, 0.6879 0.0435 3.2205, 0.6831 0.0869 3.2178, 0.6678 0.0435 3.218, 0.6658 0.0947 3.2099, 0.659 0.0435 3.2153, 0.6671 0.0435 3.2178, 0.6307 0.0435 3.1971, 0.6343 0.0435 3.2009, 0.6509 0.1014 3.1974, 0.6417 0.0435 3.2065, 0.6476 0.0435 3.2095, 0.6215 0.0435 3.1872, 0.6395 0.1065 3.1811, 0.6167 0.0435 3.1797, 0.61 0.0435 3.1644, 0.6323 0.1097 3.1621, 0.6096 0.0435 3.1621, 0.6066 0.0435 3.1417, 0.6067 0.0435 3.1467, 0.6088 0.0499 3.1417, 0.6299 0.1108 3.1417, 0.6504 0.147 3.1417, 0.8223 0.2194 3.2205, 0.8778 0.2482 3.2205, 0.8112 0.2365 3.2178, 0.8702 0.2671 3.2178, 0.8009 0.2524 3.2099, 0.8631 0.2847 3.2099, 0.792 0.2661 3.1974, 0.857 0.2998 3.1974, 0.7852 0.2766 3.1811, 0.8523 0.3114 3.1811, 0.7809 0.2832 3.1621, 1.0622 0.2659 3.2205, 1.1222 0.2482 3.2205, 1.0661 0.2859 3.2178, 1.1298 0.2671 3.2178, 1.0697 0.3046 3.2099, 1.1369 0.2847 3.2099, 1.0729 0.3206 3.1974, 1.143 0.2998 3.1974, 1.0752 0.3329 3.1811, 1.1477 0.3114 3.1811, 1.0767 0.3406 3.1621, 1.2674 0.133 3.2205, 1.2841 0.1447 3.2178, 1.2996 0.1556 3.2099, 1.3129 0.165 3.1974, 1.3232 0.1722 3.1811, 1.3296 0.1767 3.1621, 0.6768 0.1722 3.1811, 0.6871 0.165 3.1974, 0.7004 0.1556 3.2099, 0.7159 0.1447 3.2178, 0.7326 0.133 3.2205, 0.7187 0.2372 3.1417, 0.7205 0.2353 3.1621, 0.726 0.2296 3.1811, 0.7347 0.2206 3.1974, 0.746 0.2088 3.2099, 0.7592 0.1952 3.2178, 0.7733 0.1805 3.2205, 0.7795 0.2854 3.1417, 0.7979 0.295 3.1417, 0.9228 0.3432 3.1417, 0.9233 0.3406 3.1621, 0.9248 0.3329 3.1811, 0.9271 0.3206 3.1974, 0.9303 0.3046 3.2099, 0.9339 0.2859 3.2178, 0.9378 0.2659 3.2205, 1.0 0.2719 3.2205, 1.0 0.2923 3.2178, 1.0 0.3113 3.2099, 1.0 0.3276 3.1974, 1.0 0.3401 3.1811, 1.0 0.348 3.1621, 1.0 0.3506 3.1417, 1.0772 0.3432 3.1417, 1.1045 0.3352 3.1417, 1.2205 0.2854 3.1417, 1.2191 0.2832 3.1621, 1.2148 0.2766 3.1811, 1.208 0.2661 3.1974, 1.1991 0.2524 3.2099, 1.1888 0.2365 3.2178, 1.1777 0.2194 3.2205, 1.2267 0.1805 3.2205, 1.2408 0.1952 3.2178, 1.254 0.2088 3.2099, 1.2653 0.2206 3.1974, 1.274 0.2296 3.1811, 1.3318 0.1783 3.1417, 1.3701 0.1108 3.1417, 1.3496 0.147 3.1417, 1.3934 -0.1533 3.0236, 0.6066 -0.1533 3.0236, 0.6066 -0.1533 3.1417, 0.607 -0.1533 3.1498, 0.6095 -0.1533 3.1621, 1.3934 -0.1533 3.1417, 0.61 -0.1533 3.1644, 1.3906 -0.1533 3.1621, 1.3924 -0.1533 3.1542, 0.6175 -0.1533 3.1812, 0.622 -0.1533 3.1878, 0.6308 -0.1533 3.1971, 1.3329 -0.1533 3.2178, 1.3825 -0.1533 3.1811, 1.3836 -0.1533 3.1793, 0.6409 -0.1533 3.206, 0.6476 -0.1533 3.2094, 0.635 -0.1533 3.2015, 1.3693 -0.1533 3.1971, 1.3524 -0.1533 3.2095, 1.3662 -0.1533 3.2005, 1.3588 -0.1533 3.2062, 1.3415 -0.1533 3.2151, 1.3788 -0.1533 3.1868, 0.6582 -0.1533 3.215, 0.6652 -0.1533 3.2173, 0.6671 -0.1533 3.2176, 0.685 -0.1533 3.2204, 0.6884 -0.1533 3.2205, 1.3116 -0.1533 3.2205, 1.3127 -0.1533 3.2205, 1.3906 -0.1533 3.1624, 1.3327 -0.1533 3.2178, 0.6066 0.0435 3.0236, 1.3934 0.0435 3.0236, 1.4055 -0.0549 3.0236, 0.5945 -0.0549 3.0236
            ]
        }
        coordIndex [
            0,1,2,-1,2,1,3,-1,4,5,0,-1,0,5,1,-1,6,7,3,-1,3,7,2,-1,7,6,4,-1,4,6,5,-1,8,9,10,-1,11,12,13,-1,14,15,16,-1,17,18,19,-1,20,21,22,-1,23,24,25,-1,25,24,26,-1,26,27,28,-1,28,27,29,-1,30,31,32,-1,32,31,33,-1,32,33,29,-1,29,33,34,-1,29,34,28,-1,22,21,32,-1,32,21,35,-1,32,35,30,-1,20,22,36,-1,36,22,37,-1,36,37,38,-1,38,37,39,-1,39,37,40,-1,39,40,41,-1,42,43,44,-1,44,43,45,-1,44,45,46,-1,47,48,45,-1,45,48,49,-1,45,49,46,-1,50,51,52,-1,52,51,53,-1,52,53,47,-1,47,53,54,-1,47,54,48,-1,50,52,55,-1,55,52,56,-1,55,56,57,-1,57,56,58,-1,58,56,59,-1,58,59,60,-1,61,62,63,-1,63,62,60,-1,63,60,64,-1,64,60,59,-1,64,59,65,-1,66,67,68,-1,68,67,69,-1,68,69,70,-1,70,69,71,-1,70,71,72,-1,72,71,73,-1,72,73,74,-1,74,73,75,-1,74,75,76,-1,76,75,16,-1,77,78,79,-1,79,78,80,-1,79,80,81,-1,81,80,82,-1,81,82,83,-1,83,82,84,-1,83,84,85,-1,85,84,86,-1,85,86,87,-1,87,86,13,-1,88,40,89,-1,89,40,37,-1,89,37,90,-1,90,37,22,-1,90,22,91,-1,91,22,32,-1,91,32,92,-1,92,32,29,-1,92,29,93,-1,93,29,27,-1,18,65,19,-1,19,65,59,-1,19,59,94,-1,94,59,56,-1,94,56,95,-1,95,56,52,-1,95,52,96,-1,96,52,47,-1,96,47,97,-1,97,47,45,-1,97,45,98,-1,98,45,43,-1,99,17,100,-1,100,17,19,-1,100,19,101,-1,101,19,94,-1,101,94,102,-1,102,94,95,-1,102,95,103,-1,103,95,96,-1,103,96,104,-1,104,96,97,-1,104,97,105,-1,105,97,98,-1,105,66,104,-1,104,66,68,-1,104,68,103,-1,103,68,70,-1,103,70,102,-1,102,70,72,-1,102,72,101,-1,101,72,74,-1,101,74,100,-1,100,74,76,-1,100,76,99,-1,99,76,106,-1,16,15,76,-1,76,15,107,-1,76,107,106,-1,108,14,109,-1,109,14,16,-1,109,16,110,-1,110,16,75,-1,110,75,111,-1,111,75,73,-1,111,73,112,-1,112,73,71,-1,112,71,113,-1,113,71,69,-1,113,69,114,-1,114,69,67,-1,114,115,113,-1,113,115,116,-1,113,116,112,-1,112,116,117,-1,112,117,111,-1,111,117,118,-1,111,118,110,-1,110,118,119,-1,110,119,109,-1,109,119,120,-1,109,120,108,-1,108,120,121,-1,115,77,116,-1,116,77,79,-1,116,79,117,-1,117,79,81,-1,117,81,118,-1,118,81,83,-1,118,83,119,-1,119,83,85,-1,119,85,120,-1,120,85,87,-1,120,87,121,-1,121,87,122,-1,13,12,87,-1,87,12,123,-1,87,123,122,-1,124,11,125,-1,125,11,13,-1,125,13,126,-1,126,13,86,-1,126,86,127,-1,127,86,84,-1,127,84,128,-1,128,84,82,-1,128,82,129,-1,129,82,80,-1,129,80,130,-1,130,80,78,-1,130,131,129,-1,129,131,132,-1,129,132,128,-1,128,132,133,-1,128,133,127,-1,127,133,134,-1,127,134,126,-1,126,134,135,-1,126,135,125,-1,125,135,10,-1,125,10,124,-1,124,10,9,-1,136,8,93,-1,93,8,10,-1,93,10,92,-1,92,10,135,-1,92,135,91,-1,91,135,134,-1,91,134,90,-1,90,134,133,-1,90,133,89,-1,89,133,132,-1,89,132,88,-1,88,132,131,-1,26,24,27,-1,27,24,137,-1,27,137,93,-1,93,137,138,-1,93,138,136,-1,139,140,141,-1,141,142,139,-1,139,142,143,-1,139,143,144,-1,145,146,143,-1,143,146,147,-1,143,147,144,-1,145,148,146,-1,146,148,149,-1,146,149,150,-1,151,152,153,-1,154,155,156,-1,156,155,150,-1,157,158,159,-1,159,158,160,-1,151,161,152,-1,152,161,158,-1,152,158,162,-1,162,158,157,-1,163,164,155,-1,155,164,165,-1,155,165,150,-1,165,166,150,-1,150,166,167,-1,150,167,146,-1,146,167,168,-1,146,168,169,-1,153,170,151,-1,151,170,146,-1,151,146,171,-1,171,146,169,-1,61,172,173,-1,61,173,62,-1,48,173,49,-1,49,173,23,-1,49,23,25,-1,25,26,49,-1,49,26,28,-1,49,28,34,-1,21,49,35,-1,35,49,30,-1,48,54,173,-1,173,54,53,-1,173,53,51,-1,51,50,173,-1,173,50,55,-1,173,55,57,-1,57,58,173,-1,173,58,60,-1,173,60,62,-1,34,33,49,-1,49,33,31,-1,49,31,30,-1,39,21,38,-1,38,21,20,-1,38,20,36,-1,39,41,21,-1,21,41,42,-1,21,42,49,-1,49,42,44,-1,49,44,46,-1,173,172,174,-1,174,172,175,-1,174,175,139,-1,139,175,140,-1,
        ]
    }
}
Shape{
    appearance Appearance {
        material  Material {
            diffuseColor 1.0 0.9490196078431372 0.8980392156862745
            specularColor 0.011764705882352941 0.00784313725490196 0.00784313725490196
            ambientIntensity 0.9585
            transparency 0.0
            shininess 0.5
        }
    }
    geometry IndexedFaceSet {
        ccw TRUE
        solid FALSE
        coord DEF co Coordinate {
            point [
                1.0283 -1.0242 0.0039, 1.0283 -1.0242 -0.0, 1.0374 -1.0664 0.0039, 1.0374 -1.0664 -0.0, 1.0241 -1.0027 0.0039, 1.0241 -1.0027 -0.0, 1.0224 -0.9959 0.0039, 1.0224 -0.9959 -0.0, 1.0233 -0.9997 -0.0, 1.022 -0.9949 0.0039, 1.022 -0.9949 -0.0, 1.0217 -0.9942 0.0039, 1.0217 -0.9942 -0.0, 1.0214 -0.9938 0.0039, 1.0214 -0.9938 -0.0, 1.0211 -0.9935 0.0039, 1.0211 -0.9935 -0.0, 1.0209 -0.9933 0.0039, 1.0209 -0.9933 -0.0, 1.0206 -0.9932 0.0039, 1.0206 -0.9932 -0.0, 1.0204 -0.9932 0.0039, 1.0204 -0.9932 -0.0, 1.0202 -0.9932 0.0039, 1.0202 -0.9932 -0.0, 1.02 -0.9932 0.0039, 1.02 -0.9932 -0.0, 1.0198 -0.9934 0.0039, 1.0198 -0.9934 -0.0, 1.0196 -0.9936 0.0039, 1.0196 -0.9936 -0.0, 1.0195 -0.9938 0.0039, 1.0195 -0.9938 -0.0, 1.0193 -0.9946 0.0039, 1.0193 -0.9946 -0.0, 1.0188 -0.9981 0.0039, 1.0188 -0.9981 -0.0, 1.0186 -0.9997 -0.0, 1.0184 -1.0015 0.0039, 1.0184 -1.0015 -0.0, 1.017 -1.0134 0.0039, 1.017 -1.0134 -0.0, 1.0166 -1.0189 0.0039, 1.0166 -1.0189 -0.0, 1.0167 -1.0215 0.0039, 1.0167 -1.0215 -0.0, 1.0173 -1.0231 0.0039, 1.0173 -1.0231 -0.0, 1.0179 -1.0242 0.0039, 1.0179 -1.0242 -0.0, 1.0193 -1.0267 0.0039, 1.0193 -1.0267 -0.0, 1.023 -1.0391 0.0039, 1.023 -1.0391 -0.0, 1.0261 -1.0517 0.0039, 1.0261 -1.0517 -0.0, 1.0546 -1.1839 -0.0, 1.0552 -1.1867 0.0039, 1.0552 -1.1867 -0.0, 1.0592 -1.1867 0.0039, 1.0592 -1.1867 -0.0, 1.0866 -1.0653 0.0039, 1.0866 -1.0653 -0.0, 1.0598 -1.1839 -0.0, 1.09 -1.0511 0.0039, 1.09 -1.0511 -0.0, 1.0915 -1.0444 0.0039, 1.0915 -1.0444 -0.0, 1.0934 -1.0378 0.0039, 1.0934 -1.0378 -0.0, 1.0954 -1.0324 0.0039, 1.0954 -1.0324 -0.0, 1.0972 -1.0274 0.0039, 1.0972 -1.0274 -0.0, 1.0984 -1.0256 0.0039, 1.0984 -1.0256 -0.0, 1.0993 -1.0245 0.0039, 1.0993 -1.0245 -0.0, 1.0996 -1.0241 0.0039, 1.0996 -1.0241 -0.0, 1.0998 -1.0238 0.0039, 1.0998 -1.0238 -0.0, 1.0998 -1.0235 0.0039, 1.0998 -1.0235 -0.0, 1.0998 -1.0224 0.0039, 1.0998 -1.0224 -0.0, 1.0994 -1.0158 0.0039, 1.0994 -1.0158 -0.0, 1.0994 -1.0157 0.0039, 1.0994 -1.0157 -0.0, 1.0983 -1.003 0.0039, 1.0983 -1.003 -0.0, 1.0979 -0.9997 -0.0, 1.0977 -0.9981 0.0039, 1.0977 -0.9981 -0.0, 1.0976 -0.9967 0.0039, 1.0976 -0.9967 -0.0, 1.0974 -0.9956 0.0039, 1.0974 -0.9956 -0.0, 1.0973 -0.9949 0.0039, 1.0973 -0.9949 -0.0, 1.0971 -0.9944 0.0039, 1.0971 -0.9944 -0.0, 1.097 -0.9941 0.0039, 1.097 -0.9941 -0.0, 1.0969 -0.9939 0.0039, 1.0969 -0.9939 -0.0, 1.0967 -0.9937 0.0039, 1.0967 -0.9937 -0.0, 1.0965 -0.9936 0.0039, 1.0965 -0.9936 -0.0, 1.0963 -0.9936 0.0039, 1.0963 -0.9936 -0.0, 1.096 -0.9936 0.0039, 1.096 -0.9936 -0.0, 1.0958 -0.9936 0.0039, 1.0958 -0.9936 -0.0, 1.0955 -0.9938 0.0039, 1.0955 -0.9938 -0.0, 1.0952 -0.994 0.0039, 1.0952 -0.994 -0.0, 1.095 -0.9943 0.0039, 1.095 -0.9943 -0.0, 1.0948 -0.9948 0.0039, 1.0948 -0.9948 -0.0, 1.0946 -0.9956 0.0039, 1.0946 -0.9956 -0.0, 1.0926 -1.0069 0.0039, 1.0926 -1.0069 -0.0, 1.0938 -0.9997 -0.0, 1.0759 -1.0757 0.0039, 1.0759 -1.0757 -0.0, 1.0572 -1.1595 0.0039, 1.0388 -1.0763 0.0039, 1.0753 -1.08 0.0039, 1.0677 -1.0873 0.0039, 1.0606 -1.0825 0.0039, 1.0582 -1.0812 0.0039, 1.0499 -1.0786 0.0039, 1.0388 -1.0763 -0.0, 1.0572 -1.1595 -0.0, 1.0499 -1.0786 -0.0, 1.0582 -1.0812 -0.0, 1.0606 -1.0825 -0.0, 1.0677 -1.0873 -0.0, 1.0753 -1.08 -0.0, 0.9147 -1.1689 0.0039, 0.9147 -1.1689 -0.0, 0.9198 -1.1646 0.0039, 0.9198 -1.1646 -0.0, 0.9135 -1.1699 0.0039, 0.9135 -1.1699 -0.0, 0.9127 -1.1708 0.0039, 0.9127 -1.1708 -0.0, 0.9122 -1.1719 0.0039, 0.9122 -1.1719 -0.0, 0.9121 -1.1725 0.0039, 0.9121 -1.1725 -0.0, 0.9121 -1.1732 0.0039, 0.9121 -1.1732 -0.0, 0.9123 -1.1739 0.0039, 0.9123 -1.1739 -0.0, 0.9125 -1.1744 0.0039, 0.9125 -1.1744 -0.0, 0.9129 -1.1748 0.0039, 0.9129 -1.1748 -0.0, 0.9133 -1.1751 0.0039, 0.9133 -1.1751 -0.0, 0.9184 -1.1742 0.0039, 0.9184 -1.1742 -0.0, 0.9243 -1.1742 0.0039, 0.9243 -1.1742 -0.0, 0.9267 -1.1747 0.0039, 0.9267 -1.1747 -0.0, 0.9291 -1.1751 0.0039, 0.9291 -1.1751 -0.0, 0.9351 -1.1757 0.0039, 0.9351 -1.1757 -0.0, 0.9458 -1.1788 0.0039, 0.9458 -1.1788 -0.0, 0.952 -1.18 0.0039, 0.952 -1.18 -0.0, 0.9583 -1.1805 0.0039, 0.9583 -1.1805 -0.0, 0.9671 -1.1799 0.0039, 0.9671 -1.1799 -0.0, 0.9735 -1.1784 0.0039, 0.9735 -1.1784 -0.0, 0.9787 -1.1757 0.0039, 0.9787 -1.1757 -0.0, 0.9833 -1.1715 0.0039, 0.9833 -1.1715 -0.0, 0.9879 -1.165 0.0039, 0.9879 -1.165 -0.0, 0.9922 -1.1534 0.0039, 0.9922 -1.1534 -0.0, 0.9964 -1.1217 0.0039, 0.9964 -1.1217 -0.0, 0.9977 -1.0825 0.0039, 0.9977 -1.0825 -0.0, 0.9948 -1.0491 0.0039, 0.9948 -1.0491 -0.0, 0.9894 -1.0304 0.0039, 0.9894 -1.0304 -0.0, 0.9835 -1.0199 0.0039, 0.9835 -1.0199 -0.0, 0.9786 -1.014 0.0039, 0.9786 -1.014 -0.0, 0.9731 -1.0099 0.0039, 0.9731 -1.0099 -0.0, 0.9678 -1.0078 0.0039, 0.9678 -1.0078 -0.0, 0.9473 -1.0046 0.0039, 0.9473 -1.0046 -0.0, 0.9348 -1.0032 0.0039, 0.9348 -1.0032 -0.0, 0.9302 -1.002 0.0039, 0.9302 -1.002 -0.0, 0.9272 -1.0002 0.0039, 0.9272 -1.0002 -0.0, 0.9264 -0.9997 -0.0, 0.9263 -0.9996 0.0039, 0.9263 -0.9996 -0.0, 0.926 -0.9996 0.0039, 0.926 -0.9996 -0.0, 0.9253 -0.9996 -0.0, 0.9253 -0.9996 0.0039, 0.925 -0.9997 -0.0, 0.9247 -0.9998 0.0039, 0.9247 -0.9998 -0.0, 0.9229 -1.0012 0.0039, 0.9229 -1.0012 -0.0, 0.9188 -1.0049 0.0039, 0.9188 -1.0049 -0.0, 0.9175 -1.0064 0.0039, 0.9175 -1.0064 -0.0, 0.9141 -1.01 0.0039, 0.9141 -1.01 -0.0, 0.9134 -1.0108 0.0039, 0.9134 -1.0108 -0.0, 0.9129 -1.0114 0.0039, 0.9129 -1.0114 -0.0, 0.9126 -1.0119 0.0039, 0.9126 -1.0119 -0.0, 0.9124 -1.0122 0.0039, 0.9124 -1.0122 -0.0, 0.9123 -1.0125 0.0039, 0.9123 -1.0125 -0.0, 0.9123 -1.0128 0.0039, 0.9123 -1.0128 -0.0, 0.9124 -1.0132 0.0039, 0.9124 -1.0132 -0.0, 0.9126 -1.0138 0.0039, 0.9126 -1.0138 -0.0, 0.9127 -1.014 0.0039, 0.9127 -1.014 -0.0, 0.9129 -1.0141 0.0039, 0.9129 -1.0141 -0.0, 0.913 -1.0142 0.0039, 0.913 -1.0142 -0.0, 0.9133 -1.0143 0.0039, 0.9133 -1.0143 -0.0, 0.914 -1.0144 0.0039, 0.914 -1.0144 -0.0, 0.915 -1.0143 0.0039, 0.915 -1.0143 -0.0, 0.9189 -1.0143 0.0039, 0.9189 -1.0143 -0.0, 0.9235 -1.0143 0.0039, 0.9235 -1.0143 -0.0, 0.9235 -1.1627 0.0039, 0.9235 -1.1627 -0.0, 0.9216 -1.1635 0.0039, 0.9216 -1.1635 -0.0, 0.9314 -1.1646 0.0039, 0.9314 -1.0148 0.0039, 0.9677 -1.019 0.0039, 0.9614 -1.0174 0.0039, 0.9526 -1.0163 0.0039, 0.9402 -1.0148 0.0039, 0.9723 -1.021 0.0039, 0.9358 -1.0147 0.0039, 0.9368 -1.1669 0.0039, 0.9488 -1.1697 0.0039, 0.9611 -1.1706 0.0039, 0.9686 -1.1691 0.0039, 0.9891 -1.0657 0.0039, 0.9846 -1.0406 0.0039, 0.979 -1.028 0.0039, 0.9757 -1.0237 0.0039, 0.9741 -1.167 0.0039, 0.9774 -1.1646 0.0039, 0.9808 -1.1605 0.0039, 0.984 -1.1544 0.0039, 0.9864 -1.1459 0.0039, 0.9897 -1.1074 0.0039, 0.9526 -1.0163 -0.0, 0.9402 -1.0148 -0.0, 0.9614 -1.0174 -0.0, 0.9677 -1.019 -0.0, 0.9723 -1.021 -0.0, 0.9757 -1.0237 -0.0, 0.979 -1.028 -0.0, 0.9846 -1.0406 -0.0, 0.9891 -1.0657 -0.0, 0.9897 -1.1074 -0.0, 0.9864 -1.1459 -0.0, 0.984 -1.1544 -0.0, 0.9808 -1.1605 -0.0, 0.9774 -1.1646 -0.0, 0.9741 -1.167 -0.0, 0.9686 -1.1691 -0.0, 0.9611 -1.1706 -0.0, 0.9488 -1.1697 -0.0, 0.9368 -1.1669 -0.0, 0.9314 -1.1646 -0.0, 0.9314 -1.0148 -0.0, 0.9358 -1.0147 -0.0, 0.8535 -1.104 0.0039, 0.8535 -1.104 -0.0, 0.8297 -1.1009 0.0039, 0.8297 -1.1009 -0.0, 0.8633 -1.106 0.0039, 0.8633 -1.106 -0.0, 0.8696 -1.1082 0.0039, 0.8696 -1.1082 -0.0, 0.8724 -1.11 0.0039, 0.8724 -1.11 -0.0, 0.875 -1.1114 0.0039, 0.875 -1.1114 -0.0, 0.8832 -1.1032 0.0039, 0.8832 -1.1032 -0.0, 0.8838 -1.1024 0.0039, 0.8838 -1.1024 -0.0, 0.8842 -1.1018 0.0039, 0.8842 -1.1018 -0.0, 0.8844 -1.1012 0.0039, 0.8844 -1.1012 -0.0, 0.8845 -1.1007 0.0039, 0.8845 -1.1007 -0.0, 0.8844 -1.1003 0.0039, 0.8844 -1.1003 -0.0, 0.8843 -1.0998 0.0039, 0.8843 -1.0998 -0.0, 0.8839 -1.0992 0.0039, 0.8839 -1.0992 -0.0, 0.8835 -1.0989 0.0039, 0.8835 -1.0989 -0.0, 0.883 -1.0986 0.0039, 0.883 -1.0986 -0.0, 0.8825 -1.0984 0.0039, 0.8825 -1.0984 -0.0, 0.8818 -1.0983 0.0039, 0.8818 -1.0983 -0.0, 0.8297 -1.091 0.0039, 0.8297 -1.091 -0.0, 0.8297 -1.0143 0.0039, 0.8297 -1.0143 -0.0, 0.8719 -1.0202 0.0039, 0.8719 -1.0202 -0.0, 0.876 -1.0213 0.0039, 0.876 -1.0213 -0.0, 0.8798 -1.0231 0.0039, 0.8798 -1.0231 -0.0, 0.8823 -1.0245 0.0039, 0.8823 -1.0245 -0.0, 0.8903 -1.0157 0.0039, 0.8903 -1.0157 -0.0, 0.8911 -1.0145 0.0039, 0.8911 -1.0145 -0.0, 0.8914 -1.0138 0.0039, 0.8914 -1.0138 -0.0, 0.8914 -1.0134 0.0039, 0.8914 -1.0134 -0.0, 0.8914 -1.013 0.0039, 0.8914 -1.013 -0.0, 0.8913 -1.0125 0.0039, 0.8913 -1.0125 -0.0, 0.891 -1.012 0.0039, 0.891 -1.012 -0.0, 0.8908 -1.0117 0.0039, 0.8908 -1.0117 -0.0, 0.8906 -1.0115 0.0039, 0.8906 -1.0115 -0.0, 0.8903 -1.0114 0.0039, 0.8903 -1.0114 -0.0, 0.8902 -1.0113 0.0039, 0.8902 -1.0113 -0.0, 0.8895 -1.0112 0.0039, 0.8895 -1.0112 -0.0, 0.8886 -1.0111 0.0039, 0.8886 -1.0111 -0.0, 0.8843 -1.0109 0.0039, 0.8843 -1.0109 -0.0, 0.8629 -1.0083 0.0039, 0.8629 -1.0083 -0.0, 0.8416 -1.0049 0.0039, 0.8416 -1.0049 -0.0, 0.8286 -1.0027 0.0039, 0.8286 -1.0027 -0.0, 0.8254 -1.0015 0.0039, 0.8254 -1.0015 -0.0, 0.8234 -1.001 0.0039, 0.8234 -1.001 -0.0, 0.822 -1.001 0.0039, 0.822 -1.001 -0.0, 0.8212 -1.0011 0.0039, 0.8212 -1.0011 -0.0, 0.8206 -1.0014 0.0039, 0.8206 -1.0014 -0.0, 0.8198 -1.0019 0.0039, 0.8198 -1.0019 -0.0, 0.8193 -1.0027 0.0039, 0.8193 -1.0027 -0.0, 0.819 -1.0033 0.0039, 0.819 -1.0033 -0.0, 0.8188 -1.0044 0.0039, 0.8188 -1.0044 -0.0, 0.8188 -1.006 0.0039, 0.8188 -1.006 -0.0, 0.8189 -1.0066 0.0039, 0.8189 -1.0066 -0.0, 0.8207 -1.0138 0.0039, 0.8207 -1.0138 -0.0, 0.8215 -1.0211 0.0039, 0.8215 -1.0211 -0.0, 0.8215 -1.0265 0.0039, 0.8215 -1.0265 -0.0, 0.8216 -1.03 0.0039, 0.8216 -1.03 -0.0, 0.8218 -1.0335 0.0039, 0.8218 -1.0335 -0.0, 0.8215 -1.1632 0.0039, 0.8215 -1.1632 -0.0, 0.8183 -1.167 0.0039, 0.8183 -1.167 -0.0, 0.8163 -1.1693 0.0039, 0.8163 -1.1693 -0.0, 0.8152 -1.171 0.0039, 0.8152 -1.171 -0.0, 0.8148 -1.1719 0.0039, 0.8148 -1.1719 -0.0, 0.8145 -1.1733 0.0039, 0.8145 -1.1733 -0.0, 0.8145 -1.1742 0.0039, 0.8145 -1.1742 -0.0, 0.8145 -1.1748 0.0039, 0.8145 -1.1748 -0.0, 0.8145 -1.175 0.0039, 0.8145 -1.175 -0.0, 0.8146 -1.1753 0.0039, 0.8146 -1.1753 -0.0, 0.8147 -1.1754 0.0039, 0.8147 -1.1754 -0.0, 0.8148 -1.1755 0.0039, 0.8148 -1.1755 -0.0, 0.815 -1.1756 0.0039, 0.815 -1.1756 -0.0, 0.8154 -1.1757 0.0039, 0.8154 -1.1757 -0.0, 0.8161 -1.1757 0.0039, 0.8161 -1.1757 -0.0, 0.8169 -1.1757 0.0039, 0.8169 -1.1757 -0.0, 0.8223 -1.1748 0.0039, 0.8223 -1.1748 -0.0, 0.8271 -1.1742 0.0039, 0.8271 -1.1742 -0.0, 0.8319 -1.1742 0.0039, 0.8319 -1.1742 -0.0, 0.8328 -1.1742 0.0039, 0.8328 -1.1742 -0.0, 0.8383 -1.1744 0.0039, 0.8383 -1.1744 -0.0, 0.8438 -1.1751 0.0039, 0.8438 -1.1751 -0.0, 0.8549 -1.1771 0.0039, 0.8549 -1.1771 -0.0, 0.8646 -1.179 0.0039, 0.8646 -1.179 -0.0, 0.8723 -1.1818 0.0039, 0.8723 -1.1818 -0.0, 0.8739 -1.1827 0.0039, 0.8739 -1.1827 -0.0, 0.8756 -1.1839 -0.0, 0.8764 -1.1844 0.0039, 0.8764 -1.1844 -0.0, 0.8769 -1.1839 -0.0, 0.8846 -1.1759 0.0039, 0.8846 -1.1759 -0.0, 0.8851 -1.175 0.0039, 0.8851 -1.175 -0.0, 0.8855 -1.1743 0.0039, 0.8855 -1.1743 -0.0, 0.8857 -1.1738 0.0039, 0.8857 -1.1738 -0.0, 0.8857 -1.1734 0.0039, 0.8857 -1.1734 -0.0, 0.8857 -1.173 0.0039, 0.8857 -1.173 -0.0, 0.8856 -1.1726 0.0039, 0.8856 -1.1726 -0.0, 0.8853 -1.1723 0.0039, 0.8853 -1.1723 -0.0, 0.8849 -1.1719 0.0039, 0.8849 -1.1719 -0.0, 0.8844 -1.1716 0.0039, 0.8844 -1.1716 -0.0, 0.8839 -1.1715 0.0039, 0.8839 -1.1715 -0.0, 0.8832 -1.1714 0.0039, 0.8832 -1.1714 -0.0, 0.8787 -1.1708 0.0039, 0.8787 -1.1708 -0.0, 0.872 -1.1699 0.0039, 0.872 -1.1699 -0.0, 0.8653 -1.1692 0.0039, 0.8653 -1.1692 -0.0, 0.8297 -1.1632 0.0039, 0.8297 -1.1632 -0.0, 0.7866 -1.1802 0.0039, 0.7866 -1.1802 -0.0, 0.7823 -1.1802 0.0039, 0.7823 -1.1802 -0.0, 0.7866 -1.1046 0.0039, 0.7866 -1.1046 -0.0, 0.7812 -1.1046 0.0039, 0.7812 -1.1046 -0.0, 0.7788 -1.1445 0.0039, 0.7788 -1.1445 -0.0, 0.7753 -1.1573 0.0039, 0.7753 -1.1573 -0.0, 0.7718 -1.1643 0.0039, 0.7718 -1.1643 -0.0, 0.7683 -1.1684 0.0039, 0.7683 -1.1684 -0.0, 0.7646 -1.1713 0.0039, 0.7646 -1.1713 -0.0, 0.7606 -1.173 0.0039, 0.7606 -1.173 -0.0, 0.7563 -1.174 0.0039, 0.7563 -1.174 -0.0, 0.7504 -1.1736 0.0039, 0.7504 -1.1736 -0.0, 0.7453 -1.1719 0.0039, 0.7453 -1.1719 -0.0, 0.7405 -1.1689 0.0039, 0.7405 -1.1689 -0.0, 0.736 -1.1645 0.0039, 0.736 -1.1645 -0.0, 0.7311 -1.1568 0.0039, 0.7311 -1.1568 -0.0, 0.7245 -1.1378 0.0039, 0.7245 -1.1378 -0.0, 0.7219 -1.123 0.0039, 0.7219 -1.123 -0.0, 0.7209 -1.078 0.0039, 0.7209 -1.078 -0.0, 0.7279 -1.0375 0.0039, 0.7279 -1.0375 -0.0, 0.7322 -1.026 0.0039, 0.7322 -1.026 -0.0, 0.7386 -1.0169 0.0039, 0.7386 -1.0169 -0.0, 0.7427 -1.0131 0.0039, 0.7427 -1.0131 -0.0, 0.7463 -1.011 0.0039, 0.7463 -1.011 -0.0, 0.7501 -1.0098 0.0039, 0.7501 -1.0098 -0.0, 0.754 -1.0095 0.0039, 0.754 -1.0095 -0.0, 0.7604 -1.0099 0.0039, 0.7604 -1.0099 -0.0, 0.7666 -1.0123 0.0039, 0.7666 -1.0123 -0.0, 0.7717 -1.0158 0.0039, 0.7717 -1.0158 -0.0, 0.7758 -1.0206 0.0039, 0.7758 -1.0206 -0.0, 0.7795 -1.028 0.0039, 0.7795 -1.028 -0.0, 0.7836 -1.0467 0.0039, 0.7836 -1.0467 -0.0, 0.7848 -1.0551 0.0039, 0.7848 -1.0551 -0.0, 0.7863 -1.07 0.0039, 0.7863 -1.07 -0.0, 0.7908 -1.0698 0.0039, 0.7908 -1.0698 -0.0, 0.7887 -1.036 0.0039, 0.7887 -1.036 -0.0, 0.7854 -1.0233 0.0039, 0.7854 -1.0233 -0.0, 0.7806 -1.0135 0.0039, 0.7806 -1.0135 -0.0, 0.7769 -1.0088 0.0039, 0.7769 -1.0088 -0.0, 0.7715 -1.0044 0.0039, 0.7715 -1.0044 -0.0, 0.7646 -1.0013 0.0039, 0.7646 -1.0013 -0.0, 0.758 -1.0001 0.0039, 0.758 -1.0001 -0.0, 0.7507 -1.0004 0.0039, 0.7507 -1.0004 -0.0, 0.7432 -1.0027 0.0039, 0.7432 -1.0027 -0.0, 0.7367 -1.0065 0.0039, 0.7367 -1.0065 -0.0, 0.7319 -1.0113 0.0039, 0.7319 -1.0113 -0.0, 0.7255 -1.0219 0.0039, 0.7255 -1.0219 -0.0, 0.7176 -1.0456 0.0039, 0.7176 -1.0456 -0.0, 0.7145 -1.0648 0.0039, 0.7145 -1.0648 -0.0, 0.7144 -1.1219 0.0039, 0.7144 -1.1219 -0.0, 0.7212 -1.1526 0.0039, 0.7212 -1.1526 -0.0, 0.7272 -1.1661 0.0039, 0.7272 -1.1661 -0.0, 0.733 -1.1736 0.0039, 0.733 -1.1736 -0.0, 0.7418 -1.1804 0.0039, 0.7418 -1.1804 -0.0, 0.746 -1.1824 0.0039, 0.746 -1.1824 -0.0, 0.75 -1.1832 0.0039, 0.75 -1.1832 -0.0, 0.754 -1.1833 0.0039, 0.754 -1.1833 -0.0, 0.7623 -1.1811 0.0039, 0.7623 -1.1811 -0.0, 0.7689 -1.1775 0.0039, 0.7689 -1.1775 -0.0, 0.7745 -1.1724 0.0039, 0.7745 -1.1724 -0.0, 0.7778 -1.168 0.0039, 0.7778 -1.168 -0.0, 0.7803 -1.1635 0.0039, 0.7803 -1.1635 -0.0, 0.6297 -1.1907 0.0039, 0.6422 -1.1751 0.0039, 0.6422 -1.1751 -0.0, 0.6352 -1.1839 -0.0, 0.6313 -1.1887 -0.0, 0.6297 -1.1907 -0.0, 0.6393 -1.1689 0.0039, 0.6393 -1.1689 -0.0, 0.638 -1.1609 0.0039, 0.638 -1.1609 -0.0, 0.638 -1.1572 0.0039, 0.638 -1.1572 -0.0, 0.638 -1.0129 0.0039, 0.638 -1.0129 -0.0, 0.6597 -1.0147 0.0039, 0.6597 -1.0147 -0.0, 0.6701 -1.0163 0.0039, 0.6701 -1.0163 -0.0, 0.6736 -1.0171 0.0039, 0.6736 -1.0171 -0.0, 0.6757 -1.0181 0.0039, 0.6757 -1.0181 -0.0, 0.6783 -1.0203 0.0039, 0.6783 -1.0203 -0.0, 0.6792 -1.0209 0.0039, 0.6792 -1.0209 -0.0, 0.6801 -1.0213 0.0039, 0.6801 -1.0213 -0.0, 0.6867 -1.0155 0.0039, 0.6867 -1.0155 -0.0, 0.6898 -1.0127 0.0039, 0.6898 -1.0127 -0.0, 0.6909 -1.0115 0.0039, 0.6909 -1.0115 -0.0, 0.6914 -1.0106 0.0039, 0.6914 -1.0106 -0.0, 0.6916 -1.0097 0.0039, 0.6916 -1.0097 -0.0, 0.6917 -1.0086 0.0039, 0.6917 -1.0086 -0.0, 0.6914 -1.008 0.0039, 0.6914 -1.008 -0.0, 0.6912 -1.0077 0.0039, 0.6912 -1.0077 -0.0, 0.6908 -1.0075 0.0039, 0.6908 -1.0075 -0.0, 0.6901 -1.0072 0.0039, 0.6901 -1.0072 -0.0, 0.689 -1.0071 0.0039, 0.689 -1.0071 -0.0, 0.6841 -1.007 0.0039, 0.6841 -1.007 -0.0, 0.6769 -1.0059 0.0039, 0.6769 -1.0059 -0.0, 0.6582 -1.004 0.0039, 0.6582 -1.004 -0.0, 0.6521 -1.0035 0.0039, 0.6521 -1.0035 -0.0, 0.6402 -1.0024 0.0039, 0.6402 -1.0024 -0.0, 0.6337 -1.0018 0.0039, 0.6337 -1.0018 -0.0, 0.6322 -1.0014 0.0039, 0.6322 -1.0014 -0.0, 0.6314 -1.0013 0.0039, 0.6314 -1.0013 -0.0, 0.6309 -1.0014 0.0039, 0.6309 -1.0014 -0.0, 0.6304 -1.0016 0.0039, 0.6304 -1.0016 -0.0, 0.6301 -1.0018 0.0039, 0.6301 -1.0018 -0.0, 0.6297 -1.0023 0.0039, 0.6297 -1.0023 -0.0, 0.6293 -1.0031 0.0039, 0.6293 -1.0031 -0.0, 0.6291 -1.0038 0.0039, 0.6291 -1.0038 -0.0, 0.6291 -1.0054 0.0039, 0.6291 -1.0054 -0.0, 0.6299 -1.0123 0.0039, 0.6299 -1.0123 -0.0, 0.63 -1.014 0.0039, 0.63 -1.014 -0.0, 0.6306 -1.0307 0.0039, 0.6306 -1.0307 -0.0, 0.6306 -1.1581 0.0039, 0.6306 -1.1581 -0.0, 0.6304 -1.1719 -0.0, 0.6304 -1.1719 0.0039, 0.6286 -1.1839 -0.0, 0.6283 -1.1856 0.0039, 0.6283 -1.1856 -0.0, 0.6278 -1.1884 0.0039, 0.6278 -1.1884 -0.0, 0.628 -1.1887 -0.0
            ]
        }
        coordIndex [
            0,1,2,-1,2,1,3,-1,4,5,0,-1,0,5,1,-1,6,7,4,-1,4,7,8,-1,4,8,5,-1,7,6,9,-1,7,9,10,-1,10,9,11,-1,10,11,12,-1,12,11,13,-1,12,13,14,-1,14,13,15,-1,14,15,16,-1,16,15,17,-1,16,17,18,-1,18,17,19,-1,18,19,20,-1,20,19,21,-1,20,21,22,-1,22,21,23,-1,22,23,24,-1,24,23,25,-1,24,25,26,-1,26,25,27,-1,26,27,28,-1,28,27,29,-1,28,29,30,-1,30,29,31,-1,30,31,32,-1,32,31,33,-1,32,33,34,-1,34,33,35,-1,34,35,36,-1,36,35,37,-1,37,35,38,-1,37,38,39,-1,40,41,38,-1,38,41,39,-1,41,40,42,-1,41,42,43,-1,43,42,44,-1,43,44,45,-1,45,44,46,-1,45,46,47,-1,47,46,48,-1,47,48,49,-1,50,51,48,-1,48,51,49,-1,51,50,52,-1,51,52,53,-1,53,52,54,-1,53,54,55,-1,55,54,56,-1,56,54,57,-1,56,57,58,-1,59,60,57,-1,57,60,58,-1,61,62,59,-1,59,62,63,-1,59,63,60,-1,64,65,61,-1,61,65,62,-1,65,64,66,-1,65,66,67,-1,67,66,68,-1,67,68,69,-1,70,71,68,-1,68,71,69,-1,71,70,72,-1,71,72,73,-1,73,72,74,-1,73,74,75,-1,75,74,76,-1,75,76,77,-1,77,76,78,-1,77,78,79,-1,79,78,80,-1,79,80,81,-1,81,80,82,-1,81,82,83,-1,83,82,84,-1,83,84,85,-1,85,84,86,-1,85,86,87,-1,87,86,88,-1,87,88,89,-1,90,91,88,-1,88,91,89,-1,91,90,92,-1,92,90,93,-1,92,93,94,-1,94,93,95,-1,94,95,96,-1,96,95,97,-1,96,97,98,-1,98,97,99,-1,98,99,100,-1,100,99,101,-1,100,101,102,-1,102,101,103,-1,102,103,104,-1,104,103,105,-1,104,105,106,-1,106,105,107,-1,106,107,108,-1,108,107,109,-1,108,109,110,-1,110,109,111,-1,110,111,112,-1,112,111,113,-1,112,113,114,-1,114,113,115,-1,114,115,116,-1,116,115,117,-1,116,117,118,-1,118,117,119,-1,118,119,120,-1,120,119,121,-1,120,121,122,-1,122,121,123,-1,122,123,124,-1,124,123,125,-1,124,125,126,-1,127,128,125,-1,125,128,129,-1,125,129,126,-1,130,131,127,-1,127,131,128,-1,130,2,131,-1,131,2,3,-1,132,57,133,-1,133,57,54,-1,6,4,35,-1,130,134,135,-1,74,72,127,-1,127,72,70,-1,135,136,130,-1,130,136,137,-1,130,137,2,-1,2,137,138,-1,52,0,54,-1,54,0,2,-1,54,2,133,-1,133,2,138,-1,70,68,127,-1,127,68,66,-1,127,66,130,-1,130,66,64,-1,130,64,134,-1,134,64,61,-1,134,61,132,-1,132,61,59,-1,132,59,57,-1,0,40,4,-1,4,40,38,-1,4,38,35,-1,97,95,125,-1,125,95,93,-1,125,93,127,-1,127,93,90,-1,90,88,127,-1,127,88,86,-1,127,86,74,-1,74,86,84,-1,74,84,76,-1,52,50,0,-1,0,50,48,-1,0,48,46,-1,33,11,35,-1,35,11,9,-1,35,9,6,-1,46,44,0,-1,0,44,42,-1,0,42,40,-1,82,80,84,-1,84,80,78,-1,84,78,76,-1,121,103,123,-1,123,103,101,-1,123,101,125,-1,125,101,99,-1,125,99,97,-1,121,119,103,-1,103,119,117,-1,103,117,105,-1,31,15,33,-1,33,15,13,-1,33,13,11,-1,31,29,15,-1,15,29,27,-1,15,27,25,-1,19,17,21,-1,21,17,15,-1,21,15,23,-1,23,15,25,-1,113,111,115,-1,115,111,109,-1,115,109,117,-1,117,109,107,-1,117,107,105,-1,133,139,132,-1,132,139,140,-1,139,133,138,-1,139,138,141,-1,141,138,137,-1,141,137,142,-1,142,137,136,-1,142,136,143,-1,135,144,136,-1,136,144,143,-1,134,145,135,-1,135,145,144,-1,140,145,132,-1,132,145,134,-1,146,147,148,-1,148,147,149,-1,147,146,150,-1,147,150,151,-1,151,150,152,-1,151,152,153,-1,153,152,154,-1,153,154,155,-1,155,154,156,-1,155,156,157,-1,157,156,158,-1,157,158,159,-1,159,158,160,-1,159,160,161,-1,161,160,162,-1,161,162,163,-1,163,162,164,-1,163,164,165,-1,165,164,166,-1,165,166,167,-1,168,169,166,-1,166,169,167,-1,170,171,168,-1,168,171,169,-1,171,170,172,-1,171,172,173,-1,173,172,174,-1,173,174,175,-1,176,177,174,-1,174,177,175,-1,178,179,176,-1,176,179,177,-1,179,178,180,-1,179,180,181,-1,181,180,182,-1,181,182,183,-1,183,182,184,-1,183,184,185,-1,185,184,186,-1,185,186,187,-1,187,186,188,-1,187,188,189,-1,189,188,190,-1,189,190,191,-1,191,190,192,-1,191,192,193,-1,193,192,194,-1,193,194,195,-1,195,194,196,-1,195,196,197,-1,197,196,198,-1,197,198,199,-1,199,198,200,-1,199,200,201,-1,201,200,202,-1,201,202,203,-1,203,202,204,-1,203,204,205,-1,205,204,206,-1,205,206,207,-1,207,206,208,-1,207,208,209,-1,209,208,210,-1,209,210,211,-1,211,210,212,-1,211,212,213,-1,214,215,212,-1,212,215,213,-1,215,214,216,-1,215,216,217,-1,217,216,218,-1,217,218,219,-1,219,218,220,-1,220,218,221,-1,220,221,222,-1,222,221,223,-1,222,223,224,-1,225,224,226,-1,226,224,223,-1,225,226,227,-1,227,226,228,-1,227,228,229,-1,229,228,230,-1,229,230,231,-1,231,230,232,-1,231,232,233,-1,233,232,234,-1,233,234,235,-1,236,237,234,-1,234,237,235,-1,237,236,238,-1,237,238,239,-1,239,238,240,-1,239,240,241,-1,241,240,242,-1,241,242,243,-1,243,242,244,-1,243,244,245,-1,245,244,246,-1,245,246,247,-1,247,246,248,-1,247,248,249,-1,249,248,250,-1,249,250,251,-1,251,250,252,-1,251,252,253,-1,253,252,254,-1,253,254,255,-1,255,254,256,-1,255,256,257,-1,257,256,258,-1,257,258,259,-1,259,258,260,-1,259,260,261,-1,261,260,262,-1,261,262,263,-1,263,262,264,-1,263,264,265,-1,266,267,264,-1,264,267,265,-1,268,269,266,-1,266,269,267,-1,270,271,268,-1,268,271,269,-1,271,270,272,-1,271,272,273,-1,273,272,148,-1,273,148,149,-1,242,240,264,-1,170,168,274,-1,168,166,146,-1,146,166,164,-1,146,164,150,-1,146,148,168,-1,168,148,272,-1,168,272,274,-1,274,272,270,-1,274,270,275,-1,276,277,232,-1,232,277,278,-1,232,278,279,-1,240,238,264,-1,264,238,236,-1,264,236,266,-1,266,236,234,-1,266,234,268,-1,268,234,232,-1,232,230,276,-1,276,230,216,-1,276,216,280,-1,270,268,275,-1,275,268,232,-1,275,232,281,-1,281,232,279,-1,282,283,178,-1,178,283,180,-1,180,283,284,-1,180,284,182,-1,258,256,254,-1,178,176,282,-1,282,176,174,-1,282,174,274,-1,274,174,172,-1,274,172,170,-1,182,284,184,-1,184,284,285,-1,184,285,186,-1,264,250,248,-1,162,154,164,-1,164,154,152,-1,164,152,150,-1,162,160,154,-1,154,160,158,-1,154,158,156,-1,286,287,202,-1,250,264,252,-1,252,264,262,-1,252,262,254,-1,254,262,260,-1,254,260,258,-1,248,246,264,-1,264,246,244,-1,264,244,242,-1,226,223,228,-1,228,223,221,-1,228,221,230,-1,230,221,218,-1,230,218,216,-1,202,287,204,-1,216,214,280,-1,280,214,212,-1,280,212,210,-1,287,288,204,-1,204,288,289,-1,204,289,206,-1,206,289,280,-1,206,280,208,-1,208,280,210,-1,186,285,188,-1,188,285,290,-1,188,290,190,-1,190,290,291,-1,190,291,192,-1,192,291,292,-1,192,292,194,-1,292,293,194,-1,194,293,294,-1,194,294,196,-1,196,294,295,-1,196,295,198,-1,198,295,286,-1,198,286,200,-1,200,286,202,-1,278,296,279,-1,279,296,297,-1,296,278,277,-1,296,277,298,-1,298,277,276,-1,298,276,299,-1,299,276,280,-1,299,280,300,-1,300,280,289,-1,300,289,301,-1,301,289,288,-1,301,288,302,-1,302,288,287,-1,302,287,303,-1,303,287,286,-1,303,286,304,-1,304,286,295,-1,304,295,305,-1,305,295,294,-1,305,294,306,-1,306,294,293,-1,306,293,307,-1,307,293,292,-1,307,292,308,-1,308,292,291,-1,308,291,309,-1,309,291,290,-1,309,290,310,-1,310,290,285,-1,310,285,311,-1,311,285,284,-1,311,284,312,-1,312,284,283,-1,312,283,313,-1,313,283,282,-1,313,282,314,-1,274,315,282,-1,282,315,314,-1,275,316,274,-1,274,316,315,-1,316,275,281,-1,316,281,317,-1,317,281,279,-1,317,279,297,-1,318,319,320,-1,320,319,321,-1,319,318,322,-1,319,322,323,-1,323,322,324,-1,323,324,325,-1,325,324,326,-1,325,326,327,-1,328,329,326,-1,326,329,327,-1,330,331,328,-1,328,331,329,-1,331,330,332,-1,331,332,333,-1,333,332,334,-1,333,334,335,-1,335,334,336,-1,335,336,337,-1,337,336,338,-1,337,338,339,-1,339,338,340,-1,339,340,341,-1,341,340,342,-1,341,342,343,-1,343,342,344,-1,343,344,345,-1,345,344,346,-1,345,346,347,-1,347,346,348,-1,347,348,349,-1,349,348,350,-1,349,350,351,-1,351,350,352,-1,351,352,353,-1,354,355,352,-1,352,355,353,-1,356,357,354,-1,354,357,355,-1,358,359,356,-1,356,359,357,-1,359,358,360,-1,359,360,361,-1,361,360,362,-1,361,362,363,-1,364,365,362,-1,362,365,363,-1,366,367,364,-1,364,367,365,-1,367,366,368,-1,367,368,369,-1,369,368,370,-1,369,370,371,-1,371,370,372,-1,371,372,373,-1,373,372,374,-1,373,374,375,-1,375,374,376,-1,375,376,377,-1,377,376,378,-1,377,378,379,-1,379,378,380,-1,379,380,381,-1,381,380,382,-1,381,382,383,-1,383,382,384,-1,383,384,385,-1,385,384,386,-1,385,386,387,-1,387,386,388,-1,387,388,389,-1,389,388,390,-1,389,390,391,-1,392,393,390,-1,390,393,391,-1,393,392,394,-1,393,394,395,-1,395,394,396,-1,395,396,397,-1,398,399,396,-1,396,399,397,-1,399,398,400,-1,399,400,401,-1,401,400,402,-1,401,402,403,-1,403,402,404,-1,403,404,405,-1,405,404,406,-1,405,406,407,-1,407,406,408,-1,407,408,409,-1,409,408,410,-1,409,410,411,-1,411,410,412,-1,411,412,413,-1,413,412,414,-1,413,414,415,-1,415,414,416,-1,415,416,417,-1,417,416,418,-1,417,418,419,-1,419,418,420,-1,419,420,421,-1,421,420,422,-1,421,422,423,-1,423,422,424,-1,423,424,425,-1,426,427,424,-1,424,427,425,-1,427,426,428,-1,427,428,429,-1,429,428,430,-1,429,430,431,-1,432,433,430,-1,430,433,431,-1,433,432,434,-1,433,434,435,-1,435,434,436,-1,435,436,437,-1,437,436,438,-1,437,438,439,-1,439,438,440,-1,439,440,441,-1,441,440,442,-1,441,442,443,-1,443,442,444,-1,443,444,445,-1,445,444,446,-1,445,446,447,-1,447,446,448,-1,447,448,449,-1,449,448,450,-1,449,450,451,-1,451,450,452,-1,451,452,453,-1,453,452,454,-1,453,454,455,-1,455,454,456,-1,455,456,457,-1,457,456,458,-1,457,458,459,-1,459,458,460,-1,459,460,461,-1,461,460,462,-1,461,462,463,-1,464,465,462,-1,462,465,463,-1,465,464,466,-1,465,466,467,-1,467,466,468,-1,467,468,469,-1,470,471,468,-1,468,471,469,-1,471,470,472,-1,471,472,473,-1,473,472,474,-1,473,474,475,-1,476,477,474,-1,474,477,475,-1,477,476,478,-1,477,478,479,-1,479,478,480,-1,479,480,481,-1,481,480,482,-1,481,482,483,-1,483,482,484,-1,484,482,485,-1,484,485,486,-1,486,485,487,-1,487,485,488,-1,487,488,489,-1,489,488,490,-1,489,490,491,-1,491,490,492,-1,491,492,493,-1,493,492,494,-1,493,494,495,-1,495,494,496,-1,495,496,497,-1,497,496,498,-1,497,498,499,-1,499,498,500,-1,499,500,501,-1,501,500,502,-1,501,502,503,-1,503,502,504,-1,503,504,505,-1,505,504,506,-1,505,506,507,-1,507,506,508,-1,507,508,509,-1,509,508,510,-1,509,510,511,-1,512,513,510,-1,510,513,511,-1,513,512,514,-1,513,514,515,-1,515,514,516,-1,515,516,517,-1,518,519,516,-1,516,519,517,-1,518,320,519,-1,519,320,321,-1,402,400,356,-1,362,360,392,-1,392,360,358,-1,326,324,352,-1,400,398,356,-1,356,398,396,-1,356,396,358,-1,358,396,394,-1,358,394,392,-1,430,428,356,-1,428,426,356,-1,356,426,424,-1,356,424,422,-1,422,420,356,-1,356,420,418,-1,356,418,416,-1,320,354,318,-1,318,354,352,-1,318,352,322,-1,322,352,324,-1,362,392,364,-1,364,392,390,-1,364,390,366,-1,366,390,388,-1,366,388,386,-1,356,410,408,-1,436,434,518,-1,518,434,432,-1,518,432,320,-1,320,432,430,-1,320,430,354,-1,354,430,356,-1,416,414,356,-1,356,414,412,-1,356,412,410,-1,336,334,350,-1,350,334,352,-1,328,326,330,-1,330,326,352,-1,330,352,332,-1,332,352,334,-1,448,446,518,-1,518,446,444,-1,518,444,442,-1,386,384,366,-1,366,384,382,-1,366,382,380,-1,408,406,356,-1,356,406,404,-1,356,404,402,-1,496,494,508,-1,508,494,492,-1,508,492,510,-1,510,492,490,-1,510,490,488,-1,472,470,518,-1,518,470,468,-1,518,468,466,-1,466,464,518,-1,518,464,462,-1,518,462,460,-1,370,376,372,-1,372,376,374,-1,380,378,366,-1,366,378,376,-1,366,376,368,-1,368,376,370,-1,454,452,518,-1,518,452,450,-1,518,450,448,-1,442,440,518,-1,518,440,438,-1,518,438,436,-1,488,485,510,-1,510,485,482,-1,510,482,512,-1,512,482,480,-1,512,480,514,-1,514,480,478,-1,514,478,516,-1,516,478,476,-1,516,476,518,-1,518,476,474,-1,518,474,472,-1,460,458,518,-1,518,458,456,-1,518,456,454,-1,342,340,350,-1,350,340,338,-1,350,338,336,-1,502,508,504,-1,504,508,506,-1,502,500,508,-1,508,500,498,-1,508,498,496,-1,348,346,350,-1,350,346,344,-1,350,344,342,-1,520,521,522,-1,522,521,523,-1,524,525,520,-1,520,525,521,-1,526,527,524,-1,524,527,525,-1,527,526,528,-1,527,528,529,-1,529,528,530,-1,529,530,531,-1,531,530,532,-1,531,532,533,-1,533,532,534,-1,533,534,535,-1,535,534,536,-1,535,536,537,-1,537,536,538,-1,537,538,539,-1,539,538,540,-1,539,540,541,-1,541,540,542,-1,541,542,543,-1,543,542,544,-1,543,544,545,-1,545,544,546,-1,545,546,547,-1,547,546,548,-1,547,548,549,-1,549,548,550,-1,549,550,551,-1,551,550,552,-1,551,552,553,-1,553,552,554,-1,553,554,555,-1,555,554,556,-1,555,556,557,-1,557,556,558,-1,557,558,559,-1,559,558,560,-1,559,560,561,-1,561,560,562,-1,561,562,563,-1,563,562,564,-1,563,564,565,-1,565,564,566,-1,565,566,567,-1,567,566,568,-1,567,568,569,-1,569,568,570,-1,569,570,571,-1,571,570,572,-1,571,572,573,-1,573,572,574,-1,573,574,575,-1,575,574,576,-1,575,576,577,-1,577,576,578,-1,577,578,579,-1,579,578,580,-1,579,580,581,-1,581,580,582,-1,581,582,583,-1,583,582,584,-1,583,584,585,-1,586,587,584,-1,584,587,585,-1,588,589,586,-1,586,589,587,-1,589,588,590,-1,589,590,591,-1,591,590,592,-1,591,592,593,-1,593,592,594,-1,593,594,595,-1,595,594,596,-1,595,596,597,-1,597,596,598,-1,597,598,599,-1,599,598,600,-1,599,600,601,-1,601,600,602,-1,601,602,603,-1,603,602,604,-1,603,604,605,-1,605,604,606,-1,605,606,607,-1,607,606,608,-1,607,608,609,-1,609,608,610,-1,609,610,611,-1,611,610,612,-1,611,612,613,-1,613,612,614,-1,613,614,615,-1,615,614,616,-1,615,616,617,-1,617,616,618,-1,617,618,619,-1,619,618,620,-1,619,620,621,-1,621,620,622,-1,621,622,623,-1,623,622,624,-1,623,624,625,-1,625,624,626,-1,625,626,627,-1,627,626,628,-1,627,628,629,-1,629,628,630,-1,629,630,631,-1,631,630,632,-1,631,632,633,-1,633,632,634,-1,633,634,635,-1,635,634,636,-1,635,636,637,-1,637,636,638,-1,637,638,639,-1,639,638,640,-1,639,640,641,-1,642,643,640,-1,640,643,641,-1,642,522,643,-1,643,522,523,-1,524,520,642,-1,642,520,522,-1,640,536,642,-1,642,536,534,-1,642,534,532,-1,526,524,528,-1,528,524,642,-1,528,642,530,-1,530,642,532,-1,640,638,536,-1,536,638,636,-1,536,636,538,-1,538,636,634,-1,538,634,540,-1,540,634,632,-1,540,632,542,-1,632,630,542,-1,542,630,628,-1,542,628,544,-1,544,628,626,-1,544,626,546,-1,546,626,624,-1,546,624,548,-1,548,624,622,-1,548,622,550,-1,550,622,552,-1,552,622,620,-1,552,620,554,-1,554,620,618,-1,554,618,556,-1,556,618,616,-1,556,616,558,-1,558,616,614,-1,558,614,560,-1,560,614,612,-1,560,612,562,-1,562,612,610,-1,562,610,564,-1,564,610,608,-1,564,608,566,-1,566,608,606,-1,566,606,568,-1,568,606,604,-1,568,604,570,-1,570,604,602,-1,570,602,572,-1,572,602,600,-1,572,600,574,-1,574,600,598,-1,574,598,576,-1,576,598,596,-1,576,596,578,-1,578,596,594,-1,578,594,580,-1,580,594,592,-1,580,592,582,-1,582,592,590,-1,582,590,584,-1,584,590,588,-1,584,588,586,-1,644,645,646,-1,646,647,644,-1,644,647,648,-1,644,648,649,-1,646,645,650,-1,646,650,651,-1,651,650,652,-1,651,652,653,-1,653,652,654,-1,653,654,655,-1,656,657,654,-1,654,657,655,-1,657,656,658,-1,657,658,659,-1,659,658,660,-1,659,660,661,-1,661,660,662,-1,661,662,663,-1,663,662,664,-1,663,664,665,-1,665,664,666,-1,665,666,667,-1,667,666,668,-1,667,668,669,-1,669,668,670,-1,669,670,671,-1,671,670,672,-1,671,672,673,-1,673,672,674,-1,673,674,675,-1,675,674,676,-1,675,676,677,-1,677,676,678,-1,677,678,679,-1,679,678,680,-1,679,680,681,-1,681,680,682,-1,681,682,683,-1,683,682,684,-1,683,684,685,-1,685,684,686,-1,685,686,687,-1,687,686,688,-1,687,688,689,-1,689,688,690,-1,689,690,691,-1,691,690,692,-1,691,692,693,-1,693,692,694,-1,693,694,695,-1,695,694,696,-1,695,696,697,-1,697,696,698,-1,697,698,699,-1,699,698,700,-1,699,700,701,-1,702,703,700,-1,700,703,701,-1,704,705,702,-1,702,705,703,-1,705,704,706,-1,705,706,707,-1,707,706,708,-1,707,708,709,-1,709,708,710,-1,709,710,711,-1,711,710,712,-1,711,712,713,-1,713,712,714,-1,713,714,715,-1,715,714,716,-1,715,716,717,-1,717,716,718,-1,717,718,719,-1,719,718,720,-1,719,720,721,-1,721,720,722,-1,721,722,723,-1,723,722,724,-1,723,724,725,-1,725,724,726,-1,725,726,727,-1,728,729,726,-1,726,729,727,-1,730,731,728,-1,728,731,729,-1,732,731,733,-1,733,731,730,-1,732,733,734,-1,734,733,735,-1,734,735,736,-1,737,738,735,-1,735,738,736,-1,738,737,739,-1,739,737,644,-1,739,644,649,-1,668,666,694,-1,694,666,664,-1,694,664,696,-1,670,668,672,-1,672,668,694,-1,672,694,674,-1,674,694,692,-1,674,692,676,-1,730,728,656,-1,656,728,726,-1,656,726,724,-1,664,662,696,-1,696,662,660,-1,696,660,698,-1,698,660,658,-1,644,737,645,-1,645,737,735,-1,645,735,650,-1,650,735,733,-1,650,733,652,-1,652,733,730,-1,652,730,654,-1,654,730,656,-1,724,722,656,-1,656,722,720,-1,656,720,718,-1,680,690,688,-1,690,680,692,-1,692,680,678,-1,692,678,676,-1,718,716,656,-1,656,716,714,-1,656,714,712,-1,712,710,656,-1,656,710,708,-1,656,708,706,-1,706,704,656,-1,656,704,702,-1,656,702,658,-1,658,702,700,-1,658,700,698,-1,688,686,680,-1,680,686,684,-1,680,684,682,-1,
        ]
    }
}
Shape{
    appearance Appearance {
        material  Material {
            diffuseColor 0.27450980392156865 0.49411764705882355 0.27450980392156865
            specularColor 0.0196078431372549 0.03529411764705882 0.0196078431372549
            ambientIntensity 0.5763
            transparency 0.0
            shininess 0.5
        }
    }
    geometry IndexedFaceSet {
        ccw TRUE
        solid FALSE
        coord DEF co Coordinate {
            point [
                1.0677 -1.0873 -0.0, 1.0753 -1.08 -0.0, 1.0572 -1.1595 -0.0, 1.0388 -1.0763 -0.0, 1.0499 -1.0786 -0.0, 1.0582 -1.0812 -0.0, 1.0606 -1.0825 -0.0, 0.9314 -1.1646 -0.0, 0.9314 -1.0148 -0.0, 0.9368 -1.1669 -0.0, 0.9358 -1.0147 -0.0, 0.9402 -1.0148 -0.0, 0.9526 -1.0163 -0.0, 0.9614 -1.0174 -0.0, 0.9611 -1.1706 -0.0, 0.9488 -1.1697 -0.0, 0.9897 -1.1074 -0.0, 0.9891 -1.0657 -0.0, 0.9686 -1.1691 -0.0, 0.9864 -1.1459 -0.0, 0.984 -1.1544 -0.0, 0.9677 -1.019 -0.0, 0.9723 -1.021 -0.0, 0.9757 -1.0237 -0.0, 0.9808 -1.1605 -0.0, 0.9774 -1.1646 -0.0, 0.9741 -1.167 -0.0, 0.979 -1.028 -0.0, 0.9846 -1.0406 -0.0, 0.7638 0.9842 1.5222, 0.7638 0.9842 1.8676, 1.2362 0.9842 1.5222, 1.2362 0.9842 1.8676, 0.7638 0.9842 0.7874, 0.7638 1.1811 0.7874, 0.7638 1.1811 1.1811, 1.2362 1.1811 0.7874, 1.2362 0.9842 0.7874, 1.2362 1.1811 1.1811
            ]
        }
        coordIndex [
            0,1,2,-1,2,3,4,-1,4,5,2,-1,2,5,6,-1,2,6,0,-1,7,8,9,-1,9,8,10,-1,10,11,9,-1,9,11,12,-1,9,12,13,-1,14,15,16,-1,16,15,9,-1,16,9,17,-1,14,16,18,-1,18,16,19,-1,18,19,20,-1,13,21,9,-1,9,21,22,-1,9,22,23,-1,20,24,18,-1,18,24,25,-1,18,25,26,-1,23,27,9,-1,9,27,28,-1,9,28,17,-1,29,30,31,-1,31,30,32,-1,33,34,29,-1,29,34,35,-1,29,35,30,-1,36,37,38,-1,38,37,31,-1,38,31,32,-1,37,36,33,-1,33,36,34,-1,
        ]
    }
}