ISO-10303-21;
HEADER;
FILE_DESCRIPTION((''),'2;1');
FILE_NAME('205','2021-05-15T16:04:34',('Administrator'),(''),
'CREO PARAMETRIC BY PTC INC, 2016510','CREO PARAMETRIC BY PTC INC, 2016510','');
FILE_SCHEMA(('CONFIG_CONTROL_DESIGN','GEOMETRIC_VALIDATION_PROPERTIES_MIM'));
ENDSEC;
DATA;
#29=DIRECTION('',(0.E0,-1.E0,0.E0));
#30=VECTOR('',#29,2.5E0);
#31=CARTESIAN_POINT('',(-5.E0,1.25E0,0.E0));
#32=LINE('',#31,#30);
#33=DIRECTION('',(1.E0,0.E0,0.E0));
#34=VECTOR('',#33,1.E1);
#35=CARTESIAN_POINT('',(-5.E0,-1.25E0,0.E0));
#36=LINE('',#35,#34);
#37=DIRECTION('',(0.E0,1.E0,0.E0));
#38=VECTOR('',#37,2.5E0);
#39=CARTESIAN_POINT('',(5.E0,-1.25E0,0.E0));
#40=LINE('',#39,#38);
#41=DIRECTION('',(-1.E0,0.E0,0.E0));
#42=VECTOR('',#41,1.E1);
#43=CARTESIAN_POINT('',(5.E0,1.25E0,0.E0));
#44=LINE('',#43,#42);
#45=DIRECTION('',(1.E0,0.E0,0.E0));
#46=VECTOR('',#45,2.863E-1);
#47=CARTESIAN_POINT('',(-4.3863E0,9.632920596400E-1,0.E0));
#48=LINE('',#47,#46);
#49=DIRECTION('',(0.E0,-1.E0,0.E0));
#50=VECTOR('',#49,1.5507E0);
#51=CARTESIAN_POINT('',(-4.E0,8.632920596400E-1,0.E0));
#52=LINE('',#51,#50);
#53=DIRECTION('',(-1.E0,0.E0,0.E0));
#54=VECTOR('',#53,2.863E-1);
#55=CARTESIAN_POINT('',(-4.1E0,-7.874079403600E-1,0.E0));
#56=LINE('',#55,#54);
#57=DIRECTION('',(0.E0,1.E0,0.E0));
#58=VECTOR('',#57,1.5507E0);
#59=CARTESIAN_POINT('',(-4.4863E0,-6.874079403600E-1,0.E0));
#60=LINE('',#59,#58);
#61=DIRECTION('',(0.E0,-1.E0,0.E0));
#62=VECTOR('',#61,1.5507E0);
#63=CARTESIAN_POINT('',(4.E0,8.632920596400E-1,0.E0));
#64=LINE('',#63,#62);
#65=DIRECTION('',(-1.E0,0.E0,0.E0));
#66=VECTOR('',#65,2.863E-1);
#67=CARTESIAN_POINT('',(4.3863E0,9.632920596400E-1,0.E0));
#68=LINE('',#67,#66);
#69=DIRECTION('',(0.E0,1.E0,0.E0));
#70=VECTOR('',#69,1.5507E0);
#71=CARTESIAN_POINT('',(4.4863E0,-6.874079403600E-1,0.E0));
#72=LINE('',#71,#70);
#73=DIRECTION('',(1.E0,0.E0,0.E0));
#74=VECTOR('',#73,2.863E-1);
#75=CARTESIAN_POINT('',(4.1E0,-7.874079403600E-1,0.E0));
#76=LINE('',#75,#74);
#77=DIRECTION('',(0.E0,-1.E0,0.E0));
#78=VECTOR('',#77,4.E-1);
#79=CARTESIAN_POINT('',(-2.7E-1,2.E-1,0.E0));
#80=LINE('',#79,#78);
#81=DIRECTION('',(1.E0,0.E0,0.E0));
#82=VECTOR('',#81,5.4E-1);
#83=CARTESIAN_POINT('',(-2.7E-1,2.E-1,0.E0));
#84=LINE('',#83,#82);
#85=DIRECTION('',(0.E0,-1.E0,0.E0));
#86=VECTOR('',#85,4.E-1);
#87=CARTESIAN_POINT('',(2.7E-1,2.E-1,0.E0));
#88=LINE('',#87,#86);
#89=DIRECTION('',(1.E0,0.E0,0.E0));
#90=VECTOR('',#89,5.4E-1);
#91=CARTESIAN_POINT('',(-2.7E-1,-2.E-1,0.E0));
#92=LINE('',#91,#90);
#93=DIRECTION('',(0.E0,1.E0,0.E0));
#94=VECTOR('',#93,4.E-1);
#95=CARTESIAN_POINT('',(2.27E0,-2.E-1,0.E0));
#96=LINE('',#95,#94);
#97=DIRECTION('',(1.E0,0.E0,0.E0));
#98=VECTOR('',#97,5.4E-1);
#99=CARTESIAN_POINT('',(2.27E0,2.E-1,0.E0));
#100=LINE('',#99,#98);
#101=DIRECTION('',(0.E0,1.E0,0.E0));
#102=VECTOR('',#101,4.E-1);
#103=CARTESIAN_POINT('',(2.81E0,-2.E-1,0.E0));
#104=LINE('',#103,#102);
#105=DIRECTION('',(1.E0,0.E0,0.E0));
#106=VECTOR('',#105,5.4E-1);
#107=CARTESIAN_POINT('',(2.27E0,-2.E-1,0.E0));
#108=LINE('',#107,#106);
#109=DIRECTION('',(0.E0,1.E0,0.E0));
#110=VECTOR('',#109,4.E-1);
#111=CARTESIAN_POINT('',(-2.81E0,-2.E-1,0.E0));
#112=LINE('',#111,#110);
#113=DIRECTION('',(1.E0,0.E0,0.E0));
#114=VECTOR('',#113,5.4E-1);
#115=CARTESIAN_POINT('',(-2.81E0,2.E-1,0.E0));
#116=LINE('',#115,#114);
#117=DIRECTION('',(0.E0,1.E0,0.E0));
#118=VECTOR('',#117,4.E-1);
#119=CARTESIAN_POINT('',(-2.27E0,-2.E-1,0.E0));
#120=LINE('',#119,#118);
#121=DIRECTION('',(1.E0,0.E0,0.E0));
#122=VECTOR('',#121,5.4E-1);
#123=CARTESIAN_POINT('',(-2.81E0,-2.E-1,0.E0));
#124=LINE('',#123,#122);
#125=DIRECTION('',(0.E0,1.E0,0.E0));
#126=VECTOR('',#125,5.341E-1);
#127=CARTESIAN_POINT('',(-1.2365E0,-9.939E-1,0.E0));
#128=LINE('',#127,#126);
#129=DIRECTION('',(1.E0,0.E0,0.E0));
#130=VECTOR('',#129,4.00575E-1);
#131=CARTESIAN_POINT('',(-1.2365E0,-4.598E-1,0.E0));
#132=LINE('',#131,#130);
#133=DIRECTION('',(0.E0,-1.E0,0.E0));
#134=VECTOR('',#133,6.818297855407E-2);
#135=CARTESIAN_POINT('',(-8.35925E-1,-4.598E-1,0.E0));
#136=LINE('',#135,#134);
#137=DIRECTION('',(-1.E0,0.E0,0.E0));
#138=VECTOR('',#137,3.338125E-1);
#139=CARTESIAN_POINT('',(-8.35925E-1,-5.279829785541E-1,0.E0));
#140=LINE('',#139,#138);
#141=DIRECTION('',(0.E0,-1.E0,0.E0));
#142=VECTOR('',#141,4.659170214459E-1);
#143=CARTESIAN_POINT('',(-1.1697375E0,-5.279829785541E-1,0.E0));
#144=LINE('',#143,#142);
#145=DIRECTION('',(-1.E0,0.E0,0.E0));
#146=VECTOR('',#145,6.67625E-2);
#147=CARTESIAN_POINT('',(-1.1697375E0,-9.939E-1,0.E0));
#148=LINE('',#147,#146);
#149=DIRECTION('',(-1.E0,0.E0,0.E0));
#150=VECTOR('',#149,6.67625E-2);
#151=CARTESIAN_POINT('',(-3.129521045566E-1,-5.961659571081E-1,0.E0));
#152=LINE('',#151,#150);
#153=DIRECTION('',(-3.102789952956E-1,9.506455412394E-1,0.E0));
#154=VECTOR('',#153,3.586140555946E-2);
#155=CARTESIAN_POINT('',(-3.797146045566E-1,-5.961659571081E-1,0.E0));
#156=LINE('',#155,#154);
#157=DIRECTION('',(-8.265991871191E-1,5.627910658976E-1,0.E0));
#158=VECTOR('',#157,4.038384082658E-2);
#159=CARTESIAN_POINT('',(-3.908416454434E-1,-5.620744718105E-1,0.E0));
#160=LINE('',#159,#158);
#161=DIRECTION('',(-9.689177459678E-1,2.473831068378E-1,0.E0));
#162=VECTOR('',#161,4.593615375690E-2);
#163=CARTESIAN_POINT('',(-4.242228954434E-1,-5.393468069866E-1,0.E0));
#164=LINE('',#163,#162);
#165=DIRECTION('',(-1.E0,0.E0,0.E0));
#166=VECTOR('',#165,1.0014375E-1);
#167=CARTESIAN_POINT('',(-4.6873125E-1,-5.279829785541E-1,0.E0));
#168=LINE('',#167,#166);
#169=DIRECTION('',(-9.689177459678E-1,-2.473831068378E-1,0.E0));
#170=VECTOR('',#169,4.593615375690E-2);
#171=CARTESIAN_POINT('',(-5.68875E-1,-5.279829785541E-1,0.E0));
#172=LINE('',#171,#170);
#173=DIRECTION('',(-8.265991871191E-1,-5.627910658975E-1,0.E0));
#174=VECTOR('',#173,4.038384082658E-2);
#175=CARTESIAN_POINT('',(-6.133833545566E-1,-5.393468069866E-1,0.E0));
#176=LINE('',#175,#174);
#177=DIRECTION('',(-5.466221810895E-1,-8.373793591563E-1,0.E0));
#178=VECTOR('',#177,4.071211563183E-2);
#179=CARTESIAN_POINT('',(-6.467646045566E-1,-5.620744718105E-1,0.E0));
#180=LINE('',#179,#178);
#181=DIRECTION('',(-2.377717803411E-1,-9.713210491251E-1,0.E0));
#182=VECTOR('',#181,4.679741448122E-2);
#183=CARTESIAN_POINT('',(-6.6901875E-1,-5.961659571081E-1,0.E0));
#184=LINE('',#183,#182);
#185=DIRECTION('',(0.E0,-1.E0,0.E0));
#186=VECTOR('',#185,1.704574424058E-1);
#187=CARTESIAN_POINT('',(-6.801458545566E-1,-6.416212708384E-1,0.E0));
#188=LINE('',#187,#186);
#189=DIRECTION('',(2.377717803411E-1,-9.713210491251E-1,0.E0));
#190=VECTOR('',#189,4.679741448122E-2);
#191=CARTESIAN_POINT('',(-6.801458545566E-1,-8.120787132442E-1,0.E0));
#192=LINE('',#191,#190);
#193=DIRECTION('',(5.466218231676E-1,-8.373795927994E-1,0.E0));
#194=VECTOR('',#193,4.071214228967E-2);
#195=CARTESIAN_POINT('',(-6.6901875E-1,-8.575340269744E-1,0.E0));
#196=LINE('',#195,#194);
#197=DIRECTION('',(8.265992787996E-1,-5.627909312417E-1,0.E0));
#198=VECTOR('',#197,4.038383634749E-2);
#199=CARTESIAN_POINT('',(-6.467646045566E-1,-8.916255441070E-1,0.E0));
#200=LINE('',#199,#198);
#201=DIRECTION('',(9.689177459678E-1,-2.473831068378E-1,0.E0));
#202=VECTOR('',#201,4.593615375690E-2);
#203=CARTESIAN_POINT('',(-6.133833545566E-1,-9.143532009721E-1,0.E0));
#204=LINE('',#203,#202);
#205=DIRECTION('',(1.E0,0.E0,0.E0));
#206=VECTOR('',#205,1.0014375E-1);
#207=CARTESIAN_POINT('',(-5.68875E-1,-9.257170294046E-1,0.E0));
#208=LINE('',#207,#206);
#209=DIRECTION('',(9.689177459678E-1,2.473831068378E-1,0.E0));
#210=VECTOR('',#209,4.593615375690E-2);
#211=CARTESIAN_POINT('',(-4.6873125E-1,-9.257170294046E-1,0.E0));
#212=LINE('',#211,#210);
#213=DIRECTION('',(8.265992787996E-1,5.627909312417E-1,0.E0));
#214=VECTOR('',#213,4.038383634749E-2);
#215=CARTESIAN_POINT('',(-4.242228954434E-1,-9.143532009721E-1,0.E0));
#216=LINE('',#215,#214);
#217=DIRECTION('',(3.102787334496E-1,9.506456267027E-1,0.E0));
#218=VECTOR('',#217,3.586143582311E-2);
#219=CARTESIAN_POINT('',(-3.908416454434E-1,-8.916255441070E-1,0.E0));
#220=LINE('',#219,#218);
#221=DIRECTION('',(1.E0,0.E0,0.E0));
#222=VECTOR('',#221,6.67625E-2);
#223=CARTESIAN_POINT('',(-3.797146045566E-1,-8.575340269744E-1,0.E0));
#224=LINE('',#223,#222);
#225=DIRECTION('',(-1.921820436730E-1,-9.813592930674E-1,0.E0));
#226=VECTOR('',#225,5.789844188467E-2);
#227=CARTESIAN_POINT('',(-3.129521045566E-1,-8.575340269744E-1,0.E0));
#228=LINE('',#227,#226);
#229=DIRECTION('',(-6.996250055017E-1,-7.145102180353E-1,0.E0));
#230=VECTOR('',#229,6.361744392576E-2);
#231=CARTESIAN_POINT('',(-3.240791454434E-1,-9.143532009721E-1,0.E0));
#232=LINE('',#231,#230);
#233=DIRECTION('',(-8.906053746977E-1,-4.547769415434E-1,0.E0));
#234=VECTOR('',#233,4.997539406459E-2);
#235=CARTESIAN_POINT('',(-3.685875E-1,-9.598085147023E-1,0.E0));
#236=LINE('',#235,#234);
#237=DIRECTION('',(-9.797706943097E-1,-2.001234283435E-1,0.E0));
#238=VECTOR('',#237,5.678409832684E-2);
#239=CARTESIAN_POINT('',(-4.130958545566E-1,-9.825361715674E-1,0.E0));
#240=LINE('',#239,#238);
#241=DIRECTION('',(-1.E0,0.E0,0.E0));
#242=VECTOR('',#241,1.0014375E-1);
#243=CARTESIAN_POINT('',(-4.6873125E-1,-9.939E-1,0.E0));
#244=LINE('',#243,#242);
#245=DIRECTION('',(-9.797706943097E-1,2.001234283435E-1,0.E0));
#246=VECTOR('',#245,5.678409832684E-2);
#247=CARTESIAN_POINT('',(-5.68875E-1,-9.939E-1,0.E0));
#248=LINE('',#247,#246);
#249=DIRECTION('',(-8.906053746977E-1,4.547769415434E-1,0.E0));
#250=VECTOR('',#249,4.997539406459E-2);
#251=CARTESIAN_POINT('',(-6.245103954434E-1,-9.825361715674E-1,0.E0));
#252=LINE('',#251,#250);
#253=DIRECTION('',(-6.996247500295E-1,7.145104681851E-1,0.E0));
#254=VECTOR('',#253,6.361742165331E-2);
#255=CARTESIAN_POINT('',(-6.6901875E-1,-9.598085147023E-1,0.E0));
#256=LINE('',#255,#254);
#257=DIRECTION('',(-4.397136649566E-1,8.981380143666E-1,0.E0));
#258=VECTOR('',#257,5.061061106772E-2);
#259=CARTESIAN_POINT('',(-7.135270727217E-1,-9.143532009721E-1,0.E0));
#260=LINE('',#259,#258);
#261=DIRECTION('',(-1.921825732045E-1,9.813591893677E-1,0.E0));
#262=VECTOR('',#261,5.789844800276E-2);
#263=CARTESIAN_POINT('',(-7.3578125E-1,-8.688978872418E-1,0.E0));
#264=LINE('',#263,#262);
#265=DIRECTION('',(0.E0,1.E0,0.E0));
#266=VECTOR('',#265,1.704574424058E-1);
#267=CARTESIAN_POINT('',(-7.469083227217E-1,-8.120787132442E-1,0.E0));
#268=LINE('',#267,#266);
#269=DIRECTION('',(1.921826769044E-1,9.813591690599E-1,0.E0));
#270=VECTOR('',#269,5.789841676135E-2);
#271=CARTESIAN_POINT('',(-7.469083227217E-1,-6.416212708384E-1,0.E0));
#272=LINE('',#271,#270);
#273=DIRECTION('',(4.397136028534E-1,8.981380447713E-1,0.E0));
#274=VECTOR('',#273,5.061061821574E-2);
#275=CARTESIAN_POINT('',(-7.3578125E-1,-5.848021286756E-1,0.E0));
#276=LINE('',#275,#274);
#277=DIRECTION('',(6.996247187608E-1,7.145104988025E-1,0.E0));
#278=VECTOR('',#277,6.361742449660E-2);
#279=CARTESIAN_POINT('',(-7.135270727217E-1,-5.393468069866E-1,0.E0));
#280=LINE('',#279,#278);
#281=DIRECTION('',(8.906053505096E-1,4.547769889117E-1,0.E0));
#282=VECTOR('',#281,4.997539542188E-2);
#283=CARTESIAN_POINT('',(-6.6901875E-1,-4.938914892770E-1,0.E0));
#284=LINE('',#283,#282);
#285=DIRECTION('',(9.797706908745E-1,2.001234451615E-1,0.E0));
#286=VECTOR('',#285,5.678409852593E-2);
#287=CARTESIAN_POINT('',(-6.245103954434E-1,-4.711638294274E-1,0.E0));
#288=LINE('',#287,#286);
#289=DIRECTION('',(1.E0,0.E0,0.E0));
#290=VECTOR('',#289,1.0014375E-1);
#291=CARTESIAN_POINT('',(-5.68875E-1,-4.598E-1,0.E0));
#292=LINE('',#291,#290);
#293=DIRECTION('',(9.797706908745E-1,-2.001234451615E-1,0.E0));
#294=VECTOR('',#293,5.678409852593E-2);
#295=CARTESIAN_POINT('',(-4.6873125E-1,-4.598E-1,0.E0));
#296=LINE('',#295,#294);
#297=DIRECTION('',(8.906053505096E-1,-4.547769889117E-1,0.E0));
#298=VECTOR('',#297,4.997539542188E-2);
#299=CARTESIAN_POINT('',(-4.130958545566E-1,-4.711638294274E-1,0.E0));
#300=LINE('',#299,#298);
#301=DIRECTION('',(6.996249742329E-1,-7.145102486526E-1,0.E0));
#302=VECTOR('',#301,6.361744676905E-2);
#303=CARTESIAN_POINT('',(-3.685875E-1,-4.938914892770E-1,0.E0));
#304=LINE('',#303,#302);
#305=DIRECTION('',(1.921821214477E-1,-9.813592778365E-1,0.E0));
#306=VECTOR('',#305,5.789841845361E-2);
#307=CARTESIAN_POINT('',(-3.240791454434E-1,-5.393468069866E-1,0.E0));
#308=LINE('',#307,#306);
#309=DIRECTION('',(-1.E0,0.E0,0.E0));
#310=VECTOR('',#309,3.338125E-1);
#311=CARTESIAN_POINT('',(1.766395408869E-1,-5.279829785541E-1,0.E0));
#312=LINE('',#311,#310);
#313=DIRECTION('',(0.E0,-1.E0,0.E0));
#314=VECTOR('',#313,1.818212787971E-1);
#315=CARTESIAN_POINT('',(-1.571729591131E-1,-5.279829785541E-1,0.E0));
#316=LINE('',#315,#314);
#317=DIRECTION('',(1.E0,0.E0,0.E0));
#318=VECTOR('',#317,2.893042091131E-1);
#319=CARTESIAN_POINT('',(-1.571729591131E-1,-7.098042573512E-1,0.E0));
#320=LINE('',#319,#318);
#321=DIRECTION('',(0.E0,-1.E0,0.E0));
#322=VECTOR('',#321,6.818297059536E-2);
#323=CARTESIAN_POINT('',(1.3213125E-1,-7.098042573512E-1,0.E0));
#324=LINE('',#323,#322);
#325=DIRECTION('',(-1.E0,0.E0,0.E0));
#326=VECTOR('',#325,2.893042091131E-1);
#327=CARTESIAN_POINT('',(1.3213125E-1,-7.779872279465E-1,0.E0));
#328=LINE('',#327,#326);
#329=DIRECTION('',(0.E0,-1.E0,0.E0));
#330=VECTOR('',#329,1.477298014581E-1);
#331=CARTESIAN_POINT('',(-1.571729591131E-1,-7.779872279465E-1,0.E0));
#332=LINE('',#331,#330);
#333=DIRECTION('',(1.E0,0.E0,0.E0));
#334=VECTOR('',#333,3.338125E-1);
#335=CARTESIAN_POINT('',(-1.571729591131E-1,-9.257170294046E-1,0.E0));
#336=LINE('',#335,#334);
#337=DIRECTION('',(0.E0,-1.E0,0.E0));
#338=VECTOR('',#337,6.818297059536E-2);
#339=CARTESIAN_POINT('',(1.766395408869E-1,-9.257170294046E-1,0.E0));
#340=LINE('',#339,#338);
#341=DIRECTION('',(-1.E0,0.E0,0.E0));
#342=VECTOR('',#341,4.005749363303E-1);
#343=CARTESIAN_POINT('',(1.766395408869E-1,-9.939E-1,0.E0));
#344=LINE('',#343,#342);
#345=DIRECTION('',(0.E0,1.E0,0.E0));
#346=VECTOR('',#345,5.341E-1);
#347=CARTESIAN_POINT('',(-2.239353954434E-1,-9.939E-1,0.E0));
#348=LINE('',#347,#346);
#349=DIRECTION('',(1.E0,0.E0,0.E0));
#350=VECTOR('',#349,4.005749363303E-1);
#351=CARTESIAN_POINT('',(-2.239353954434E-1,-4.598E-1,0.E0));
#352=LINE('',#351,#350);
#353=DIRECTION('',(0.E0,-1.E0,0.E0));
#354=VECTOR('',#353,6.818297855407E-2);
#355=CARTESIAN_POINT('',(1.766395408869E-1,-4.598E-1,0.E0));
#356=LINE('',#355,#354);
#357=DIRECTION('',(-1.E0,0.E0,0.E0));
#358=VECTOR('',#357,2.6705E-1);
#359=CARTESIAN_POINT('',(5.3270625E-1,-9.939E-1,0.E0));
#360=LINE('',#359,#358);
#361=DIRECTION('',(0.E0,1.E0,0.E0));
#362=VECTOR('',#361,5.341E-1);
#363=CARTESIAN_POINT('',(2.6565625E-1,-9.939E-1,0.E0));
#364=LINE('',#363,#362);
#365=DIRECTION('',(1.E0,0.E0,0.E0));
#366=VECTOR('',#365,2.6705E-1);
#367=CARTESIAN_POINT('',(2.6565625E-1,-4.598E-1,0.E0));
#368=LINE('',#367,#366);
#369=DIRECTION('',(9.797707357802E-1,-2.001232253108E-1,0.E0));
#370=VECTOR('',#369,5.678416090762E-2);
#371=CARTESIAN_POINT('',(5.3270625E-1,-4.598E-1,0.E0));
#372=LINE('',#371,#370);
#373=DIRECTION('',(8.906050870136E-1,-4.547775049247E-1,0.E0));
#374=VECTOR('',#373,4.997533871733E-2);
#375=CARTESIAN_POINT('',(5.883417091131E-1,-4.711638294274E-1,0.E0));
#376=LINE('',#375,#374);
#377=DIRECTION('',(6.996244632883E-1,-7.145107489524E-1,0.E0));
#378=VECTOR('',#377,6.361740222417E-2);
#379=CARTESIAN_POINT('',(6.3285E-1,-4.938914892770E-1,0.E0));
#380=LINE('',#379,#378);
#381=DIRECTION('',(4.397141102494E-1,-8.981377963584E-1,0.E0));
#382=VECTOR('',#381,5.061063221396E-2);
#383=CARTESIAN_POINT('',(6.773582908869E-1,-5.393468069866E-1,0.E0));
#384=LINE('',#383,#382);
#385=DIRECTION('',(1.921821473726E-1,-9.813592727596E-1,0.E0));
#386=VECTOR('',#385,5.789841064325E-2);
#387=CARTESIAN_POINT('',(6.996125E-1,-5.848021286756E-1,0.E0));
#388=LINE('',#387,#386);
#389=DIRECTION('',(0.E0,-1.E0,0.E0));
#390=VECTOR('',#389,1.704574424058E-1);
#391=CARTESIAN_POINT('',(7.107395408869E-1,-6.416212708384E-1,0.E0));
#392=LINE('',#391,#390);
#393=DIRECTION('',(-1.921820436730E-1,-9.813592930674E-1,0.E0));
#394=VECTOR('',#393,5.789844188467E-2);
#395=CARTESIAN_POINT('',(7.107395408869E-1,-8.120787132442E-1,0.E0));
#396=LINE('',#395,#394);
#397=DIRECTION('',(-4.397141723527E-1,-8.981377659536E-1,0.E0));
#398=VECTOR('',#397,5.061062506594E-2);
#399=CARTESIAN_POINT('',(6.996125E-1,-8.688978872418E-1,0.E0));
#400=LINE('',#399,#398);
#401=DIRECTION('',(-6.996244945571E-1,-7.145107183351E-1,0.E0));
#402=VECTOR('',#401,6.361739938087E-2);
#403=CARTESIAN_POINT('',(6.773582908869E-1,-9.143532009721E-1,0.E0));
#404=LINE('',#403,#402);
#405=DIRECTION('',(-8.906051112017E-1,-4.547774575564E-1,0.E0));
#406=VECTOR('',#405,4.997533736004E-2);
#407=CARTESIAN_POINT('',(6.3285E-1,-9.598085147023E-1,0.E0));
#408=LINE('',#407,#406);
#409=DIRECTION('',(-9.797707392153E-1,-2.001232084928E-1,0.E0));
#410=VECTOR('',#409,5.678416070853E-2);
#411=CARTESIAN_POINT('',(5.883417091131E-1,-9.825361715674E-1,0.E0));
#412=LINE('',#411,#410);
#413=DIRECTION('',(1.E0,0.E0,0.E0));
#414=VECTOR('',#413,2.002875E-1);
#415=CARTESIAN_POINT('',(3.3241875E-1,-9.257170294046E-1,0.E0));
#416=LINE('',#415,#414);
#417=DIRECTION('',(9.689176611437E-1,2.473834390653E-1,0.E0));
#418=VECTOR('',#417,4.593609206621E-2);
#419=CARTESIAN_POINT('',(5.3270625E-1,-9.257170294046E-1,0.E0));
#420=LINE('',#419,#418);
#421=DIRECTION('',(8.265992787996E-1,5.627909312417E-1,0.E0));
#422=VECTOR('',#421,4.038383634749E-2);
#423=CARTESIAN_POINT('',(5.772145408869E-1,-9.143532009721E-1,0.E0));
#424=LINE('',#423,#422);
#425=DIRECTION('',(5.466229197794E-1,8.373788769559E-1,0.E0));
#426=VECTOR('',#425,4.071217709295E-2);
#427=CARTESIAN_POINT('',(6.105957908869E-1,-8.916255441070E-1,0.E0));
#428=LINE('',#427,#426);
#429=DIRECTION('',(2.377704967206E-1,9.713213633444E-1,0.E0));
#430=VECTOR('',#429,4.679739934241E-2);
#431=CARTESIAN_POINT('',(6.3285E-1,-8.575340269744E-1,0.E0));
#432=LINE('',#431,#430);
#433=DIRECTION('',(0.E0,1.E0,0.E0));
#434=VECTOR('',#433,1.704574424058E-1);
#435=CARTESIAN_POINT('',(6.439770408869E-1,-8.120787132442E-1,0.E0));
#436=LINE('',#435,#434);
#437=DIRECTION('',(-2.377704967206E-1,9.713213633444E-1,0.E0));
#438=VECTOR('',#437,4.679739934241E-2);
#439=CARTESIAN_POINT('',(6.439770408869E-1,-6.416212708384E-1,0.E0));
#440=LINE('',#439,#438);
#441=DIRECTION('',(-5.466232777014E-1,8.373786433120E-1,0.E0));
#442=VECTOR('',#441,4.071215043513E-2);
#443=CARTESIAN_POINT('',(6.3285E-1,-5.961659571081E-1,0.E0));
#444=LINE('',#443,#442);
#445=DIRECTION('',(-8.265991871191E-1,5.627910658975E-1,0.E0));
#446=VECTOR('',#445,4.038384082658E-2);
#447=CARTESIAN_POINT('',(6.105957908869E-1,-5.620744718105E-1,0.E0));
#448=LINE('',#447,#446);
#449=DIRECTION('',(-9.689176611437E-1,2.473834390653E-1,0.E0));
#450=VECTOR('',#449,4.593609206621E-2);
#451=CARTESIAN_POINT('',(5.772145408869E-1,-5.393468069866E-1,0.E0));
#452=LINE('',#451,#450);
#453=DIRECTION('',(-1.E0,0.E0,0.E0));
#454=VECTOR('',#453,2.002875E-1);
#455=CARTESIAN_POINT('',(5.3270625E-1,-5.279829785541E-1,0.E0));
#456=LINE('',#455,#454);
#457=DIRECTION('',(0.E0,-1.E0,0.E0));
#458=VECTOR('',#457,3.977340508506E-1);
#459=CARTESIAN_POINT('',(3.3241875E-1,-5.279829785541E-1,0.E0));
#460=LINE('',#459,#458);
#461=DIRECTION('',(-1.E0,0.E0,0.E0));
#462=VECTOR('',#461,8.901658177376E-2);
#463=CARTESIAN_POINT('',(1.06680625E0,-9.939E-1,0.E0));
#464=LINE('',#463,#462);
#465=DIRECTION('',(-3.162279017271E-1,9.486832528138E-1,0.E0));
#466=VECTOR('',#465,5.629908596108E-1);
#467=CARTESIAN_POINT('',(9.777896682262E-1,-9.939E-1,0.E0));
#468=LINE('',#467,#466);
#469=DIRECTION('',(1.E0,0.E0,0.E0));
#470=VECTOR('',#469,6.67625E-2);
#471=CARTESIAN_POINT('',(7.9975625E-1,-4.598E-1,0.E0));
#472=LINE('',#471,#470);
#473=DIRECTION('',(3.102805670740E-1,-9.506450282288E-1,0.E0));
#474=VECTOR('',#473,1.434457163913E-1);
#475=CARTESIAN_POINT('',(8.6651875E-1,-4.598E-1,0.E0));
#476=LINE('',#475,#474);
#477=DIRECTION('',(1.E0,0.E0,0.E0));
#478=VECTOR('',#477,2.225415817738E-1);
#479=CARTESIAN_POINT('',(9.110271682262E-1,-5.961659571081E-1,0.E0));
#480=LINE('',#479,#478);
#481=DIRECTION('',(3.102805670740E-1,9.506450282288E-1,0.E0));
#482=VECTOR('',#481,1.434457163913E-1);
#483=CARTESIAN_POINT('',(1.13356875E0,-5.961659571081E-1,0.E0));
#484=LINE('',#483,#482);
#485=DIRECTION('',(1.E0,0.E0,0.E0));
#486=VECTOR('',#485,6.67625E-2);
#487=CARTESIAN_POINT('',(1.178077168226E0,-4.598E-1,0.E0));
#488=LINE('',#487,#486);
#489=DIRECTION('',(-3.162279017271E-1,-9.486832528138E-1,0.E0));
#490=VECTOR('',#489,5.629908596108E-1);
#491=CARTESIAN_POINT('',(1.244839668226E0,-4.598E-1,0.E0));
#492=LINE('',#491,#490);
#493=DIRECTION('',(3.102800213276E-1,9.506452063546E-1,0.E0));
#494=VECTOR('',#493,3.227528139630E-1);
#495=CARTESIAN_POINT('',(1.022297831774E0,-9.484446862698E-1,0.E0));
#496=LINE('',#495,#494);
#497=DIRECTION('',(-1.E0,0.E0,0.E0));
#498=VECTOR('',#497,2.002875E-1);
#499=CARTESIAN_POINT('',(1.122441581774E0,-6.416212708384E-1,0.E0));
#500=LINE('',#499,#498);
#501=DIRECTION('',(3.102800213276E-1,-9.506452063546E-1,0.E0));
#502=VECTOR('',#501,3.227528139630E-1);
#503=CARTESIAN_POINT('',(9.221540817738E-1,-6.416212708384E-1,0.E0));
#504=LINE('',#503,#502);
#505=DIRECTION('',(0.E0,-1.E0,0.E0));
#506=VECTOR('',#505,2.5E0);
#507=CARTESIAN_POINT('',(-5.E0,1.25E0,4.5E0));
#508=LINE('',#507,#506);
#509=DIRECTION('',(0.E0,0.E0,-1.E0));
#510=VECTOR('',#509,4.5E0);
#511=CARTESIAN_POINT('',(-5.E0,-1.25E0,4.5E0));
#512=LINE('',#511,#510);
#513=DIRECTION('',(0.E0,-1.E0,0.E0));
#514=VECTOR('',#513,2.1E0);
#515=CARTESIAN_POINT('',(3.2E0,1.05E0,4.5E0));
#516=LINE('',#515,#514);
#517=DIRECTION('',(1.E0,0.E0,0.E0));
#518=VECTOR('',#517,8.E0);
#519=CARTESIAN_POINT('',(-4.8E0,1.05E0,4.5E0));
#520=LINE('',#519,#518);
#521=DIRECTION('',(0.E0,1.E0,0.E0));
#522=VECTOR('',#521,2.1E0);
#523=CARTESIAN_POINT('',(-4.8E0,-1.05E0,4.5E0));
#524=LINE('',#523,#522);
#525=DIRECTION('',(-1.E0,0.E0,0.E0));
#526=VECTOR('',#525,8.E0);
#527=CARTESIAN_POINT('',(3.2E0,-1.05E0,4.5E0));
#528=LINE('',#527,#526);
#529=CARTESIAN_POINT('',(4.3294E0,0.E0,4.5E0));
#530=DIRECTION('',(0.E0,0.E0,1.E0));
#531=DIRECTION('',(1.E0,0.E0,0.E0));
#532=AXIS2_PLACEMENT_3D('',#529,#530,#531);
#534=CARTESIAN_POINT('',(4.3294E0,0.E0,4.5E0));
#535=DIRECTION('',(0.E0,0.E0,1.E0));
#536=DIRECTION('',(-1.E0,0.E0,0.E0));
#537=AXIS2_PLACEMENT_3D('',#534,#535,#536);
#539=DIRECTION('',(-1.E0,0.E0,0.E0));
#540=VECTOR('',#539,1.E1);
#541=CARTESIAN_POINT('',(5.E0,-1.25E0,4.5E0));
#542=LINE('',#541,#540);
#543=DIRECTION('',(1.E0,0.E0,0.E0));
#544=VECTOR('',#543,1.E1);
#545=CARTESIAN_POINT('',(-5.E0,1.25E0,4.5E0));
#546=LINE('',#545,#544);
#547=DIRECTION('',(0.E0,1.E0,0.E0));
#548=VECTOR('',#547,2.5E0);
#549=CARTESIAN_POINT('',(5.E0,-1.25E0,4.5E0));
#550=LINE('',#549,#548);
#551=DIRECTION('',(0.E0,0.E0,1.E0));
#552=VECTOR('',#551,5.E-2);
#553=CARTESIAN_POINT('',(3.2E0,1.05E0,4.5E0));
#554=LINE('',#553,#552);
#555=DIRECTION('',(0.E0,0.E0,1.E0));
#556=VECTOR('',#555,5.E-2);
#557=CARTESIAN_POINT('',(3.2E0,-1.05E0,4.5E0));
#558=LINE('',#557,#556);
#559=DIRECTION('',(0.E0,0.E0,1.E0));
#560=VECTOR('',#559,5.E-2);
#561=CARTESIAN_POINT('',(-4.8E0,-1.05E0,4.5E0));
#562=LINE('',#561,#560);
#563=DIRECTION('',(0.E0,0.E0,1.E0));
#564=VECTOR('',#563,5.E-2);
#565=CARTESIAN_POINT('',(-4.8E0,1.05E0,4.5E0));
#566=LINE('',#565,#564);
#567=DIRECTION('',(0.E0,-1.E0,0.E0));
#568=VECTOR('',#567,2.1E0);
#569=CARTESIAN_POINT('',(3.2E0,1.05E0,4.55E0));
#570=LINE('',#569,#568);
#571=DIRECTION('',(-1.E0,0.E0,0.E0));
#572=VECTOR('',#571,8.E0);
#573=CARTESIAN_POINT('',(3.2E0,-1.05E0,4.55E0));
#574=LINE('',#573,#572);
#575=DIRECTION('',(0.E0,1.E0,0.E0));
#576=VECTOR('',#575,2.1E0);
#577=CARTESIAN_POINT('',(-4.8E0,-1.05E0,4.55E0));
#578=LINE('',#577,#576);
#579=DIRECTION('',(1.E0,0.E0,0.E0));
#580=VECTOR('',#579,8.E0);
#581=CARTESIAN_POINT('',(-4.8E0,1.05E0,4.55E0));
#582=LINE('',#581,#580);
#583=DIRECTION('',(0.E0,-1.E0,0.E0));
#584=VECTOR('',#583,2.5E0);
#585=CARTESIAN_POINT('',(-5.E0,1.25E0,4.55E0));
#586=LINE('',#585,#584);
#587=DIRECTION('',(0.E0,1.E0,0.E0));
#588=VECTOR('',#587,2.5E0);
#589=CARTESIAN_POINT('',(-5.E0,-1.25E0,4.9E0));
#590=LINE('',#589,#588);
#591=DIRECTION('',(0.E0,0.E0,-1.E0));
#592=VECTOR('',#591,3.5E-1);
#593=CARTESIAN_POINT('',(-5.E0,-1.25E0,4.9E0));
#594=LINE('',#593,#592);
#595=DIRECTION('',(1.E0,0.E0,0.E0));
#596=VECTOR('',#595,8.4E0);
#597=CARTESIAN_POINT('',(-5.E0,1.25E0,4.55E0));
#598=LINE('',#597,#596);
#599=DIRECTION('',(0.E0,0.E0,1.E0));
#600=VECTOR('',#599,3.5E-1);
#601=CARTESIAN_POINT('',(3.4E0,1.25E0,4.55E0));
#602=LINE('',#601,#600);
#603=DIRECTION('',(-9.880120337511E-1,0.E0,1.543768802736E-1));
#604=VECTOR('',#603,3.238826948140E0);
#605=CARTESIAN_POINT('',(3.4E0,1.25E0,4.9E0));
#606=LINE('',#605,#604);
#607=DIRECTION('',(0.E0,0.E0,-1.E0));
#608=VECTOR('',#607,5.E-1);
#609=CARTESIAN_POINT('',(2.E-1,1.25E0,5.9E0));
#610=LINE('',#609,#608);
#611=DIRECTION('',(-1.E0,0.E0,0.E0));
#612=VECTOR('',#611,2.E0);
#613=CARTESIAN_POINT('',(2.E-1,1.25E0,5.9E0));
#614=LINE('',#613,#612);
#615=DIRECTION('',(0.E0,0.E0,-1.E0));
#616=VECTOR('',#615,5.E-1);
#617=CARTESIAN_POINT('',(-1.8E0,1.25E0,5.9E0));
#618=LINE('',#617,#616);
#619=DIRECTION('',(-9.880120337511E-1,0.E0,-1.543768802736E-1));
#620=VECTOR('',#619,3.238826948140E0);
#621=CARTESIAN_POINT('',(-1.8E0,1.25E0,5.4E0));
#622=LINE('',#621,#620);
#623=DIRECTION('',(0.E0,0.E0,-1.E0));
#624=VECTOR('',#623,3.5E-1);
#625=CARTESIAN_POINT('',(-5.E0,1.25E0,4.9E0));
#626=LINE('',#625,#624);
#627=DIRECTION('',(0.E0,-1.E0,0.E0));
#628=VECTOR('',#627,2.5E0);
#629=CARTESIAN_POINT('',(3.4E0,1.25E0,4.55E0));
#630=LINE('',#629,#628);
#631=DIRECTION('',(1.E0,0.E0,0.E0));
#632=VECTOR('',#631,8.4E0);
#633=CARTESIAN_POINT('',(-5.E0,-1.25E0,4.55E0));
#634=LINE('',#633,#632);
#635=DIRECTION('',(-9.880120337511E-1,0.E0,-1.543768802736E-1));
#636=VECTOR('',#635,3.238826948140E0);
#637=CARTESIAN_POINT('',(-1.8E0,-1.25E0,5.4E0));
#638=LINE('',#637,#636);
#639=DIRECTION('',(0.E0,0.E0,-1.E0));
#640=VECTOR('',#639,5.E-1);
#641=CARTESIAN_POINT('',(-1.8E0,-1.25E0,5.9E0));
#642=LINE('',#641,#640);
#643=DIRECTION('',(-1.E0,0.E0,0.E0));
#644=VECTOR('',#643,2.E0);
#645=CARTESIAN_POINT('',(2.E-1,-1.25E0,5.9E0));
#646=LINE('',#645,#644);
#647=DIRECTION('',(0.E0,0.E0,-1.E0));
#648=VECTOR('',#647,5.E-1);
#649=CARTESIAN_POINT('',(2.E-1,-1.25E0,5.9E0));
#650=LINE('',#649,#648);
#651=DIRECTION('',(-9.880120337511E-1,0.E0,1.543768802736E-1));
#652=VECTOR('',#651,3.238826948140E0);
#653=CARTESIAN_POINT('',(3.4E0,-1.25E0,4.9E0));
#654=LINE('',#653,#652);
#655=DIRECTION('',(0.E0,0.E0,1.E0));
#656=VECTOR('',#655,3.5E-1);
#657=CARTESIAN_POINT('',(3.4E0,-1.25E0,4.55E0));
#658=LINE('',#657,#656);
#659=DIRECTION('',(-2.332179535156E-1,9.717414729815E-1,-3.644030523681E-2));
#660=VECTOR('',#659,1.286350366590E0);
#661=CARTESIAN_POINT('',(-1.5E0,0.E0,5.446875E0));
#662=LINE('',#661,#660);
#663=DIRECTION('',(2.332179535156E-1,9.717414729815E-1,3.644030523681E-2));
#664=VECTOR('',#663,1.286350366590E0);
#665=CARTESIAN_POINT('',(-1.8E0,-1.25E0,5.4E0));
#666=LINE('',#665,#664);
#667=DIRECTION('',(0.E0,0.E0,-1.E0));
#668=VECTOR('',#667,4.53125E-1);
#669=CARTESIAN_POINT('',(-1.5E0,0.E0,5.9E0));
#670=LINE('',#669,#668);
#671=DIRECTION('',(-2.333729524753E-1,-9.723873019805E-1,0.E0));
#672=VECTOR('',#671,1.285496013218E0);
#673=CARTESIAN_POINT('',(2.E-1,1.25E0,5.9E0));
#674=LINE('',#673,#672);
#675=DIRECTION('',(2.333729524753E-1,-9.723873019805E-1,0.E0));
#676=VECTOR('',#675,1.285496013218E0);
#677=CARTESIAN_POINT('',(-1.E-1,0.E0,5.9E0));
#678=LINE('',#677,#676);
#679=DIRECTION('',(2.333729524753E-1,9.723873019805E-1,0.E0));
#680=VECTOR('',#679,1.285496013218E0);
#681=CARTESIAN_POINT('',(-1.8E0,-1.25E0,5.9E0));
#682=LINE('',#681,#680);
#683=DIRECTION('',(-2.333729524753E-1,9.723873019805E-1,0.E0));
#684=VECTOR('',#683,1.285496013218E0);
#685=CARTESIAN_POINT('',(-1.5E0,0.E0,5.9E0));
#686=LINE('',#685,#684);
#687=DIRECTION('',(2.332179535156E-1,-9.717414729815E-1,-3.644030523681E-2));
#688=VECTOR('',#687,1.286350366590E0);
#689=CARTESIAN_POINT('',(-1.E-1,0.E0,5.446875E0));
#690=LINE('',#689,#688);
#691=DIRECTION('',(-2.332179535156E-1,-9.717414729815E-1,3.644030523681E-2));
#692=VECTOR('',#691,1.286350366590E0);
#693=CARTESIAN_POINT('',(2.E-1,1.25E0,5.4E0));
#694=LINE('',#693,#692);
#695=DIRECTION('',(0.E0,1.E0,0.E0));
#696=VECTOR('',#695,2.5E0);
#697=CARTESIAN_POINT('',(3.4E0,-1.25E0,4.9E0));
#698=LINE('',#697,#696);
#699=DIRECTION('',(0.E0,0.E0,-1.E0));
#700=VECTOR('',#699,4.53125E-1);
#701=CARTESIAN_POINT('',(-1.E-1,0.E0,5.9E0));
#702=LINE('',#701,#700);
#703=DIRECTION('',(0.E0,0.E0,-1.E0));
#704=VECTOR('',#703,1.E0);
#705=CARTESIAN_POINT('',(4.8294E0,0.E0,4.5E0));
#706=LINE('',#705,#704);
#707=DIRECTION('',(0.E0,0.E0,-1.E0));
#708=VECTOR('',#707,1.E0);
#709=CARTESIAN_POINT('',(3.8294E0,0.E0,4.5E0));
#710=LINE('',#709,#708);
#711=CARTESIAN_POINT('',(4.3294E0,0.E0,3.5E0));
#712=DIRECTION('',(0.E0,0.E0,1.E0));
#713=DIRECTION('',(1.E0,0.E0,0.E0));
#714=AXIS2_PLACEMENT_3D('',#711,#712,#713);
#716=CARTESIAN_POINT('',(4.3294E0,0.E0,3.5E0));
#717=DIRECTION('',(0.E0,0.E0,1.E0));
#718=DIRECTION('',(-1.E0,0.E0,0.E0));
#719=AXIS2_PLACEMENT_3D('',#716,#717,#718);
#721=DIRECTION('',(1.E0,0.E0,0.E0));
#722=VECTOR('',#721,7.538393029195E0);
#723=CARTESIAN_POINT('',(-3.769196514597E0,-1.25E0,5.E-1));
#724=LINE('',#723,#722);
#725=CARTESIAN_POINT('',(3.769196514597E0,-1.25E0,7.306049695569E-1));
#726=DIRECTION('',(0.E0,-1.E0,0.E0));
#727=DIRECTION('',(0.E0,0.E0,-1.E0));
#728=AXIS2_PLACEMENT_3D('',#725,#726,#727);
#730=DIRECTION('',(0.E0,0.E0,1.E0));
#731=VECTOR('',#730,1.136747731047E0);
#732=CARTESIAN_POINT('',(3.999801484154E0,-1.25E0,7.306049695569E-1));
#733=LINE('',#732,#731);
#734=CARTESIAN_POINT('',(3.769196514597E0,-1.25E0,1.867352700604E0));
#735=DIRECTION('',(0.E0,-1.E0,0.E0));
#736=DIRECTION('',(1.E0,0.E0,0.E0));
#737=AXIS2_PLACEMENT_3D('',#734,#735,#736);
#739=DIRECTION('',(-1.E0,0.E0,0.E0));
#740=VECTOR('',#739,7.538393029195E0);
#741=CARTESIAN_POINT('',(3.769196514597E0,-1.25E0,2.097957670161E0));
#742=LINE('',#741,#740);
#743=CARTESIAN_POINT('',(-3.769196514597E0,-1.25E0,1.867352700604E0));
#744=DIRECTION('',(0.E0,-1.E0,0.E0));
#745=DIRECTION('',(0.E0,0.E0,1.E0));
#746=AXIS2_PLACEMENT_3D('',#743,#744,#745);
#748=DIRECTION('',(0.E0,0.E0,-1.E0));
#749=VECTOR('',#748,1.136747731047E0);
#750=CARTESIAN_POINT('',(-3.999801484154E0,-1.25E0,1.867352700604E0));
#751=LINE('',#750,#749);
#752=CARTESIAN_POINT('',(-3.769196514597E0,-1.25E0,7.306049695569E-1));
#753=DIRECTION('',(0.E0,-1.E0,0.E0));
#754=DIRECTION('',(-1.E0,0.E0,0.E0));
#755=AXIS2_PLACEMENT_3D('',#752,#753,#754);
#757=DIRECTION('',(1.E0,0.E0,0.E0));
#758=VECTOR('',#757,3.E0);
#759=CARTESIAN_POINT('',(-1.4911E0,-1.25E0,2.7238E0));
#760=LINE('',#759,#758);
#761=DIRECTION('',(0.E0,0.E0,1.E0));
#762=VECTOR('',#761,9.E-1);
#763=CARTESIAN_POINT('',(1.5089E0,-1.25E0,2.7238E0));
#764=LINE('',#763,#762);
#765=DIRECTION('',(-1.E0,0.E0,0.E0));
#766=VECTOR('',#765,3.E0);
#767=CARTESIAN_POINT('',(1.5089E0,-1.25E0,3.6238E0));
#768=LINE('',#767,#766);
#769=DIRECTION('',(0.E0,0.E0,-1.E0));
#770=VECTOR('',#769,9.E-1);
#771=CARTESIAN_POINT('',(-1.4911E0,-1.25E0,3.6238E0));
#772=LINE('',#771,#770);
#773=DIRECTION('',(0.E0,0.E0,1.E0));
#774=VECTOR('',#773,4.5E0);
#775=CARTESIAN_POINT('',(5.E0,-1.25E0,0.E0));
#776=LINE('',#775,#774);
#777=DIRECTION('',(1.E0,0.E0,0.E0));
#778=VECTOR('',#777,3.E0);
#779=CARTESIAN_POINT('',(-1.4911E0,1.25E0,2.7238E0));
#780=LINE('',#779,#778);
#781=DIRECTION('',(0.E0,0.E0,-1.E0));
#782=VECTOR('',#781,9.E-1);
#783=CARTESIAN_POINT('',(-1.4911E0,1.25E0,3.6238E0));
#784=LINE('',#783,#782);
#785=DIRECTION('',(-1.E0,0.E0,0.E0));
#786=VECTOR('',#785,3.E0);
#787=CARTESIAN_POINT('',(1.5089E0,1.25E0,3.6238E0));
#788=LINE('',#787,#786);
#789=DIRECTION('',(0.E0,0.E0,1.E0));
#790=VECTOR('',#789,9.E-1);
#791=CARTESIAN_POINT('',(1.5089E0,1.25E0,2.7238E0));
#792=LINE('',#791,#790);
#793=DIRECTION('',(0.E0,0.E0,-1.E0));
#794=VECTOR('',#793,4.5E0);
#795=CARTESIAN_POINT('',(-5.E0,1.25E0,4.5E0));
#796=LINE('',#795,#794);
#797=DIRECTION('',(0.E0,0.E0,1.E0));
#798=VECTOR('',#797,4.5E0);
#799=CARTESIAN_POINT('',(5.E0,1.25E0,0.E0));
#800=LINE('',#799,#798);
#801=DIRECTION('',(0.E0,-1.E0,0.E0));
#802=VECTOR('',#801,4.E-1);
#803=CARTESIAN_POINT('',(-1.4911E0,1.25E0,2.7238E0));
#804=LINE('',#803,#802);
#805=DIRECTION('',(0.E0,-1.E0,0.E0));
#806=VECTOR('',#805,4.E-1);
#807=CARTESIAN_POINT('',(-1.4911E0,1.25E0,3.6238E0));
#808=LINE('',#807,#806);
#809=DIRECTION('',(1.E0,0.E0,0.E0));
#810=VECTOR('',#809,3.E0);
#811=CARTESIAN_POINT('',(-1.4911E0,8.5E-1,2.7238E0));
#812=LINE('',#811,#810);
#813=DIRECTION('',(0.E0,0.E0,1.E0));
#814=VECTOR('',#813,9.E-1);
#815=CARTESIAN_POINT('',(1.5089E0,8.5E-1,2.7238E0));
#816=LINE('',#815,#814);
#817=DIRECTION('',(-1.E0,0.E0,0.E0));
#818=VECTOR('',#817,3.E0);
#819=CARTESIAN_POINT('',(1.5089E0,8.5E-1,3.6238E0));
#820=LINE('',#819,#818);
#821=DIRECTION('',(0.E0,0.E0,-1.E0));
#822=VECTOR('',#821,9.E-1);
#823=CARTESIAN_POINT('',(-1.4911E0,8.5E-1,3.6238E0));
#824=LINE('',#823,#822);
#825=DIRECTION('',(0.E0,0.E0,-1.E0));
#826=VECTOR('',#825,8.E-1);
#827=CARTESIAN_POINT('',(-1.4E0,8.5E-1,3.578071610630E0));
#828=LINE('',#827,#826);
#829=DIRECTION('',(-1.E0,0.E0,0.E0));
#830=VECTOR('',#829,1.2E0);
#831=CARTESIAN_POINT('',(-2.E-1,8.5E-1,3.578071610630E0));
#832=LINE('',#831,#830);
#833=DIRECTION('',(0.E0,0.E0,1.E0));
#834=VECTOR('',#833,8.E-1);
#835=CARTESIAN_POINT('',(-2.E-1,8.5E-1,2.778071610630E0));
#836=LINE('',#835,#834);
#837=DIRECTION('',(1.E0,0.E0,0.E0));
#838=VECTOR('',#837,1.2E0);
#839=CARTESIAN_POINT('',(-1.4E0,8.5E-1,2.778071610630E0));
#840=LINE('',#839,#838);
#841=DIRECTION('',(0.E0,-1.E0,0.E0));
#842=VECTOR('',#841,4.E-1);
#843=CARTESIAN_POINT('',(1.5089E0,1.25E0,2.7238E0));
#844=LINE('',#843,#842);
#845=DIRECTION('',(0.E0,-1.E0,0.E0));
#846=VECTOR('',#845,4.E-1);
#847=CARTESIAN_POINT('',(1.5089E0,1.25E0,3.6238E0));
#848=LINE('',#847,#846);
#849=DIRECTION('',(0.E0,-5.144957554275E-1,-8.574929257125E-1));
#850=VECTOR('',#849,5.830951894845E-1);
#851=CARTESIAN_POINT('',(-1.4E0,1.2E0,3.278071610630E0));
#852=LINE('',#851,#850);
#853=DIRECTION('',(0.E0,1.E0,0.E0));
#854=VECTOR('',#853,3.5E-1);
#855=CARTESIAN_POINT('',(-1.4E0,8.5E-1,3.578071610630E0));
#856=LINE('',#855,#854);
#857=DIRECTION('',(-1.E0,0.E0,0.E0));
#858=VECTOR('',#857,1.2E0);
#859=CARTESIAN_POINT('',(-2.E-1,9.E-1,2.778071610630E0));
#860=LINE('',#859,#858);
#861=DIRECTION('',(0.E0,1.E0,0.E0));
#862=VECTOR('',#861,5.E-2);
#863=CARTESIAN_POINT('',(-1.4E0,8.5E-1,2.778071610630E0));
#864=LINE('',#863,#862);
#865=DIRECTION('',(0.E0,5.144957554275E-1,8.574929257125E-1));
#866=VECTOR('',#865,5.830951894845E-1);
#867=CARTESIAN_POINT('',(-2.E-1,9.E-1,2.778071610630E0));
#868=LINE('',#867,#866);
#869=DIRECTION('',(0.E0,1.E0,0.E0));
#870=VECTOR('',#869,5.E-2);
#871=CARTESIAN_POINT('',(-2.E-1,8.5E-1,2.778071610630E0));
#872=LINE('',#871,#870);
#873=DIRECTION('',(0.E0,1.E0,0.E0));
#874=VECTOR('',#873,3.5E-1);
#875=CARTESIAN_POINT('',(-2.E-1,8.5E-1,3.578071610630E0));
#876=LINE('',#875,#874);
#877=DIRECTION('',(-1.E0,0.E0,0.E0));
#878=VECTOR('',#877,1.2E0);
#879=CARTESIAN_POINT('',(-2.E-1,1.2E0,3.278071610630E0));
#880=LINE('',#879,#878);
#881=DIRECTION('',(0.E0,0.E0,1.E0));
#882=VECTOR('',#881,3.E-1);
#883=CARTESIAN_POINT('',(-2.E-1,1.2E0,3.278071610630E0));
#884=LINE('',#883,#882);
#885=DIRECTION('',(-1.E0,0.E0,0.E0));
#886=VECTOR('',#885,1.2E0);
#887=CARTESIAN_POINT('',(-2.E-1,1.2E0,3.578071610630E0));
#888=LINE('',#887,#886);
#889=DIRECTION('',(0.E0,0.E0,-1.E0));
#890=VECTOR('',#889,3.E-1);
#891=CARTESIAN_POINT('',(-1.4E0,1.2E0,3.578071610630E0));
#892=LINE('',#891,#890);
#893=DIRECTION('',(0.E0,1.E0,0.E0));
#894=VECTOR('',#893,1.E-1);
#895=CARTESIAN_POINT('',(-3.769196514597E0,-1.25E0,5.E-1));
#896=LINE('',#895,#894);
#897=DIRECTION('',(0.E0,1.E0,0.E0));
#898=VECTOR('',#897,1.E-1);
#899=CARTESIAN_POINT('',(-3.999801484154E0,-1.25E0,7.306049695569E-1));
#900=LINE('',#899,#898);
#901=DIRECTION('',(0.E0,1.E0,0.E0));
#902=VECTOR('',#901,1.E-1);
#903=CARTESIAN_POINT('',(-3.999801484154E0,-1.25E0,1.867352700604E0));
#904=LINE('',#903,#902);
#905=DIRECTION('',(0.E0,1.E0,0.E0));
#906=VECTOR('',#905,1.E-1);
#907=CARTESIAN_POINT('',(-3.769196514597E0,-1.25E0,2.097957670161E0));
#908=LINE('',#907,#906);
#909=DIRECTION('',(0.E0,1.E0,0.E0));
#910=VECTOR('',#909,1.E-1);
#911=CARTESIAN_POINT('',(3.769196514597E0,-1.25E0,2.097957670161E0));
#912=LINE('',#911,#910);
#913=DIRECTION('',(0.E0,1.E0,0.E0));
#914=VECTOR('',#913,1.E-1);
#915=CARTESIAN_POINT('',(3.999801484154E0,-1.25E0,1.867352700604E0));
#916=LINE('',#915,#914);
#917=DIRECTION('',(0.E0,1.E0,0.E0));
#918=VECTOR('',#917,1.E-1);
#919=CARTESIAN_POINT('',(3.999801484154E0,-1.25E0,7.306049695569E-1));
#920=LINE('',#919,#918);
#921=DIRECTION('',(0.E0,1.E0,0.E0));
#922=VECTOR('',#921,1.E-1);
#923=CARTESIAN_POINT('',(3.769196514597E0,-1.25E0,5.E-1));
#924=LINE('',#923,#922);
#925=DIRECTION('',(1.E0,0.E0,0.E0));
#926=VECTOR('',#925,7.538393029195E0);
#927=CARTESIAN_POINT('',(-3.769196514597E0,-1.15E0,5.E-1));
#928=LINE('',#927,#926);
#929=CARTESIAN_POINT('',(-3.769196514597E0,-1.15E0,7.306049695569E-1));
#930=DIRECTION('',(0.E0,-1.E0,0.E0));
#931=DIRECTION('',(-1.E0,0.E0,0.E0));
#932=AXIS2_PLACEMENT_3D('',#929,#930,#931);
#934=DIRECTION('',(0.E0,0.E0,-1.E0));
#935=VECTOR('',#934,1.136747731047E0);
#936=CARTESIAN_POINT('',(-3.999801484154E0,-1.15E0,1.867352700604E0));
#937=LINE('',#936,#935);
#938=CARTESIAN_POINT('',(-3.769196514597E0,-1.15E0,1.867352700604E0));
#939=DIRECTION('',(0.E0,-1.E0,0.E0));
#940=DIRECTION('',(0.E0,0.E0,1.E0));
#941=AXIS2_PLACEMENT_3D('',#938,#939,#940);
#943=DIRECTION('',(-1.E0,0.E0,0.E0));
#944=VECTOR('',#943,7.538393029195E0);
#945=CARTESIAN_POINT('',(3.769196514597E0,-1.15E0,2.097957670161E0));
#946=LINE('',#945,#944);
#947=CARTESIAN_POINT('',(3.769196514597E0,-1.15E0,1.867352700604E0));
#948=DIRECTION('',(0.E0,-1.E0,0.E0));
#949=DIRECTION('',(1.E0,0.E0,0.E0));
#950=AXIS2_PLACEMENT_3D('',#947,#948,#949);
#952=DIRECTION('',(0.E0,0.E0,1.E0));
#953=VECTOR('',#952,1.136747731047E0);
#954=CARTESIAN_POINT('',(3.999801484154E0,-1.15E0,7.306049695569E-1));
#955=LINE('',#954,#953);
#956=CARTESIAN_POINT('',(3.769196514597E0,-1.15E0,7.306049695569E-1));
#957=DIRECTION('',(0.E0,-1.E0,0.E0));
#958=DIRECTION('',(0.E0,0.E0,-1.E0));
#959=AXIS2_PLACEMENT_3D('',#956,#957,#958);
#961=DIRECTION('',(0.E0,0.E0,1.E0));
#962=VECTOR('',#961,9.318340588093E-1);
#963=CARTESIAN_POINT('',(-3.456721767837E0,-1.15E0,7.833531545766E-1));
#964=LINE('',#963,#962);
#965=DIRECTION('',(4.397134338232E-1,0.E0,-8.981381275257E-1));
#966=VECTOR('',#965,1.037517537950E0);
#967=CARTESIAN_POINT('',(-3.456721767837E0,-1.15E0,1.715187213386E0));
#968=LINE('',#967,#966);
#969=DIRECTION('',(1.E0,0.E0,0.E0));
#970=VECTOR('',#969,1.6423575E-1);
#971=CARTESIAN_POINT('',(-3.000511368573E0,-1.15E0,7.833531545766E-1));
#972=LINE('',#971,#970);
#973=DIRECTION('',(0.E0,0.E0,1.E0));
#974=VECTOR('',#973,1.0682E0);
#975=CARTESIAN_POINT('',(-2.836275618573E0,-1.15E0,7.833531545766E-1));
#976=LINE('',#975,#974);
#977=DIRECTION('',(-1.E0,0.E0,0.E0));
#978=VECTOR('',#977,1.094905E-1);
#979=CARTESIAN_POINT('',(-2.836275618573E0,-1.15E0,1.851553154577E0));
#980=LINE('',#979,#978);
#981=DIRECTION('',(0.E0,0.E0,-1.E0));
#982=VECTOR('',#981,9.091063860267E-1);
#983=CARTESIAN_POINT('',(-2.945766118573E0,-1.15E0,1.851553154577E0));
#984=LINE('',#983,#982);
#985=DIRECTION('',(-4.485165269625E-1,0.E0,8.937745381479E-1));
#986=VECTOR('',#985,1.017154044140E0);
#987=CARTESIAN_POINT('',(-2.945766118573E0,-1.15E0,9.424467685499E-1));
#988=LINE('',#987,#986);
#989=DIRECTION('',(-1.E0,0.E0,0.E0));
#990=VECTOR('',#989,1.6423575E-1);
#991=CARTESIAN_POINT('',(-3.401976517837E0,-1.15E0,1.851553154577E0));
#992=LINE('',#991,#990);
#993=DIRECTION('',(0.E0,0.E0,-1.E0));
#994=VECTOR('',#993,1.0682E0);
#995=CARTESIAN_POINT('',(-3.566212267837E0,-1.15E0,1.851553154577E0));
#996=LINE('',#995,#994);
#997=DIRECTION('',(1.E0,0.E0,0.E0));
#998=VECTOR('',#997,1.094905E-1);
#999=CARTESIAN_POINT('',(-3.566212267837E0,-1.15E0,7.833531545766E-1));
#1000=LINE('',#999,#998);
#1001=DIRECTION('',(1.E0,0.E0,0.E0));
#1002=VECTOR('',#1001,1.094905E-1);
#1003=CARTESIAN_POINT('',(-2.179332566364E0,-1.15E0,1.601548929060E0));
#1004=LINE('',#1003,#1002);
#1005=DIRECTION('',(-2.585398494038E-1,0.E0,9.660005933074E-1));
#1006=VECTOR('',#1005,7.058274194420E-2);
#1007=CARTESIAN_POINT('',(-2.069842066364E0,-1.15E0,1.601548929060E0));
#1008=LINE('',#1007,#1006);
#1009=DIRECTION('',(-5.158730442860E-1,0.E0,8.566650466659E-1));
#1010=VECTOR('',#1009,1.061215556936E-1);
#1011=CARTESIAN_POINT('',(-2.088090517837E0,-1.15E0,1.669731899656E0));
#1012=LINE('',#1011,#1010);
#1013=DIRECTION('',(-7.307779687550E-1,0.E0,6.826152359729E-1));
#1014=VECTOR('',#1013,9.988492345646E-2);
#1015=CARTESIAN_POINT('',(-2.142835767837E0,-1.15E0,1.760642527116E0));
#1016=LINE('',#1015,#1014);
#1017=DIRECTION('',(-9.703494767180E-1,0.E0,2.417062122352E-1));
#1018=VECTOR('',#1017,9.403008989694E-2);
#1019=CARTESIAN_POINT('',(-2.215829469310E0,-1.15E0,1.828825497712E0));
#1020=LINE('',#1019,#1018);
#1021=DIRECTION('',(-1.E0,0.E0,0.E0));
#1022=VECTOR('',#1021,9.124204852724E-2);
#1023=CARTESIAN_POINT('',(-2.307071517837E0,-1.15E0,1.851553154577E0));
#1024=LINE('',#1023,#1022);
#1025=DIRECTION('',(-9.547880899045E-1,0.E0,-2.972872405210E-1));
#1026=VECTOR('',#1025,7.645015919717E-2);
#1027=CARTESIAN_POINT('',(-2.398313566364E0,-1.15E0,1.851553154577E0));
#1028=LINE('',#1027,#1026);
#1029=DIRECTION('',(-8.488634848584E-1,0.E0,-5.286121300861E-1));
#1030=VECTOR('',#1029,8.598991801955E-2);
#1031=CARTESIAN_POINT('',(-2.471307267837E0,-1.15E0,1.828825497712E0));
#1032=LINE('',#1031,#1030);
#1033=DIRECTION('',(-6.260805098108E-1,0.E0,-7.797584210735E-1));
#1034=VECTOR('',#1033,1.165881957842E-1);
#1035=CARTESIAN_POINT('',(-2.544300969310E0,-1.15E0,1.783370183981E0));
#1036=LINE('',#1035,#1034);
#1037=DIRECTION('',(-1.968038802582E-1,0.E0,-9.804428758043E-1));
#1038=VECTOR('',#1037,9.272404308706E-2);
#1039=CARTESIAN_POINT('',(-2.617294566364E0,-1.15E0,1.692459556521E0));
#1040=LINE('',#1039,#1038);
#1041=DIRECTION('',(0.E0,0.E0,-1.E0));
#1042=VECTOR('',#1041,9.091069113016E-2);
#1043=CARTESIAN_POINT('',(-2.635543017837E0,-1.15E0,1.601548929060E0));
#1044=LINE('',#1043,#1042);
#1045=DIRECTION('',(1.968038802582E-1,0.E0,-9.804428758043E-1));
#1046=VECTOR('',#1045,9.272404308706E-2);
#1047=CARTESIAN_POINT('',(-2.635543017837E0,-1.15E0,1.510638237930E0));
#1048=LINE('',#1047,#1046);
#1049=DIRECTION('',(6.260805098108E-1,0.E0,-7.797584210735E-1));
#1050=VECTOR('',#1049,1.165881957842E-1);
#1051=CARTESIAN_POINT('',(-2.617294566364E0,-1.15E0,1.419727610470E0));
#1052=LINE('',#1051,#1050);
#1053=DIRECTION('',(8.488634848584E-1,0.E0,-5.286121300861E-1));
#1054=VECTOR('',#1053,8.598991801955E-2);
#1055=CARTESIAN_POINT('',(-2.544300969310E0,-1.15E0,1.328816983009E0));
#1056=LINE('',#1055,#1054);
#1057=DIRECTION('',(9.547880899045E-1,0.E0,-2.972872405210E-1));
#1058=VECTOR('',#1057,7.645015919717E-2);
#1059=CARTESIAN_POINT('',(-2.471307267837E0,-1.15E0,1.283361669279E0));
#1060=LINE('',#1059,#1058);
#1061=DIRECTION('',(1.E0,0.E0,0.E0));
#1062=VECTOR('',#1061,1.094905E-1);
#1063=CARTESIAN_POINT('',(-2.398313566364E0,-1.15E0,1.260634012414E0));
#1064=LINE('',#1063,#1062);
#1065=DIRECTION('',(9.547879691922E-1,0.E0,-2.972876282086E-1));
#1066=VECTOR('',#1065,7.645005949985E-2);
#1067=CARTESIAN_POINT('',(-2.288823066364E0,-1.15E0,1.260634012414E0));
#1068=LINE('',#1067,#1066);
#1069=DIRECTION('',(7.693654927034E-1,0.E0,-6.388088435810E-1));
#1070=VECTOR('',#1069,7.115636263805E-2);
#1071=CARTESIAN_POINT('',(-2.215829469310E0,-1.15E0,1.237906355549E0));
#1072=LINE('',#1071,#1070);
#1073=DIRECTION('',(4.719229318490E-1,0.E0,-8.816398053599E-1));
#1074=VECTOR('',#1073,7.733657443287E-2);
#1075=CARTESIAN_POINT('',(-2.161084219310E0,-1.15E0,1.192451041818E0));
#1076=LINE('',#1075,#1074);
#1077=DIRECTION('',(0.E0,0.E0,-1.E0));
#1078=VECTOR('',#1077,6.818297059536E-2);
#1079=CARTESIAN_POINT('',(-2.124587316364E0,-1.15E0,1.124268039388E0));
#1080=LINE('',#1079,#1078);
#1081=DIRECTION('',(-4.719231031185E-1,0.E0,-8.816397136830E-1));
#1082=VECTOR('',#1081,7.733654636601E-2);
#1083=CARTESIAN_POINT('',(-2.124587316364E0,-1.15E0,1.056085068793E0));
#1084=LINE('',#1083,#1082);
#1085=DIRECTION('',(-7.693653827616E-1,0.E0,-6.388089759921E-1));
#1086=VECTOR('',#1085,7.115637280624E-2);
#1087=CARTESIAN_POINT('',(-2.161084219310E0,-1.15E0,9.879020981975E-1));
#1088=LINE('',#1087,#1086);
#1089=DIRECTION('',(-9.547879691922E-1,0.E0,-2.972876282086E-1));
#1090=VECTOR('',#1089,7.645005949985E-2);
#1091=CARTESIAN_POINT('',(-2.215829469310E0,-1.15E0,9.424467685499E-1));
#1092=LINE('',#1091,#1090);
#1093=DIRECTION('',(-1.E0,0.E0,0.E0));
#1094=VECTOR('',#1093,1.459874029455E-1);
#1095=CARTESIAN_POINT('',(-2.288823066364E0,-1.15E0,9.197191116848E-1));
#1096=LINE('',#1095,#1094);
#1097=DIRECTION('',(-9.547879691922E-1,0.E0,2.972876282086E-1));
#1098=VECTOR('',#1097,7.645005949985E-2);
#1099=CARTESIAN_POINT('',(-2.434810469310E0,-1.15E0,9.197191116848E-1));
#1100=LINE('',#1099,#1098);
#1101=DIRECTION('',(-6.260807839792E-1,0.E0,7.797582009392E-1));
#1102=VECTOR('',#1101,8.744119193701E-2);
#1103=CARTESIAN_POINT('',(-2.507804066364E0,-1.15E0,9.424467685499E-1));
#1104=LINE('',#1103,#1102);
#1105=DIRECTION('',(-2.585398494038E-1,0.E0,9.660005933074E-1));
#1106=VECTOR('',#1105,7.058274194420E-2);
#1107=CARTESIAN_POINT('',(-2.562549316364E0,-1.15E0,1.010629755063E0));
#1108=LINE('',#1107,#1106);
#1109=DIRECTION('',(-1.E0,0.E0,0.E0));
#1110=VECTOR('',#1109,1.094905E-1);
#1111=CARTESIAN_POINT('',(-2.580797767837E0,-1.15E0,1.078812725658E0));
#1112=LINE('',#1111,#1110);
#1113=DIRECTION('',(1.968038802582E-1,0.E0,-9.804428758043E-1));
#1114=VECTOR('',#1113,9.272404308706E-2);
#1115=CARTESIAN_POINT('',(-2.690288267837E0,-1.15E0,1.078812725658E0));
#1116=LINE('',#1115,#1114);
#1117=DIRECTION('',(4.340119601499E-1,0.E0,-9.009071086670E-1));
#1118=VECTOR('',#1117,1.261376529372E-1);
#1119=CARTESIAN_POINT('',(-2.672039816364E0,-1.15E0,9.879020981975E-1));
#1120=LINE('',#1119,#1118);
#1121=DIRECTION('',(8.010462344001E-1,0.E0,-5.986024810786E-1));
#1122=VECTOR('',#1121,1.139035983305E-1);
#1123=CARTESIAN_POINT('',(-2.617294566364E0,-1.15E0,8.742637899958E-1));
#1124=LINE('',#1123,#1122);
#1125=DIRECTION('',(9.703494717552E-1,0.E0,-2.417062321590E-1));
#1126=VECTOR('',#1125,9.403009037785E-2);
#1127=CARTESIAN_POINT('',(-2.526052517837E0,-1.15E0,8.060808134314E-1));
#1128=LINE('',#1127,#1126);
#1129=DIRECTION('',(1.E0,0.E0,0.E0));
#1130=VECTOR('',#1129,1.459874029455E-1);
#1131=CARTESIAN_POINT('',(-2.434810469310E0,-1.15E0,7.833531545766E-1));
#1132=LINE('',#1131,#1130);
#1133=DIRECTION('',(9.703494717552E-1,0.E0,2.417062321590E-1));
#1134=VECTOR('',#1133,9.403009037785E-2);
#1135=CARTESIAN_POINT('',(-2.288823066364E0,-1.15E0,7.833531545766E-1));
#1136=LINE('',#1135,#1134);
#1137=DIRECTION('',(8.488634537103E-1,0.E0,5.286121801047E-1));
#1138=VECTOR('',#1137,8.598992117485E-2);
#1139=CARTESIAN_POINT('',(-2.197581017837E0,-1.15E0,8.060808134314E-1));
#1140=LINE('',#1139,#1138);
#1141=DIRECTION('',(6.260804764852E-1,0.E0,7.797584478312E-1));
#1142=VECTOR('',#1141,1.165882019901E-1);
#1143=CARTESIAN_POINT('',(-2.124587316364E0,-1.15E0,8.515361331307E-1));
#1144=LINE('',#1143,#1142);
#1145=DIRECTION('',(3.725576555348E-1,0.E0,9.280090480714E-1));
#1146=VECTOR('',#1145,9.796310021635E-2);
#1147=CARTESIAN_POINT('',(-2.051593719310E0,-1.15E0,9.424467685499E-1));
#1148=LINE('',#1147,#1146);
#1149=DIRECTION('',(0.E0,0.E0,1.E0));
#1150=VECTOR('',#1149,1.136382843256E-1);
#1151=CARTESIAN_POINT('',(-2.015096816364E0,-1.15E0,1.033357411928E0));
#1152=LINE('',#1151,#1150);
#1153=DIRECTION('',(-3.725575993581E-1,0.E0,9.280090706241E-1));
#1154=VECTOR('',#1153,9.796311498786E-2);
#1155=CARTESIAN_POINT('',(-2.015096816364E0,-1.15E0,1.146995696253E0));
#1156=LINE('',#1155,#1154);
#1157=DIRECTION('',(-6.260805098108E-1,0.E0,7.797584210735E-1));
#1158=VECTOR('',#1157,1.165881957842E-1);
#1159=CARTESIAN_POINT('',(-2.051593719310E0,-1.15E0,1.237906355549E0));
#1160=LINE('',#1159,#1158);
#1161=DIRECTION('',(-8.488634848584E-1,0.E0,5.286121300861E-1));
#1162=VECTOR('',#1161,8.598991801955E-2);
#1163=CARTESIAN_POINT('',(-2.124587316364E0,-1.15E0,1.328816983009E0));
#1164=LINE('',#1163,#1162);
#1165=DIRECTION('',(-9.703494767180E-1,0.E0,2.417062122352E-1));
#1166=VECTOR('',#1165,9.403008989694E-2);
#1167=CARTESIAN_POINT('',(-2.197581017837E0,-1.15E0,1.374272296739E0));
#1168=LINE('',#1167,#1166);
#1169=DIRECTION('',(-1.E0,0.E0,0.E0));
#1170=VECTOR('',#1169,1.094905E-1);
#1171=CARTESIAN_POINT('',(-2.288823066364E0,-1.15E0,1.396999953605E0));
#1172=LINE('',#1171,#1170);
#1173=DIRECTION('',(-9.235724665760E-1,0.E0,3.834239155070E-1));
#1174=VECTOR('',#1173,5.927553276134E-2);
#1175=CARTESIAN_POINT('',(-2.398313566364E0,-1.15E0,1.396999953605E0));
#1176=LINE('',#1175,#1174);
#1177=DIRECTION('',(-7.693654927034E-1,0.E0,6.388088435810E-1));
#1178=VECTOR('',#1177,7.115636263805E-2);
#1179=CARTESIAN_POINT('',(-2.453058816364E0,-1.15E0,1.419727610470E0));
#1180=LINE('',#1179,#1178);
#1181=DIRECTION('',(-2.585398494038E-1,0.E0,9.660005933074E-1));
#1182=VECTOR('',#1181,7.058274194420E-2);
#1183=CARTESIAN_POINT('',(-2.507804066364E0,-1.15E0,1.465182924200E0));
#1184=LINE('',#1183,#1182);
#1185=DIRECTION('',(0.E0,0.E0,1.E0));
#1186=VECTOR('',#1185,4.545531373024E-2);
#1187=CARTESIAN_POINT('',(-2.526052517837E0,-1.15E0,1.533365894795E0));
#1188=LINE('',#1187,#1186);
#1189=DIRECTION('',(2.585396241155E-1,0.E0,9.660006536034E-1));
#1190=VECTOR('',#1189,7.058280344915E-2);
#1191=CARTESIAN_POINT('',(-2.526052517837E0,-1.15E0,1.578821208525E0));
#1192=LINE('',#1191,#1190);
#1193=DIRECTION('',(7.693654927034E-1,0.E0,6.388088435810E-1));
#1194=VECTOR('',#1193,7.115636263805E-2);
#1195=CARTESIAN_POINT('',(-2.507804066364E0,-1.15E0,1.647004242791E0));
#1196=LINE('',#1195,#1194);
#1197=DIRECTION('',(9.235724665760E-1,0.E0,3.834239155070E-1));
#1198=VECTOR('',#1197,5.927553276134E-2);
#1199=CARTESIAN_POINT('',(-2.453058816364E0,-1.15E0,1.692459556521E0));
#1200=LINE('',#1199,#1198);
#1201=DIRECTION('',(1.E0,0.E0,0.E0));
#1202=VECTOR('',#1201,1.094905E-1);
#1203=CARTESIAN_POINT('',(-2.398313566364E0,-1.15E0,1.715187213386E0));
#1204=LINE('',#1203,#1202);
#1205=DIRECTION('',(9.235724665760E-1,0.E0,-3.834239155070E-1));
#1206=VECTOR('',#1205,5.927553276134E-2);
#1207=CARTESIAN_POINT('',(-2.288823066364E0,-1.15E0,1.715187213386E0));
#1208=LINE('',#1207,#1206);
#1209=DIRECTION('',(6.260805098108E-1,0.E0,-7.797584210735E-1));
#1210=VECTOR('',#1209,5.829409789209E-2);
#1211=CARTESIAN_POINT('',(-2.234077816364E0,-1.15E0,1.692459556521E0));
#1212=LINE('',#1211,#1210);
#1213=DIRECTION('',(3.725577117114E-1,0.E0,-9.280090255188E-1));
#1214=VECTOR('',#1213,4.898154272242E-2);
#1215=CARTESIAN_POINT('',(-2.197581017837E0,-1.15E0,1.647004242791E0));
#1216=LINE('',#1215,#1214);
#1217=DIRECTION('',(0.E0,0.E0,1.E0));
#1218=VECTOR('',#1217,1.0682E0);
#1219=CARTESIAN_POINT('',(-1.759619017837E0,-1.15E0,7.833531545766E-1));
#1220=LINE('',#1219,#1218);
#1221=DIRECTION('',(-1.E0,0.E0,0.E0));
#1222=VECTOR('',#1221,1.094905E-1);
#1223=CARTESIAN_POINT('',(-1.759619017837E0,-1.15E0,1.851553154577E0));
#1224=LINE('',#1223,#1222);
#1225=DIRECTION('',(0.E0,0.E0,-1.E0));
#1226=VECTOR('',#1225,1.0682E0);
#1227=CARTESIAN_POINT('',(-1.869109517837E0,-1.15E0,1.851553154577E0));
#1228=LINE('',#1227,#1226);
#1229=DIRECTION('',(1.E0,0.E0,0.E0));
#1230=VECTOR('',#1229,1.094905E-1);
#1231=CARTESIAN_POINT('',(-1.869109517837E0,-1.15E0,7.833531545766E-1));
#1232=LINE('',#1231,#1230);
#1233=DIRECTION('',(0.E0,0.E0,1.E0));
#1234=VECTOR('',#1233,1.0682E0);
#1235=CARTESIAN_POINT('',(-1.394650614892E0,-1.15E0,7.833531545766E-1));
#1236=LINE('',#1235,#1234);
#1237=DIRECTION('',(-1.E0,0.E0,0.E0));
#1238=VECTOR('',#1237,1.094905E-1);
#1239=CARTESIAN_POINT('',(-1.394650614892E0,-1.15E0,1.851553154577E0));
#1240=LINE('',#1239,#1238);
#1241=DIRECTION('',(-5.669283557461E-1,0.E0,-8.237671026759E-1));
#1242=VECTOR('',#1241,1.931293414596E-1);
#1243=CARTESIAN_POINT('',(-1.504141114892E0,-1.15E0,1.851553154577E0));
#1244=LINE('',#1243,#1242);
#1245=DIRECTION('',(0.E0,0.E0,-1.E0));
#1246=VECTOR('',#1245,1.818213185906E-1);
#1247=CARTESIAN_POINT('',(-1.613631614892E0,-1.15E0,1.692459556521E0));
#1248=LINE('',#1247,#1246);
#1249=DIRECTION('',(5.669282017829E-1,0.E0,8.237672086355E-1));
#1250=VECTOR('',#1249,1.931293939086E-1);
#1251=CARTESIAN_POINT('',(-1.613631614892E0,-1.15E0,1.510638237930E0));
#1252=LINE('',#1251,#1250);
#1253=DIRECTION('',(0.E0,0.E0,-1.E0));
#1254=VECTOR('',#1253,8.863787450790E-1);
#1255=CARTESIAN_POINT('',(-1.504141114892E0,-1.15E0,1.669731899656E0));
#1256=LINE('',#1255,#1254);
#1257=DIRECTION('',(1.E0,0.E0,0.E0));
#1258=VECTOR('',#1257,1.094905E-1);
#1259=CARTESIAN_POINT('',(-1.504141114892E0,-1.15E0,7.833531545766E-1));
#1260=LINE('',#1259,#1258);
#1261=DIRECTION('',(0.E0,0.E0,-1.E0));
#1262=VECTOR('',#1261,2.045489117861E-1);
#1263=CARTESIAN_POINT('',(-1.248663420783E0,-1.15E0,1.419727610470E0));
#1264=LINE('',#1263,#1262);
#1265=DIRECTION('',(1.585532080559E-1,0.E0,-9.873504343520E-1));
#1266=VECTOR('',#1265,1.150942078990E-1);
#1267=CARTESIAN_POINT('',(-1.248663420783E0,-1.15E0,1.215178698684E0));
#1268=LINE('',#1267,#1266);
#1269=DIRECTION('',(2.585384689145E-1,0.E0,-9.660009627797E-1));
#1270=VECTOR('',#1269,7.058271494799E-2);
#1271=CARTESIAN_POINT('',(-1.230414864892E0,-1.15E0,1.101540382523E0));
#1272=LINE('',#1271,#1270);
#1273=DIRECTION('',(3.725576555348E-1,0.E0,-9.280090480714E-1));
#1274=VECTOR('',#1273,9.796310021635E-2);
#1275=CARTESIAN_POINT('',(-1.212166517837E0,-1.15E0,1.033357411928E0));
#1276=LINE('',#1275,#1274);
#1277=DIRECTION('',(6.260808284134E-1,0.E0,-7.797581652623E-1));
#1278=VECTOR('',#1277,8.744118573114E-2);
#1279=CARTESIAN_POINT('',(-1.175669614892E0,-1.15E0,9.424467685499E-1));
#1280=LINE('',#1279,#1278);
#1281=DIRECTION('',(8.010459059143E-1,0.E0,-5.986029206560E-1));
#1282=VECTOR('',#1281,1.139035146866E-1);
#1283=CARTESIAN_POINT('',(-1.120924364892E0,-1.15E0,8.742637899958E-1));
#1284=LINE('',#1283,#1282);
#1285=DIRECTION('',(9.791281156178E-1,0.E0,-2.032440237911E-1));
#1286=VECTOR('',#1285,1.118244877800E-1);
#1287=CARTESIAN_POINT('',(-1.029682420783E0,-1.15E0,8.060808134314E-1));
#1288=LINE('',#1287,#1286);
#1289=DIRECTION('',(9.791281156178E-1,0.E0,2.032440237911E-1));
#1290=VECTOR('',#1289,1.118244877800E-1);
#1291=CARTESIAN_POINT('',(-9.201919207826E-1,-1.15E0,7.833531545766E-1));
#1292=LINE('',#1291,#1290);
#1293=DIRECTION('',(8.010465628852E-1,0.E0,5.986020415016E-1));
#1294=VECTOR('',#1293,1.139036819743E-1);
#1295=CARTESIAN_POINT('',(-8.107014207826E-1,-1.15E0,8.060808134314E-1));
#1296=LINE('',#1295,#1294);
#1297=DIRECTION('',(6.260808284134E-1,0.E0,7.797581652623E-1));
#1298=VECTOR('',#1297,8.744118573114E-2);
#1299=CARTESIAN_POINT('',(-7.194592678371E-1,-1.15E0,8.742637899958E-1));
#1300=LINE('',#1299,#1298);
#1301=DIRECTION('',(3.725576555347E-1,0.E0,9.280090480714E-1));
#1302=VECTOR('',#1301,9.796310021635E-2);
#1303=CARTESIAN_POINT('',(-6.647140178371E-1,-1.15E0,9.424467685499E-1));
#1304=LINE('',#1303,#1302);
#1305=DIRECTION('',(2.585384689145E-1,0.E0,9.660009627797E-1));
#1306=VECTOR('',#1305,7.058271494799E-2);
#1307=CARTESIAN_POINT('',(-6.282171148916E-1,-1.15E0,1.033357411928E0));
#1308=LINE('',#1307,#1306);
#1309=DIRECTION('',(1.585514391861E-1,0.E0,9.873507184036E-1));
#1310=VECTOR('',#1309,1.150941747874E-1);
#1311=CARTESIAN_POINT('',(-6.099687678371E-1,-1.15E0,1.101540382523E0));
#1312=LINE('',#1311,#1310);
#1313=DIRECTION('',(0.E0,0.E0,1.E0));
#1314=VECTOR('',#1313,2.045489117861E-1);
#1315=CARTESIAN_POINT('',(-5.917204207826E-1,-1.15E0,1.215178698684E0));
#1316=LINE('',#1315,#1314);
#1317=DIRECTION('',(-1.585514824864E-1,0.E0,9.873507114503E-1));
#1318=VECTOR('',#1317,1.150941433553E-1);
#1319=CARTESIAN_POINT('',(-5.917204207826E-1,-1.15E0,1.419727610470E0));
#1320=LINE('',#1319,#1318);
#1321=DIRECTION('',(-2.585382436272E-1,0.E0,9.660010230751E-1));
#1322=VECTOR('',#1321,7.058277645296E-2);
#1323=CARTESIAN_POINT('',(-6.099687678371E-1,-1.15E0,1.533365894795E0));
#1324=LINE('',#1323,#1322);
#1325=DIRECTION('',(-3.725577117114E-1,0.E0,9.280090255188E-1));
#1326=VECTOR('',#1325,9.796308544484E-2);
#1327=CARTESIAN_POINT('',(-6.282171148916E-1,-1.15E0,1.601548929060E0));
#1328=LINE('',#1327,#1326);
#1329=DIRECTION('',(-6.260808728476E-1,0.E0,7.797581295853E-1));
#1330=VECTOR('',#1329,8.744117952527E-2);
#1331=CARTESIAN_POINT('',(-6.647140178371E-1,-1.15E0,1.692459556521E0));
#1332=LINE('',#1331,#1330);
#1333=DIRECTION('',(-8.010465880134E-1,0.E0,5.986020078751E-1));
#1334=VECTOR('',#1333,1.139036784013E-1);
#1335=CARTESIAN_POINT('',(-7.194592678371E-1,-1.15E0,1.760642527116E0));
#1336=LINE('',#1335,#1334);
#1337=DIRECTION('',(-9.791281191586E-1,0.E0,2.032440067332E-1));
#1338=VECTOR('',#1337,1.118244873757E-1);
#1339=CARTESIAN_POINT('',(-8.107014207826E-1,-1.15E0,1.828825497712E0));
#1340=LINE('',#1339,#1338);
#1341=DIRECTION('',(-9.791281191586E-1,0.E0,-2.032440067332E-1));
#1342=VECTOR('',#1341,1.118244873757E-1);
#1343=CARTESIAN_POINT('',(-9.201919207826E-1,-1.15E0,1.851553154577E0));
#1344=LINE('',#1343,#1342);
#1345=DIRECTION('',(-8.010459310426E-1,0.E0,-5.986028870295E-1));
#1346=VECTOR('',#1345,1.139035111135E-1);
#1347=CARTESIAN_POINT('',(-1.029682420783E0,-1.15E0,1.828825497712E0));
#1348=LINE('',#1347,#1346);
#1349=DIRECTION('',(-6.260808728476E-1,0.E0,-7.797581295853E-1));
#1350=VECTOR('',#1349,8.744117952527E-2);
#1351=CARTESIAN_POINT('',(-1.120924364892E0,-1.15E0,1.760642527116E0));
#1352=LINE('',#1351,#1350);
#1353=DIRECTION('',(-3.725577117114E-1,0.E0,-9.280090255188E-1));
#1354=VECTOR('',#1353,9.796308544484E-2);
#1355=CARTESIAN_POINT('',(-1.175669614892E0,-1.15E0,1.692459556521E0));
#1356=LINE('',#1355,#1354);
#1357=DIRECTION('',(-2.585382436272E-1,0.E0,-9.660010230751E-1));
#1358=VECTOR('',#1357,7.058277645296E-2);
#1359=CARTESIAN_POINT('',(-1.212166517837E0,-1.15E0,1.601548929060E0));
#1360=LINE('',#1359,#1358);
#1361=DIRECTION('',(-1.585532513567E-1,0.E0,-9.873504273986E-1));
#1362=VECTOR('',#1361,1.150941764668E-1);
#1363=CARTESIAN_POINT('',(-1.230414864892E0,-1.15E0,1.533365894795E0));
#1364=LINE('',#1363,#1362);
#1365=DIRECTION('',(1.326366236376E-1,0.E0,9.911647320552E-1));
#1366=VECTOR('',#1365,1.375815107020E-1);
#1367=CARTESIAN_POINT('',(-1.157421267837E0,-1.15E0,1.396999953605E0));
#1368=LINE('',#1367,#1366);
#1369=DIRECTION('',(4.719229318490E-1,0.E0,8.816398053599E-1));
#1370=VECTOR('',#1369,1.546731488657E-1);
#1371=CARTESIAN_POINT('',(-1.139172920783E0,-1.15E0,1.533365894795E0));
#1372=LINE('',#1371,#1370);
#1373=DIRECTION('',(7.693654927034E-1,0.E0,6.388088435810E-1));
#1374=VECTOR('',#1373,7.115636263805E-2);
#1375=CARTESIAN_POINT('',(-1.066179114892E0,-1.15E0,1.669731899656E0));
#1376=LINE('',#1375,#1374);
#1377=DIRECTION('',(9.703494118417E-1,0.E0,2.417064726862E-1));
#1378=VECTOR('',#1377,9.402998857472E-2);
#1379=CARTESIAN_POINT('',(-1.011433864892E0,-1.15E0,1.715187213386E0));
#1380=LINE('',#1379,#1378);
#1381=DIRECTION('',(9.703495415941E-1,0.E0,-2.417059517847E-1));
#1382=VECTOR('',#1381,9.403019121916E-2);
#1383=CARTESIAN_POINT('',(-9.201919207826E-1,-1.15E0,1.737914870251E0));
#1384=LINE('',#1383,#1382);
#1385=DIRECTION('',(7.693654927034E-1,0.E0,-6.388088435810E-1));
#1386=VECTOR('',#1385,7.115636263804E-2);
#1387=CARTESIAN_POINT('',(-8.289497678371E-1,-1.15E0,1.715187213386E0));
#1388=LINE('',#1387,#1386);
#1389=DIRECTION('',(4.719218823684E-1,0.E0,-8.816403671236E-1));
#1390=VECTOR('',#1389,1.546730503111E-1);
#1391=CARTESIAN_POINT('',(-7.742045178371E-1,-1.15E0,1.669731899656E0));
#1392=LINE('',#1391,#1390);
#1393=DIRECTION('',(1.326381148449E-1,0.E0,-9.911645325022E-1));
#1394=VECTOR('',#1393,1.375815384016E-1);
#1395=CARTESIAN_POINT('',(-7.012109207826E-1,-1.15E0,1.533365894795E0));
#1396=LINE('',#1395,#1394);
#1397=DIRECTION('',(0.E0,0.E0,-1.E0));
#1398=VECTOR('',#1397,1.590935980558E-1);
#1399=CARTESIAN_POINT('',(-6.829623648916E-1,-1.15E0,1.396999953605E0));
#1400=LINE('',#1399,#1398);
#1401=DIRECTION('',(-1.326380844250E-1,0.E0,-9.911645365730E-1));
#1402=VECTOR('',#1401,1.375815699551E-1);
#1403=CARTESIAN_POINT('',(-6.829623648916E-1,-1.15E0,1.237906355549E0));
#1404=LINE('',#1403,#1402);
#1405=DIRECTION('',(-4.719220108205E-1,0.E0,-8.816402983662E-1));
#1406=VECTOR('',#1405,1.546730082108E-1);
#1407=CARTESIAN_POINT('',(-7.012109207826E-1,-1.15E0,1.101540382523E0));
#1408=LINE('',#1407,#1406);
#1409=DIRECTION('',(-7.693654927034E-1,0.E0,-6.388088435810E-1));
#1410=VECTOR('',#1409,7.115636263805E-2);
#1411=CARTESIAN_POINT('',(-7.742045178371E-1,-1.15E0,9.651744254150E-1));
#1412=LINE('',#1411,#1410);
#1413=DIRECTION('',(-9.703495415941E-1,0.E0,-2.417059517847E-1));
#1414=VECTOR('',#1413,9.403019121916E-2);
#1415=CARTESIAN_POINT('',(-8.289497678371E-1,-1.15E0,9.197191116848E-1));
#1416=LINE('',#1415,#1414);
#1417=DIRECTION('',(-9.703494118417E-1,0.E0,2.417064726862E-1));
#1418=VECTOR('',#1417,9.402998857472E-2);
#1419=CARTESIAN_POINT('',(-9.201919207826E-1,-1.15E0,8.969914548196E-1));
#1420=LINE('',#1419,#1418);
#1421=DIRECTION('',(-7.693654927034E-1,0.E0,6.388088435810E-1));
#1422=VECTOR('',#1421,7.115636263805E-2);
#1423=CARTESIAN_POINT('',(-1.011433864892E0,-1.15E0,9.197191116848E-1));
#1424=LINE('',#1423,#1422);
#1425=DIRECTION('',(-4.719230603011E-1,0.E0,8.816397366022E-1));
#1426=VECTOR('',#1425,1.546731067655E-1);
#1427=CARTESIAN_POINT('',(-1.066179114892E0,-1.15E0,9.651744254150E-1));
#1428=LINE('',#1427,#1426);
#1429=DIRECTION('',(-1.326365932182E-1,0.E0,9.911647361259E-1));
#1430=VECTOR('',#1429,1.375815422556E-1);
#1431=CARTESIAN_POINT('',(-1.139172920783E0,-1.15E0,1.101540382523E0));
#1432=LINE('',#1431,#1430);
#1433=DIRECTION('',(0.E0,0.E0,1.E0));
#1434=VECTOR('',#1433,1.590935980558E-1);
#1435=CARTESIAN_POINT('',(-1.157421267837E0,-1.15E0,1.237906355549E0));
#1436=LINE('',#1435,#1434);
#1437=DIRECTION('',(0.E0,0.E0,1.E0));
#1438=VECTOR('',#1437,3.636425416768E-1);
#1439=CARTESIAN_POINT('',(-3.362425178371E-1,-1.15E0,7.833531545766E-1));
#1440=LINE('',#1439,#1438);
#1441=DIRECTION('',(6.260805892252E-1,0.E0,7.797583573104E-1));
#1442=VECTOR('',#1441,2.040294001329E-1);
#1443=CARTESIAN_POINT('',(-3.362425178371E-1,-1.15E0,1.146995696253E0));
#1444=LINE('',#1443,#1442);
#1445=DIRECTION('',(4.638903283617E-1,0.E0,-8.858926364139E-1));
#1446=VECTOR('',#1445,5.900671820498E-1);
#1447=CARTESIAN_POINT('',(-2.085036707826E-1,-1.15E0,1.306089326144E0));
#1448=LINE('',#1447,#1446);
#1449=DIRECTION('',(1.E0,0.E0,0.E0));
#1450=VECTOR('',#1449,1.459871941090E-1);
#1451=CARTESIAN_POINT('',(6.522278805396E-2,-1.15E0,7.833531545766E-1));
#1452=LINE('',#1451,#1450);
#1453=DIRECTION('',(-4.586651574414E-1,0.E0,8.886091791948E-1));
#1454=VECTOR('',#1453,7.161466151742E-1);
#1455=CARTESIAN_POINT('',(2.112099821629E-1,-1.15E0,7.833531545766E-1));
#1456=LINE('',#1455,#1454);
#1457=DIRECTION('',(6.054151164695E-1,0.E0,7.959098797918E-1));
#1458=VECTOR('',#1457,5.425558283306E-1);
#1459=CARTESIAN_POINT('',(-1.172615178371E-1,-1.15E0,1.419727610470E0));
#1460=LINE('',#1459,#1458);
#1461=DIRECTION('',(-1.E0,0.E0,0.E0));
#1462=VECTOR('',#1461,1.459871941090E-1);
#1463=CARTESIAN_POINT('',(2.112099821629E-1,-1.15E0,1.851553154577E0));
#1464=LINE('',#1463,#1462);
#1465=DIRECTION('',(-6.091010765717E-1,0.E0,-7.930926039998E-1));
#1466=VECTOR('',#1465,6.591111415377E-1);
#1467=CARTESIAN_POINT('',(6.522278805396E-2,-1.15E0,1.851553154577E0));
#1468=LINE('',#1467,#1466);
#1469=DIRECTION('',(0.E0,0.E0,1.E0));
#1470=VECTOR('',#1469,5.227361715674E-1);
#1471=CARTESIAN_POINT('',(-3.362425178371E-1,-1.15E0,1.328816983009E0));
#1472=LINE('',#1471,#1470);
#1473=DIRECTION('',(-1.E0,0.E0,0.E0));
#1474=VECTOR('',#1473,1.094905E-1);
#1475=CARTESIAN_POINT('',(-3.362425178371E-1,-1.15E0,1.851553154577E0));
#1476=LINE('',#1475,#1474);
#1477=DIRECTION('',(0.E0,0.E0,-1.E0));
#1478=VECTOR('',#1477,1.0682E0);
#1479=CARTESIAN_POINT('',(-4.457330178371E-1,-1.15E0,1.851553154577E0));
#1480=LINE('',#1479,#1478);
#1481=DIRECTION('',(1.E0,0.E0,0.E0));
#1482=VECTOR('',#1481,1.094905E-1);
#1483=CARTESIAN_POINT('',(-4.457330178371E-1,-1.15E0,7.833531545766E-1));
#1484=LINE('',#1483,#1482);
#1485=DIRECTION('',(-9.703494118417E-1,0.E0,-2.417064726862E-1));
#1486=VECTOR('',#1485,9.402998857472E-2);
#1487=CARTESIAN_POINT('',(6.491719821629E-1,-1.15E0,1.851553154577E0));
#1488=LINE('',#1487,#1486);
#1489=DIRECTION('',(-8.488638241730E-1,0.E0,-5.286115852026E-1));
#1490=VECTOR('',#1489,8.599000665643E-2);
#1491=CARTESIAN_POINT('',(5.579300380540E-1,-1.15E0,1.828825497712E0));
#1492=LINE('',#1491,#1490);
#1493=DIRECTION('',(-6.260815989198E-1,0.E0,-7.797575466092E-1));
#1494=VECTOR('',#1493,1.165883265328E-1);
#1495=CARTESIAN_POINT('',(4.849362321629E-1,-1.15E0,1.783370183981E0));
#1496=LINE('',#1495,#1494);
#1497=DIRECTION('',(-3.725558758116E-1,0.E0,-9.280097625555E-1));
#1498=VECTOR('',#1497,9.796300764136E-2);
#1499=CARTESIAN_POINT('',(4.119424262719E-1,-1.15E0,1.692459556521E0));
#1500=LINE('',#1499,#1498);
#1501=DIRECTION('',(-1.585531647552E-1,0.E0,-9.873504413055E-1));
#1502=VECTOR('',#1501,1.150942393311E-1);
#1503=CARTESIAN_POINT('',(3.754457321629E-1,-1.15E0,1.601548929060E0));
#1504=LINE('',#1503,#1502);
#1505=DIRECTION('',(0.E0,0.E0,-1.E0));
#1506=VECTOR('',#1505,3.409148848116E-1);
#1507=CARTESIAN_POINT('',(3.571971762719E-1,-1.15E0,1.487910581065E0));
#1508=LINE('',#1507,#1506);
#1509=DIRECTION('',(1.585532513567E-1,0.E0,-9.873504273986E-1));
#1510=VECTOR('',#1509,1.150941764668E-1);
#1511=CARTESIAN_POINT('',(3.571971762719E-1,-1.15E0,1.146995696253E0));
#1512=LINE('',#1511,#1510);
#1513=DIRECTION('',(3.725558196351E-1,0.E0,-9.280097851079E-1));
#1514=VECTOR('',#1513,9.796302241288E-2);
#1515=CARTESIAN_POINT('',(3.754457321629E-1,-1.15E0,1.033357411928E0));
#1516=LINE('',#1515,#1514);
#1517=DIRECTION('',(6.260815655942E-1,0.E0,-7.797575733669E-1));
#1518=VECTOR('',#1517,1.165883327387E-1);
#1519=CARTESIAN_POINT('',(4.119424262719E-1,-1.15E0,9.424467685499E-1));
#1520=LINE('',#1519,#1518);
#1521=DIRECTION('',(8.488637930249E-1,0.E0,-5.286116352213E-1));
#1522=VECTOR('',#1521,8.599000981173E-2);
#1523=CARTESIAN_POINT('',(4.849362321629E-1,-1.15E0,8.515361331307E-1));
#1524=LINE('',#1523,#1522);
#1525=DIRECTION('',(9.703494068789E-1,0.E0,-2.417064926100E-1));
#1526=VECTOR('',#1525,9.402998905564E-2);
#1527=CARTESIAN_POINT('',(5.579300380540E-1,-1.15E0,8.060808134314E-1));
#1528=LINE('',#1527,#1526);
#1529=DIRECTION('',(1.E0,0.E0,0.E0));
#1530=VECTOR('',#1529,1.459871941090E-1);
#1531=CARTESIAN_POINT('',(6.491719821629E-1,-1.15E0,7.833531545766E-1));
#1532=LINE('',#1531,#1530);
#1533=DIRECTION('',(9.703496663828E-1,0.E0,2.417054508090E-1));
#1534=VECTOR('',#1533,9.403039434455E-2);
#1535=CARTESIAN_POINT('',(7.951591762719E-1,-1.15E0,7.833531545766E-1));
#1536=LINE('',#1535,#1534);
#1537=DIRECTION('',(8.488624357600E-1,0.E0,5.286138147605E-1));
#1538=VECTOR('',#1537,8.598965526443E-2);
#1539=CARTESIAN_POINT('',(8.864015380540E-1,-1.15E0,8.060808134314E-1));
#1540=LINE('',#1539,#1538);
#1541=DIRECTION('',(6.260815655942E-1,0.E0,7.797575733669E-1));
#1542=VECTOR('',#1541,1.165883327387E-1);
#1543=CARTESIAN_POINT('',(9.593949262719E-1,-1.15E0,8.515361331307E-1));
#1544=LINE('',#1543,#1542);
#1545=DIRECTION('',(3.725558196351E-1,0.E0,9.280097851079E-1));
#1546=VECTOR('',#1545,9.796302241288E-2);
#1547=CARTESIAN_POINT('',(1.032388732163E0,-1.15E0,9.424467685499E-1));
#1548=LINE('',#1547,#1546);
#1549=DIRECTION('',(1.585532513567E-1,0.E0,9.873504273986E-1));
#1550=VECTOR('',#1549,1.150941764668E-1);
#1551=CARTESIAN_POINT('',(1.068885426272E0,-1.15E0,1.033357411928E0));
#1552=LINE('',#1551,#1550);
#1553=DIRECTION('',(0.E0,0.E0,1.E0));
#1554=VECTOR('',#1553,3.409148848116E-1);
#1555=CARTESIAN_POINT('',(1.087133982163E0,-1.15E0,1.146995696253E0));
#1556=LINE('',#1555,#1554);
#1557=DIRECTION('',(-1.585531647552E-1,0.E0,9.873504413055E-1));
#1558=VECTOR('',#1557,1.150942393311E-1);
#1559=CARTESIAN_POINT('',(1.087133982163E0,-1.15E0,1.487910581065E0));
#1560=LINE('',#1559,#1558);
#1561=DIRECTION('',(-3.725558758116E-1,0.E0,9.280097625555E-1));
#1562=VECTOR('',#1561,9.796300764136E-2);
#1563=CARTESIAN_POINT('',(1.068885426272E0,-1.15E0,1.601548929060E0));
#1564=LINE('',#1563,#1562);
#1565=DIRECTION('',(-6.260815989198E-1,0.E0,7.797575466092E-1));
#1566=VECTOR('',#1565,1.165883265328E-1);
#1567=CARTESIAN_POINT('',(1.032388732163E0,-1.15E0,1.692459556521E0));
#1568=LINE('',#1567,#1566);
#1569=DIRECTION('',(-8.488624669082E-1,0.E0,5.286137647418E-1));
#1570=VECTOR('',#1569,8.598965210912E-2);
#1571=CARTESIAN_POINT('',(9.593949262719E-1,-1.15E0,1.783370183981E0));
#1572=LINE('',#1571,#1570);
#1573=DIRECTION('',(-9.703496713456E-1,0.E0,2.417054308853E-1));
#1574=VECTOR('',#1573,9.403039386363E-2);
#1575=CARTESIAN_POINT('',(8.864015380540E-1,-1.15E0,1.828825497712E0));
#1576=LINE('',#1575,#1574);
#1577=DIRECTION('',(-1.E0,0.E0,0.E0));
#1578=VECTOR('',#1577,1.459871941090E-1);
#1579=CARTESIAN_POINT('',(7.951591762719E-1,-1.15E0,1.851553154577E0));
#1580=LINE('',#1579,#1578);
#1581=DIRECTION('',(1.E0,0.E0,0.E0));
#1582=VECTOR('',#1581,1.459871941090E-1);
#1583=CARTESIAN_POINT('',(6.491719821629E-1,-1.15E0,1.715187213386E0));
#1584=LINE('',#1583,#1582);
#1585=DIRECTION('',(9.547882106163E-1,0.E0,-2.972868528344E-1));
#1586=VECTOR('',#1585,7.645025889451E-2);
#1587=CARTESIAN_POINT('',(7.951591762719E-1,-1.15E0,1.715187213386E0));
#1588=LINE('',#1587,#1586);
#1589=DIRECTION('',(7.693654927034E-1,0.E0,-6.388088435810E-1));
#1590=VECTOR('',#1589,7.115636263805E-2);
#1591=CARTESIAN_POINT('',(8.681529821629E-1,-1.15E0,1.692459556521E0));
#1592=LINE('',#1591,#1590);
#1593=DIRECTION('',(4.719206616168E-1,0.E0,-8.816410205629E-1));
#1594=VECTOR('',#1593,7.733650394523E-2);
#1595=CARTESIAN_POINT('',(9.228982321629E-1,-1.15E0,1.647004242791E0));
#1596=LINE('',#1595,#1594);
#1597=DIRECTION('',(1.968049627599E-1,0.E0,-9.804426585135E-1));
#1598=VECTOR('',#1597,9.272406363704E-2);
#1599=CARTESIAN_POINT('',(9.593949262719E-1,-1.15E0,1.578821208525E0));
#1600=LINE('',#1599,#1598);
#1601=DIRECTION('',(0.E0,0.E0,-1.E0));
#1602=VECTOR('',#1601,3.409148848116E-1);
#1603=CARTESIAN_POINT('',(9.776434821629E-1,-1.15E0,1.487910581065E0));
#1604=LINE('',#1603,#1602);
#1605=DIRECTION('',(-1.968049627599E-1,0.E0,-9.804426585135E-1));
#1606=VECTOR('',#1605,9.272406363704E-2);
#1607=CARTESIAN_POINT('',(9.776434821629E-1,-1.15E0,1.146995696253E0));
#1608=LINE('',#1607,#1606);
#1609=DIRECTION('',(-4.719210041551E-1,0.E0,-8.816408372105E-1));
#1610=VECTOR('',#1609,7.733644781144E-2);
#1611=CARTESIAN_POINT('',(9.593949262719E-1,-1.15E0,1.056085068793E0));
#1612=LINE('',#1611,#1610);
#1613=DIRECTION('',(-7.693653827616E-1,0.E0,-6.388089759921E-1));
#1614=VECTOR('',#1613,7.115637280624E-2);
#1615=CARTESIAN_POINT('',(9.228982321629E-1,-1.15E0,9.879020981975E-1));
#1616=LINE('',#1615,#1614);
#1617=DIRECTION('',(-9.547882106163E-1,0.E0,-2.972868528344E-1));
#1618=VECTOR('',#1617,7.645025889451E-2);
#1619=CARTESIAN_POINT('',(8.681529821629E-1,-1.15E0,9.424467685499E-1));
#1620=LINE('',#1619,#1618);
#1621=DIRECTION('',(-1.E0,0.E0,0.E0));
#1622=VECTOR('',#1621,1.459871941090E-1);
#1623=CARTESIAN_POINT('',(7.951591762719E-1,-1.15E0,9.197191116848E-1));
#1624=LINE('',#1623,#1622);
#1625=DIRECTION('',(-9.547882106163E-1,0.E0,2.972868528344E-1));
#1626=VECTOR('',#1625,7.645025889451E-2);
#1627=CARTESIAN_POINT('',(6.491719821629E-1,-1.15E0,9.197191116848E-1));
#1628=LINE('',#1627,#1626);
#1629=DIRECTION('',(-7.693653827616E-1,0.E0,6.388089759921E-1));
#1630=VECTOR('',#1629,7.115637280624E-2);
#1631=CARTESIAN_POINT('',(5.761781762719E-1,-1.15E0,9.424467685499E-1));
#1632=LINE('',#1631,#1630);
#1633=DIRECTION('',(-4.719210041551E-1,0.E0,8.816408372105E-1));
#1634=VECTOR('',#1633,7.733644781144E-2);
#1635=CARTESIAN_POINT('',(5.214329262719E-1,-1.15E0,9.879020981975E-1));
#1636=LINE('',#1635,#1634);
#1637=DIRECTION('',(-1.968049627599E-1,0.E0,9.804426585135E-1));
#1638=VECTOR('',#1637,9.272406363704E-2);
#1639=CARTESIAN_POINT('',(4.849362321629E-1,-1.15E0,1.056085068793E0));
#1640=LINE('',#1639,#1638);
#1641=DIRECTION('',(0.E0,0.E0,1.E0));
#1642=VECTOR('',#1641,3.409148848116E-1);
#1643=CARTESIAN_POINT('',(4.666876762719E-1,-1.15E0,1.146995696253E0));
#1644=LINE('',#1643,#1642);
#1645=DIRECTION('',(1.968049627599E-1,0.E0,9.804426585135E-1));
#1646=VECTOR('',#1645,9.272406363704E-2);
#1647=CARTESIAN_POINT('',(4.666876762719E-1,-1.15E0,1.487910581065E0));
#1648=LINE('',#1647,#1646);
#1649=DIRECTION('',(4.719206616168E-1,0.E0,8.816410205629E-1));
#1650=VECTOR('',#1649,7.733650394523E-2);
#1651=CARTESIAN_POINT('',(4.849362321629E-1,-1.15E0,1.578821208525E0));
#1652=LINE('',#1651,#1650);
#1653=DIRECTION('',(7.693654927034E-1,0.E0,6.388088435810E-1));
#1654=VECTOR('',#1653,7.115636263805E-2);
#1655=CARTESIAN_POINT('',(5.214329262719E-1,-1.15E0,1.647004242791E0));
#1656=LINE('',#1655,#1654);
#1657=DIRECTION('',(9.547882106163E-1,0.E0,2.972868528344E-1));
#1658=VECTOR('',#1657,7.645025889451E-2);
#1659=CARTESIAN_POINT('',(5.761781762719E-1,-1.15E0,1.692459556521E0));
#1660=LINE('',#1659,#1658);
#1661=DIRECTION('',(1.E0,0.E0,0.E0));
#1662=VECTOR('',#1661,3.102233617821E-1);
#1663=CARTESIAN_POINT('',(1.342611676272E0,-1.15E0,1.260634012414E0));
#1664=LINE('',#1663,#1662);
#1665=DIRECTION('',(2.924959182097E-1,0.E0,-9.562667712677E-1));
#1666=VECTOR('',#1665,4.991084832996E-1);
#1667=CARTESIAN_POINT('',(1.652835038054E0,-1.15E0,1.260634012414E0));
#1668=LINE('',#1667,#1666);
#1669=DIRECTION('',(1.E0,0.E0,0.E0));
#1670=VECTOR('',#1669,1.277390558910E-1);
#1671=CARTESIAN_POINT('',(1.798822232163E0,-1.15E0,7.833531545766E-1));
#1672=LINE('',#1671,#1670);
#1673=DIRECTION('',(-2.997389599746E-1,0.E0,9.540212554620E-1));
#1674=VECTOR('',#1673,5.479292715698E-1);
#1675=CARTESIAN_POINT('',(1.926561288054E0,-1.15E0,7.833531545766E-1));
#1676=LINE('',#1675,#1674);
#1677=DIRECTION('',(8.488624669082E-1,0.E0,5.286137647418E-1));
#1678=VECTOR('',#1677,8.598965210912E-2);
#1679=CARTESIAN_POINT('',(1.762325538054E0,-1.15E0,1.306089326144E0));
#1680=LINE('',#1679,#1678);
#1681=DIRECTION('',(5.158730442860E-1,0.E0,8.566650466659E-1));
#1682=VECTOR('',#1681,1.061215556936E-1);
#1683=CARTESIAN_POINT('',(1.835318926272E0,-1.15E0,1.351544639874E0));
#1684=LINE('',#1683,#1682);
#1685=DIRECTION('',(2.585412298915E-1,0.E0,9.660002238334E-1));
#1686=VECTOR('',#1685,7.058276894056E-2);
#1687=CARTESIAN_POINT('',(1.890064176272E0,-1.15E0,1.442455267335E0));
#1688=LINE('',#1687,#1686);
#1689=DIRECTION('',(0.E0,0.E0,1.E0));
#1690=VECTOR('',#1689,9.091069113016E-2);
#1691=CARTESIAN_POINT('',(1.908312732163E0,-1.15E0,1.510638237930E0));
#1692=LINE('',#1691,#1690);
#1693=DIRECTION('',(-2.585412298915E-1,0.E0,9.660002238334E-1));
#1694=VECTOR('',#1693,7.058276894056E-2);
#1695=CARTESIAN_POINT('',(1.908312732163E0,-1.15E0,1.601548929060E0));
#1696=LINE('',#1695,#1694);
#1697=DIRECTION('',(-5.158730442860E-1,0.E0,8.566650466659E-1));
#1698=VECTOR('',#1697,1.061215556936E-1);
#1699=CARTESIAN_POINT('',(1.890064176272E0,-1.15E0,1.669731899656E0));
#1700=LINE('',#1699,#1698);
#1701=DIRECTION('',(-7.307765074150E-1,0.E0,6.826168004161E-1));
#1702=VECTOR('',#1701,9.988469453695E-2);
#1703=CARTESIAN_POINT('',(1.835318926272E0,-1.15E0,1.760642527116E0));
#1704=LINE('',#1703,#1702);
#1705=DIRECTION('',(-9.703496713456E-1,0.E0,2.417054308853E-1));
#1706=VECTOR('',#1705,9.403039386363E-2);
#1707=CARTESIAN_POINT('',(1.762325538054E0,-1.15E0,1.828825497712E0));
#1708=LINE('',#1707,#1706);
#1709=DIRECTION('',(-1.E0,0.E0,0.E0));
#1710=VECTOR('',#1709,4.37962E-1);
#1711=CARTESIAN_POINT('',(1.671083176272E0,-1.15E0,1.851553154577E0));
#1712=LINE('',#1711,#1710);
#1713=DIRECTION('',(0.E0,0.E0,-1.E0));
#1714=VECTOR('',#1713,1.0682E0);
#1715=CARTESIAN_POINT('',(1.233121176272E0,-1.15E0,1.851553154577E0));
#1716=LINE('',#1715,#1714);
#1717=DIRECTION('',(1.E0,0.E0,0.E0));
#1718=VECTOR('',#1717,1.094905E-1);
#1719=CARTESIAN_POINT('',(1.233121176272E0,-1.15E0,7.833531545766E-1));
#1720=LINE('',#1719,#1718);
#1721=DIRECTION('',(0.E0,0.E0,1.E0));
#1722=VECTOR('',#1721,4.772808578372E-1);
#1723=CARTESIAN_POINT('',(1.342611676272E0,-1.15E0,7.833531545766E-1));
#1724=LINE('',#1723,#1722);
#1725=DIRECTION('',(-1.E0,0.E0,0.E0));
#1726=VECTOR('',#1725,3.467200558910E-1);
#1727=CARTESIAN_POINT('',(1.689331732163E0,-1.15E0,1.396999953605E0));
#1728=LINE('',#1727,#1726);
#1729=DIRECTION('',(0.E0,0.E0,1.E0));
#1730=VECTOR('',#1729,3.409149166465E-1);
#1731=CARTESIAN_POINT('',(1.342611676272E0,-1.15E0,1.396999953605E0));
#1732=LINE('',#1731,#1730);
#1733=DIRECTION('',(1.E0,0.E0,0.E0));
#1734=VECTOR('',#1733,3.467200558910E-1);
#1735=CARTESIAN_POINT('',(1.342611676272E0,-1.15E0,1.737914870251E0));
#1736=LINE('',#1735,#1734);
#1737=DIRECTION('',(9.235724665760E-1,0.E0,-3.834239155070E-1));
#1738=VECTOR('',#1737,5.927553276134E-2);
#1739=CARTESIAN_POINT('',(1.689331732163E0,-1.15E0,1.737914870251E0));
#1740=LINE('',#1739,#1738);
#1741=DIRECTION('',(6.260794206981E-1,0.E0,-7.797592955383E-1));
#1742=VECTOR('',#1741,5.829403251790E-2);
#1743=CARTESIAN_POINT('',(1.744076982163E0,-1.15E0,1.715187213386E0));
#1744=LINE('',#1743,#1742);
#1745=DIRECTION('',(2.585412298915E-1,0.E0,-9.660002238334E-1));
#1746=VECTOR('',#1745,7.058276894056E-2);
#1747=CARTESIAN_POINT('',(1.780573676272E0,-1.15E0,1.669731899656E0));
#1748=LINE('',#1747,#1746);
#1749=DIRECTION('',(0.E0,0.E0,-1.E0));
#1750=VECTOR('',#1749,6.818303426504E-2);
#1751=CARTESIAN_POINT('',(1.798822232163E0,-1.15E0,1.601548929060E0));
#1752=LINE('',#1751,#1750);
#1753=DIRECTION('',(-2.585412298915E-1,0.E0,-9.660002238334E-1));
#1754=VECTOR('',#1753,7.058276894056E-2);
#1755=CARTESIAN_POINT('',(1.798822232163E0,-1.15E0,1.533365894795E0));
#1756=LINE('',#1755,#1754);
#1757=DIRECTION('',(-6.260794206981E-1,0.E0,-7.797592955383E-1));
#1758=VECTOR('',#1757,5.829403251790E-2);
#1759=CARTESIAN_POINT('',(1.780573676272E0,-1.15E0,1.465182924200E0));
#1760=LINE('',#1759,#1758);
#1761=DIRECTION('',(-9.235724665760E-1,0.E0,-3.834239155070E-1));
#1762=VECTOR('',#1761,5.927553276134E-2);
#1763=CARTESIAN_POINT('',(1.744076982163E0,-1.15E0,1.419727610470E0));
#1764=LINE('',#1763,#1762);
#1765=DIRECTION('',(-1.E0,0.E0,0.E0));
#1766=VECTOR('',#1765,5.474525E-1);
#1767=CARTESIAN_POINT('',(2.729491482163E0,-1.15E0,9.197191116848E-1));
#1768=LINE('',#1767,#1766);
#1769=DIRECTION('',(0.E0,0.E0,1.E0));
#1770=VECTOR('',#1769,3.636425575942E-1);
#1771=CARTESIAN_POINT('',(2.182038982163E0,-1.15E0,9.197191116848E-1));
#1772=LINE('',#1771,#1770);
#1773=DIRECTION('',(1.E0,0.E0,0.E0));
#1774=VECTOR('',#1773,4.744586941090E-1);
#1775=CARTESIAN_POINT('',(2.182038982163E0,-1.15E0,1.283361669279E0));
#1776=LINE('',#1775,#1774);
#1777=DIRECTION('',(0.E0,0.E0,1.E0));
#1778=VECTOR('',#1777,1.363659411907E-1);
#1779=CARTESIAN_POINT('',(2.656497676272E0,-1.15E0,1.283361669279E0));
#1780=LINE('',#1779,#1778);
#1781=DIRECTION('',(-1.E0,0.E0,0.E0));
#1782=VECTOR('',#1781,4.744586941090E-1);
#1783=CARTESIAN_POINT('',(2.656497676272E0,-1.15E0,1.419727610470E0));
#1784=LINE('',#1783,#1782);
#1785=DIRECTION('',(0.E0,0.E0,1.E0));
#1786=VECTOR('',#1785,2.954596029162E-1);
#1787=CARTESIAN_POINT('',(2.182038982163E0,-1.15E0,1.419727610470E0));
#1788=LINE('',#1787,#1786);
#1789=DIRECTION('',(1.E0,0.E0,0.E0));
#1790=VECTOR('',#1789,5.474525E-1);
#1791=CARTESIAN_POINT('',(2.182038982163E0,-1.15E0,1.715187213386E0));
#1792=LINE('',#1791,#1790);
#1793=DIRECTION('',(0.E0,0.E0,1.E0));
#1794=VECTOR('',#1793,1.363659411907E-1);
#1795=CARTESIAN_POINT('',(2.729491482163E0,-1.15E0,1.715187213386E0));
#1796=LINE('',#1795,#1794);
#1797=DIRECTION('',(-1.E0,0.E0,0.E0));
#1798=VECTOR('',#1797,6.56943E-1);
#1799=CARTESIAN_POINT('',(2.729491482163E0,-1.15E0,1.851553154577E0));
#1800=LINE('',#1799,#1798);
#1801=DIRECTION('',(0.E0,0.E0,-1.E0));
#1802=VECTOR('',#1801,1.0682E0);
#1803=CARTESIAN_POINT('',(2.072548482163E0,-1.15E0,1.851553154577E0));
#1804=LINE('',#1803,#1802);
#1805=DIRECTION('',(1.E0,0.E0,0.E0));
#1806=VECTOR('',#1805,6.56943E-1);
#1807=CARTESIAN_POINT('',(2.072548482163E0,-1.15E0,7.833531545766E-1));
#1808=LINE('',#1807,#1806);
#1809=DIRECTION('',(0.E0,0.E0,1.E0));
#1810=VECTOR('',#1809,1.363659571081E-1);
#1811=CARTESIAN_POINT('',(2.729491482163E0,-1.15E0,7.833531545766E-1));
#1812=LINE('',#1811,#1810);
#1813=DIRECTION('',(-1.E0,0.E0,0.E0));
#1814=VECTOR('',#1813,1.459871941090E-1);
#1815=CARTESIAN_POINT('',(3.313440676272E0,-1.15E0,1.851553154577E0));
#1816=LINE('',#1815,#1814);
#1817=DIRECTION('',(-2.636616228697E-1,0.E0,-9.646152334614E-1));
#1818=VECTOR('',#1817,1.107384543542E0);
#1819=CARTESIAN_POINT('',(3.167453482163E0,-1.15E0,1.851553154577E0));
#1820=LINE('',#1819,#1818);
#1821=DIRECTION('',(1.E0,0.E0,0.E0));
#1822=VECTOR('',#1821,1.094905E-1);
#1823=CARTESIAN_POINT('',(2.875478676272E0,-1.15E0,7.833531545766E-1));
#1824=LINE('',#1823,#1822);
#1825=DIRECTION('',(2.585398212427E-1,0.E0,9.660006008444E-1));
#1826=VECTOR('',#1825,2.823309985293E-1);
#1827=CARTESIAN_POINT('',(2.984969176272E0,-1.15E0,7.833531545766E-1));
#1828=LINE('',#1827,#1826);
#1829=DIRECTION('',(1.E0,0.E0,0.E0));
#1830=VECTOR('',#1829,3.649681941090E-1);
#1831=CARTESIAN_POINT('',(3.057962982163E0,-1.15E0,1.056085068793E0));
#1832=LINE('',#1831,#1830);
#1833=DIRECTION('',(2.585398212427E-1,0.E0,-9.660006008444E-1));
#1834=VECTOR('',#1833,2.823309985293E-1);
#1835=CARTESIAN_POINT('',(3.422931176272E0,-1.15E0,1.056085068793E0));
#1836=LINE('',#1835,#1834);
#1837=DIRECTION('',(1.E0,0.E0,0.E0));
#1838=VECTOR('',#1837,1.094905E-1);
#1839=CARTESIAN_POINT('',(3.495924982163E0,-1.15E0,7.833531545766E-1));
#1840=LINE('',#1839,#1838);
#1841=DIRECTION('',(-2.636616228697E-1,0.E0,9.646152334614E-1));
#1842=VECTOR('',#1841,1.107384543542E0);
#1843=CARTESIAN_POINT('',(3.605415482163E0,-1.15E0,7.833531545766E-1));
#1844=LINE('',#1843,#1842);
#1845=DIRECTION('',(2.585393516928E-1,0.E0,-9.660007265143E-1));
#1846=VECTOR('',#1845,6.352446887664E-1);
#1847=CARTESIAN_POINT('',(3.240447288054E0,-1.15E0,1.760642527116E0));
#1848=LINE('',#1847,#1846);
#1849=DIRECTION('',(-1.E0,0.E0,0.E0));
#1850=VECTOR('',#1849,3.284715E-1);
#1851=CARTESIAN_POINT('',(3.404683038054E0,-1.15E0,1.146995696253E0));
#1852=LINE('',#1851,#1850);
#1853=DIRECTION('',(2.585393516928E-1,0.E0,9.660007265143E-1));
#1854=VECTOR('',#1853,6.352446887664E-1);
#1855=CARTESIAN_POINT('',(3.076211538054E0,-1.15E0,1.146995696253E0));
#1856=LINE('',#1855,#1854);
#1857=DIRECTION('',(0.E0,-1.E0,0.E0));
#1858=VECTOR('',#1857,1.E-1);
#1859=CARTESIAN_POINT('',(-3.456721767837E0,-1.15E0,7.833531545766E-1));
#1860=LINE('',#1859,#1858);
#1861=DIRECTION('',(0.E0,-1.E0,0.E0));
#1862=VECTOR('',#1861,1.E-1);
#1863=CARTESIAN_POINT('',(-3.566212267837E0,-1.15E0,7.833531545766E-1));
#1864=LINE('',#1863,#1862);
#1865=DIRECTION('',(0.E0,-1.E0,0.E0));
#1866=VECTOR('',#1865,1.E-1);
#1867=CARTESIAN_POINT('',(-3.566212267837E0,-1.15E0,1.851553154577E0));
#1868=LINE('',#1867,#1866);
#1869=DIRECTION('',(0.E0,-1.E0,0.E0));
#1870=VECTOR('',#1869,1.E-1);
#1871=CARTESIAN_POINT('',(-3.401976517837E0,-1.15E0,1.851553154577E0));
#1872=LINE('',#1871,#1870);
#1873=DIRECTION('',(0.E0,-1.E0,0.E0));
#1874=VECTOR('',#1873,1.E-1);
#1875=CARTESIAN_POINT('',(-2.945766118573E0,-1.15E0,9.424467685499E-1));
#1876=LINE('',#1875,#1874);
#1877=DIRECTION('',(0.E0,-1.E0,0.E0));
#1878=VECTOR('',#1877,1.E-1);
#1879=CARTESIAN_POINT('',(-2.945766118573E0,-1.15E0,1.851553154577E0));
#1880=LINE('',#1879,#1878);
#1881=DIRECTION('',(0.E0,-1.E0,0.E0));
#1882=VECTOR('',#1881,1.E-1);
#1883=CARTESIAN_POINT('',(-2.836275618573E0,-1.15E0,1.851553154577E0));
#1884=LINE('',#1883,#1882);
#1885=DIRECTION('',(0.E0,-1.E0,0.E0));
#1886=VECTOR('',#1885,1.E-1);
#1887=CARTESIAN_POINT('',(-2.836275618573E0,-1.15E0,7.833531545766E-1));
#1888=LINE('',#1887,#1886);
#1889=DIRECTION('',(0.E0,-1.E0,0.E0));
#1890=VECTOR('',#1889,1.E-1);
#1891=CARTESIAN_POINT('',(-3.000511368573E0,-1.15E0,7.833531545766E-1));
#1892=LINE('',#1891,#1890);
#1893=DIRECTION('',(0.E0,-1.E0,0.E0));
#1894=VECTOR('',#1893,1.E-1);
#1895=CARTESIAN_POINT('',(-3.456721767837E0,-1.15E0,1.715187213386E0));
#1896=LINE('',#1895,#1894);
#1897=DIRECTION('',(0.E0,0.E0,1.E0));
#1898=VECTOR('',#1897,9.318340588093E-1);
#1899=CARTESIAN_POINT('',(-3.456721767837E0,-1.25E0,7.833531545766E-1));
#1900=LINE('',#1899,#1898);
#1901=DIRECTION('',(1.E0,0.E0,0.E0));
#1902=VECTOR('',#1901,1.094905E-1);
#1903=CARTESIAN_POINT('',(-3.566212267837E0,-1.25E0,7.833531545766E-1));
#1904=LINE('',#1903,#1902);
#1905=DIRECTION('',(0.E0,0.E0,-1.E0));
#1906=VECTOR('',#1905,1.0682E0);
#1907=CARTESIAN_POINT('',(-3.566212267837E0,-1.25E0,1.851553154577E0));
#1908=LINE('',#1907,#1906);
#1909=DIRECTION('',(-1.E0,0.E0,0.E0));
#1910=VECTOR('',#1909,1.6423575E-1);
#1911=CARTESIAN_POINT('',(-3.401976517837E0,-1.25E0,1.851553154577E0));
#1912=LINE('',#1911,#1910);
#1913=DIRECTION('',(-4.485165269625E-1,0.E0,8.937745381479E-1));
#1914=VECTOR('',#1913,1.017154044140E0);
#1915=CARTESIAN_POINT('',(-2.945766118573E0,-1.25E0,9.424467685499E-1));
#1916=LINE('',#1915,#1914);
#1917=DIRECTION('',(0.E0,0.E0,-1.E0));
#1918=VECTOR('',#1917,9.091063860267E-1);
#1919=CARTESIAN_POINT('',(-2.945766118573E0,-1.25E0,1.851553154577E0));
#1920=LINE('',#1919,#1918);
#1921=DIRECTION('',(-1.E0,0.E0,0.E0));
#1922=VECTOR('',#1921,1.094905E-1);
#1923=CARTESIAN_POINT('',(-2.836275618573E0,-1.25E0,1.851553154577E0));
#1924=LINE('',#1923,#1922);
#1925=DIRECTION('',(0.E0,0.E0,1.E0));
#1926=VECTOR('',#1925,1.0682E0);
#1927=CARTESIAN_POINT('',(-2.836275618573E0,-1.25E0,7.833531545766E-1));
#1928=LINE('',#1927,#1926);
#1929=DIRECTION('',(1.E0,0.E0,0.E0));
#1930=VECTOR('',#1929,1.6423575E-1);
#1931=CARTESIAN_POINT('',(-3.000511368573E0,-1.25E0,7.833531545766E-1));
#1932=LINE('',#1931,#1930);
#1933=DIRECTION('',(4.397134338232E-1,0.E0,-8.981381275257E-1));
#1934=VECTOR('',#1933,1.037517537950E0);
#1935=CARTESIAN_POINT('',(-3.456721767837E0,-1.25E0,1.715187213386E0));
#1936=LINE('',#1935,#1934);
#1937=DIRECTION('',(1.E0,0.E0,0.E0));
#1938=VECTOR('',#1937,1.094905E-1);
#1939=CARTESIAN_POINT('',(-2.179332566364E0,-1.25E0,1.601548929060E0));
#1940=LINE('',#1939,#1938);
#1941=DIRECTION('',(3.725577117114E-1,0.E0,-9.280090255188E-1));
#1942=VECTOR('',#1941,4.898154272242E-2);
#1943=CARTESIAN_POINT('',(-2.197581017837E0,-1.25E0,1.647004242791E0));
#1944=LINE('',#1943,#1942);
#1945=DIRECTION('',(6.260805098108E-1,0.E0,-7.797584210735E-1));
#1946=VECTOR('',#1945,5.829409789209E-2);
#1947=CARTESIAN_POINT('',(-2.234077816364E0,-1.25E0,1.692459556521E0));
#1948=LINE('',#1947,#1946);
#1949=DIRECTION('',(9.235724665760E-1,0.E0,-3.834239155070E-1));
#1950=VECTOR('',#1949,5.927553276134E-2);
#1951=CARTESIAN_POINT('',(-2.288823066364E0,-1.25E0,1.715187213386E0));
#1952=LINE('',#1951,#1950);
#1953=DIRECTION('',(1.E0,0.E0,0.E0));
#1954=VECTOR('',#1953,1.094905E-1);
#1955=CARTESIAN_POINT('',(-2.398313566364E0,-1.25E0,1.715187213386E0));
#1956=LINE('',#1955,#1954);
#1957=DIRECTION('',(9.235724665760E-1,0.E0,3.834239155070E-1));
#1958=VECTOR('',#1957,5.927553276134E-2);
#1959=CARTESIAN_POINT('',(-2.453058816364E0,-1.25E0,1.692459556521E0));
#1960=LINE('',#1959,#1958);
#1961=DIRECTION('',(7.693654927034E-1,0.E0,6.388088435810E-1));
#1962=VECTOR('',#1961,7.115636263805E-2);
#1963=CARTESIAN_POINT('',(-2.507804066364E0,-1.25E0,1.647004242791E0));
#1964=LINE('',#1963,#1962);
#1965=DIRECTION('',(2.585396241155E-1,0.E0,9.660006536034E-1));
#1966=VECTOR('',#1965,7.058280344915E-2);
#1967=CARTESIAN_POINT('',(-2.526052517837E0,-1.25E0,1.578821208525E0));
#1968=LINE('',#1967,#1966);
#1969=DIRECTION('',(0.E0,0.E0,1.E0));
#1970=VECTOR('',#1969,4.545531373024E-2);
#1971=CARTESIAN_POINT('',(-2.526052517837E0,-1.25E0,1.533365894795E0));
#1972=LINE('',#1971,#1970);
#1973=DIRECTION('',(-2.585398494038E-1,0.E0,9.660005933074E-1));
#1974=VECTOR('',#1973,7.058274194420E-2);
#1975=CARTESIAN_POINT('',(-2.507804066364E0,-1.25E0,1.465182924200E0));
#1976=LINE('',#1975,#1974);
#1977=DIRECTION('',(-7.693654927034E-1,0.E0,6.388088435810E-1));
#1978=VECTOR('',#1977,7.115636263805E-2);
#1979=CARTESIAN_POINT('',(-2.453058816364E0,-1.25E0,1.419727610470E0));
#1980=LINE('',#1979,#1978);
#1981=DIRECTION('',(-9.235724665760E-1,0.E0,3.834239155070E-1));
#1982=VECTOR('',#1981,5.927553276134E-2);
#1983=CARTESIAN_POINT('',(-2.398313566364E0,-1.25E0,1.396999953605E0));
#1984=LINE('',#1983,#1982);
#1985=DIRECTION('',(-1.E0,0.E0,0.E0));
#1986=VECTOR('',#1985,1.094905E-1);
#1987=CARTESIAN_POINT('',(-2.288823066364E0,-1.25E0,1.396999953605E0));
#1988=LINE('',#1987,#1986);
#1989=DIRECTION('',(-9.703494767180E-1,0.E0,2.417062122352E-1));
#1990=VECTOR('',#1989,9.403008989694E-2);
#1991=CARTESIAN_POINT('',(-2.197581017837E0,-1.25E0,1.374272296739E0));
#1992=LINE('',#1991,#1990);
#1993=DIRECTION('',(-8.488634848584E-1,0.E0,5.286121300861E-1));
#1994=VECTOR('',#1993,8.598991801955E-2);
#1995=CARTESIAN_POINT('',(-2.124587316364E0,-1.25E0,1.328816983009E0));
#1996=LINE('',#1995,#1994);
#1997=DIRECTION('',(-6.260805098108E-1,0.E0,7.797584210735E-1));
#1998=VECTOR('',#1997,1.165881957842E-1);
#1999=CARTESIAN_POINT('',(-2.051593719310E0,-1.25E0,1.237906355549E0));
#2000=LINE('',#1999,#1998);
#2001=DIRECTION('',(-3.725575993581E-1,0.E0,9.280090706241E-1));
#2002=VECTOR('',#2001,9.796311498786E-2);
#2003=CARTESIAN_POINT('',(-2.015096816364E0,-1.25E0,1.146995696253E0));
#2004=LINE('',#2003,#2002);
#2005=DIRECTION('',(0.E0,0.E0,1.E0));
#2006=VECTOR('',#2005,1.136382843256E-1);
#2007=CARTESIAN_POINT('',(-2.015096816364E0,-1.25E0,1.033357411928E0));
#2008=LINE('',#2007,#2006);
#2009=DIRECTION('',(3.725576555347E-1,0.E0,9.280090480714E-1));
#2010=VECTOR('',#2009,9.796310021635E-2);
#2011=CARTESIAN_POINT('',(-2.051593719310E0,-1.25E0,9.424467685499E-1));
#2012=LINE('',#2011,#2010);
#2013=DIRECTION('',(6.260804764852E-1,0.E0,7.797584478312E-1));
#2014=VECTOR('',#2013,1.165882019901E-1);
#2015=CARTESIAN_POINT('',(-2.124587316364E0,-1.25E0,8.515361331307E-1));
#2016=LINE('',#2015,#2014);
#2017=DIRECTION('',(8.488634537103E-1,0.E0,5.286121801047E-1));
#2018=VECTOR('',#2017,8.598992117485E-2);
#2019=CARTESIAN_POINT('',(-2.197581017837E0,-1.25E0,8.060808134314E-1));
#2020=LINE('',#2019,#2018);
#2021=DIRECTION('',(9.703494717552E-1,0.E0,2.417062321590E-1));
#2022=VECTOR('',#2021,9.403009037785E-2);
#2023=CARTESIAN_POINT('',(-2.288823066364E0,-1.25E0,7.833531545766E-1));
#2024=LINE('',#2023,#2022);
#2025=DIRECTION('',(1.E0,0.E0,0.E0));
#2026=VECTOR('',#2025,1.459874029455E-1);
#2027=CARTESIAN_POINT('',(-2.434810469310E0,-1.25E0,7.833531545766E-1));
#2028=LINE('',#2027,#2026);
#2029=DIRECTION('',(9.703494717552E-1,0.E0,-2.417062321590E-1));
#2030=VECTOR('',#2029,9.403009037785E-2);
#2031=CARTESIAN_POINT('',(-2.526052517837E0,-1.25E0,8.060808134314E-1));
#2032=LINE('',#2031,#2030);
#2033=DIRECTION('',(8.010462344001E-1,0.E0,-5.986024810786E-1));
#2034=VECTOR('',#2033,1.139035983305E-1);
#2035=CARTESIAN_POINT('',(-2.617294566364E0,-1.25E0,8.742637899958E-1));
#2036=LINE('',#2035,#2034);
#2037=DIRECTION('',(4.340119601499E-1,0.E0,-9.009071086670E-1));
#2038=VECTOR('',#2037,1.261376529372E-1);
#2039=CARTESIAN_POINT('',(-2.672039816364E0,-1.25E0,9.879020981975E-1));
#2040=LINE('',#2039,#2038);
#2041=DIRECTION('',(1.968038802582E-1,0.E0,-9.804428758043E-1));
#2042=VECTOR('',#2041,9.272404308706E-2);
#2043=CARTESIAN_POINT('',(-2.690288267837E0,-1.25E0,1.078812725658E0));
#2044=LINE('',#2043,#2042);
#2045=DIRECTION('',(-1.E0,0.E0,0.E0));
#2046=VECTOR('',#2045,1.094905E-1);
#2047=CARTESIAN_POINT('',(-2.580797767837E0,-1.25E0,1.078812725658E0));
#2048=LINE('',#2047,#2046);
#2049=DIRECTION('',(-2.585398494038E-1,0.E0,9.660005933074E-1));
#2050=VECTOR('',#2049,7.058274194420E-2);
#2051=CARTESIAN_POINT('',(-2.562549316364E0,-1.25E0,1.010629755063E0));
#2052=LINE('',#2051,#2050);
#2053=DIRECTION('',(-6.260807839792E-1,0.E0,7.797582009392E-1));
#2054=VECTOR('',#2053,8.744119193701E-2);
#2055=CARTESIAN_POINT('',(-2.507804066364E0,-1.25E0,9.424467685499E-1));
#2056=LINE('',#2055,#2054);
#2057=DIRECTION('',(-9.547879691922E-1,0.E0,2.972876282086E-1));
#2058=VECTOR('',#2057,7.645005949985E-2);
#2059=CARTESIAN_POINT('',(-2.434810469310E0,-1.25E0,9.197191116848E-1));
#2060=LINE('',#2059,#2058);
#2061=DIRECTION('',(-1.E0,0.E0,0.E0));
#2062=VECTOR('',#2061,1.459874029455E-1);
#2063=CARTESIAN_POINT('',(-2.288823066364E0,-1.25E0,9.197191116848E-1));
#2064=LINE('',#2063,#2062);
#2065=DIRECTION('',(-9.547879691922E-1,0.E0,-2.972876282086E-1));
#2066=VECTOR('',#2065,7.645005949985E-2);
#2067=CARTESIAN_POINT('',(-2.215829469310E0,-1.25E0,9.424467685499E-1));
#2068=LINE('',#2067,#2066);
#2069=DIRECTION('',(-7.693653827616E-1,0.E0,-6.388089759921E-1));
#2070=VECTOR('',#2069,7.115637280624E-2);
#2071=CARTESIAN_POINT('',(-2.161084219310E0,-1.25E0,9.879020981975E-1));
#2072=LINE('',#2071,#2070);
#2073=DIRECTION('',(-4.719231031185E-1,0.E0,-8.816397136830E-1));
#2074=VECTOR('',#2073,7.733654636601E-2);
#2075=CARTESIAN_POINT('',(-2.124587316364E0,-1.25E0,1.056085068793E0));
#2076=LINE('',#2075,#2074);
#2077=DIRECTION('',(0.E0,0.E0,-1.E0));
#2078=VECTOR('',#2077,6.818297059536E-2);
#2079=CARTESIAN_POINT('',(-2.124587316364E0,-1.25E0,1.124268039388E0));
#2080=LINE('',#2079,#2078);
#2081=DIRECTION('',(4.719229318490E-1,0.E0,-8.816398053599E-1));
#2082=VECTOR('',#2081,7.733657443287E-2);
#2083=CARTESIAN_POINT('',(-2.161084219310E0,-1.25E0,1.192451041818E0));
#2084=LINE('',#2083,#2082);
#2085=DIRECTION('',(7.693654927034E-1,0.E0,-6.388088435810E-1));
#2086=VECTOR('',#2085,7.115636263805E-2);
#2087=CARTESIAN_POINT('',(-2.215829469310E0,-1.25E0,1.237906355549E0));
#2088=LINE('',#2087,#2086);
#2089=DIRECTION('',(9.547879691922E-1,0.E0,-2.972876282086E-1));
#2090=VECTOR('',#2089,7.645005949985E-2);
#2091=CARTESIAN_POINT('',(-2.288823066364E0,-1.25E0,1.260634012414E0));
#2092=LINE('',#2091,#2090);
#2093=DIRECTION('',(1.E0,0.E0,0.E0));
#2094=VECTOR('',#2093,1.094905E-1);
#2095=CARTESIAN_POINT('',(-2.398313566364E0,-1.25E0,1.260634012414E0));
#2096=LINE('',#2095,#2094);
#2097=DIRECTION('',(9.547880899045E-1,0.E0,-2.972872405210E-1));
#2098=VECTOR('',#2097,7.645015919717E-2);
#2099=CARTESIAN_POINT('',(-2.471307267837E0,-1.25E0,1.283361669279E0));
#2100=LINE('',#2099,#2098);
#2101=DIRECTION('',(8.488634848584E-1,0.E0,-5.286121300861E-1));
#2102=VECTOR('',#2101,8.598991801955E-2);
#2103=CARTESIAN_POINT('',(-2.544300969310E0,-1.25E0,1.328816983009E0));
#2104=LINE('',#2103,#2102);
#2105=DIRECTION('',(6.260805098108E-1,0.E0,-7.797584210735E-1));
#2106=VECTOR('',#2105,1.165881957842E-1);
#2107=CARTESIAN_POINT('',(-2.617294566364E0,-1.25E0,1.419727610470E0));
#2108=LINE('',#2107,#2106);
#2109=DIRECTION('',(1.968038802582E-1,0.E0,-9.804428758043E-1));
#2110=VECTOR('',#2109,9.272404308706E-2);
#2111=CARTESIAN_POINT('',(-2.635543017837E0,-1.25E0,1.510638237930E0));
#2112=LINE('',#2111,#2110);
#2113=DIRECTION('',(0.E0,0.E0,-1.E0));
#2114=VECTOR('',#2113,9.091069113016E-2);
#2115=CARTESIAN_POINT('',(-2.635543017837E0,-1.25E0,1.601548929060E0));
#2116=LINE('',#2115,#2114);
#2117=DIRECTION('',(-1.968038802582E-1,0.E0,-9.804428758043E-1));
#2118=VECTOR('',#2117,9.272404308706E-2);
#2119=CARTESIAN_POINT('',(-2.617294566364E0,-1.25E0,1.692459556521E0));
#2120=LINE('',#2119,#2118);
#2121=DIRECTION('',(-6.260805098108E-1,0.E0,-7.797584210735E-1));
#2122=VECTOR('',#2121,1.165881957842E-1);
#2123=CARTESIAN_POINT('',(-2.544300969310E0,-1.25E0,1.783370183981E0));
#2124=LINE('',#2123,#2122);
#2125=DIRECTION('',(-8.488634848584E-1,0.E0,-5.286121300861E-1));
#2126=VECTOR('',#2125,8.598991801955E-2);
#2127=CARTESIAN_POINT('',(-2.471307267837E0,-1.25E0,1.828825497712E0));
#2128=LINE('',#2127,#2126);
#2129=DIRECTION('',(-9.547880899045E-1,0.E0,-2.972872405210E-1));
#2130=VECTOR('',#2129,7.645015919717E-2);
#2131=CARTESIAN_POINT('',(-2.398313566364E0,-1.25E0,1.851553154577E0));
#2132=LINE('',#2131,#2130);
#2133=DIRECTION('',(-1.E0,0.E0,0.E0));
#2134=VECTOR('',#2133,9.124204852724E-2);
#2135=CARTESIAN_POINT('',(-2.307071517837E0,-1.25E0,1.851553154577E0));
#2136=LINE('',#2135,#2134);
#2137=DIRECTION('',(-9.703494767180E-1,0.E0,2.417062122352E-1));
#2138=VECTOR('',#2137,9.403008989694E-2);
#2139=CARTESIAN_POINT('',(-2.215829469310E0,-1.25E0,1.828825497712E0));
#2140=LINE('',#2139,#2138);
#2141=DIRECTION('',(-7.307779687550E-1,0.E0,6.826152359729E-1));
#2142=VECTOR('',#2141,9.988492345646E-2);
#2143=CARTESIAN_POINT('',(-2.142835767837E0,-1.25E0,1.760642527116E0));
#2144=LINE('',#2143,#2142);
#2145=DIRECTION('',(-5.158730442860E-1,0.E0,8.566650466659E-1));
#2146=VECTOR('',#2145,1.061215556936E-1);
#2147=CARTESIAN_POINT('',(-2.088090517837E0,-1.25E0,1.669731899656E0));
#2148=LINE('',#2147,#2146);
#2149=DIRECTION('',(-2.585398494038E-1,0.E0,9.660005933074E-1));
#2150=VECTOR('',#2149,7.058274194420E-2);
#2151=CARTESIAN_POINT('',(-2.069842066364E0,-1.25E0,1.601548929060E0));
#2152=LINE('',#2151,#2150);
#2153=DIRECTION('',(0.E0,0.E0,1.E0));
#2154=VECTOR('',#2153,1.0682E0);
#2155=CARTESIAN_POINT('',(-1.759619017837E0,-1.25E0,7.833531545766E-1));
#2156=LINE('',#2155,#2154);
#2157=DIRECTION('',(1.E0,0.E0,0.E0));
#2158=VECTOR('',#2157,1.094905E-1);
#2159=CARTESIAN_POINT('',(-1.869109517837E0,-1.25E0,7.833531545766E-1));
#2160=LINE('',#2159,#2158);
#2161=DIRECTION('',(0.E0,0.E0,-1.E0));
#2162=VECTOR('',#2161,1.0682E0);
#2163=CARTESIAN_POINT('',(-1.869109517837E0,-1.25E0,1.851553154577E0));
#2164=LINE('',#2163,#2162);
#2165=DIRECTION('',(-1.E0,0.E0,0.E0));
#2166=VECTOR('',#2165,1.094905E-1);
#2167=CARTESIAN_POINT('',(-1.759619017837E0,-1.25E0,1.851553154577E0));
#2168=LINE('',#2167,#2166);
#2169=DIRECTION('',(0.E0,0.E0,1.E0));
#2170=VECTOR('',#2169,1.0682E0);
#2171=CARTESIAN_POINT('',(-1.394650614892E0,-1.25E0,7.833531545766E-1));
#2172=LINE('',#2171,#2170);
#2173=DIRECTION('',(1.E0,0.E0,0.E0));
#2174=VECTOR('',#2173,1.094905E-1);
#2175=CARTESIAN_POINT('',(-1.504141114892E0,-1.25E0,7.833531545766E-1));
#2176=LINE('',#2175,#2174);
#2177=DIRECTION('',(0.E0,0.E0,-1.E0));
#2178=VECTOR('',#2177,8.863787450790E-1);
#2179=CARTESIAN_POINT('',(-1.504141114892E0,-1.25E0,1.669731899656E0));
#2180=LINE('',#2179,#2178);
#2181=DIRECTION('',(5.669282017829E-1,0.E0,8.237672086355E-1));
#2182=VECTOR('',#2181,1.931293939086E-1);
#2183=CARTESIAN_POINT('',(-1.613631614892E0,-1.25E0,1.510638237930E0));
#2184=LINE('',#2183,#2182);
#2185=DIRECTION('',(0.E0,0.E0,-1.E0));
#2186=VECTOR('',#2185,1.818213185906E-1);
#2187=CARTESIAN_POINT('',(-1.613631614892E0,-1.25E0,1.692459556521E0));
#2188=LINE('',#2187,#2186);
#2189=DIRECTION('',(-5.669283557461E-1,0.E0,-8.237671026759E-1));
#2190=VECTOR('',#2189,1.931293414596E-1);
#2191=CARTESIAN_POINT('',(-1.504141114892E0,-1.25E0,1.851553154577E0));
#2192=LINE('',#2191,#2190);
#2193=DIRECTION('',(-1.E0,0.E0,0.E0));
#2194=VECTOR('',#2193,1.094905E-1);
#2195=CARTESIAN_POINT('',(-1.394650614892E0,-1.25E0,1.851553154577E0));
#2196=LINE('',#2195,#2194);
#2197=DIRECTION('',(0.E0,0.E0,-1.E0));
#2198=VECTOR('',#2197,2.045489117861E-1);
#2199=CARTESIAN_POINT('',(-1.248663420783E0,-1.25E0,1.419727610470E0));
#2200=LINE('',#2199,#2198);
#2201=DIRECTION('',(-1.585532513567E-1,0.E0,-9.873504273986E-1));
#2202=VECTOR('',#2201,1.150941764668E-1);
#2203=CARTESIAN_POINT('',(-1.230414864892E0,-1.25E0,1.533365894795E0));
#2204=LINE('',#2203,#2202);
#2205=DIRECTION('',(-2.585382436272E-1,0.E0,-9.660010230751E-1));
#2206=VECTOR('',#2205,7.058277645296E-2);
#2207=CARTESIAN_POINT('',(-1.212166517837E0,-1.25E0,1.601548929060E0));
#2208=LINE('',#2207,#2206);
#2209=DIRECTION('',(-3.725577117114E-1,0.E0,-9.280090255188E-1));
#2210=VECTOR('',#2209,9.796308544484E-2);
#2211=CARTESIAN_POINT('',(-1.175669614892E0,-1.25E0,1.692459556521E0));
#2212=LINE('',#2211,#2210);
#2213=DIRECTION('',(-6.260808728476E-1,0.E0,-7.797581295853E-1));
#2214=VECTOR('',#2213,8.744117952527E-2);
#2215=CARTESIAN_POINT('',(-1.120924364892E0,-1.25E0,1.760642527116E0));
#2216=LINE('',#2215,#2214);
#2217=DIRECTION('',(-8.010459310426E-1,0.E0,-5.986028870295E-1));
#2218=VECTOR('',#2217,1.139035111135E-1);
#2219=CARTESIAN_POINT('',(-1.029682420783E0,-1.25E0,1.828825497712E0));
#2220=LINE('',#2219,#2218);
#2221=DIRECTION('',(-9.791281191586E-1,0.E0,-2.032440067332E-1));
#2222=VECTOR('',#2221,1.118244873757E-1);
#2223=CARTESIAN_POINT('',(-9.201919207826E-1,-1.25E0,1.851553154577E0));
#2224=LINE('',#2223,#2222);
#2225=DIRECTION('',(-9.791281191586E-1,0.E0,2.032440067332E-1));
#2226=VECTOR('',#2225,1.118244873757E-1);
#2227=CARTESIAN_POINT('',(-8.107014207826E-1,-1.25E0,1.828825497712E0));
#2228=LINE('',#2227,#2226);
#2229=DIRECTION('',(-8.010465880134E-1,0.E0,5.986020078751E-1));
#2230=VECTOR('',#2229,1.139036784013E-1);
#2231=CARTESIAN_POINT('',(-7.194592678371E-1,-1.25E0,1.760642527116E0));
#2232=LINE('',#2231,#2230);
#2233=DIRECTION('',(-6.260808728476E-1,0.E0,7.797581295853E-1));
#2234=VECTOR('',#2233,8.744117952527E-2);
#2235=CARTESIAN_POINT('',(-6.647140178371E-1,-1.25E0,1.692459556521E0));
#2236=LINE('',#2235,#2234);
#2237=DIRECTION('',(-3.725577117114E-1,0.E0,9.280090255188E-1));
#2238=VECTOR('',#2237,9.796308544484E-2);
#2239=CARTESIAN_POINT('',(-6.282171148916E-1,-1.25E0,1.601548929060E0));
#2240=LINE('',#2239,#2238);
#2241=DIRECTION('',(-2.585382436272E-1,0.E0,9.660010230751E-1));
#2242=VECTOR('',#2241,7.058277645296E-2);
#2243=CARTESIAN_POINT('',(-6.099687678371E-1,-1.25E0,1.533365894795E0));
#2244=LINE('',#2243,#2242);
#2245=DIRECTION('',(-1.585514824864E-1,0.E0,9.873507114503E-1));
#2246=VECTOR('',#2245,1.150941433553E-1);
#2247=CARTESIAN_POINT('',(-5.917204207826E-1,-1.25E0,1.419727610470E0));
#2248=LINE('',#2247,#2246);
#2249=DIRECTION('',(0.E0,0.E0,1.E0));
#2250=VECTOR('',#2249,2.045489117861E-1);
#2251=CARTESIAN_POINT('',(-5.917204207826E-1,-1.25E0,1.215178698684E0));
#2252=LINE('',#2251,#2250);
#2253=DIRECTION('',(1.585514391861E-1,0.E0,9.873507184036E-1));
#2254=VECTOR('',#2253,1.150941747874E-1);
#2255=CARTESIAN_POINT('',(-6.099687678371E-1,-1.25E0,1.101540382523E0));
#2256=LINE('',#2255,#2254);
#2257=DIRECTION('',(2.585384689145E-1,0.E0,9.660009627797E-1));
#2258=VECTOR('',#2257,7.058271494799E-2);
#2259=CARTESIAN_POINT('',(-6.282171148916E-1,-1.25E0,1.033357411928E0));
#2260=LINE('',#2259,#2258);
#2261=DIRECTION('',(3.725576555347E-1,0.E0,9.280090480714E-1));
#2262=VECTOR('',#2261,9.796310021635E-2);
#2263=CARTESIAN_POINT('',(-6.647140178371E-1,-1.25E0,9.424467685499E-1));
#2264=LINE('',#2263,#2262);
#2265=DIRECTION('',(6.260808284134E-1,0.E0,7.797581652623E-1));
#2266=VECTOR('',#2265,8.744118573114E-2);
#2267=CARTESIAN_POINT('',(-7.194592678371E-1,-1.25E0,8.742637899958E-1));
#2268=LINE('',#2267,#2266);
#2269=DIRECTION('',(8.010465628852E-1,0.E0,5.986020415016E-1));
#2270=VECTOR('',#2269,1.139036819743E-1);
#2271=CARTESIAN_POINT('',(-8.107014207826E-1,-1.25E0,8.060808134314E-1));
#2272=LINE('',#2271,#2270);
#2273=DIRECTION('',(9.791281156178E-1,0.E0,2.032440237911E-1));
#2274=VECTOR('',#2273,1.118244877800E-1);
#2275=CARTESIAN_POINT('',(-9.201919207826E-1,-1.25E0,7.833531545766E-1));
#2276=LINE('',#2275,#2274);
#2277=DIRECTION('',(9.791281156178E-1,0.E0,-2.032440237911E-1));
#2278=VECTOR('',#2277,1.118244877800E-1);
#2279=CARTESIAN_POINT('',(-1.029682420783E0,-1.25E0,8.060808134314E-1));
#2280=LINE('',#2279,#2278);
#2281=DIRECTION('',(8.010459059143E-1,0.E0,-5.986029206560E-1));
#2282=VECTOR('',#2281,1.139035146866E-1);
#2283=CARTESIAN_POINT('',(-1.120924364892E0,-1.25E0,8.742637899958E-1));
#2284=LINE('',#2283,#2282);
#2285=DIRECTION('',(6.260808284134E-1,0.E0,-7.797581652623E-1));
#2286=VECTOR('',#2285,8.744118573114E-2);
#2287=CARTESIAN_POINT('',(-1.175669614892E0,-1.25E0,9.424467685499E-1));
#2288=LINE('',#2287,#2286);
#2289=DIRECTION('',(3.725576555348E-1,0.E0,-9.280090480714E-1));
#2290=VECTOR('',#2289,9.796310021635E-2);
#2291=CARTESIAN_POINT('',(-1.212166517837E0,-1.25E0,1.033357411928E0));
#2292=LINE('',#2291,#2290);
#2293=DIRECTION('',(2.585384689145E-1,0.E0,-9.660009627797E-1));
#2294=VECTOR('',#2293,7.058271494799E-2);
#2295=CARTESIAN_POINT('',(-1.230414864892E0,-1.25E0,1.101540382523E0));
#2296=LINE('',#2295,#2294);
#2297=DIRECTION('',(1.585532080559E-1,0.E0,-9.873504343520E-1));
#2298=VECTOR('',#2297,1.150942078990E-1);
#2299=CARTESIAN_POINT('',(-1.248663420783E0,-1.25E0,1.215178698684E0));
#2300=LINE('',#2299,#2298);
#2301=DIRECTION('',(1.326366236376E-1,0.E0,9.911647320552E-1));
#2302=VECTOR('',#2301,1.375815107020E-1);
#2303=CARTESIAN_POINT('',(-1.157421267837E0,-1.25E0,1.396999953605E0));
#2304=LINE('',#2303,#2302);
#2305=DIRECTION('',(0.E0,0.E0,1.E0));
#2306=VECTOR('',#2305,1.590935980558E-1);
#2307=CARTESIAN_POINT('',(-1.157421267837E0,-1.25E0,1.237906355549E0));
#2308=LINE('',#2307,#2306);
#2309=DIRECTION('',(-1.326365932182E-1,0.E0,9.911647361259E-1));
#2310=VECTOR('',#2309,1.375815422556E-1);
#2311=CARTESIAN_POINT('',(-1.139172920783E0,-1.25E0,1.101540382523E0));
#2312=LINE('',#2311,#2310);
#2313=DIRECTION('',(-4.719230603011E-1,0.E0,8.816397366022E-1));
#2314=VECTOR('',#2313,1.546731067655E-1);
#2315=CARTESIAN_POINT('',(-1.066179114892E0,-1.25E0,9.651744254150E-1));
#2316=LINE('',#2315,#2314);
#2317=DIRECTION('',(-7.693654927034E-1,0.E0,6.388088435810E-1));
#2318=VECTOR('',#2317,7.115636263805E-2);
#2319=CARTESIAN_POINT('',(-1.011433864892E0,-1.25E0,9.197191116848E-1));
#2320=LINE('',#2319,#2318);
#2321=DIRECTION('',(-9.703494118417E-1,0.E0,2.417064726862E-1));
#2322=VECTOR('',#2321,9.402998857472E-2);
#2323=CARTESIAN_POINT('',(-9.201919207826E-1,-1.25E0,8.969914548196E-1));
#2324=LINE('',#2323,#2322);
#2325=DIRECTION('',(-9.703495415941E-1,0.E0,-2.417059517847E-1));
#2326=VECTOR('',#2325,9.403019121916E-2);
#2327=CARTESIAN_POINT('',(-8.289497678371E-1,-1.25E0,9.197191116848E-1));
#2328=LINE('',#2327,#2326);
#2329=DIRECTION('',(-7.693654927034E-1,0.E0,-6.388088435810E-1));
#2330=VECTOR('',#2329,7.115636263805E-2);
#2331=CARTESIAN_POINT('',(-7.742045178371E-1,-1.25E0,9.651744254150E-1));
#2332=LINE('',#2331,#2330);
#2333=DIRECTION('',(-4.719220108205E-1,0.E0,-8.816402983662E-1));
#2334=VECTOR('',#2333,1.546730082108E-1);
#2335=CARTESIAN_POINT('',(-7.012109207826E-1,-1.25E0,1.101540382523E0));
#2336=LINE('',#2335,#2334);
#2337=DIRECTION('',(-1.326380844250E-1,0.E0,-9.911645365730E-1));
#2338=VECTOR('',#2337,1.375815699551E-1);
#2339=CARTESIAN_POINT('',(-6.829623648916E-1,-1.25E0,1.237906355549E0));
#2340=LINE('',#2339,#2338);
#2341=DIRECTION('',(0.E0,0.E0,-1.E0));
#2342=VECTOR('',#2341,1.590935980558E-1);
#2343=CARTESIAN_POINT('',(-6.829623648916E-1,-1.25E0,1.396999953605E0));
#2344=LINE('',#2343,#2342);
#2345=DIRECTION('',(1.326381148449E-1,0.E0,-9.911645325022E-1));
#2346=VECTOR('',#2345,1.375815384016E-1);
#2347=CARTESIAN_POINT('',(-7.012109207826E-1,-1.25E0,1.533365894795E0));
#2348=LINE('',#2347,#2346);
#2349=DIRECTION('',(4.719218823684E-1,0.E0,-8.816403671236E-1));
#2350=VECTOR('',#2349,1.546730503111E-1);
#2351=CARTESIAN_POINT('',(-7.742045178371E-1,-1.25E0,1.669731899656E0));
#2352=LINE('',#2351,#2350);
#2353=DIRECTION('',(7.693654927034E-1,0.E0,-6.388088435810E-1));
#2354=VECTOR('',#2353,7.115636263804E-2);
#2355=CARTESIAN_POINT('',(-8.289497678371E-1,-1.25E0,1.715187213386E0));
#2356=LINE('',#2355,#2354);
#2357=DIRECTION('',(9.703495415941E-1,0.E0,-2.417059517847E-1));
#2358=VECTOR('',#2357,9.403019121916E-2);
#2359=CARTESIAN_POINT('',(-9.201919207826E-1,-1.25E0,1.737914870251E0));
#2360=LINE('',#2359,#2358);
#2361=DIRECTION('',(9.703494118417E-1,0.E0,2.417064726862E-1));
#2362=VECTOR('',#2361,9.402998857472E-2);
#2363=CARTESIAN_POINT('',(-1.011433864892E0,-1.25E0,1.715187213386E0));
#2364=LINE('',#2363,#2362);
#2365=DIRECTION('',(7.693654927034E-1,0.E0,6.388088435810E-1));
#2366=VECTOR('',#2365,7.115636263804E-2);
#2367=CARTESIAN_POINT('',(-1.066179114892E0,-1.25E0,1.669731899656E0));
#2368=LINE('',#2367,#2366);
#2369=DIRECTION('',(4.719229318490E-1,0.E0,8.816398053599E-1));
#2370=VECTOR('',#2369,1.546731488657E-1);
#2371=CARTESIAN_POINT('',(-1.139172920783E0,-1.25E0,1.533365894795E0));
#2372=LINE('',#2371,#2370);
#2373=DIRECTION('',(0.E0,0.E0,1.E0));
#2374=VECTOR('',#2373,3.636425416768E-1);
#2375=CARTESIAN_POINT('',(-3.362425178371E-1,-1.25E0,7.833531545766E-1));
#2376=LINE('',#2375,#2374);
#2377=DIRECTION('',(1.E0,0.E0,0.E0));
#2378=VECTOR('',#2377,1.094905E-1);
#2379=CARTESIAN_POINT('',(-4.457330178371E-1,-1.25E0,7.833531545766E-1));
#2380=LINE('',#2379,#2378);
#2381=DIRECTION('',(0.E0,0.E0,-1.E0));
#2382=VECTOR('',#2381,1.0682E0);
#2383=CARTESIAN_POINT('',(-4.457330178371E-1,-1.25E0,1.851553154577E0));
#2384=LINE('',#2383,#2382);
#2385=DIRECTION('',(-1.E0,0.E0,0.E0));
#2386=VECTOR('',#2385,1.094905E-1);
#2387=CARTESIAN_POINT('',(-3.362425178371E-1,-1.25E0,1.851553154577E0));
#2388=LINE('',#2387,#2386);
#2389=DIRECTION('',(0.E0,0.E0,1.E0));
#2390=VECTOR('',#2389,5.227361715674E-1);
#2391=CARTESIAN_POINT('',(-3.362425178371E-1,-1.25E0,1.328816983009E0));
#2392=LINE('',#2391,#2390);
#2393=DIRECTION('',(-6.091010765717E-1,0.E0,-7.930926039998E-1));
#2394=VECTOR('',#2393,6.591111415377E-1);
#2395=CARTESIAN_POINT('',(6.522278805396E-2,-1.25E0,1.851553154577E0));
#2396=LINE('',#2395,#2394);
#2397=DIRECTION('',(-1.E0,0.E0,0.E0));
#2398=VECTOR('',#2397,1.459871941090E-1);
#2399=CARTESIAN_POINT('',(2.112099821629E-1,-1.25E0,1.851553154577E0));
#2400=LINE('',#2399,#2398);
#2401=DIRECTION('',(6.054151164695E-1,0.E0,7.959098797918E-1));
#2402=VECTOR('',#2401,5.425558283306E-1);
#2403=CARTESIAN_POINT('',(-1.172615178371E-1,-1.25E0,1.419727610470E0));
#2404=LINE('',#2403,#2402);
#2405=DIRECTION('',(-4.586651574414E-1,0.E0,8.886091791948E-1));
#2406=VECTOR('',#2405,7.161466151742E-1);
#2407=CARTESIAN_POINT('',(2.112099821629E-1,-1.25E0,7.833531545766E-1));
#2408=LINE('',#2407,#2406);
#2409=DIRECTION('',(1.E0,0.E0,0.E0));
#2410=VECTOR('',#2409,1.459871941090E-1);
#2411=CARTESIAN_POINT('',(6.522278805396E-2,-1.25E0,7.833531545766E-1));
#2412=LINE('',#2411,#2410);
#2413=DIRECTION('',(4.638903283617E-1,0.E0,-8.858926364139E-1));
#2414=VECTOR('',#2413,5.900671820498E-1);
#2415=CARTESIAN_POINT('',(-2.085036707826E-1,-1.25E0,1.306089326144E0));
#2416=LINE('',#2415,#2414);
#2417=DIRECTION('',(6.260805892252E-1,0.E0,7.797583573104E-1));
#2418=VECTOR('',#2417,2.040294001329E-1);
#2419=CARTESIAN_POINT('',(-3.362425178371E-1,-1.25E0,1.146995696253E0));
#2420=LINE('',#2419,#2418);
#2421=DIRECTION('',(-9.703494118417E-1,0.E0,-2.417064726862E-1));
#2422=VECTOR('',#2421,9.402998857472E-2);
#2423=CARTESIAN_POINT('',(6.491719821629E-1,-1.25E0,1.851553154577E0));
#2424=LINE('',#2423,#2422);
#2425=DIRECTION('',(-1.E0,0.E0,0.E0));
#2426=VECTOR('',#2425,1.459871941090E-1);
#2427=CARTESIAN_POINT('',(7.951591762719E-1,-1.25E0,1.851553154577E0));
#2428=LINE('',#2427,#2426);
#2429=DIRECTION('',(-9.703496713456E-1,0.E0,2.417054308853E-1));
#2430=VECTOR('',#2429,9.403039386363E-2);
#2431=CARTESIAN_POINT('',(8.864015380540E-1,-1.25E0,1.828825497712E0));
#2432=LINE('',#2431,#2430);
#2433=DIRECTION('',(-8.488624669082E-1,0.E0,5.286137647418E-1));
#2434=VECTOR('',#2433,8.598965210912E-2);
#2435=CARTESIAN_POINT('',(9.593949262719E-1,-1.25E0,1.783370183981E0));
#2436=LINE('',#2435,#2434);
#2437=DIRECTION('',(-6.260815989198E-1,0.E0,7.797575466092E-1));
#2438=VECTOR('',#2437,1.165883265328E-1);
#2439=CARTESIAN_POINT('',(1.032388732163E0,-1.25E0,1.692459556521E0));
#2440=LINE('',#2439,#2438);
#2441=DIRECTION('',(-3.725558758116E-1,0.E0,9.280097625555E-1));
#2442=VECTOR('',#2441,9.796300764136E-2);
#2443=CARTESIAN_POINT('',(1.068885426272E0,-1.25E0,1.601548929060E0));
#2444=LINE('',#2443,#2442);
#2445=DIRECTION('',(-1.585531647552E-1,0.E0,9.873504413055E-1));
#2446=VECTOR('',#2445,1.150942393311E-1);
#2447=CARTESIAN_POINT('',(1.087133982163E0,-1.25E0,1.487910581065E0));
#2448=LINE('',#2447,#2446);
#2449=DIRECTION('',(0.E0,0.E0,1.E0));
#2450=VECTOR('',#2449,3.409148848116E-1);
#2451=CARTESIAN_POINT('',(1.087133982163E0,-1.25E0,1.146995696253E0));
#2452=LINE('',#2451,#2450);
#2453=DIRECTION('',(1.585532513567E-1,0.E0,9.873504273986E-1));
#2454=VECTOR('',#2453,1.150941764668E-1);
#2455=CARTESIAN_POINT('',(1.068885426272E0,-1.25E0,1.033357411928E0));
#2456=LINE('',#2455,#2454);
#2457=DIRECTION('',(3.725558196351E-1,0.E0,9.280097851079E-1));
#2458=VECTOR('',#2457,9.796302241288E-2);
#2459=CARTESIAN_POINT('',(1.032388732163E0,-1.25E0,9.424467685499E-1));
#2460=LINE('',#2459,#2458);
#2461=DIRECTION('',(6.260815655942E-1,0.E0,7.797575733669E-1));
#2462=VECTOR('',#2461,1.165883327387E-1);
#2463=CARTESIAN_POINT('',(9.593949262719E-1,-1.25E0,8.515361331307E-1));
#2464=LINE('',#2463,#2462);
#2465=DIRECTION('',(8.488624357600E-1,0.E0,5.286138147605E-1));
#2466=VECTOR('',#2465,8.598965526443E-2);
#2467=CARTESIAN_POINT('',(8.864015380540E-1,-1.25E0,8.060808134314E-1));
#2468=LINE('',#2467,#2466);
#2469=DIRECTION('',(9.703496663828E-1,0.E0,2.417054508090E-1));
#2470=VECTOR('',#2469,9.403039434455E-2);
#2471=CARTESIAN_POINT('',(7.951591762719E-1,-1.25E0,7.833531545766E-1));
#2472=LINE('',#2471,#2470);
#2473=DIRECTION('',(1.E0,0.E0,0.E0));
#2474=VECTOR('',#2473,1.459871941090E-1);
#2475=CARTESIAN_POINT('',(6.491719821629E-1,-1.25E0,7.833531545766E-1));
#2476=LINE('',#2475,#2474);
#2477=DIRECTION('',(9.703494068789E-1,0.E0,-2.417064926100E-1));
#2478=VECTOR('',#2477,9.402998905564E-2);
#2479=CARTESIAN_POINT('',(5.579300380540E-1,-1.25E0,8.060808134314E-1));
#2480=LINE('',#2479,#2478);
#2481=DIRECTION('',(8.488637930249E-1,0.E0,-5.286116352213E-1));
#2482=VECTOR('',#2481,8.599000981173E-2);
#2483=CARTESIAN_POINT('',(4.849362321629E-1,-1.25E0,8.515361331307E-1));
#2484=LINE('',#2483,#2482);
#2485=DIRECTION('',(6.260815655942E-1,0.E0,-7.797575733669E-1));
#2486=VECTOR('',#2485,1.165883327387E-1);
#2487=CARTESIAN_POINT('',(4.119424262719E-1,-1.25E0,9.424467685499E-1));
#2488=LINE('',#2487,#2486);
#2489=DIRECTION('',(3.725558196351E-1,0.E0,-9.280097851079E-1));
#2490=VECTOR('',#2489,9.796302241288E-2);
#2491=CARTESIAN_POINT('',(3.754457321629E-1,-1.25E0,1.033357411928E0));
#2492=LINE('',#2491,#2490);
#2493=DIRECTION('',(1.585532513567E-1,0.E0,-9.873504273986E-1));
#2494=VECTOR('',#2493,1.150941764668E-1);
#2495=CARTESIAN_POINT('',(3.571971762719E-1,-1.25E0,1.146995696253E0));
#2496=LINE('',#2495,#2494);
#2497=DIRECTION('',(0.E0,0.E0,-1.E0));
#2498=VECTOR('',#2497,3.409148848116E-1);
#2499=CARTESIAN_POINT('',(3.571971762719E-1,-1.25E0,1.487910581065E0));
#2500=LINE('',#2499,#2498);
#2501=DIRECTION('',(-1.585531647552E-1,0.E0,-9.873504413055E-1));
#2502=VECTOR('',#2501,1.150942393311E-1);
#2503=CARTESIAN_POINT('',(3.754457321629E-1,-1.25E0,1.601548929060E0));
#2504=LINE('',#2503,#2502);
#2505=DIRECTION('',(-3.725558758116E-1,0.E0,-9.280097625555E-1));
#2506=VECTOR('',#2505,9.796300764136E-2);
#2507=CARTESIAN_POINT('',(4.119424262719E-1,-1.25E0,1.692459556521E0));
#2508=LINE('',#2507,#2506);
#2509=DIRECTION('',(-6.260815989198E-1,0.E0,-7.797575466092E-1));
#2510=VECTOR('',#2509,1.165883265328E-1);
#2511=CARTESIAN_POINT('',(4.849362321629E-1,-1.25E0,1.783370183981E0));
#2512=LINE('',#2511,#2510);
#2513=DIRECTION('',(-8.488638241730E-1,0.E0,-5.286115852026E-1));
#2514=VECTOR('',#2513,8.599000665643E-2);
#2515=CARTESIAN_POINT('',(5.579300380540E-1,-1.25E0,1.828825497712E0));
#2516=LINE('',#2515,#2514);
#2517=DIRECTION('',(1.E0,0.E0,0.E0));
#2518=VECTOR('',#2517,1.459871941090E-1);
#2519=CARTESIAN_POINT('',(6.491719821629E-1,-1.25E0,1.715187213386E0));
#2520=LINE('',#2519,#2518);
#2521=DIRECTION('',(9.547882106163E-1,0.E0,2.972868528344E-1));
#2522=VECTOR('',#2521,7.645025889451E-2);
#2523=CARTESIAN_POINT('',(5.761781762719E-1,-1.25E0,1.692459556521E0));
#2524=LINE('',#2523,#2522);
#2525=DIRECTION('',(7.693654927034E-1,0.E0,6.388088435810E-1));
#2526=VECTOR('',#2525,7.115636263805E-2);
#2527=CARTESIAN_POINT('',(5.214329262719E-1,-1.25E0,1.647004242791E0));
#2528=LINE('',#2527,#2526);
#2529=DIRECTION('',(4.719206616168E-1,0.E0,8.816410205629E-1));
#2530=VECTOR('',#2529,7.733650394523E-2);
#2531=CARTESIAN_POINT('',(4.849362321629E-1,-1.25E0,1.578821208525E0));
#2532=LINE('',#2531,#2530);
#2533=DIRECTION('',(1.968049627599E-1,0.E0,9.804426585135E-1));
#2534=VECTOR('',#2533,9.272406363704E-2);
#2535=CARTESIAN_POINT('',(4.666876762719E-1,-1.25E0,1.487910581065E0));
#2536=LINE('',#2535,#2534);
#2537=DIRECTION('',(0.E0,0.E0,1.E0));
#2538=VECTOR('',#2537,3.409148848116E-1);
#2539=CARTESIAN_POINT('',(4.666876762719E-1,-1.25E0,1.146995696253E0));
#2540=LINE('',#2539,#2538);
#2541=DIRECTION('',(-1.968049627599E-1,0.E0,9.804426585135E-1));
#2542=VECTOR('',#2541,9.272406363704E-2);
#2543=CARTESIAN_POINT('',(4.849362321629E-1,-1.25E0,1.056085068793E0));
#2544=LINE('',#2543,#2542);
#2545=DIRECTION('',(-4.719210041551E-1,0.E0,8.816408372105E-1));
#2546=VECTOR('',#2545,7.733644781144E-2);
#2547=CARTESIAN_POINT('',(5.214329262719E-1,-1.25E0,9.879020981975E-1));
#2548=LINE('',#2547,#2546);
#2549=DIRECTION('',(-7.693653827616E-1,0.E0,6.388089759921E-1));
#2550=VECTOR('',#2549,7.115637280624E-2);
#2551=CARTESIAN_POINT('',(5.761781762719E-1,-1.25E0,9.424467685499E-1));
#2552=LINE('',#2551,#2550);
#2553=DIRECTION('',(-9.547882106163E-1,0.E0,2.972868528344E-1));
#2554=VECTOR('',#2553,7.645025889451E-2);
#2555=CARTESIAN_POINT('',(6.491719821629E-1,-1.25E0,9.197191116848E-1));
#2556=LINE('',#2555,#2554);
#2557=DIRECTION('',(-1.E0,0.E0,0.E0));
#2558=VECTOR('',#2557,1.459871941090E-1);
#2559=CARTESIAN_POINT('',(7.951591762719E-1,-1.25E0,9.197191116848E-1));
#2560=LINE('',#2559,#2558);
#2561=DIRECTION('',(-9.547882106163E-1,0.E0,-2.972868528344E-1));
#2562=VECTOR('',#2561,7.645025889451E-2);
#2563=CARTESIAN_POINT('',(8.681529821629E-1,-1.25E0,9.424467685499E-1));
#2564=LINE('',#2563,#2562);
#2565=DIRECTION('',(-7.693653827616E-1,0.E0,-6.388089759921E-1));
#2566=VECTOR('',#2565,7.115637280624E-2);
#2567=CARTESIAN_POINT('',(9.228982321629E-1,-1.25E0,9.879020981975E-1));
#2568=LINE('',#2567,#2566);
#2569=DIRECTION('',(-4.719210041551E-1,0.E0,-8.816408372105E-1));
#2570=VECTOR('',#2569,7.733644781144E-2);
#2571=CARTESIAN_POINT('',(9.593949262719E-1,-1.25E0,1.056085068793E0));
#2572=LINE('',#2571,#2570);
#2573=DIRECTION('',(-1.968049627599E-1,0.E0,-9.804426585135E-1));
#2574=VECTOR('',#2573,9.272406363704E-2);
#2575=CARTESIAN_POINT('',(9.776434821629E-1,-1.25E0,1.146995696253E0));
#2576=LINE('',#2575,#2574);
#2577=DIRECTION('',(0.E0,0.E0,-1.E0));
#2578=VECTOR('',#2577,3.409148848116E-1);
#2579=CARTESIAN_POINT('',(9.776434821629E-1,-1.25E0,1.487910581065E0));
#2580=LINE('',#2579,#2578);
#2581=DIRECTION('',(1.968049627599E-1,0.E0,-9.804426585135E-1));
#2582=VECTOR('',#2581,9.272406363704E-2);
#2583=CARTESIAN_POINT('',(9.593949262719E-1,-1.25E0,1.578821208525E0));
#2584=LINE('',#2583,#2582);
#2585=DIRECTION('',(4.719206616168E-1,0.E0,-8.816410205629E-1));
#2586=VECTOR('',#2585,7.733650394523E-2);
#2587=CARTESIAN_POINT('',(9.228982321629E-1,-1.25E0,1.647004242791E0));
#2588=LINE('',#2587,#2586);
#2589=DIRECTION('',(7.693654927034E-1,0.E0,-6.388088435810E-1));
#2590=VECTOR('',#2589,7.115636263805E-2);
#2591=CARTESIAN_POINT('',(8.681529821629E-1,-1.25E0,1.692459556521E0));
#2592=LINE('',#2591,#2590);
#2593=DIRECTION('',(9.547882106163E-1,0.E0,-2.972868528344E-1));
#2594=VECTOR('',#2593,7.645025889451E-2);
#2595=CARTESIAN_POINT('',(7.951591762719E-1,-1.25E0,1.715187213386E0));
#2596=LINE('',#2595,#2594);
#2597=DIRECTION('',(1.E0,0.E0,0.E0));
#2598=VECTOR('',#2597,3.102233617821E-1);
#2599=CARTESIAN_POINT('',(1.342611676272E0,-1.25E0,1.260634012414E0));
#2600=LINE('',#2599,#2598);
#2601=DIRECTION('',(0.E0,0.E0,1.E0));
#2602=VECTOR('',#2601,4.772808578372E-1);
#2603=CARTESIAN_POINT('',(1.342611676272E0,-1.25E0,7.833531545766E-1));
#2604=LINE('',#2603,#2602);
#2605=DIRECTION('',(1.E0,0.E0,0.E0));
#2606=VECTOR('',#2605,1.094905E-1);
#2607=CARTESIAN_POINT('',(1.233121176272E0,-1.25E0,7.833531545766E-1));
#2608=LINE('',#2607,#2606);
#2609=DIRECTION('',(0.E0,0.E0,-1.E0));
#2610=VECTOR('',#2609,1.0682E0);
#2611=CARTESIAN_POINT('',(1.233121176272E0,-1.25E0,1.851553154577E0));
#2612=LINE('',#2611,#2610);
#2613=DIRECTION('',(-1.E0,0.E0,0.E0));
#2614=VECTOR('',#2613,4.37962E-1);
#2615=CARTESIAN_POINT('',(1.671083176272E0,-1.25E0,1.851553154577E0));
#2616=LINE('',#2615,#2614);
#2617=DIRECTION('',(-9.703496713456E-1,0.E0,2.417054308853E-1));
#2618=VECTOR('',#2617,9.403039386363E-2);
#2619=CARTESIAN_POINT('',(1.762325538054E0,-1.25E0,1.828825497712E0));
#2620=LINE('',#2619,#2618);
#2621=DIRECTION('',(-7.307765074150E-1,0.E0,6.826168004161E-1));
#2622=VECTOR('',#2621,9.988469453695E-2);
#2623=CARTESIAN_POINT('',(1.835318926272E0,-1.25E0,1.760642527116E0));
#2624=LINE('',#2623,#2622);
#2625=DIRECTION('',(-5.158730442860E-1,0.E0,8.566650466659E-1));
#2626=VECTOR('',#2625,1.061215556936E-1);
#2627=CARTESIAN_POINT('',(1.890064176272E0,-1.25E0,1.669731899656E0));
#2628=LINE('',#2627,#2626);
#2629=DIRECTION('',(-2.585412298915E-1,0.E0,9.660002238334E-1));
#2630=VECTOR('',#2629,7.058276894056E-2);
#2631=CARTESIAN_POINT('',(1.908312732163E0,-1.25E0,1.601548929060E0));
#2632=LINE('',#2631,#2630);
#2633=DIRECTION('',(0.E0,0.E0,1.E0));
#2634=VECTOR('',#2633,9.091069113016E-2);
#2635=CARTESIAN_POINT('',(1.908312732163E0,-1.25E0,1.510638237930E0));
#2636=LINE('',#2635,#2634);
#2637=DIRECTION('',(2.585412298915E-1,0.E0,9.660002238334E-1));
#2638=VECTOR('',#2637,7.058276894056E-2);
#2639=CARTESIAN_POINT('',(1.890064176272E0,-1.25E0,1.442455267335E0));
#2640=LINE('',#2639,#2638);
#2641=DIRECTION('',(5.158730442860E-1,0.E0,8.566650466659E-1));
#2642=VECTOR('',#2641,1.061215556936E-1);
#2643=CARTESIAN_POINT('',(1.835318926272E0,-1.25E0,1.351544639874E0));
#2644=LINE('',#2643,#2642);
#2645=DIRECTION('',(8.488624669082E-1,0.E0,5.286137647418E-1));
#2646=VECTOR('',#2645,8.598965210912E-2);
#2647=CARTESIAN_POINT('',(1.762325538054E0,-1.25E0,1.306089326144E0));
#2648=LINE('',#2647,#2646);
#2649=DIRECTION('',(-2.997389599746E-1,0.E0,9.540212554620E-1));
#2650=VECTOR('',#2649,5.479292715698E-1);
#2651=CARTESIAN_POINT('',(1.926561288054E0,-1.25E0,7.833531545766E-1));
#2652=LINE('',#2651,#2650);
#2653=DIRECTION('',(1.E0,0.E0,0.E0));
#2654=VECTOR('',#2653,1.277390558910E-1);
#2655=CARTESIAN_POINT('',(1.798822232163E0,-1.25E0,7.833531545766E-1));
#2656=LINE('',#2655,#2654);
#2657=DIRECTION('',(2.924959182097E-1,0.E0,-9.562667712677E-1));
#2658=VECTOR('',#2657,4.991084832996E-1);
#2659=CARTESIAN_POINT('',(1.652835038054E0,-1.25E0,1.260634012414E0));
#2660=LINE('',#2659,#2658);
#2661=DIRECTION('',(-1.E0,0.E0,0.E0));
#2662=VECTOR('',#2661,3.467200558910E-1);
#2663=CARTESIAN_POINT('',(1.689331732163E0,-1.25E0,1.396999953605E0));
#2664=LINE('',#2663,#2662);
#2665=DIRECTION('',(-9.235724665760E-1,0.E0,-3.834239155070E-1));
#2666=VECTOR('',#2665,5.927553276134E-2);
#2667=CARTESIAN_POINT('',(1.744076982163E0,-1.25E0,1.419727610470E0));
#2668=LINE('',#2667,#2666);
#2669=DIRECTION('',(-6.260794206981E-1,0.E0,-7.797592955383E-1));
#2670=VECTOR('',#2669,5.829403251790E-2);
#2671=CARTESIAN_POINT('',(1.780573676272E0,-1.25E0,1.465182924200E0));
#2672=LINE('',#2671,#2670);
#2673=DIRECTION('',(-2.585412298915E-1,0.E0,-9.660002238334E-1));
#2674=VECTOR('',#2673,7.058276894056E-2);
#2675=CARTESIAN_POINT('',(1.798822232163E0,-1.25E0,1.533365894795E0));
#2676=LINE('',#2675,#2674);
#2677=DIRECTION('',(0.E0,0.E0,-1.E0));
#2678=VECTOR('',#2677,6.818303426504E-2);
#2679=CARTESIAN_POINT('',(1.798822232163E0,-1.25E0,1.601548929060E0));
#2680=LINE('',#2679,#2678);
#2681=DIRECTION('',(2.585412298915E-1,0.E0,-9.660002238334E-1));
#2682=VECTOR('',#2681,7.058276894056E-2);
#2683=CARTESIAN_POINT('',(1.780573676272E0,-1.25E0,1.669731899656E0));
#2684=LINE('',#2683,#2682);
#2685=DIRECTION('',(6.260794206981E-1,0.E0,-7.797592955382E-1));
#2686=VECTOR('',#2685,5.829403251790E-2);
#2687=CARTESIAN_POINT('',(1.744076982163E0,-1.25E0,1.715187213386E0));
#2688=LINE('',#2687,#2686);
#2689=DIRECTION('',(9.235724665760E-1,0.E0,-3.834239155070E-1));
#2690=VECTOR('',#2689,5.927553276134E-2);
#2691=CARTESIAN_POINT('',(1.689331732163E0,-1.25E0,1.737914870251E0));
#2692=LINE('',#2691,#2690);
#2693=DIRECTION('',(1.E0,0.E0,0.E0));
#2694=VECTOR('',#2693,3.467200558910E-1);
#2695=CARTESIAN_POINT('',(1.342611676272E0,-1.25E0,1.737914870251E0));
#2696=LINE('',#2695,#2694);
#2697=DIRECTION('',(0.E0,0.E0,1.E0));
#2698=VECTOR('',#2697,3.409149166465E-1);
#2699=CARTESIAN_POINT('',(1.342611676272E0,-1.25E0,1.396999953605E0));
#2700=LINE('',#2699,#2698);
#2701=DIRECTION('',(-1.E0,0.E0,0.E0));
#2702=VECTOR('',#2701,5.474525E-1);
#2703=CARTESIAN_POINT('',(2.729491482163E0,-1.25E0,9.197191116848E-1));
#2704=LINE('',#2703,#2702);
#2705=DIRECTION('',(0.E0,0.E0,1.E0));
#2706=VECTOR('',#2705,1.363659571081E-1);
#2707=CARTESIAN_POINT('',(2.729491482163E0,-1.25E0,7.833531545766E-1));
#2708=LINE('',#2707,#2706);
#2709=DIRECTION('',(1.E0,0.E0,0.E0));
#2710=VECTOR('',#2709,6.56943E-1);
#2711=CARTESIAN_POINT('',(2.072548482163E0,-1.25E0,7.833531545766E-1));
#2712=LINE('',#2711,#2710);
#2713=DIRECTION('',(0.E0,0.E0,-1.E0));
#2714=VECTOR('',#2713,1.0682E0);
#2715=CARTESIAN_POINT('',(2.072548482163E0,-1.25E0,1.851553154577E0));
#2716=LINE('',#2715,#2714);
#2717=DIRECTION('',(-1.E0,0.E0,0.E0));
#2718=VECTOR('',#2717,6.56943E-1);
#2719=CARTESIAN_POINT('',(2.729491482163E0,-1.25E0,1.851553154577E0));
#2720=LINE('',#2719,#2718);
#2721=DIRECTION('',(0.E0,0.E0,1.E0));
#2722=VECTOR('',#2721,1.363659411907E-1);
#2723=CARTESIAN_POINT('',(2.729491482163E0,-1.25E0,1.715187213386E0));
#2724=LINE('',#2723,#2722);
#2725=DIRECTION('',(1.E0,0.E0,0.E0));
#2726=VECTOR('',#2725,5.474525E-1);
#2727=CARTESIAN_POINT('',(2.182038982163E0,-1.25E0,1.715187213386E0));
#2728=LINE('',#2727,#2726);
#2729=DIRECTION('',(0.E0,0.E0,1.E0));
#2730=VECTOR('',#2729,2.954596029162E-1);
#2731=CARTESIAN_POINT('',(2.182038982163E0,-1.25E0,1.419727610470E0));
#2732=LINE('',#2731,#2730);
#2733=DIRECTION('',(-1.E0,0.E0,0.E0));
#2734=VECTOR('',#2733,4.744586941090E-1);
#2735=CARTESIAN_POINT('',(2.656497676272E0,-1.25E0,1.419727610470E0));
#2736=LINE('',#2735,#2734);
#2737=DIRECTION('',(0.E0,0.E0,1.E0));
#2738=VECTOR('',#2737,1.363659411907E-1);
#2739=CARTESIAN_POINT('',(2.656497676272E0,-1.25E0,1.283361669279E0));
#2740=LINE('',#2739,#2738);
#2741=DIRECTION('',(1.E0,0.E0,0.E0));
#2742=VECTOR('',#2741,4.744586941090E-1);
#2743=CARTESIAN_POINT('',(2.182038982163E0,-1.25E0,1.283361669279E0));
#2744=LINE('',#2743,#2742);
#2745=DIRECTION('',(0.E0,0.E0,1.E0));
#2746=VECTOR('',#2745,3.636425575942E-1);
#2747=CARTESIAN_POINT('',(2.182038982163E0,-1.25E0,9.197191116848E-1));
#2748=LINE('',#2747,#2746);
#2749=DIRECTION('',(-1.E0,0.E0,0.E0));
#2750=VECTOR('',#2749,1.459871941090E-1);
#2751=CARTESIAN_POINT('',(3.313440676272E0,-1.25E0,1.851553154577E0));
#2752=LINE('',#2751,#2750);
#2753=DIRECTION('',(-2.636616228697E-1,0.E0,9.646152334614E-1));
#2754=VECTOR('',#2753,1.107384543542E0);
#2755=CARTESIAN_POINT('',(3.605415482163E0,-1.25E0,7.833531545766E-1));
#2756=LINE('',#2755,#2754);
#2757=DIRECTION('',(1.E0,0.E0,0.E0));
#2758=VECTOR('',#2757,1.094905E-1);
#2759=CARTESIAN_POINT('',(3.495924982163E0,-1.25E0,7.833531545766E-1));
#2760=LINE('',#2759,#2758);
#2761=DIRECTION('',(2.585398212427E-1,0.E0,-9.660006008444E-1));
#2762=VECTOR('',#2761,2.823309985293E-1);
#2763=CARTESIAN_POINT('',(3.422931176272E0,-1.25E0,1.056085068793E0));
#2764=LINE('',#2763,#2762);
#2765=DIRECTION('',(1.E0,0.E0,0.E0));
#2766=VECTOR('',#2765,3.649681941090E-1);
#2767=CARTESIAN_POINT('',(3.057962982163E0,-1.25E0,1.056085068793E0));
#2768=LINE('',#2767,#2766);
#2769=DIRECTION('',(2.585398212427E-1,0.E0,9.660006008444E-1));
#2770=VECTOR('',#2769,2.823309985293E-1);
#2771=CARTESIAN_POINT('',(2.984969176272E0,-1.25E0,7.833531545766E-1));
#2772=LINE('',#2771,#2770);
#2773=DIRECTION('',(1.E0,0.E0,0.E0));
#2774=VECTOR('',#2773,1.094905E-1);
#2775=CARTESIAN_POINT('',(2.875478676272E0,-1.25E0,7.833531545766E-1));
#2776=LINE('',#2775,#2774);
#2777=DIRECTION('',(-2.636616228697E-1,0.E0,-9.646152334614E-1));
#2778=VECTOR('',#2777,1.107384543542E0);
#2779=CARTESIAN_POINT('',(3.167453482163E0,-1.25E0,1.851553154577E0));
#2780=LINE('',#2779,#2778);
#2781=DIRECTION('',(2.585393516928E-1,0.E0,-9.660007265143E-1));
#2782=VECTOR('',#2781,6.352446887664E-1);
#2783=CARTESIAN_POINT('',(3.240447288054E0,-1.25E0,1.760642527116E0));
#2784=LINE('',#2783,#2782);
#2785=DIRECTION('',(2.585393516928E-1,0.E0,9.660007265143E-1));
#2786=VECTOR('',#2785,6.352446887664E-1);
#2787=CARTESIAN_POINT('',(3.076211538054E0,-1.25E0,1.146995696253E0));
#2788=LINE('',#2787,#2786);
#2789=DIRECTION('',(-1.E0,0.E0,0.E0));
#2790=VECTOR('',#2789,3.284715E-1);
#2791=CARTESIAN_POINT('',(3.404683038054E0,-1.25E0,1.146995696253E0));
#2792=LINE('',#2791,#2790);
#2793=DIRECTION('',(0.E0,-1.E0,0.E0));
#2794=VECTOR('',#2793,1.E-1);
#2795=CARTESIAN_POINT('',(-2.179332566364E0,-1.15E0,1.601548929060E0));
#2796=LINE('',#2795,#2794);
#2797=DIRECTION('',(0.E0,-1.E0,0.E0));
#2798=VECTOR('',#2797,1.E-1);
#2799=CARTESIAN_POINT('',(-2.197581017837E0,-1.15E0,1.647004242791E0));
#2800=LINE('',#2799,#2798);
#2801=DIRECTION('',(0.E0,-1.E0,0.E0));
#2802=VECTOR('',#2801,1.E-1);
#2803=CARTESIAN_POINT('',(-2.234077816364E0,-1.15E0,1.692459556521E0));
#2804=LINE('',#2803,#2802);
#2805=DIRECTION('',(0.E0,-1.E0,0.E0));
#2806=VECTOR('',#2805,1.E-1);
#2807=CARTESIAN_POINT('',(-2.288823066364E0,-1.15E0,1.715187213386E0));
#2808=LINE('',#2807,#2806);
#2809=DIRECTION('',(0.E0,-1.E0,0.E0));
#2810=VECTOR('',#2809,1.E-1);
#2811=CARTESIAN_POINT('',(-2.398313566364E0,-1.15E0,1.715187213386E0));
#2812=LINE('',#2811,#2810);
#2813=DIRECTION('',(0.E0,-1.E0,0.E0));
#2814=VECTOR('',#2813,1.E-1);
#2815=CARTESIAN_POINT('',(-2.453058816364E0,-1.15E0,1.692459556521E0));
#2816=LINE('',#2815,#2814);
#2817=DIRECTION('',(0.E0,-1.E0,0.E0));
#2818=VECTOR('',#2817,1.E-1);
#2819=CARTESIAN_POINT('',(-2.507804066364E0,-1.15E0,1.647004242791E0));
#2820=LINE('',#2819,#2818);
#2821=DIRECTION('',(0.E0,-1.E0,0.E0));
#2822=VECTOR('',#2821,1.E-1);
#2823=CARTESIAN_POINT('',(-2.526052517837E0,-1.15E0,1.578821208525E0));
#2824=LINE('',#2823,#2822);
#2825=DIRECTION('',(0.E0,-1.E0,0.E0));
#2826=VECTOR('',#2825,1.E-1);
#2827=CARTESIAN_POINT('',(-2.526052517837E0,-1.15E0,1.533365894795E0));
#2828=LINE('',#2827,#2826);
#2829=DIRECTION('',(0.E0,-1.E0,0.E0));
#2830=VECTOR('',#2829,1.E-1);
#2831=CARTESIAN_POINT('',(-2.507804066364E0,-1.15E0,1.465182924200E0));
#2832=LINE('',#2831,#2830);
#2833=DIRECTION('',(0.E0,-1.E0,0.E0));
#2834=VECTOR('',#2833,1.E-1);
#2835=CARTESIAN_POINT('',(-2.453058816364E0,-1.15E0,1.419727610470E0));
#2836=LINE('',#2835,#2834);
#2837=DIRECTION('',(0.E0,-1.E0,0.E0));
#2838=VECTOR('',#2837,1.E-1);
#2839=CARTESIAN_POINT('',(-2.398313566364E0,-1.15E0,1.396999953605E0));
#2840=LINE('',#2839,#2838);
#2841=DIRECTION('',(0.E0,-1.E0,0.E0));
#2842=VECTOR('',#2841,1.E-1);
#2843=CARTESIAN_POINT('',(-2.288823066364E0,-1.15E0,1.396999953605E0));
#2844=LINE('',#2843,#2842);
#2845=DIRECTION('',(0.E0,-1.E0,0.E0));
#2846=VECTOR('',#2845,1.E-1);
#2847=CARTESIAN_POINT('',(-2.197581017837E0,-1.15E0,1.374272296739E0));
#2848=LINE('',#2847,#2846);
#2849=DIRECTION('',(0.E0,-1.E0,0.E0));
#2850=VECTOR('',#2849,1.E-1);
#2851=CARTESIAN_POINT('',(-2.124587316364E0,-1.15E0,1.328816983009E0));
#2852=LINE('',#2851,#2850);
#2853=DIRECTION('',(0.E0,-1.E0,0.E0));
#2854=VECTOR('',#2853,1.E-1);
#2855=CARTESIAN_POINT('',(-2.051593719310E0,-1.15E0,1.237906355549E0));
#2856=LINE('',#2855,#2854);
#2857=DIRECTION('',(0.E0,-1.E0,0.E0));
#2858=VECTOR('',#2857,1.E-1);
#2859=CARTESIAN_POINT('',(-2.015096816364E0,-1.15E0,1.146995696253E0));
#2860=LINE('',#2859,#2858);
#2861=DIRECTION('',(0.E0,-1.E0,0.E0));
#2862=VECTOR('',#2861,1.E-1);
#2863=CARTESIAN_POINT('',(-2.015096816364E0,-1.15E0,1.033357411928E0));
#2864=LINE('',#2863,#2862);
#2865=DIRECTION('',(0.E0,-1.E0,0.E0));
#2866=VECTOR('',#2865,1.E-1);
#2867=CARTESIAN_POINT('',(-2.051593719310E0,-1.15E0,9.424467685499E-1));
#2868=LINE('',#2867,#2866);
#2869=DIRECTION('',(0.E0,-1.E0,0.E0));
#2870=VECTOR('',#2869,1.E-1);
#2871=CARTESIAN_POINT('',(-2.124587316364E0,-1.15E0,8.515361331307E-1));
#2872=LINE('',#2871,#2870);
#2873=DIRECTION('',(0.E0,-1.E0,0.E0));
#2874=VECTOR('',#2873,1.E-1);
#2875=CARTESIAN_POINT('',(-2.197581017837E0,-1.15E0,8.060808134314E-1));
#2876=LINE('',#2875,#2874);
#2877=DIRECTION('',(0.E0,-1.E0,0.E0));
#2878=VECTOR('',#2877,1.E-1);
#2879=CARTESIAN_POINT('',(-2.288823066364E0,-1.15E0,7.833531545766E-1));
#2880=LINE('',#2879,#2878);
#2881=DIRECTION('',(0.E0,-1.E0,0.E0));
#2882=VECTOR('',#2881,1.E-1);
#2883=CARTESIAN_POINT('',(-2.434810469310E0,-1.15E0,7.833531545766E-1));
#2884=LINE('',#2883,#2882);
#2885=DIRECTION('',(0.E0,-1.E0,0.E0));
#2886=VECTOR('',#2885,1.E-1);
#2887=CARTESIAN_POINT('',(-2.526052517837E0,-1.15E0,8.060808134314E-1));
#2888=LINE('',#2887,#2886);
#2889=DIRECTION('',(0.E0,-1.E0,0.E0));
#2890=VECTOR('',#2889,1.E-1);
#2891=CARTESIAN_POINT('',(-2.617294566364E0,-1.15E0,8.742637899958E-1));
#2892=LINE('',#2891,#2890);
#2893=DIRECTION('',(0.E0,-1.E0,0.E0));
#2894=VECTOR('',#2893,1.E-1);
#2895=CARTESIAN_POINT('',(-2.672039816364E0,-1.15E0,9.879020981975E-1));
#2896=LINE('',#2895,#2894);
#2897=DIRECTION('',(0.E0,-1.E0,0.E0));
#2898=VECTOR('',#2897,1.E-1);
#2899=CARTESIAN_POINT('',(-2.690288267837E0,-1.15E0,1.078812725658E0));
#2900=LINE('',#2899,#2898);
#2901=DIRECTION('',(0.E0,-1.E0,0.E0));
#2902=VECTOR('',#2901,1.E-1);
#2903=CARTESIAN_POINT('',(-2.580797767837E0,-1.15E0,1.078812725658E0));
#2904=LINE('',#2903,#2902);
#2905=DIRECTION('',(0.E0,-1.E0,0.E0));
#2906=VECTOR('',#2905,1.E-1);
#2907=CARTESIAN_POINT('',(-2.562549316364E0,-1.15E0,1.010629755063E0));
#2908=LINE('',#2907,#2906);
#2909=DIRECTION('',(0.E0,-1.E0,0.E0));
#2910=VECTOR('',#2909,1.E-1);
#2911=CARTESIAN_POINT('',(-2.507804066364E0,-1.15E0,9.424467685499E-1));
#2912=LINE('',#2911,#2910);
#2913=DIRECTION('',(0.E0,-1.E0,0.E0));
#2914=VECTOR('',#2913,1.E-1);
#2915=CARTESIAN_POINT('',(-2.434810469310E0,-1.15E0,9.197191116848E-1));
#2916=LINE('',#2915,#2914);
#2917=DIRECTION('',(0.E0,-1.E0,0.E0));
#2918=VECTOR('',#2917,1.E-1);
#2919=CARTESIAN_POINT('',(-2.288823066364E0,-1.15E0,9.197191116848E-1));
#2920=LINE('',#2919,#2918);
#2921=DIRECTION('',(0.E0,-1.E0,0.E0));
#2922=VECTOR('',#2921,1.E-1);
#2923=CARTESIAN_POINT('',(-2.215829469310E0,-1.15E0,9.424467685499E-1));
#2924=LINE('',#2923,#2922);
#2925=DIRECTION('',(0.E0,-1.E0,0.E0));
#2926=VECTOR('',#2925,1.E-1);
#2927=CARTESIAN_POINT('',(-2.161084219310E0,-1.15E0,9.879020981975E-1));
#2928=LINE('',#2927,#2926);
#2929=DIRECTION('',(0.E0,-1.E0,0.E0));
#2930=VECTOR('',#2929,1.E-1);
#2931=CARTESIAN_POINT('',(-2.124587316364E0,-1.15E0,1.056085068793E0));
#2932=LINE('',#2931,#2930);
#2933=DIRECTION('',(0.E0,-1.E0,0.E0));
#2934=VECTOR('',#2933,1.E-1);
#2935=CARTESIAN_POINT('',(-2.124587316364E0,-1.15E0,1.124268039388E0));
#2936=LINE('',#2935,#2934);
#2937=DIRECTION('',(0.E0,-1.E0,0.E0));
#2938=VECTOR('',#2937,1.E-1);
#2939=CARTESIAN_POINT('',(-2.161084219310E0,-1.15E0,1.192451041818E0));
#2940=LINE('',#2939,#2938);
#2941=DIRECTION('',(0.E0,-1.E0,0.E0));
#2942=VECTOR('',#2941,1.E-1);
#2943=CARTESIAN_POINT('',(-2.215829469310E0,-1.15E0,1.237906355549E0));
#2944=LINE('',#2943,#2942);
#2945=DIRECTION('',(0.E0,-1.E0,0.E0));
#2946=VECTOR('',#2945,1.E-1);
#2947=CARTESIAN_POINT('',(-2.288823066364E0,-1.15E0,1.260634012414E0));
#2948=LINE('',#2947,#2946);
#2949=DIRECTION('',(0.E0,-1.E0,0.E0));
#2950=VECTOR('',#2949,1.E-1);
#2951=CARTESIAN_POINT('',(-2.398313566364E0,-1.15E0,1.260634012414E0));
#2952=LINE('',#2951,#2950);
#2953=DIRECTION('',(0.E0,-1.E0,0.E0));
#2954=VECTOR('',#2953,1.E-1);
#2955=CARTESIAN_POINT('',(-2.471307267837E0,-1.15E0,1.283361669279E0));
#2956=LINE('',#2955,#2954);
#2957=DIRECTION('',(0.E0,-1.E0,0.E0));
#2958=VECTOR('',#2957,1.E-1);
#2959=CARTESIAN_POINT('',(-2.544300969310E0,-1.15E0,1.328816983009E0));
#2960=LINE('',#2959,#2958);
#2961=DIRECTION('',(0.E0,-1.E0,0.E0));
#2962=VECTOR('',#2961,1.E-1);
#2963=CARTESIAN_POINT('',(-2.617294566364E0,-1.15E0,1.419727610470E0));
#2964=LINE('',#2963,#2962);
#2965=DIRECTION('',(0.E0,-1.E0,0.E0));
#2966=VECTOR('',#2965,1.E-1);
#2967=CARTESIAN_POINT('',(-2.635543017837E0,-1.15E0,1.510638237930E0));
#2968=LINE('',#2967,#2966);
#2969=DIRECTION('',(0.E0,-1.E0,0.E0));
#2970=VECTOR('',#2969,1.E-1);
#2971=CARTESIAN_POINT('',(-2.635543017837E0,-1.15E0,1.601548929060E0));
#2972=LINE('',#2971,#2970);
#2973=DIRECTION('',(0.E0,-1.E0,0.E0));
#2974=VECTOR('',#2973,1.E-1);
#2975=CARTESIAN_POINT('',(-2.617294566364E0,-1.15E0,1.692459556521E0));
#2976=LINE('',#2975,#2974);
#2977=DIRECTION('',(0.E0,-1.E0,0.E0));
#2978=VECTOR('',#2977,1.E-1);
#2979=CARTESIAN_POINT('',(-2.544300969310E0,-1.15E0,1.783370183981E0));
#2980=LINE('',#2979,#2978);
#2981=DIRECTION('',(0.E0,-1.E0,0.E0));
#2982=VECTOR('',#2981,1.E-1);
#2983=CARTESIAN_POINT('',(-2.471307267837E0,-1.15E0,1.828825497712E0));
#2984=LINE('',#2983,#2982);
#2985=DIRECTION('',(0.E0,-1.E0,0.E0));
#2986=VECTOR('',#2985,1.E-1);
#2987=CARTESIAN_POINT('',(-2.398313566364E0,-1.15E0,1.851553154577E0));
#2988=LINE('',#2987,#2986);
#2989=DIRECTION('',(0.E0,-1.E0,0.E0));
#2990=VECTOR('',#2989,1.E-1);
#2991=CARTESIAN_POINT('',(-2.307071517837E0,-1.15E0,1.851553154577E0));
#2992=LINE('',#2991,#2990);
#2993=DIRECTION('',(0.E0,-1.E0,0.E0));
#2994=VECTOR('',#2993,1.E-1);
#2995=CARTESIAN_POINT('',(-2.215829469310E0,-1.15E0,1.828825497712E0));
#2996=LINE('',#2995,#2994);
#2997=DIRECTION('',(0.E0,-1.E0,0.E0));
#2998=VECTOR('',#2997,1.E-1);
#2999=CARTESIAN_POINT('',(-2.142835767837E0,-1.15E0,1.760642527116E0));
#3000=LINE('',#2999,#2998);
#3001=DIRECTION('',(0.E0,-1.E0,0.E0));
#3002=VECTOR('',#3001,1.E-1);
#3003=CARTESIAN_POINT('',(-2.088090517837E0,-1.15E0,1.669731899656E0));
#3004=LINE('',#3003,#3002);
#3005=DIRECTION('',(0.E0,-1.E0,0.E0));
#3006=VECTOR('',#3005,1.E-1);
#3007=CARTESIAN_POINT('',(-2.069842066364E0,-1.15E0,1.601548929060E0));
#3008=LINE('',#3007,#3006);
#3009=DIRECTION('',(0.E0,-1.E0,0.E0));
#3010=VECTOR('',#3009,1.E-1);
#3011=CARTESIAN_POINT('',(-1.759619017837E0,-1.15E0,7.833531545766E-1));
#3012=LINE('',#3011,#3010);
#3013=DIRECTION('',(0.E0,-1.E0,0.E0));
#3014=VECTOR('',#3013,1.E-1);
#3015=CARTESIAN_POINT('',(-1.869109517837E0,-1.15E0,7.833531545766E-1));
#3016=LINE('',#3015,#3014);
#3017=DIRECTION('',(0.E0,-1.E0,0.E0));
#3018=VECTOR('',#3017,1.E-1);
#3019=CARTESIAN_POINT('',(-1.869109517837E0,-1.15E0,1.851553154577E0));
#3020=LINE('',#3019,#3018);
#3021=DIRECTION('',(0.E0,-1.E0,0.E0));
#3022=VECTOR('',#3021,1.E-1);
#3023=CARTESIAN_POINT('',(-1.759619017837E0,-1.15E0,1.851553154577E0));
#3024=LINE('',#3023,#3022);
#3025=DIRECTION('',(0.E0,-1.E0,0.E0));
#3026=VECTOR('',#3025,1.E-1);
#3027=CARTESIAN_POINT('',(-1.394650614892E0,-1.15E0,7.833531545766E-1));
#3028=LINE('',#3027,#3026);
#3029=DIRECTION('',(0.E0,-1.E0,0.E0));
#3030=VECTOR('',#3029,1.E-1);
#3031=CARTESIAN_POINT('',(-1.504141114892E0,-1.15E0,7.833531545766E-1));
#3032=LINE('',#3031,#3030);
#3033=DIRECTION('',(0.E0,-1.E0,0.E0));
#3034=VECTOR('',#3033,1.E-1);
#3035=CARTESIAN_POINT('',(-1.504141114892E0,-1.15E0,1.669731899656E0));
#3036=LINE('',#3035,#3034);
#3037=DIRECTION('',(0.E0,-1.E0,0.E0));
#3038=VECTOR('',#3037,1.E-1);
#3039=CARTESIAN_POINT('',(-1.613631614892E0,-1.15E0,1.510638237930E0));
#3040=LINE('',#3039,#3038);
#3041=DIRECTION('',(0.E0,-1.E0,0.E0));
#3042=VECTOR('',#3041,1.E-1);
#3043=CARTESIAN_POINT('',(-1.613631614892E0,-1.15E0,1.692459556521E0));
#3044=LINE('',#3043,#3042);
#3045=DIRECTION('',(0.E0,-1.E0,0.E0));
#3046=VECTOR('',#3045,1.E-1);
#3047=CARTESIAN_POINT('',(-1.504141114892E0,-1.15E0,1.851553154577E0));
#3048=LINE('',#3047,#3046);
#3049=DIRECTION('',(0.E0,-1.E0,0.E0));
#3050=VECTOR('',#3049,1.E-1);
#3051=CARTESIAN_POINT('',(-1.394650614892E0,-1.15E0,1.851553154577E0));
#3052=LINE('',#3051,#3050);
#3053=DIRECTION('',(0.E0,-1.E0,0.E0));
#3054=VECTOR('',#3053,1.E-1);
#3055=CARTESIAN_POINT('',(-1.248663420783E0,-1.15E0,1.419727610470E0));
#3056=LINE('',#3055,#3054);
#3057=DIRECTION('',(0.E0,-1.E0,0.E0));
#3058=VECTOR('',#3057,1.E-1);
#3059=CARTESIAN_POINT('',(-1.230414864892E0,-1.15E0,1.533365894795E0));
#3060=LINE('',#3059,#3058);
#3061=DIRECTION('',(0.E0,-1.E0,0.E0));
#3062=VECTOR('',#3061,1.E-1);
#3063=CARTESIAN_POINT('',(-1.212166517837E0,-1.15E0,1.601548929060E0));
#3064=LINE('',#3063,#3062);
#3065=DIRECTION('',(0.E0,-1.E0,0.E0));
#3066=VECTOR('',#3065,1.E-1);
#3067=CARTESIAN_POINT('',(-1.175669614892E0,-1.15E0,1.692459556521E0));
#3068=LINE('',#3067,#3066);
#3069=DIRECTION('',(0.E0,-1.E0,0.E0));
#3070=VECTOR('',#3069,1.E-1);
#3071=CARTESIAN_POINT('',(-1.120924364892E0,-1.15E0,1.760642527116E0));
#3072=LINE('',#3071,#3070);
#3073=DIRECTION('',(0.E0,-1.E0,0.E0));
#3074=VECTOR('',#3073,1.E-1);
#3075=CARTESIAN_POINT('',(-1.029682420783E0,-1.15E0,1.828825497712E0));
#3076=LINE('',#3075,#3074);
#3077=DIRECTION('',(0.E0,-1.E0,0.E0));
#3078=VECTOR('',#3077,1.E-1);
#3079=CARTESIAN_POINT('',(-9.201919207826E-1,-1.15E0,1.851553154577E0));
#3080=LINE('',#3079,#3078);
#3081=DIRECTION('',(0.E0,-1.E0,0.E0));
#3082=VECTOR('',#3081,1.E-1);
#3083=CARTESIAN_POINT('',(-8.107014207826E-1,-1.15E0,1.828825497712E0));
#3084=LINE('',#3083,#3082);
#3085=DIRECTION('',(0.E0,-1.E0,0.E0));
#3086=VECTOR('',#3085,1.E-1);
#3087=CARTESIAN_POINT('',(-7.194592678371E-1,-1.15E0,1.760642527116E0));
#3088=LINE('',#3087,#3086);
#3089=DIRECTION('',(0.E0,-1.E0,0.E0));
#3090=VECTOR('',#3089,1.E-1);
#3091=CARTESIAN_POINT('',(-6.647140178371E-1,-1.15E0,1.692459556521E0));
#3092=LINE('',#3091,#3090);
#3093=DIRECTION('',(0.E0,-1.E0,0.E0));
#3094=VECTOR('',#3093,1.E-1);
#3095=CARTESIAN_POINT('',(-6.282171148916E-1,-1.15E0,1.601548929060E0));
#3096=LINE('',#3095,#3094);
#3097=DIRECTION('',(0.E0,-1.E0,0.E0));
#3098=VECTOR('',#3097,1.E-1);
#3099=CARTESIAN_POINT('',(-6.099687678371E-1,-1.15E0,1.533365894795E0));
#3100=LINE('',#3099,#3098);
#3101=DIRECTION('',(0.E0,-1.E0,0.E0));
#3102=VECTOR('',#3101,1.E-1);
#3103=CARTESIAN_POINT('',(-5.917204207826E-1,-1.15E0,1.419727610470E0));
#3104=LINE('',#3103,#3102);
#3105=DIRECTION('',(0.E0,-1.E0,0.E0));
#3106=VECTOR('',#3105,1.E-1);
#3107=CARTESIAN_POINT('',(-5.917204207826E-1,-1.15E0,1.215178698684E0));
#3108=LINE('',#3107,#3106);
#3109=DIRECTION('',(0.E0,-1.E0,0.E0));
#3110=VECTOR('',#3109,1.E-1);
#3111=CARTESIAN_POINT('',(-6.099687678371E-1,-1.15E0,1.101540382523E0));
#3112=LINE('',#3111,#3110);
#3113=DIRECTION('',(0.E0,-1.E0,0.E0));
#3114=VECTOR('',#3113,1.E-1);
#3115=CARTESIAN_POINT('',(-6.282171148916E-1,-1.15E0,1.033357411928E0));
#3116=LINE('',#3115,#3114);
#3117=DIRECTION('',(0.E0,-1.E0,0.E0));
#3118=VECTOR('',#3117,1.E-1);
#3119=CARTESIAN_POINT('',(-6.647140178371E-1,-1.15E0,9.424467685499E-1));
#3120=LINE('',#3119,#3118);
#3121=DIRECTION('',(0.E0,-1.E0,0.E0));
#3122=VECTOR('',#3121,1.E-1);
#3123=CARTESIAN_POINT('',(-7.194592678371E-1,-1.15E0,8.742637899958E-1));
#3124=LINE('',#3123,#3122);
#3125=DIRECTION('',(0.E0,-1.E0,0.E0));
#3126=VECTOR('',#3125,1.E-1);
#3127=CARTESIAN_POINT('',(-8.107014207826E-1,-1.15E0,8.060808134314E-1));
#3128=LINE('',#3127,#3126);
#3129=DIRECTION('',(0.E0,-1.E0,0.E0));
#3130=VECTOR('',#3129,1.E-1);
#3131=CARTESIAN_POINT('',(-9.201919207826E-1,-1.15E0,7.833531545766E-1));
#3132=LINE('',#3131,#3130);
#3133=DIRECTION('',(0.E0,-1.E0,0.E0));
#3134=VECTOR('',#3133,1.E-1);
#3135=CARTESIAN_POINT('',(-1.029682420783E0,-1.15E0,8.060808134314E-1));
#3136=LINE('',#3135,#3134);
#3137=DIRECTION('',(0.E0,-1.E0,0.E0));
#3138=VECTOR('',#3137,1.E-1);
#3139=CARTESIAN_POINT('',(-1.120924364892E0,-1.15E0,8.742637899958E-1));
#3140=LINE('',#3139,#3138);
#3141=DIRECTION('',(0.E0,-1.E0,0.E0));
#3142=VECTOR('',#3141,1.E-1);
#3143=CARTESIAN_POINT('',(-1.175669614892E0,-1.15E0,9.424467685499E-1));
#3144=LINE('',#3143,#3142);
#3145=DIRECTION('',(0.E0,-1.E0,0.E0));
#3146=VECTOR('',#3145,1.E-1);
#3147=CARTESIAN_POINT('',(-1.212166517837E0,-1.15E0,1.033357411928E0));
#3148=LINE('',#3147,#3146);
#3149=DIRECTION('',(0.E0,-1.E0,0.E0));
#3150=VECTOR('',#3149,1.E-1);
#3151=CARTESIAN_POINT('',(-1.230414864892E0,-1.15E0,1.101540382523E0));
#3152=LINE('',#3151,#3150);
#3153=DIRECTION('',(0.E0,-1.E0,0.E0));
#3154=VECTOR('',#3153,1.E-1);
#3155=CARTESIAN_POINT('',(-1.248663420783E0,-1.15E0,1.215178698684E0));
#3156=LINE('',#3155,#3154);
#3157=DIRECTION('',(0.E0,-1.E0,0.E0));
#3158=VECTOR('',#3157,1.E-1);
#3159=CARTESIAN_POINT('',(-1.157421267837E0,-1.15E0,1.396999953605E0));
#3160=LINE('',#3159,#3158);
#3161=DIRECTION('',(0.E0,-1.E0,0.E0));
#3162=VECTOR('',#3161,1.E-1);
#3163=CARTESIAN_POINT('',(-1.157421267837E0,-1.15E0,1.237906355549E0));
#3164=LINE('',#3163,#3162);
#3165=DIRECTION('',(0.E0,-1.E0,0.E0));
#3166=VECTOR('',#3165,1.E-1);
#3167=CARTESIAN_POINT('',(-1.139172920783E0,-1.15E0,1.101540382523E0));
#3168=LINE('',#3167,#3166);
#3169=DIRECTION('',(0.E0,-1.E0,0.E0));
#3170=VECTOR('',#3169,1.E-1);
#3171=CARTESIAN_POINT('',(-1.066179114892E0,-1.15E0,9.651744254150E-1));
#3172=LINE('',#3171,#3170);
#3173=DIRECTION('',(0.E0,-1.E0,0.E0));
#3174=VECTOR('',#3173,1.E-1);
#3175=CARTESIAN_POINT('',(-1.011433864892E0,-1.15E0,9.197191116848E-1));
#3176=LINE('',#3175,#3174);
#3177=DIRECTION('',(0.E0,-1.E0,0.E0));
#3178=VECTOR('',#3177,1.E-1);
#3179=CARTESIAN_POINT('',(-9.201919207826E-1,-1.15E0,8.969914548196E-1));
#3180=LINE('',#3179,#3178);
#3181=DIRECTION('',(0.E0,-1.E0,0.E0));
#3182=VECTOR('',#3181,1.E-1);
#3183=CARTESIAN_POINT('',(-8.289497678371E-1,-1.15E0,9.197191116848E-1));
#3184=LINE('',#3183,#3182);
#3185=DIRECTION('',(0.E0,-1.E0,0.E0));
#3186=VECTOR('',#3185,1.E-1);
#3187=CARTESIAN_POINT('',(-7.742045178371E-1,-1.15E0,9.651744254150E-1));
#3188=LINE('',#3187,#3186);
#3189=DIRECTION('',(0.E0,-1.E0,0.E0));
#3190=VECTOR('',#3189,1.E-1);
#3191=CARTESIAN_POINT('',(-7.012109207826E-1,-1.15E0,1.101540382523E0));
#3192=LINE('',#3191,#3190);
#3193=DIRECTION('',(0.E0,-1.E0,0.E0));
#3194=VECTOR('',#3193,1.E-1);
#3195=CARTESIAN_POINT('',(-6.829623648916E-1,-1.15E0,1.237906355549E0));
#3196=LINE('',#3195,#3194);
#3197=DIRECTION('',(0.E0,-1.E0,0.E0));
#3198=VECTOR('',#3197,1.E-1);
#3199=CARTESIAN_POINT('',(-6.829623648916E-1,-1.15E0,1.396999953605E0));
#3200=LINE('',#3199,#3198);
#3201=DIRECTION('',(0.E0,-1.E0,0.E0));
#3202=VECTOR('',#3201,1.E-1);
#3203=CARTESIAN_POINT('',(-7.012109207826E-1,-1.15E0,1.533365894795E0));
#3204=LINE('',#3203,#3202);
#3205=DIRECTION('',(0.E0,-1.E0,0.E0));
#3206=VECTOR('',#3205,1.E-1);
#3207=CARTESIAN_POINT('',(-7.742045178371E-1,-1.15E0,1.669731899656E0));
#3208=LINE('',#3207,#3206);
#3209=DIRECTION('',(0.E0,-1.E0,0.E0));
#3210=VECTOR('',#3209,1.E-1);
#3211=CARTESIAN_POINT('',(-8.289497678371E-1,-1.15E0,1.715187213386E0));
#3212=LINE('',#3211,#3210);
#3213=DIRECTION('',(0.E0,-1.E0,0.E0));
#3214=VECTOR('',#3213,1.E-1);
#3215=CARTESIAN_POINT('',(-9.201919207826E-1,-1.15E0,1.737914870251E0));
#3216=LINE('',#3215,#3214);
#3217=DIRECTION('',(0.E0,-1.E0,0.E0));
#3218=VECTOR('',#3217,1.E-1);
#3219=CARTESIAN_POINT('',(-1.011433864892E0,-1.15E0,1.715187213386E0));
#3220=LINE('',#3219,#3218);
#3221=DIRECTION('',(0.E0,-1.E0,0.E0));
#3222=VECTOR('',#3221,1.E-1);
#3223=CARTESIAN_POINT('',(-1.066179114892E0,-1.15E0,1.669731899656E0));
#3224=LINE('',#3223,#3222);
#3225=DIRECTION('',(0.E0,-1.E0,0.E0));
#3226=VECTOR('',#3225,1.E-1);
#3227=CARTESIAN_POINT('',(-1.139172920783E0,-1.15E0,1.533365894795E0));
#3228=LINE('',#3227,#3226);
#3229=DIRECTION('',(0.E0,-1.E0,0.E0));
#3230=VECTOR('',#3229,1.E-1);
#3231=CARTESIAN_POINT('',(-3.362425178371E-1,-1.15E0,7.833531545766E-1));
#3232=LINE('',#3231,#3230);
#3233=DIRECTION('',(0.E0,-1.E0,0.E0));
#3234=VECTOR('',#3233,1.E-1);
#3235=CARTESIAN_POINT('',(-4.457330178371E-1,-1.15E0,7.833531545766E-1));
#3236=LINE('',#3235,#3234);
#3237=DIRECTION('',(0.E0,-1.E0,0.E0));
#3238=VECTOR('',#3237,1.E-1);
#3239=CARTESIAN_POINT('',(-4.457330178371E-1,-1.15E0,1.851553154577E0));
#3240=LINE('',#3239,#3238);
#3241=DIRECTION('',(0.E0,-1.E0,0.E0));
#3242=VECTOR('',#3241,1.E-1);
#3243=CARTESIAN_POINT('',(-3.362425178371E-1,-1.15E0,1.851553154577E0));
#3244=LINE('',#3243,#3242);
#3245=DIRECTION('',(0.E0,-1.E0,0.E0));
#3246=VECTOR('',#3245,1.E-1);
#3247=CARTESIAN_POINT('',(-3.362425178371E-1,-1.15E0,1.328816983009E0));
#3248=LINE('',#3247,#3246);
#3249=DIRECTION('',(0.E0,-1.E0,0.E0));
#3250=VECTOR('',#3249,1.E-1);
#3251=CARTESIAN_POINT('',(6.522278805396E-2,-1.15E0,1.851553154577E0));
#3252=LINE('',#3251,#3250);
#3253=DIRECTION('',(0.E0,-1.E0,0.E0));
#3254=VECTOR('',#3253,1.E-1);
#3255=CARTESIAN_POINT('',(2.112099821629E-1,-1.15E0,1.851553154577E0));
#3256=LINE('',#3255,#3254);
#3257=DIRECTION('',(0.E0,-1.E0,0.E0));
#3258=VECTOR('',#3257,1.E-1);
#3259=CARTESIAN_POINT('',(-1.172615178371E-1,-1.15E0,1.419727610470E0));
#3260=LINE('',#3259,#3258);
#3261=DIRECTION('',(0.E0,-1.E0,0.E0));
#3262=VECTOR('',#3261,1.E-1);
#3263=CARTESIAN_POINT('',(2.112099821629E-1,-1.15E0,7.833531545766E-1));
#3264=LINE('',#3263,#3262);
#3265=DIRECTION('',(0.E0,-1.E0,0.E0));
#3266=VECTOR('',#3265,1.E-1);
#3267=CARTESIAN_POINT('',(6.522278805396E-2,-1.15E0,7.833531545766E-1));
#3268=LINE('',#3267,#3266);
#3269=DIRECTION('',(0.E0,-1.E0,0.E0));
#3270=VECTOR('',#3269,1.E-1);
#3271=CARTESIAN_POINT('',(-2.085036707826E-1,-1.15E0,1.306089326144E0));
#3272=LINE('',#3271,#3270);
#3273=DIRECTION('',(0.E0,-1.E0,0.E0));
#3274=VECTOR('',#3273,1.E-1);
#3275=CARTESIAN_POINT('',(-3.362425178371E-1,-1.15E0,1.146995696253E0));
#3276=LINE('',#3275,#3274);
#3277=DIRECTION('',(0.E0,-1.E0,0.E0));
#3278=VECTOR('',#3277,1.E-1);
#3279=CARTESIAN_POINT('',(6.491719821629E-1,-1.15E0,1.851553154577E0));
#3280=LINE('',#3279,#3278);
#3281=DIRECTION('',(0.E0,-1.E0,0.E0));
#3282=VECTOR('',#3281,1.E-1);
#3283=CARTESIAN_POINT('',(7.951591762719E-1,-1.15E0,1.851553154577E0));
#3284=LINE('',#3283,#3282);
#3285=DIRECTION('',(0.E0,-1.E0,0.E0));
#3286=VECTOR('',#3285,1.E-1);
#3287=CARTESIAN_POINT('',(8.864015380540E-1,-1.15E0,1.828825497712E0));
#3288=LINE('',#3287,#3286);
#3289=DIRECTION('',(0.E0,-1.E0,0.E0));
#3290=VECTOR('',#3289,1.E-1);
#3291=CARTESIAN_POINT('',(9.593949262719E-1,-1.15E0,1.783370183981E0));
#3292=LINE('',#3291,#3290);
#3293=DIRECTION('',(0.E0,-1.E0,0.E0));
#3294=VECTOR('',#3293,1.E-1);
#3295=CARTESIAN_POINT('',(1.032388732163E0,-1.15E0,1.692459556521E0));
#3296=LINE('',#3295,#3294);
#3297=DIRECTION('',(0.E0,-1.E0,0.E0));
#3298=VECTOR('',#3297,1.E-1);
#3299=CARTESIAN_POINT('',(1.068885426272E0,-1.15E0,1.601548929060E0));
#3300=LINE('',#3299,#3298);
#3301=DIRECTION('',(0.E0,-1.E0,0.E0));
#3302=VECTOR('',#3301,1.E-1);
#3303=CARTESIAN_POINT('',(1.087133982163E0,-1.15E0,1.487910581065E0));
#3304=LINE('',#3303,#3302);
#3305=DIRECTION('',(0.E0,-1.E0,0.E0));
#3306=VECTOR('',#3305,1.E-1);
#3307=CARTESIAN_POINT('',(1.087133982163E0,-1.15E0,1.146995696253E0));
#3308=LINE('',#3307,#3306);
#3309=DIRECTION('',(0.E0,-1.E0,0.E0));
#3310=VECTOR('',#3309,1.E-1);
#3311=CARTESIAN_POINT('',(1.068885426272E0,-1.15E0,1.033357411928E0));
#3312=LINE('',#3311,#3310);
#3313=DIRECTION('',(0.E0,-1.E0,0.E0));
#3314=VECTOR('',#3313,1.E-1);
#3315=CARTESIAN_POINT('',(1.032388732163E0,-1.15E0,9.424467685499E-1));
#3316=LINE('',#3315,#3314);
#3317=DIRECTION('',(0.E0,-1.E0,0.E0));
#3318=VECTOR('',#3317,1.E-1);
#3319=CARTESIAN_POINT('',(9.593949262719E-1,-1.15E0,8.515361331307E-1));
#3320=LINE('',#3319,#3318);
#3321=DIRECTION('',(0.E0,-1.E0,0.E0));
#3322=VECTOR('',#3321,1.E-1);
#3323=CARTESIAN_POINT('',(8.864015380540E-1,-1.15E0,8.060808134314E-1));
#3324=LINE('',#3323,#3322);
#3325=DIRECTION('',(0.E0,-1.E0,0.E0));
#3326=VECTOR('',#3325,1.E-1);
#3327=CARTESIAN_POINT('',(7.951591762719E-1,-1.15E0,7.833531545766E-1));
#3328=LINE('',#3327,#3326);
#3329=DIRECTION('',(0.E0,-1.E0,0.E0));
#3330=VECTOR('',#3329,1.E-1);
#3331=CARTESIAN_POINT('',(6.491719821629E-1,-1.15E0,7.833531545766E-1));
#3332=LINE('',#3331,#3330);
#3333=DIRECTION('',(0.E0,-1.E0,0.E0));
#3334=VECTOR('',#3333,1.E-1);
#3335=CARTESIAN_POINT('',(5.579300380540E-1,-1.15E0,8.060808134314E-1));
#3336=LINE('',#3335,#3334);
#3337=DIRECTION('',(0.E0,-1.E0,0.E0));
#3338=VECTOR('',#3337,1.E-1);
#3339=CARTESIAN_POINT('',(4.849362321629E-1,-1.15E0,8.515361331307E-1));
#3340=LINE('',#3339,#3338);
#3341=DIRECTION('',(0.E0,-1.E0,0.E0));
#3342=VECTOR('',#3341,1.E-1);
#3343=CARTESIAN_POINT('',(4.119424262719E-1,-1.15E0,9.424467685499E-1));
#3344=LINE('',#3343,#3342);
#3345=DIRECTION('',(0.E0,-1.E0,0.E0));
#3346=VECTOR('',#3345,1.E-1);
#3347=CARTESIAN_POINT('',(3.754457321629E-1,-1.15E0,1.033357411928E0));
#3348=LINE('',#3347,#3346);
#3349=DIRECTION('',(0.E0,-1.E0,0.E0));
#3350=VECTOR('',#3349,1.E-1);
#3351=CARTESIAN_POINT('',(3.571971762719E-1,-1.15E0,1.146995696253E0));
#3352=LINE('',#3351,#3350);
#3353=DIRECTION('',(0.E0,-1.E0,0.E0));
#3354=VECTOR('',#3353,1.E-1);
#3355=CARTESIAN_POINT('',(3.571971762719E-1,-1.15E0,1.487910581065E0));
#3356=LINE('',#3355,#3354);
#3357=DIRECTION('',(0.E0,-1.E0,0.E0));
#3358=VECTOR('',#3357,1.E-1);
#3359=CARTESIAN_POINT('',(3.754457321629E-1,-1.15E0,1.601548929060E0));
#3360=LINE('',#3359,#3358);
#3361=DIRECTION('',(0.E0,-1.E0,0.E0));
#3362=VECTOR('',#3361,1.E-1);
#3363=CARTESIAN_POINT('',(4.119424262719E-1,-1.15E0,1.692459556521E0));
#3364=LINE('',#3363,#3362);
#3365=DIRECTION('',(0.E0,-1.E0,0.E0));
#3366=VECTOR('',#3365,1.E-1);
#3367=CARTESIAN_POINT('',(4.849362321629E-1,-1.15E0,1.783370183981E0));
#3368=LINE('',#3367,#3366);
#3369=DIRECTION('',(0.E0,-1.E0,0.E0));
#3370=VECTOR('',#3369,1.E-1);
#3371=CARTESIAN_POINT('',(5.579300380540E-1,-1.15E0,1.828825497712E0));
#3372=LINE('',#3371,#3370);
#3373=DIRECTION('',(0.E0,-1.E0,0.E0));
#3374=VECTOR('',#3373,1.E-1);
#3375=CARTESIAN_POINT('',(6.491719821629E-1,-1.15E0,1.715187213386E0));
#3376=LINE('',#3375,#3374);
#3377=DIRECTION('',(0.E0,-1.E0,0.E0));
#3378=VECTOR('',#3377,1.E-1);
#3379=CARTESIAN_POINT('',(5.761781762719E-1,-1.15E0,1.692459556521E0));
#3380=LINE('',#3379,#3378);
#3381=DIRECTION('',(0.E0,-1.E0,0.E0));
#3382=VECTOR('',#3381,1.E-1);
#3383=CARTESIAN_POINT('',(5.214329262719E-1,-1.15E0,1.647004242791E0));
#3384=LINE('',#3383,#3382);
#3385=DIRECTION('',(0.E0,-1.E0,0.E0));
#3386=VECTOR('',#3385,1.E-1);
#3387=CARTESIAN_POINT('',(4.849362321629E-1,-1.15E0,1.578821208525E0));
#3388=LINE('',#3387,#3386);
#3389=DIRECTION('',(0.E0,-1.E0,0.E0));
#3390=VECTOR('',#3389,1.E-1);
#3391=CARTESIAN_POINT('',(4.666876762719E-1,-1.15E0,1.487910581065E0));
#3392=LINE('',#3391,#3390);
#3393=DIRECTION('',(0.E0,-1.E0,0.E0));
#3394=VECTOR('',#3393,1.E-1);
#3395=CARTESIAN_POINT('',(4.666876762719E-1,-1.15E0,1.146995696253E0));
#3396=LINE('',#3395,#3394);
#3397=DIRECTION('',(0.E0,-1.E0,0.E0));
#3398=VECTOR('',#3397,1.E-1);
#3399=CARTESIAN_POINT('',(4.849362321629E-1,-1.15E0,1.056085068793E0));
#3400=LINE('',#3399,#3398);
#3401=DIRECTION('',(0.E0,-1.E0,0.E0));
#3402=VECTOR('',#3401,1.E-1);
#3403=CARTESIAN_POINT('',(5.214329262719E-1,-1.15E0,9.879020981975E-1));
#3404=LINE('',#3403,#3402);
#3405=DIRECTION('',(0.E0,-1.E0,0.E0));
#3406=VECTOR('',#3405,1.E-1);
#3407=CARTESIAN_POINT('',(5.761781762719E-1,-1.15E0,9.424467685499E-1));
#3408=LINE('',#3407,#3406);
#3409=DIRECTION('',(0.E0,-1.E0,0.E0));
#3410=VECTOR('',#3409,1.E-1);
#3411=CARTESIAN_POINT('',(6.491719821629E-1,-1.15E0,9.197191116848E-1));
#3412=LINE('',#3411,#3410);
#3413=DIRECTION('',(0.E0,-1.E0,0.E0));
#3414=VECTOR('',#3413,1.E-1);
#3415=CARTESIAN_POINT('',(7.951591762719E-1,-1.15E0,9.197191116848E-1));
#3416=LINE('',#3415,#3414);
#3417=DIRECTION('',(0.E0,-1.E0,0.E0));
#3418=VECTOR('',#3417,1.E-1);
#3419=CARTESIAN_POINT('',(8.681529821629E-1,-1.15E0,9.424467685499E-1));
#3420=LINE('',#3419,#3418);
#3421=DIRECTION('',(0.E0,-1.E0,0.E0));
#3422=VECTOR('',#3421,1.E-1);
#3423=CARTESIAN_POINT('',(9.228982321629E-1,-1.15E0,9.879020981975E-1));
#3424=LINE('',#3423,#3422);
#3425=DIRECTION('',(0.E0,-1.E0,0.E0));
#3426=VECTOR('',#3425,1.E-1);
#3427=CARTESIAN_POINT('',(9.593949262719E-1,-1.15E0,1.056085068793E0));
#3428=LINE('',#3427,#3426);
#3429=DIRECTION('',(0.E0,-1.E0,0.E0));
#3430=VECTOR('',#3429,1.E-1);
#3431=CARTESIAN_POINT('',(9.776434821629E-1,-1.15E0,1.146995696253E0));
#3432=LINE('',#3431,#3430);
#3433=DIRECTION('',(0.E0,-1.E0,0.E0));
#3434=VECTOR('',#3433,1.E-1);
#3435=CARTESIAN_POINT('',(9.776434821629E-1,-1.15E0,1.487910581065E0));
#3436=LINE('',#3435,#3434);
#3437=DIRECTION('',(0.E0,-1.E0,0.E0));
#3438=VECTOR('',#3437,1.E-1);
#3439=CARTESIAN_POINT('',(9.593949262719E-1,-1.15E0,1.578821208525E0));
#3440=LINE('',#3439,#3438);
#3441=DIRECTION('',(0.E0,-1.E0,0.E0));
#3442=VECTOR('',#3441,1.E-1);
#3443=CARTESIAN_POINT('',(9.228982321629E-1,-1.15E0,1.647004242791E0));
#3444=LINE('',#3443,#3442);
#3445=DIRECTION('',(0.E0,-1.E0,0.E0));
#3446=VECTOR('',#3445,1.E-1);
#3447=CARTESIAN_POINT('',(8.681529821629E-1,-1.15E0,1.692459556521E0));
#3448=LINE('',#3447,#3446);
#3449=DIRECTION('',(0.E0,-1.E0,0.E0));
#3450=VECTOR('',#3449,1.E-1);
#3451=CARTESIAN_POINT('',(7.951591762719E-1,-1.15E0,1.715187213386E0));
#3452=LINE('',#3451,#3450);
#3453=DIRECTION('',(0.E0,-1.E0,0.E0));
#3454=VECTOR('',#3453,1.E-1);
#3455=CARTESIAN_POINT('',(1.342611676272E0,-1.15E0,1.260634012414E0));
#3456=LINE('',#3455,#3454);
#3457=DIRECTION('',(0.E0,-1.E0,0.E0));
#3458=VECTOR('',#3457,1.E-1);
#3459=CARTESIAN_POINT('',(1.342611676272E0,-1.15E0,7.833531545766E-1));
#3460=LINE('',#3459,#3458);
#3461=DIRECTION('',(0.E0,-1.E0,0.E0));
#3462=VECTOR('',#3461,1.E-1);
#3463=CARTESIAN_POINT('',(1.233121176272E0,-1.15E0,7.833531545766E-1));
#3464=LINE('',#3463,#3462);
#3465=DIRECTION('',(0.E0,-1.E0,0.E0));
#3466=VECTOR('',#3465,1.E-1);
#3467=CARTESIAN_POINT('',(1.233121176272E0,-1.15E0,1.851553154577E0));
#3468=LINE('',#3467,#3466);
#3469=DIRECTION('',(0.E0,-1.E0,0.E0));
#3470=VECTOR('',#3469,1.E-1);
#3471=CARTESIAN_POINT('',(1.671083176272E0,-1.15E0,1.851553154577E0));
#3472=LINE('',#3471,#3470);
#3473=DIRECTION('',(0.E0,-1.E0,0.E0));
#3474=VECTOR('',#3473,1.E-1);
#3475=CARTESIAN_POINT('',(1.762325538054E0,-1.15E0,1.828825497712E0));
#3476=LINE('',#3475,#3474);
#3477=DIRECTION('',(0.E0,-1.E0,0.E0));
#3478=VECTOR('',#3477,1.E-1);
#3479=CARTESIAN_POINT('',(1.835318926272E0,-1.15E0,1.760642527116E0));
#3480=LINE('',#3479,#3478);
#3481=DIRECTION('',(0.E0,-1.E0,0.E0));
#3482=VECTOR('',#3481,1.E-1);
#3483=CARTESIAN_POINT('',(1.890064176272E0,-1.15E0,1.669731899656E0));
#3484=LINE('',#3483,#3482);
#3485=DIRECTION('',(0.E0,-1.E0,0.E0));
#3486=VECTOR('',#3485,1.E-1);
#3487=CARTESIAN_POINT('',(1.908312732163E0,-1.15E0,1.601548929060E0));
#3488=LINE('',#3487,#3486);
#3489=DIRECTION('',(0.E0,-1.E0,0.E0));
#3490=VECTOR('',#3489,1.E-1);
#3491=CARTESIAN_POINT('',(1.908312732163E0,-1.15E0,1.510638237930E0));
#3492=LINE('',#3491,#3490);
#3493=DIRECTION('',(0.E0,-1.E0,0.E0));
#3494=VECTOR('',#3493,1.E-1);
#3495=CARTESIAN_POINT('',(1.890064176272E0,-1.15E0,1.442455267335E0));
#3496=LINE('',#3495,#3494);
#3497=DIRECTION('',(0.E0,-1.E0,0.E0));
#3498=VECTOR('',#3497,1.E-1);
#3499=CARTESIAN_POINT('',(1.835318926272E0,-1.15E0,1.351544639874E0));
#3500=LINE('',#3499,#3498);
#3501=DIRECTION('',(0.E0,-1.E0,0.E0));
#3502=VECTOR('',#3501,1.E-1);
#3503=CARTESIAN_POINT('',(1.762325538054E0,-1.15E0,1.306089326144E0));
#3504=LINE('',#3503,#3502);
#3505=DIRECTION('',(0.E0,-1.E0,0.E0));
#3506=VECTOR('',#3505,1.E-1);
#3507=CARTESIAN_POINT('',(1.926561288054E0,-1.15E0,7.833531545766E-1));
#3508=LINE('',#3507,#3506);
#3509=DIRECTION('',(0.E0,-1.E0,0.E0));
#3510=VECTOR('',#3509,1.E-1);
#3511=CARTESIAN_POINT('',(1.798822232163E0,-1.15E0,7.833531545766E-1));
#3512=LINE('',#3511,#3510);
#3513=DIRECTION('',(0.E0,-1.E0,0.E0));
#3514=VECTOR('',#3513,1.E-1);
#3515=CARTESIAN_POINT('',(1.652835038054E0,-1.15E0,1.260634012414E0));
#3516=LINE('',#3515,#3514);
#3517=DIRECTION('',(0.E0,-1.E0,0.E0));
#3518=VECTOR('',#3517,1.E-1);
#3519=CARTESIAN_POINT('',(1.689331732163E0,-1.15E0,1.396999953605E0));
#3520=LINE('',#3519,#3518);
#3521=DIRECTION('',(0.E0,-1.E0,0.E0));
#3522=VECTOR('',#3521,1.E-1);
#3523=CARTESIAN_POINT('',(1.744076982163E0,-1.15E0,1.419727610470E0));
#3524=LINE('',#3523,#3522);
#3525=DIRECTION('',(0.E0,-1.E0,0.E0));
#3526=VECTOR('',#3525,1.E-1);
#3527=CARTESIAN_POINT('',(1.780573676272E0,-1.15E0,1.465182924200E0));
#3528=LINE('',#3527,#3526);
#3529=DIRECTION('',(0.E0,-1.E0,0.E0));
#3530=VECTOR('',#3529,1.E-1);
#3531=CARTESIAN_POINT('',(1.798822232163E0,-1.15E0,1.533365894795E0));
#3532=LINE('',#3531,#3530);
#3533=DIRECTION('',(0.E0,-1.E0,0.E0));
#3534=VECTOR('',#3533,1.E-1);
#3535=CARTESIAN_POINT('',(1.798822232163E0,-1.15E0,1.601548929060E0));
#3536=LINE('',#3535,#3534);
#3537=DIRECTION('',(0.E0,-1.E0,0.E0));
#3538=VECTOR('',#3537,1.E-1);
#3539=CARTESIAN_POINT('',(1.780573676272E0,-1.15E0,1.669731899656E0));
#3540=LINE('',#3539,#3538);
#3541=DIRECTION('',(0.E0,-1.E0,0.E0));
#3542=VECTOR('',#3541,1.E-1);
#3543=CARTESIAN_POINT('',(1.744076982163E0,-1.15E0,1.715187213386E0));
#3544=LINE('',#3543,#3542);
#3545=DIRECTION('',(0.E0,-1.E0,0.E0));
#3546=VECTOR('',#3545,1.E-1);
#3547=CARTESIAN_POINT('',(1.689331732163E0,-1.15E0,1.737914870251E0));
#3548=LINE('',#3547,#3546);
#3549=DIRECTION('',(0.E0,-1.E0,0.E0));
#3550=VECTOR('',#3549,1.E-1);
#3551=CARTESIAN_POINT('',(1.342611676272E0,-1.15E0,1.737914870251E0));
#3552=LINE('',#3551,#3550);
#3553=DIRECTION('',(0.E0,-1.E0,0.E0));
#3554=VECTOR('',#3553,1.E-1);
#3555=CARTESIAN_POINT('',(1.342611676272E0,-1.15E0,1.396999953605E0));
#3556=LINE('',#3555,#3554);
#3557=DIRECTION('',(0.E0,-1.E0,0.E0));
#3558=VECTOR('',#3557,1.E-1);
#3559=CARTESIAN_POINT('',(2.729491482163E0,-1.15E0,9.197191116848E-1));
#3560=LINE('',#3559,#3558);
#3561=DIRECTION('',(0.E0,-1.E0,0.E0));
#3562=VECTOR('',#3561,1.E-1);
#3563=CARTESIAN_POINT('',(2.729491482163E0,-1.15E0,7.833531545766E-1));
#3564=LINE('',#3563,#3562);
#3565=DIRECTION('',(0.E0,-1.E0,0.E0));
#3566=VECTOR('',#3565,1.E-1);
#3567=CARTESIAN_POINT('',(2.072548482163E0,-1.15E0,7.833531545766E-1));
#3568=LINE('',#3567,#3566);
#3569=DIRECTION('',(0.E0,-1.E0,0.E0));
#3570=VECTOR('',#3569,1.E-1);
#3571=CARTESIAN_POINT('',(2.072548482163E0,-1.15E0,1.851553154577E0));
#3572=LINE('',#3571,#3570);
#3573=DIRECTION('',(0.E0,-1.E0,0.E0));
#3574=VECTOR('',#3573,1.E-1);
#3575=CARTESIAN_POINT('',(2.729491482163E0,-1.15E0,1.851553154577E0));
#3576=LINE('',#3575,#3574);
#3577=DIRECTION('',(0.E0,-1.E0,0.E0));
#3578=VECTOR('',#3577,1.E-1);
#3579=CARTESIAN_POINT('',(2.729491482163E0,-1.15E0,1.715187213386E0));
#3580=LINE('',#3579,#3578);
#3581=DIRECTION('',(0.E0,-1.E0,0.E0));
#3582=VECTOR('',#3581,1.E-1);
#3583=CARTESIAN_POINT('',(2.182038982163E0,-1.15E0,1.715187213386E0));
#3584=LINE('',#3583,#3582);
#3585=DIRECTION('',(0.E0,-1.E0,0.E0));
#3586=VECTOR('',#3585,1.E-1);
#3587=CARTESIAN_POINT('',(2.182038982163E0,-1.15E0,1.419727610470E0));
#3588=LINE('',#3587,#3586);
#3589=DIRECTION('',(0.E0,-1.E0,0.E0));
#3590=VECTOR('',#3589,1.E-1);
#3591=CARTESIAN_POINT('',(2.656497676272E0,-1.15E0,1.419727610470E0));
#3592=LINE('',#3591,#3590);
#3593=DIRECTION('',(0.E0,-1.E0,0.E0));
#3594=VECTOR('',#3593,1.E-1);
#3595=CARTESIAN_POINT('',(2.656497676272E0,-1.15E0,1.283361669279E0));
#3596=LINE('',#3595,#3594);
#3597=DIRECTION('',(0.E0,-1.E0,0.E0));
#3598=VECTOR('',#3597,1.E-1);
#3599=CARTESIAN_POINT('',(2.182038982163E0,-1.15E0,1.283361669279E0));
#3600=LINE('',#3599,#3598);
#3601=DIRECTION('',(0.E0,-1.E0,0.E0));
#3602=VECTOR('',#3601,1.E-1);
#3603=CARTESIAN_POINT('',(2.182038982163E0,-1.15E0,9.197191116848E-1));
#3604=LINE('',#3603,#3602);
#3605=DIRECTION('',(0.E0,-1.E0,0.E0));
#3606=VECTOR('',#3605,1.E-1);
#3607=CARTESIAN_POINT('',(3.313440676272E0,-1.15E0,1.851553154577E0));
#3608=LINE('',#3607,#3606);
#3609=DIRECTION('',(0.E0,-1.E0,0.E0));
#3610=VECTOR('',#3609,1.E-1);
#3611=CARTESIAN_POINT('',(3.605415482163E0,-1.15E0,7.833531545766E-1));
#3612=LINE('',#3611,#3610);
#3613=DIRECTION('',(0.E0,-1.E0,0.E0));
#3614=VECTOR('',#3613,1.E-1);
#3615=CARTESIAN_POINT('',(3.495924982163E0,-1.15E0,7.833531545766E-1));
#3616=LINE('',#3615,#3614);
#3617=DIRECTION('',(0.E0,-1.E0,0.E0));
#3618=VECTOR('',#3617,1.E-1);
#3619=CARTESIAN_POINT('',(3.422931176272E0,-1.15E0,1.056085068793E0));
#3620=LINE('',#3619,#3618);
#3621=DIRECTION('',(0.E0,-1.E0,0.E0));
#3622=VECTOR('',#3621,1.E-1);
#3623=CARTESIAN_POINT('',(3.057962982163E0,-1.15E0,1.056085068793E0));
#3624=LINE('',#3623,#3622);
#3625=DIRECTION('',(0.E0,-1.E0,0.E0));
#3626=VECTOR('',#3625,1.E-1);
#3627=CARTESIAN_POINT('',(2.984969176272E0,-1.15E0,7.833531545766E-1));
#3628=LINE('',#3627,#3626);
#3629=DIRECTION('',(0.E0,-1.E0,0.E0));
#3630=VECTOR('',#3629,1.E-1);
#3631=CARTESIAN_POINT('',(2.875478676272E0,-1.15E0,7.833531545766E-1));
#3632=LINE('',#3631,#3630);
#3633=DIRECTION('',(0.E0,-1.E0,0.E0));
#3634=VECTOR('',#3633,1.E-1);
#3635=CARTESIAN_POINT('',(3.167453482163E0,-1.15E0,1.851553154577E0));
#3636=LINE('',#3635,#3634);
#3637=DIRECTION('',(0.E0,-1.E0,0.E0));
#3638=VECTOR('',#3637,1.E-1);
#3639=CARTESIAN_POINT('',(3.240447288054E0,-1.15E0,1.760642527116E0));
#3640=LINE('',#3639,#3638);
#3641=DIRECTION('',(0.E0,-1.E0,0.E0));
#3642=VECTOR('',#3641,1.E-1);
#3643=CARTESIAN_POINT('',(3.076211538054E0,-1.15E0,1.146995696253E0));
#3644=LINE('',#3643,#3642);
#3645=DIRECTION('',(0.E0,-1.E0,0.E0));
#3646=VECTOR('',#3645,1.E-1);
#3647=CARTESIAN_POINT('',(3.404683038054E0,-1.15E0,1.146995696253E0));
#3648=LINE('',#3647,#3646);
#3649=DIRECTION('',(0.E0,1.E0,0.E0));
#3650=VECTOR('',#3649,4.E-1);
#3651=CARTESIAN_POINT('',(-1.4911E0,-1.25E0,2.7238E0));
#3652=LINE('',#3651,#3650);
#3653=DIRECTION('',(0.E0,1.E0,0.E0));
#3654=VECTOR('',#3653,4.E-1);
#3655=CARTESIAN_POINT('',(-1.4911E0,-1.25E0,3.6238E0));
#3656=LINE('',#3655,#3654);
#3657=DIRECTION('',(0.E0,1.E0,0.E0));
#3658=VECTOR('',#3657,4.E-1);
#3659=CARTESIAN_POINT('',(1.5089E0,-1.25E0,3.6238E0));
#3660=LINE('',#3659,#3658);
#3661=DIRECTION('',(0.E0,1.E0,0.E0));
#3662=VECTOR('',#3661,4.E-1);
#3663=CARTESIAN_POINT('',(1.5089E0,-1.25E0,2.7238E0));
#3664=LINE('',#3663,#3662);
#3665=DIRECTION('',(1.E0,0.E0,0.E0));
#3666=VECTOR('',#3665,3.E0);
#3667=CARTESIAN_POINT('',(-1.4911E0,-8.5E-1,2.7238E0));
#3668=LINE('',#3667,#3666);
#3669=DIRECTION('',(0.E0,0.E0,-1.E0));
#3670=VECTOR('',#3669,9.E-1);
#3671=CARTESIAN_POINT('',(-1.4911E0,-8.5E-1,3.6238E0));
#3672=LINE('',#3671,#3670);
#3673=DIRECTION('',(-1.E0,0.E0,0.E0));
#3674=VECTOR('',#3673,3.E0);
#3675=CARTESIAN_POINT('',(1.5089E0,-8.5E-1,3.6238E0));
#3676=LINE('',#3675,#3674);
#3677=DIRECTION('',(0.E0,0.E0,1.E0));
#3678=VECTOR('',#3677,9.E-1);
#3679=CARTESIAN_POINT('',(1.5089E0,-8.5E-1,2.7238E0));
#3680=LINE('',#3679,#3678);
#3681=DIRECTION('',(0.E0,0.E0,-1.E0));
#3682=VECTOR('',#3681,8.E-1);
#3683=CARTESIAN_POINT('',(-1.4E0,-8.5E-1,3.578071610630E0));
#3684=LINE('',#3683,#3682);
#3685=DIRECTION('',(1.E0,0.E0,0.E0));
#3686=VECTOR('',#3685,1.2E0);
#3687=CARTESIAN_POINT('',(-1.4E0,-8.5E-1,2.778071610630E0));
#3688=LINE('',#3687,#3686);
#3689=DIRECTION('',(0.E0,0.E0,1.E0));
#3690=VECTOR('',#3689,8.E-1);
#3691=CARTESIAN_POINT('',(-2.E-1,-8.5E-1,2.778071610630E0));
#3692=LINE('',#3691,#3690);
#3693=DIRECTION('',(-1.E0,0.E0,0.E0));
#3694=VECTOR('',#3693,1.2E0);
#3695=CARTESIAN_POINT('',(-2.E-1,-8.5E-1,3.578071610630E0));
#3696=LINE('',#3695,#3694);
#3697=DIRECTION('',(0.E0,-5.144957554275E-1,8.574929257125E-1));
#3698=VECTOR('',#3697,5.830951894845E-1);
#3699=CARTESIAN_POINT('',(-1.4E0,-9.E-1,2.778071610630E0));
#3700=LINE('',#3699,#3698);
#3701=DIRECTION('',(0.E0,-1.E0,0.E0));
#3702=VECTOR('',#3701,3.5E-1);
#3703=CARTESIAN_POINT('',(-1.4E0,-8.5E-1,3.578071610630E0));
#3704=LINE('',#3703,#3702);
#3705=DIRECTION('',(0.E0,5.144957554275E-1,-8.574929257125E-1));
#3706=VECTOR('',#3705,5.830951894845E-1);
#3707=CARTESIAN_POINT('',(-2.E-1,-1.2E0,3.278071610630E0));
#3708=LINE('',#3707,#3706);
#3709=DIRECTION('',(0.E0,-1.E0,0.E0));
#3710=VECTOR('',#3709,5.E-2);
#3711=CARTESIAN_POINT('',(-2.E-1,-8.5E-1,2.778071610630E0));
#3712=LINE('',#3711,#3710);
#3713=DIRECTION('',(1.E0,0.E0,0.E0));
#3714=VECTOR('',#3713,1.2E0);
#3715=CARTESIAN_POINT('',(-1.4E0,-1.2E0,3.278071610630E0));
#3716=LINE('',#3715,#3714);
#3717=DIRECTION('',(0.E0,0.E0,-1.E0));
#3718=VECTOR('',#3717,3.E-1);
#3719=CARTESIAN_POINT('',(-1.4E0,-1.2E0,3.578071610630E0));
#3720=LINE('',#3719,#3718);
#3721=DIRECTION('',(-1.E0,0.E0,0.E0));
#3722=VECTOR('',#3721,1.2E0);
#3723=CARTESIAN_POINT('',(-2.E-1,-1.2E0,3.578071610630E0));
#3724=LINE('',#3723,#3722);
#3725=DIRECTION('',(0.E0,0.E0,1.E0));
#3726=VECTOR('',#3725,3.E-1);
#3727=CARTESIAN_POINT('',(-2.E-1,-1.2E0,3.278071610630E0));
#3728=LINE('',#3727,#3726);
#3729=DIRECTION('',(0.E0,-1.E0,0.E0));
#3730=VECTOR('',#3729,3.5E-1);
#3731=CARTESIAN_POINT('',(-2.E-1,-8.5E-1,3.578071610630E0));
#3732=LINE('',#3731,#3730);
#3733=DIRECTION('',(1.E0,0.E0,0.E0));
#3734=VECTOR('',#3733,1.2E0);
#3735=CARTESIAN_POINT('',(-1.4E0,-9.E-1,2.778071610630E0));
#3736=LINE('',#3735,#3734);
#3737=DIRECTION('',(0.E0,-1.E0,0.E0));
#3738=VECTOR('',#3737,5.E-2);
#3739=CARTESIAN_POINT('',(-1.4E0,-8.5E-1,2.778071610630E0));
#3740=LINE('',#3739,#3738);
#3741=DIRECTION('',(0.E0,0.E0,1.E0));
#3742=VECTOR('',#3741,2.5685E-1);
#3743=CARTESIAN_POINT('',(-4.1E0,9.632920596400E-1,-2.5685E-1));
#3744=LINE('',#3743,#3742);
#3745=DIRECTION('',(0.E0,0.E0,-1.E0));
#3746=VECTOR('',#3745,2.5685E-1);
#3747=CARTESIAN_POINT('',(-4.3863E0,9.632920596400E-1,0.E0));
#3748=LINE('',#3747,#3746);
#3749=CARTESIAN_POINT('',(-4.24315E0,9.632920596400E-1,-2.5685E-1));
#3750=DIRECTION('',(0.E0,-1.E0,0.E0));
#3751=DIRECTION('',(-1.E0,0.E0,2.287920309217E-14));
#3752=AXIS2_PLACEMENT_3D('',#3749,#3750,#3751);
#3754=CARTESIAN_POINT('',(-4.1E0,8.632920596400E-1,-2.5685E-1));
#3755=DIRECTION('',(0.E0,0.E0,1.E0));
#3756=DIRECTION('',(1.E0,0.E0,0.E0));
#3757=AXIS2_PLACEMENT_3D('',#3754,#3755,#3756);
#3759=CARTESIAN_POINT('',(-4.1E0,8.632920596400E-1,0.E0));
#3760=DIRECTION('',(0.E0,0.E0,1.E0));
#3761=DIRECTION('',(1.E0,0.E0,0.E0));
#3762=AXIS2_PLACEMENT_3D('',#3759,#3760,#3761);
#3764=CARTESIAN_POINT('',(-4.3863E0,8.632920596400E-1,-2.5685E-1));
#3765=DIRECTION('',(0.E0,0.E0,-1.E0));
#3766=DIRECTION('',(-1.E0,0.E0,0.E0));
#3767=AXIS2_PLACEMENT_3D('',#3764,#3765,#3766);
#3769=CARTESIAN_POINT('',(-4.24315E0,8.632920596400E-1,-2.5685E-1));
#3770=DIRECTION('',(0.E0,-1.E0,0.E0));
#3771=DIRECTION('',(-1.E0,0.E0,0.E0));
#3772=AXIS2_PLACEMENT_3D('',#3769,#3770,#3771);
#3774=CARTESIAN_POINT('',(-4.24315E0,-6.874079403600E-1,-2.5685E-1));
#3775=DIRECTION('',(0.E0,1.E0,0.E0));
#3776=DIRECTION('',(1.E0,0.E0,0.E0));
#3777=AXIS2_PLACEMENT_3D('',#3774,#3775,#3776);
#3779=DIRECTION('',(0.E0,0.E0,-1.E0));
#3780=VECTOR('',#3779,2.568499996368E-1);
#3781=CARTESIAN_POINT('',(-4.4863E0,8.632920596400E-1,0.E0));
#3782=LINE('',#3781,#3780);
#3783=DIRECTION('',(0.E0,0.E0,1.E0));
#3784=VECTOR('',#3783,2.568499996369E-1);
#3785=CARTESIAN_POINT('',(-4.4863E0,-6.874079403600E-1,-2.568499996369E-1));
#3786=LINE('',#3785,#3784);
#3787=DIRECTION('',(0.E0,-1.E0,-2.362633637237E-14));
#3788=VECTOR('',#3787,1.5507E0);
#3789=CARTESIAN_POINT('',(-4.4863E0,8.632920596400E-1,-2.568499996368E-1));
#3790=LINE('',#3789,#3788);
#3791=CARTESIAN_POINT('',(-4.3863E0,8.632920596400E-1,0.E0));
#3792=DIRECTION('',(0.E0,0.E0,1.E0));
#3793=DIRECTION('',(0.E0,1.E0,0.E0));
#3794=AXIS2_PLACEMENT_3D('',#3791,#3792,#3793);
#3796=CARTESIAN_POINT('',(-4.3863E0,-6.874079403600E-1,-2.5685E-1));
#3797=DIRECTION('',(0.E0,0.E0,1.E0));
#3798=DIRECTION('',(-1.E0,0.E0,0.E0));
#3799=AXIS2_PLACEMENT_3D('',#3796,#3797,#3798);
#3801=CARTESIAN_POINT('',(-4.3863E0,-6.874079403600E-1,0.E0));
#3802=DIRECTION('',(0.E0,0.E0,1.E0));
#3803=DIRECTION('',(-1.E0,0.E0,0.E0));
#3804=AXIS2_PLACEMENT_3D('',#3801,#3802,#3803);
#3806=DIRECTION('',(0.E0,0.E0,1.E0));
#3807=VECTOR('',#3806,2.5685E-1);
#3808=CARTESIAN_POINT('',(-4.3863E0,-7.874079403600E-1,-2.5685E-1));
#3809=LINE('',#3808,#3807);
#3810=DIRECTION('',(0.E0,0.E0,-1.E0));
#3811=VECTOR('',#3810,2.5685E-1);
#3812=CARTESIAN_POINT('',(-4.1E0,-7.874079403600E-1,0.E0));
#3813=LINE('',#3812,#3811);
#3814=CARTESIAN_POINT('',(-4.24315E0,-7.874079403600E-1,-2.5685E-1));
#3815=DIRECTION('',(0.E0,1.E0,0.E0));
#3816=DIRECTION('',(1.E0,0.E0,-2.365476929868E-14));
#3817=AXIS2_PLACEMENT_3D('',#3814,#3815,#3816);
#3819=CARTESIAN_POINT('',(-4.1E0,-6.874079403600E-1,0.E0));
#3820=DIRECTION('',(0.E0,0.E0,1.E0));
#3821=DIRECTION('',(0.E0,-1.E0,0.E0));
#3822=AXIS2_PLACEMENT_3D('',#3819,#3820,#3821);
#3824=DIRECTION('',(0.E0,0.E0,1.E0));
#3825=VECTOR('',#3824,2.568499996596E-1);
#3826=CARTESIAN_POINT('',(-4.E0,8.632920596400E-1,-2.568499996596E-1));
#3827=LINE('',#3826,#3825);
#3828=DIRECTION('',(0.E0,-1.E0,2.788623641526E-14));
#3829=VECTOR('',#3828,1.5507E0);
#3830=CARTESIAN_POINT('',(-4.E0,8.632920596400E-1,-2.568499996596E-1));
#3831=LINE('',#3830,#3829);
#3832=DIRECTION('',(0.E0,0.E0,-1.E0));
#3833=VECTOR('',#3832,2.568499996596E-1);
#3834=CARTESIAN_POINT('',(-4.E0,-6.874079403600E-1,0.E0));
#3835=LINE('',#3834,#3833);
#3836=CARTESIAN_POINT('',(-4.1E0,-6.874079403600E-1,-2.5685E-1));
#3837=DIRECTION('',(0.E0,0.E0,-1.E0));
#3838=DIRECTION('',(1.E0,0.E0,0.E0));
#3839=AXIS2_PLACEMENT_3D('',#3836,#3837,#3838);
#3841=DIRECTION('',(0.E0,0.E0,1.E0));
#3842=VECTOR('',#3841,2.568499996331E-1);
#3843=CARTESIAN_POINT('',(4.E0,8.632920596400E-1,-2.568499996331E-1));
#3844=LINE('',#3843,#3842);
#3845=DIRECTION('',(0.E0,0.E0,-1.E0));
#3846=VECTOR('',#3845,2.568499992663E-1);
#3847=CARTESIAN_POINT('',(4.E0,-6.874079403600E-1,0.E0));
#3848=LINE('',#3847,#3846);
#3849=DIRECTION('',(0.E0,1.E0,-2.365714726285E-10));
#3850=VECTOR('',#3849,1.5507E0);
#3851=CARTESIAN_POINT('',(4.E0,-6.874079403600E-1,-2.568499992663E-1));
#3852=LINE('',#3851,#3850);
#3853=CARTESIAN_POINT('',(4.1E0,8.632920596400E-1,-2.5685E-1));
#3854=DIRECTION('',(0.E0,0.E0,1.E0));
#3855=DIRECTION('',(0.E0,1.E0,0.E0));
#3856=AXIS2_PLACEMENT_3D('',#3853,#3854,#3855);
#3858=CARTESIAN_POINT('',(4.1E0,8.632920596400E-1,0.E0));
#3859=DIRECTION('',(0.E0,0.E0,1.E0));
#3860=DIRECTION('',(0.E0,1.E0,0.E0));
#3861=AXIS2_PLACEMENT_3D('',#3858,#3859,#3860);
#3863=CARTESIAN_POINT('',(4.3863E0,8.632920596400E-1,-2.5685E-1));
#3864=DIRECTION('',(0.E0,0.E0,-1.E0));
#3865=DIRECTION('',(0.E0,1.E0,0.E0));
#3866=AXIS2_PLACEMENT_3D('',#3863,#3864,#3865);
#3868=DIRECTION('',(0.E0,0.E0,1.E0));
#3869=VECTOR('',#3868,2.5685E-1);
#3870=CARTESIAN_POINT('',(4.1E0,9.632920596400E-1,-2.5685E-1));
#3871=LINE('',#3870,#3869);
#3872=CARTESIAN_POINT('',(4.24315E0,9.632920596400E-1,-2.5685E-1));
#3873=DIRECTION('',(0.E0,1.E0,0.E0));
#3874=DIRECTION('',(1.E0,0.E0,0.E0));
#3875=AXIS2_PLACEMENT_3D('',#3872,#3873,#3874);
#3877=DIRECTION('',(0.E0,0.E0,-1.E0));
#3878=VECTOR('',#3877,2.5685E-1);
#3879=CARTESIAN_POINT('',(4.3863E0,9.632920596400E-1,0.E0));
#3880=LINE('',#3879,#3878);
#3881=CARTESIAN_POINT('',(4.3863E0,8.632920596400E-1,0.E0));
#3882=DIRECTION('',(0.E0,0.E0,1.E0));
#3883=DIRECTION('',(1.E0,0.E0,0.E0));
#3884=AXIS2_PLACEMENT_3D('',#3881,#3882,#3883);
#3886=DIRECTION('',(0.E0,0.E0,-1.E0));
#3887=VECTOR('',#3886,2.568499992560E-1);
#3888=CARTESIAN_POINT('',(4.4863E0,8.632920596400E-1,0.E0));
#3889=LINE('',#3888,#3887);
#3890=DIRECTION('',(0.E0,1.E0,2.399113058570E-10));
#3891=VECTOR('',#3890,1.5507E0);
#3892=CARTESIAN_POINT('',(4.4863E0,-6.874079403600E-1,-2.568499996281E-1));
#3893=LINE('',#3892,#3891);
#3894=DIRECTION('',(0.E0,0.E0,1.E0));
#3895=VECTOR('',#3894,2.568499996281E-1);
#3896=CARTESIAN_POINT('',(4.4863E0,-6.874079403600E-1,-2.568499996281E-1));
#3897=LINE('',#3896,#3895);
#3898=CARTESIAN_POINT('',(4.24315E0,8.632920596400E-1,-2.5685E-1));
#3899=DIRECTION('',(0.E0,1.E0,0.E0));
#3900=DIRECTION('',(1.E0,0.E0,0.E0));
#3901=AXIS2_PLACEMENT_3D('',#3898,#3899,#3900);
#3903=CARTESIAN_POINT('',(4.24315E0,-6.874079403600E-1,-2.5685E-1));
#3904=DIRECTION('',(0.E0,-1.E0,0.E0));
#3905=DIRECTION('',(-1.E0,0.E0,0.E0));
#3906=AXIS2_PLACEMENT_3D('',#3903,#3904,#3905);
#3908=CARTESIAN_POINT('',(4.1E0,-6.874079403600E-1,-2.5685E-1));
#3909=DIRECTION('',(0.E0,0.E0,-1.E0));
#3910=DIRECTION('',(0.E0,-1.E0,0.E0));
#3911=AXIS2_PLACEMENT_3D('',#3908,#3909,#3910);
#3913=DIRECTION('',(0.E0,0.E0,1.E0));
#3914=VECTOR('',#3913,2.5685E-1);
#3915=CARTESIAN_POINT('',(4.3863E0,-7.874079403600E-1,-2.5685E-1));
#3916=LINE('',#3915,#3914);
#3917=CARTESIAN_POINT('',(4.24315E0,-7.874079403600E-1,-2.5685E-1));
#3918=DIRECTION('',(0.E0,-1.E0,0.E0));
#3919=DIRECTION('',(-1.E0,0.E0,2.714481722800E-14));
#3920=AXIS2_PLACEMENT_3D('',#3917,#3918,#3919);
#3922=DIRECTION('',(0.E0,0.E0,-1.E0));
#3923=VECTOR('',#3922,2.5685E-1);
#3924=CARTESIAN_POINT('',(4.1E0,-7.874079403600E-1,0.E0));
#3925=LINE('',#3924,#3923);
#3926=CARTESIAN_POINT('',(4.3863E0,-6.874079403600E-1,-2.5685E-1));
#3927=DIRECTION('',(0.E0,0.E0,1.E0));
#3928=DIRECTION('',(0.E0,-1.E0,0.E0));
#3929=AXIS2_PLACEMENT_3D('',#3926,#3927,#3928);
#3931=CARTESIAN_POINT('',(4.3863E0,-6.874079403600E-1,0.E0));
#3932=DIRECTION('',(0.E0,0.E0,1.E0));
#3933=DIRECTION('',(0.E0,-1.E0,0.E0));
#3934=AXIS2_PLACEMENT_3D('',#3931,#3932,#3933);
#3936=CARTESIAN_POINT('',(4.1E0,-6.874079403600E-1,0.E0));
#3937=DIRECTION('',(0.E0,0.E0,1.E0));
#3938=DIRECTION('',(-1.E0,0.E0,0.E0));
#3939=AXIS2_PLACEMENT_3D('',#3936,#3937,#3938);
#3941=DIRECTION('',(0.E0,0.E0,-1.E0));
#3942=VECTOR('',#3941,5.144E-1);
#3943=CARTESIAN_POINT('',(-2.7E-1,-2.E-1,0.E0));
#3944=LINE('',#3943,#3942);
#3945=CARTESIAN_POINT('',(-2.7E-1,3.856E-1,-5.144E-1));
#3946=DIRECTION('',(1.E0,0.E0,0.E0));
#3947=DIRECTION('',(0.E0,-1.E0,0.E0));
#3948=AXIS2_PLACEMENT_3D('',#3945,#3946,#3947);
#3950=DIRECTION('',(0.E0,1.E0,0.E0));
#3951=VECTOR('',#3950,1.9644E0);
#3952=CARTESIAN_POINT('',(-2.7E-1,3.856E-1,-1.1E0));
#3953=LINE('',#3952,#3951);
#3954=DIRECTION('',(0.E0,0.E0,1.E0));
#3955=VECTOR('',#3954,4.E-1);
#3956=CARTESIAN_POINT('',(-2.7E-1,2.35E0,-1.1E0));
#3957=LINE('',#3956,#3955);
#3958=DIRECTION('',(0.E0,-1.E0,0.E0));
#3959=VECTOR('',#3958,1.9644E0);
#3960=CARTESIAN_POINT('',(-2.7E-1,2.35E0,-7.E-1));
#3961=LINE('',#3960,#3959);
#3962=CARTESIAN_POINT('',(-2.7E-1,3.856E-1,-5.144E-1));
#3963=DIRECTION('',(-1.E0,0.E0,0.E0));
#3964=DIRECTION('',(0.E0,0.E0,-1.E0));
#3965=AXIS2_PLACEMENT_3D('',#3962,#3963,#3964);
#3967=DIRECTION('',(0.E0,0.E0,1.E0));
#3968=VECTOR('',#3967,5.144E-1);
#3969=CARTESIAN_POINT('',(-2.7E-1,2.E-1,-5.144E-1));
#3970=LINE('',#3969,#3968);
#3971=DIRECTION('',(0.E0,0.E0,1.E0));
#3972=VECTOR('',#3971,5.144E-1);
#3973=CARTESIAN_POINT('',(2.7E-1,2.E-1,-5.144E-1));
#3974=LINE('',#3973,#3972);
#3975=CARTESIAN_POINT('',(2.7E-1,3.856E-1,-5.144E-1));
#3976=DIRECTION('',(-1.E0,0.E0,0.E0));
#3977=DIRECTION('',(0.E0,0.E0,-1.E0));
#3978=AXIS2_PLACEMENT_3D('',#3975,#3976,#3977);
#3980=DIRECTION('',(0.E0,-1.E0,0.E0));
#3981=VECTOR('',#3980,1.9644E0);
#3982=CARTESIAN_POINT('',(2.7E-1,2.35E0,-7.E-1));
#3983=LINE('',#3982,#3981);
#3984=DIRECTION('',(0.E0,0.E0,1.E0));
#3985=VECTOR('',#3984,4.E-1);
#3986=CARTESIAN_POINT('',(2.7E-1,2.35E0,-1.1E0));
#3987=LINE('',#3986,#3985);
#3988=DIRECTION('',(0.E0,1.E0,0.E0));
#3989=VECTOR('',#3988,1.9644E0);
#3990=CARTESIAN_POINT('',(2.7E-1,3.856E-1,-1.1E0));
#3991=LINE('',#3990,#3989);
#3992=CARTESIAN_POINT('',(2.7E-1,3.856E-1,-5.144E-1));
#3993=DIRECTION('',(1.E0,0.E0,0.E0));
#3994=DIRECTION('',(0.E0,-1.E0,0.E0));
#3995=AXIS2_PLACEMENT_3D('',#3992,#3993,#3994);
#3997=DIRECTION('',(0.E0,0.E0,-1.E0));
#3998=VECTOR('',#3997,5.144E-1);
#3999=CARTESIAN_POINT('',(2.7E-1,-2.E-1,0.E0));
#4000=LINE('',#3999,#3998);
#4001=DIRECTION('',(1.E0,0.E0,0.E0));
#4002=VECTOR('',#4001,5.4E-1);
#4003=CARTESIAN_POINT('',(-2.7E-1,2.E-1,-5.144E-1));
#4004=LINE('',#4003,#4002);
#4005=DIRECTION('',(1.E0,0.E0,0.E0));
#4006=VECTOR('',#4005,5.4E-1);
#4007=CARTESIAN_POINT('',(-2.7E-1,3.856E-1,-7.E-1));
#4008=LINE('',#4007,#4006);
#4009=DIRECTION('',(1.E0,0.E0,0.E0));
#4010=VECTOR('',#4009,5.4E-1);
#4011=CARTESIAN_POINT('',(-2.7E-1,2.35E0,-7.E-1));
#4012=LINE('',#4011,#4010);
#4013=DIRECTION('',(1.E0,0.E0,0.E0));
#4014=VECTOR('',#4013,5.4E-1);
#4015=CARTESIAN_POINT('',(-2.7E-1,2.35E0,-1.1E0));
#4016=LINE('',#4015,#4014);
#4017=DIRECTION('',(1.E0,0.E0,0.E0));
#4018=VECTOR('',#4017,5.4E-1);
#4019=CARTESIAN_POINT('',(-2.7E-1,3.856E-1,-1.1E0));
#4020=LINE('',#4019,#4018);
#4021=DIRECTION('',(1.E0,0.E0,0.E0));
#4022=VECTOR('',#4021,5.4E-1);
#4023=CARTESIAN_POINT('',(-2.7E-1,-2.E-1,-5.144E-1));
#4024=LINE('',#4023,#4022);
#4025=DIRECTION('',(0.E0,0.E0,-1.E0));
#4026=VECTOR('',#4025,4.172669518699E-1);
#4027=CARTESIAN_POINT('',(2.27E0,-2.E-1,0.E0));
#4028=LINE('',#4027,#4026);
#4029=CARTESIAN_POINT('',(2.27E0,-4.827330481301E-1,-4.172669518699E-1));
#4030=DIRECTION('',(-1.E0,0.E0,0.E0));
#4031=DIRECTION('',(0.E0,1.E0,0.E0));
#4032=AXIS2_PLACEMENT_3D('',#4029,#4030,#4031);
#4034=DIRECTION('',(0.E0,-1.E0,0.E0));
#4035=VECTOR('',#4034,1.867266951870E0);
#4036=CARTESIAN_POINT('',(2.27E0,-4.827330481301E-1,-7.E-1));
#4037=LINE('',#4036,#4035);
#4038=DIRECTION('',(0.E0,0.E0,-1.E0));
#4039=VECTOR('',#4038,4.E-1);
#4040=CARTESIAN_POINT('',(2.27E0,-2.35E0,-7.E-1));
#4041=LINE('',#4040,#4039);
#4042=DIRECTION('',(0.E0,1.E0,0.E0));
#4043=VECTOR('',#4042,1.867266951870E0);
#4044=CARTESIAN_POINT('',(2.27E0,-2.35E0,-1.1E0));
#4045=LINE('',#4044,#4043);
#4046=CARTESIAN_POINT('',(2.27E0,-4.827330481301E-1,-4.172669518699E-1));
#4047=DIRECTION('',(1.E0,0.E0,0.E0));
#4048=DIRECTION('',(0.E0,0.E0,-1.E0));
#4049=AXIS2_PLACEMENT_3D('',#4046,#4047,#4048);
#4051=DIRECTION('',(0.E0,0.E0,1.E0));
#4052=VECTOR('',#4051,4.172669518699E-1);
#4053=CARTESIAN_POINT('',(2.27E0,2.E-1,-4.172669518699E-1));
#4054=LINE('',#4053,#4052);
#4055=DIRECTION('',(0.E0,0.E0,1.E0));
#4056=VECTOR('',#4055,4.172669518699E-1);
#4057=CARTESIAN_POINT('',(2.81E0,2.E-1,-4.172669518699E-1));
#4058=LINE('',#4057,#4056);
#4059=CARTESIAN_POINT('',(2.81E0,-4.827330481301E-1,-4.172669518699E-1));
#4060=DIRECTION('',(1.E0,0.E0,0.E0));
#4061=DIRECTION('',(0.E0,0.E0,-1.E0));
#4062=AXIS2_PLACEMENT_3D('',#4059,#4060,#4061);
#4064=DIRECTION('',(0.E0,1.E0,0.E0));
#4065=VECTOR('',#4064,1.867266951870E0);
#4066=CARTESIAN_POINT('',(2.81E0,-2.35E0,-1.1E0));
#4067=LINE('',#4066,#4065);
#4068=DIRECTION('',(0.E0,0.E0,-1.E0));
#4069=VECTOR('',#4068,4.E-1);
#4070=CARTESIAN_POINT('',(2.81E0,-2.35E0,-7.E-1));
#4071=LINE('',#4070,#4069);
#4072=DIRECTION('',(0.E0,-1.E0,0.E0));
#4073=VECTOR('',#4072,1.867266951870E0);
#4074=CARTESIAN_POINT('',(2.81E0,-4.827330481301E-1,-7.E-1));
#4075=LINE('',#4074,#4073);
#4076=CARTESIAN_POINT('',(2.81E0,-4.827330481301E-1,-4.172669518699E-1));
#4077=DIRECTION('',(-1.E0,0.E0,0.E0));
#4078=DIRECTION('',(0.E0,1.E0,0.E0));
#4079=AXIS2_PLACEMENT_3D('',#4076,#4077,#4078);
#4081=DIRECTION('',(0.E0,0.E0,-1.E0));
#4082=VECTOR('',#4081,4.172669518699E-1);
#4083=CARTESIAN_POINT('',(2.81E0,-2.E-1,0.E0));
#4084=LINE('',#4083,#4082);
#4085=DIRECTION('',(1.E0,0.E0,0.E0));
#4086=VECTOR('',#4085,5.4E-1);
#4087=CARTESIAN_POINT('',(2.27E0,2.E-1,-4.172669518699E-1));
#4088=LINE('',#4087,#4086);
#4089=DIRECTION('',(1.E0,0.E0,0.E0));
#4090=VECTOR('',#4089,5.4E-1);
#4091=CARTESIAN_POINT('',(2.27E0,-4.827330481301E-1,-1.1E0));
#4092=LINE('',#4091,#4090);
#4093=DIRECTION('',(1.E0,0.E0,0.E0));
#4094=VECTOR('',#4093,5.4E-1);
#4095=CARTESIAN_POINT('',(2.27E0,-2.35E0,-1.1E0));
#4096=LINE('',#4095,#4094);
#4097=DIRECTION('',(1.E0,0.E0,0.E0));
#4098=VECTOR('',#4097,5.4E-1);
#4099=CARTESIAN_POINT('',(2.27E0,-2.35E0,-7.E-1));
#4100=LINE('',#4099,#4098);
#4101=DIRECTION('',(1.E0,0.E0,0.E0));
#4102=VECTOR('',#4101,5.4E-1);
#4103=CARTESIAN_POINT('',(2.27E0,-4.827330481301E-1,-7.E-1));
#4104=LINE('',#4103,#4102);
#4105=DIRECTION('',(1.E0,0.E0,0.E0));
#4106=VECTOR('',#4105,5.4E-1);
#4107=CARTESIAN_POINT('',(2.27E0,-2.E-1,-4.172669518699E-1));
#4108=LINE('',#4107,#4106);
#4109=DIRECTION('',(0.E0,0.E0,-1.E0));
#4110=VECTOR('',#4109,4.172669518699E-1);
#4111=CARTESIAN_POINT('',(-2.81E0,-2.E-1,0.E0));
#4112=LINE('',#4111,#4110);
#4113=CARTESIAN_POINT('',(-2.81E0,-4.827330481301E-1,-4.172669518699E-1));
#4114=DIRECTION('',(-1.E0,0.E0,0.E0));
#4115=DIRECTION('',(0.E0,1.E0,0.E0));
#4116=AXIS2_PLACEMENT_3D('',#4113,#4114,#4115);
#4118=DIRECTION('',(0.E0,-1.E0,0.E0));
#4119=VECTOR('',#4118,1.867266951870E0);
#4120=CARTESIAN_POINT('',(-2.81E0,-4.827330481301E-1,-7.E-1));
#4121=LINE('',#4120,#4119);
#4122=DIRECTION('',(0.E0,0.E0,-1.E0));
#4123=VECTOR('',#4122,4.E-1);
#4124=CARTESIAN_POINT('',(-2.81E0,-2.35E0,-7.E-1));
#4125=LINE('',#4124,#4123);
#4126=DIRECTION('',(0.E0,1.E0,0.E0));
#4127=VECTOR('',#4126,1.867266951870E0);
#4128=CARTESIAN_POINT('',(-2.81E0,-2.35E0,-1.1E0));
#4129=LINE('',#4128,#4127);
#4130=CARTESIAN_POINT('',(-2.81E0,-4.827330481301E-1,-4.172669518699E-1));
#4131=DIRECTION('',(1.E0,0.E0,0.E0));
#4132=DIRECTION('',(0.E0,0.E0,-1.E0));
#4133=AXIS2_PLACEMENT_3D('',#4130,#4131,#4132);
#4135=DIRECTION('',(0.E0,0.E0,1.E0));
#4136=VECTOR('',#4135,4.172669518699E-1);
#4137=CARTESIAN_POINT('',(-2.81E0,2.E-1,-4.172669518699E-1));
#4138=LINE('',#4137,#4136);
#4139=DIRECTION('',(0.E0,0.E0,1.E0));
#4140=VECTOR('',#4139,4.172669518699E-1);
#4141=CARTESIAN_POINT('',(-2.27E0,2.E-1,-4.172669518699E-1));
#4142=LINE('',#4141,#4140);
#4143=CARTESIAN_POINT('',(-2.27E0,-4.827330481301E-1,-4.172669518699E-1));
#4144=DIRECTION('',(1.E0,0.E0,0.E0));
#4145=DIRECTION('',(0.E0,0.E0,-1.E0));
#4146=AXIS2_PLACEMENT_3D('',#4143,#4144,#4145);
#4148=DIRECTION('',(0.E0,1.E0,0.E0));
#4149=VECTOR('',#4148,1.867266951870E0);
#4150=CARTESIAN_POINT('',(-2.27E0,-2.35E0,-1.1E0));
#4151=LINE('',#4150,#4149);
#4152=DIRECTION('',(0.E0,0.E0,-1.E0));
#4153=VECTOR('',#4152,4.E-1);
#4154=CARTESIAN_POINT('',(-2.27E0,-2.35E0,-7.E-1));
#4155=LINE('',#4154,#4153);
#4156=DIRECTION('',(0.E0,-1.E0,0.E0));
#4157=VECTOR('',#4156,1.867266951870E0);
#4158=CARTESIAN_POINT('',(-2.27E0,-4.827330481301E-1,-7.E-1));
#4159=LINE('',#4158,#4157);
#4160=CARTESIAN_POINT('',(-2.27E0,-4.827330481301E-1,-4.172669518699E-1));
#4161=DIRECTION('',(-1.E0,0.E0,0.E0));
#4162=DIRECTION('',(0.E0,1.E0,0.E0));
#4163=AXIS2_PLACEMENT_3D('',#4160,#4161,#4162);
#4165=DIRECTION('',(0.E0,0.E0,-1.E0));
#4166=VECTOR('',#4165,4.172669518699E-1);
#4167=CARTESIAN_POINT('',(-2.27E0,-2.E-1,0.E0));
#4168=LINE('',#4167,#4166);
#4169=DIRECTION('',(1.E0,0.E0,0.E0));
#4170=VECTOR('',#4169,5.4E-1);
#4171=CARTESIAN_POINT('',(-2.81E0,2.E-1,-4.172669518699E-1));
#4172=LINE('',#4171,#4170);
#4173=DIRECTION('',(1.E0,0.E0,0.E0));
#4174=VECTOR('',#4173,5.4E-1);
#4175=CARTESIAN_POINT('',(-2.81E0,-4.827330481301E-1,-1.1E0));
#4176=LINE('',#4175,#4174);
#4177=DIRECTION('',(1.E0,0.E0,0.E0));
#4178=VECTOR('',#4177,5.4E-1);
#4179=CARTESIAN_POINT('',(-2.81E0,-2.35E0,-1.1E0));
#4180=LINE('',#4179,#4178);
#4181=DIRECTION('',(1.E0,0.E0,0.E0));
#4182=VECTOR('',#4181,5.4E-1);
#4183=CARTESIAN_POINT('',(-2.81E0,-2.35E0,-7.E-1));
#4184=LINE('',#4183,#4182);
#4185=DIRECTION('',(1.E0,0.E0,0.E0));
#4186=VECTOR('',#4185,5.4E-1);
#4187=CARTESIAN_POINT('',(-2.81E0,-4.827330481301E-1,-7.E-1));
#4188=LINE('',#4187,#4186);
#4189=DIRECTION('',(1.E0,0.E0,0.E0));
#4190=VECTOR('',#4189,5.4E-1);
#4191=CARTESIAN_POINT('',(-2.81E0,-2.E-1,-4.172669518699E-1));
#4192=LINE('',#4191,#4190);
#4193=DIRECTION('',(0.E0,0.E0,-1.E0));
#4194=VECTOR('',#4193,2.E-2);
#4195=CARTESIAN_POINT('',(-1.2365E0,-9.939E-1,0.E0));
#4196=LINE('',#4195,#4194);
#4197=DIRECTION('',(0.E0,0.E0,-1.E0));
#4198=VECTOR('',#4197,2.E-2);
#4199=CARTESIAN_POINT('',(-1.1697375E0,-9.939E-1,0.E0));
#4200=LINE('',#4199,#4198);
#4201=DIRECTION('',(0.E0,0.E0,-1.E0));
#4202=VECTOR('',#4201,2.E-2);
#4203=CARTESIAN_POINT('',(-1.1697375E0,-5.279829785541E-1,0.E0));
#4204=LINE('',#4203,#4202);
#4205=DIRECTION('',(0.E0,0.E0,-1.E0));
#4206=VECTOR('',#4205,2.E-2);
#4207=CARTESIAN_POINT('',(-8.35925E-1,-5.279829785541E-1,0.E0));
#4208=LINE('',#4207,#4206);
#4209=DIRECTION('',(0.E0,0.E0,-1.E0));
#4210=VECTOR('',#4209,2.E-2);
#4211=CARTESIAN_POINT('',(-8.35925E-1,-4.598E-1,0.E0));
#4212=LINE('',#4211,#4210);
#4213=DIRECTION('',(0.E0,0.E0,-1.E0));
#4214=VECTOR('',#4213,2.E-2);
#4215=CARTESIAN_POINT('',(-1.2365E0,-4.598E-1,0.E0));
#4216=LINE('',#4215,#4214);
#4217=DIRECTION('',(0.E0,1.E0,0.E0));
#4218=VECTOR('',#4217,5.341E-1);
#4219=CARTESIAN_POINT('',(-1.2365E0,-9.939E-1,-2.E-2));
#4220=LINE('',#4219,#4218);
#4221=DIRECTION('',(-1.E0,0.E0,0.E0));
#4222=VECTOR('',#4221,6.67625E-2);
#4223=CARTESIAN_POINT('',(-1.1697375E0,-9.939E-1,-2.E-2));
#4224=LINE('',#4223,#4222);
#4225=DIRECTION('',(0.E0,-1.E0,0.E0));
#4226=VECTOR('',#4225,4.659170214459E-1);
#4227=CARTESIAN_POINT('',(-1.1697375E0,-5.279829785541E-1,-2.E-2));
#4228=LINE('',#4227,#4226);
#4229=DIRECTION('',(-1.E0,0.E0,0.E0));
#4230=VECTOR('',#4229,3.338125E-1);
#4231=CARTESIAN_POINT('',(-8.35925E-1,-5.279829785541E-1,-2.E-2));
#4232=LINE('',#4231,#4230);
#4233=DIRECTION('',(0.E0,-1.E0,0.E0));
#4234=VECTOR('',#4233,6.818297855407E-2);
#4235=CARTESIAN_POINT('',(-8.35925E-1,-4.598E-1,-2.E-2));
#4236=LINE('',#4235,#4234);
#4237=DIRECTION('',(1.E0,0.E0,0.E0));
#4238=VECTOR('',#4237,4.00575E-1);
#4239=CARTESIAN_POINT('',(-1.2365E0,-4.598E-1,-2.E-2));
#4240=LINE('',#4239,#4238);
#4241=DIRECTION('',(-1.E0,0.E0,0.E0));
#4242=VECTOR('',#4241,6.67625E-2);
#4243=CARTESIAN_POINT('',(-3.129521045566E-1,-5.961659571081E-1,-2.E-2));
#4244=LINE('',#4243,#4242);
#4245=DIRECTION('',(1.921821214477E-1,-9.813592778365E-1,0.E0));
#4246=VECTOR('',#4245,5.789841845361E-2);
#4247=CARTESIAN_POINT('',(-3.240791454434E-1,-5.393468069866E-1,-2.E-2));
#4248=LINE('',#4247,#4246);
#4249=DIRECTION('',(6.996249742329E-1,-7.145102486526E-1,0.E0));
#4250=VECTOR('',#4249,6.361744676905E-2);
#4251=CARTESIAN_POINT('',(-3.685875E-1,-4.938914892770E-1,-2.E-2));
#4252=LINE('',#4251,#4250);
#4253=DIRECTION('',(8.906053505096E-1,-4.547769889117E-1,0.E0));
#4254=VECTOR('',#4253,4.997539542188E-2);
#4255=CARTESIAN_POINT('',(-4.130958545566E-1,-4.711638294274E-1,-2.E-2));
#4256=LINE('',#4255,#4254);
#4257=DIRECTION('',(9.797706908745E-1,-2.001234451615E-1,0.E0));
#4258=VECTOR('',#4257,5.678409852593E-2);
#4259=CARTESIAN_POINT('',(-4.6873125E-1,-4.598E-1,-2.E-2));
#4260=LINE('',#4259,#4258);
#4261=DIRECTION('',(1.E0,0.E0,0.E0));
#4262=VECTOR('',#4261,1.0014375E-1);
#4263=CARTESIAN_POINT('',(-5.68875E-1,-4.598E-1,-2.E-2));
#4264=LINE('',#4263,#4262);
#4265=DIRECTION('',(9.797706908745E-1,2.001234451615E-1,0.E0));
#4266=VECTOR('',#4265,5.678409852593E-2);
#4267=CARTESIAN_POINT('',(-6.245103954434E-1,-4.711638294274E-1,-2.E-2));
#4268=LINE('',#4267,#4266);
#4269=DIRECTION('',(8.906053505096E-1,4.547769889117E-1,0.E0));
#4270=VECTOR('',#4269,4.997539542188E-2);
#4271=CARTESIAN_POINT('',(-6.6901875E-1,-4.938914892770E-1,-2.E-2));
#4272=LINE('',#4271,#4270);
#4273=DIRECTION('',(6.996247187608E-1,7.145104988025E-1,0.E0));
#4274=VECTOR('',#4273,6.361742449660E-2);
#4275=CARTESIAN_POINT('',(-7.135270727217E-1,-5.393468069866E-1,-2.E-2));
#4276=LINE('',#4275,#4274);
#4277=DIRECTION('',(4.397136028534E-1,8.981380447713E-1,0.E0));
#4278=VECTOR('',#4277,5.061061821574E-2);
#4279=CARTESIAN_POINT('',(-7.3578125E-1,-5.848021286756E-1,-2.E-2));
#4280=LINE('',#4279,#4278);
#4281=DIRECTION('',(1.921826769044E-1,9.813591690599E-1,0.E0));
#4282=VECTOR('',#4281,5.789841676135E-2);
#4283=CARTESIAN_POINT('',(-7.469083227217E-1,-6.416212708384E-1,-2.E-2));
#4284=LINE('',#4283,#4282);
#4285=DIRECTION('',(0.E0,1.E0,0.E0));
#4286=VECTOR('',#4285,1.704574424058E-1);
#4287=CARTESIAN_POINT('',(-7.469083227217E-1,-8.120787132442E-1,-2.E-2));
#4288=LINE('',#4287,#4286);
#4289=DIRECTION('',(-1.921825732045E-1,9.813591893677E-1,0.E0));
#4290=VECTOR('',#4289,5.789844800276E-2);
#4291=CARTESIAN_POINT('',(-7.3578125E-1,-8.688978872418E-1,-2.E-2));
#4292=LINE('',#4291,#4290);
#4293=DIRECTION('',(-4.397136649566E-1,8.981380143666E-1,0.E0));
#4294=VECTOR('',#4293,5.061061106772E-2);
#4295=CARTESIAN_POINT('',(-7.135270727217E-1,-9.143532009721E-1,-2.E-2));
#4296=LINE('',#4295,#4294);
#4297=DIRECTION('',(-6.996247500295E-1,7.145104681851E-1,0.E0));
#4298=VECTOR('',#4297,6.361742165331E-2);
#4299=CARTESIAN_POINT('',(-6.6901875E-1,-9.598085147023E-1,-2.E-2));
#4300=LINE('',#4299,#4298);
#4301=DIRECTION('',(-8.906053746977E-1,4.547769415434E-1,0.E0));
#4302=VECTOR('',#4301,4.997539406459E-2);
#4303=CARTESIAN_POINT('',(-6.245103954434E-1,-9.825361715674E-1,-2.E-2));
#4304=LINE('',#4303,#4302);
#4305=DIRECTION('',(-9.797706943097E-1,2.001234283435E-1,0.E0));
#4306=VECTOR('',#4305,5.678409832684E-2);
#4307=CARTESIAN_POINT('',(-5.68875E-1,-9.939E-1,-2.E-2));
#4308=LINE('',#4307,#4306);
#4309=DIRECTION('',(-1.E0,0.E0,0.E0));
#4310=VECTOR('',#4309,1.0014375E-1);
#4311=CARTESIAN_POINT('',(-4.6873125E-1,-9.939E-1,-2.E-2));
#4312=LINE('',#4311,#4310);
#4313=DIRECTION('',(-9.797706943097E-1,-2.001234283435E-1,0.E0));
#4314=VECTOR('',#4313,5.678409832684E-2);
#4315=CARTESIAN_POINT('',(-4.130958545566E-1,-9.825361715674E-1,-2.E-2));
#4316=LINE('',#4315,#4314);
#4317=DIRECTION('',(-8.906053746977E-1,-4.547769415434E-1,0.E0));
#4318=VECTOR('',#4317,4.997539406459E-2);
#4319=CARTESIAN_POINT('',(-3.685875E-1,-9.598085147023E-1,-2.E-2));
#4320=LINE('',#4319,#4318);
#4321=DIRECTION('',(-6.996250055017E-1,-7.145102180353E-1,0.E0));
#4322=VECTOR('',#4321,6.361744392576E-2);
#4323=CARTESIAN_POINT('',(-3.240791454434E-1,-9.143532009721E-1,-2.E-2));
#4324=LINE('',#4323,#4322);
#4325=DIRECTION('',(-1.921820436730E-1,-9.813592930674E-1,0.E0));
#4326=VECTOR('',#4325,5.789844188467E-2);
#4327=CARTESIAN_POINT('',(-3.129521045566E-1,-8.575340269744E-1,-2.E-2));
#4328=LINE('',#4327,#4326);
#4329=DIRECTION('',(1.E0,0.E0,0.E0));
#4330=VECTOR('',#4329,6.67625E-2);
#4331=CARTESIAN_POINT('',(-3.797146045566E-1,-8.575340269744E-1,-2.E-2));
#4332=LINE('',#4331,#4330);
#4333=DIRECTION('',(3.102787334496E-1,9.506456267027E-1,0.E0));
#4334=VECTOR('',#4333,3.586143582311E-2);
#4335=CARTESIAN_POINT('',(-3.908416454434E-1,-8.916255441070E-1,-2.E-2));
#4336=LINE('',#4335,#4334);
#4337=DIRECTION('',(8.265992787996E-1,5.627909312417E-1,0.E0));
#4338=VECTOR('',#4337,4.038383634749E-2);
#4339=CARTESIAN_POINT('',(-4.242228954434E-1,-9.143532009721E-1,-2.E-2));
#4340=LINE('',#4339,#4338);
#4341=DIRECTION('',(9.689177459678E-1,2.473831068378E-1,0.E0));
#4342=VECTOR('',#4341,4.593615375690E-2);
#4343=CARTESIAN_POINT('',(-4.6873125E-1,-9.257170294046E-1,-2.E-2));
#4344=LINE('',#4343,#4342);
#4345=DIRECTION('',(1.E0,0.E0,0.E0));
#4346=VECTOR('',#4345,1.0014375E-1);
#4347=CARTESIAN_POINT('',(-5.68875E-1,-9.257170294046E-1,-2.E-2));
#4348=LINE('',#4347,#4346);
#4349=DIRECTION('',(9.689177459678E-1,-2.473831068378E-1,0.E0));
#4350=VECTOR('',#4349,4.593615375690E-2);
#4351=CARTESIAN_POINT('',(-6.133833545566E-1,-9.143532009721E-1,-2.E-2));
#4352=LINE('',#4351,#4350);
#4353=DIRECTION('',(8.265992787996E-1,-5.627909312417E-1,0.E0));
#4354=VECTOR('',#4353,4.038383634749E-2);
#4355=CARTESIAN_POINT('',(-6.467646045566E-1,-8.916255441070E-1,-2.E-2));
#4356=LINE('',#4355,#4354);
#4357=DIRECTION('',(5.466218231676E-1,-8.373795927994E-1,0.E0));
#4358=VECTOR('',#4357,4.071214228967E-2);
#4359=CARTESIAN_POINT('',(-6.6901875E-1,-8.575340269744E-1,-2.E-2));
#4360=LINE('',#4359,#4358);
#4361=DIRECTION('',(2.377717803411E-1,-9.713210491251E-1,0.E0));
#4362=VECTOR('',#4361,4.679741448122E-2);
#4363=CARTESIAN_POINT('',(-6.801458545566E-1,-8.120787132442E-1,-2.E-2));
#4364=LINE('',#4363,#4362);
#4365=DIRECTION('',(0.E0,-1.E0,0.E0));
#4366=VECTOR('',#4365,1.704574424058E-1);
#4367=CARTESIAN_POINT('',(-6.801458545566E-1,-6.416212708384E-1,-2.E-2));
#4368=LINE('',#4367,#4366);
#4369=DIRECTION('',(-2.377717803411E-1,-9.713210491251E-1,0.E0));
#4370=VECTOR('',#4369,4.679741448122E-2);
#4371=CARTESIAN_POINT('',(-6.6901875E-1,-5.961659571081E-1,-2.E-2));
#4372=LINE('',#4371,#4370);
#4373=DIRECTION('',(-5.466221810895E-1,-8.373793591563E-1,0.E0));
#4374=VECTOR('',#4373,4.071211563183E-2);
#4375=CARTESIAN_POINT('',(-6.467646045566E-1,-5.620744718105E-1,-2.E-2));
#4376=LINE('',#4375,#4374);
#4377=DIRECTION('',(-8.265991871191E-1,-5.627910658975E-1,0.E0));
#4378=VECTOR('',#4377,4.038384082658E-2);
#4379=CARTESIAN_POINT('',(-6.133833545566E-1,-5.393468069866E-1,-2.E-2));
#4380=LINE('',#4379,#4378);
#4381=DIRECTION('',(-9.689177459678E-1,-2.473831068378E-1,0.E0));
#4382=VECTOR('',#4381,4.593615375690E-2);
#4383=CARTESIAN_POINT('',(-5.68875E-1,-5.279829785541E-1,-2.E-2));
#4384=LINE('',#4383,#4382);
#4385=DIRECTION('',(-1.E0,0.E0,0.E0));
#4386=VECTOR('',#4385,1.0014375E-1);
#4387=CARTESIAN_POINT('',(-4.6873125E-1,-5.279829785541E-1,-2.E-2));
#4388=LINE('',#4387,#4386);
#4389=DIRECTION('',(-9.689177459678E-1,2.473831068378E-1,0.E0));
#4390=VECTOR('',#4389,4.593615375690E-2);
#4391=CARTESIAN_POINT('',(-4.242228954434E-1,-5.393468069866E-1,-2.E-2));
#4392=LINE('',#4391,#4390);
#4393=DIRECTION('',(-8.265991871191E-1,5.627910658975E-1,0.E0));
#4394=VECTOR('',#4393,4.038384082658E-2);
#4395=CARTESIAN_POINT('',(-3.908416454434E-1,-5.620744718105E-1,-2.E-2));
#4396=LINE('',#4395,#4394);
#4397=DIRECTION('',(-3.102789952956E-1,9.506455412394E-1,0.E0));
#4398=VECTOR('',#4397,3.586140555946E-2);
#4399=CARTESIAN_POINT('',(-3.797146045566E-1,-5.961659571081E-1,-2.E-2));
#4400=LINE('',#4399,#4398);
#4401=DIRECTION('',(-1.E0,0.E0,0.E0));
#4402=VECTOR('',#4401,3.338125E-1);
#4403=CARTESIAN_POINT('',(1.766395408869E-1,-5.279829785541E-1,-2.E-2));
#4404=LINE('',#4403,#4402);
#4405=DIRECTION('',(0.E0,-1.E0,0.E0));
#4406=VECTOR('',#4405,6.818297855407E-2);
#4407=CARTESIAN_POINT('',(1.766395408869E-1,-4.598E-1,-2.E-2));
#4408=LINE('',#4407,#4406);
#4409=DIRECTION('',(1.E0,0.E0,0.E0));
#4410=VECTOR('',#4409,4.005749363303E-1);
#4411=CARTESIAN_POINT('',(-2.239353954434E-1,-4.598E-1,-2.E-2));
#4412=LINE('',#4411,#4410);
#4413=DIRECTION('',(0.E0,1.E0,0.E0));
#4414=VECTOR('',#4413,5.341E-1);
#4415=CARTESIAN_POINT('',(-2.239353954434E-1,-9.939E-1,-2.E-2));
#4416=LINE('',#4415,#4414);
#4417=DIRECTION('',(-1.E0,0.E0,0.E0));
#4418=VECTOR('',#4417,4.005749363303E-1);
#4419=CARTESIAN_POINT('',(1.766395408869E-1,-9.939E-1,-2.E-2));
#4420=LINE('',#4419,#4418);
#4421=DIRECTION('',(0.E0,-1.E0,0.E0));
#4422=VECTOR('',#4421,6.818297059536E-2);
#4423=CARTESIAN_POINT('',(1.766395408869E-1,-9.257170294046E-1,-2.E-2));
#4424=LINE('',#4423,#4422);
#4425=DIRECTION('',(1.E0,0.E0,0.E0));
#4426=VECTOR('',#4425,3.338125E-1);
#4427=CARTESIAN_POINT('',(-1.571729591131E-1,-9.257170294046E-1,-2.E-2));
#4428=LINE('',#4427,#4426);
#4429=DIRECTION('',(0.E0,-1.E0,0.E0));
#4430=VECTOR('',#4429,1.477298014581E-1);
#4431=CARTESIAN_POINT('',(-1.571729591131E-1,-7.779872279465E-1,-2.E-2));
#4432=LINE('',#4431,#4430);
#4433=DIRECTION('',(-1.E0,0.E0,0.E0));
#4434=VECTOR('',#4433,2.893042091131E-1);
#4435=CARTESIAN_POINT('',(1.3213125E-1,-7.779872279465E-1,-2.E-2));
#4436=LINE('',#4435,#4434);
#4437=DIRECTION('',(0.E0,-1.E0,0.E0));
#4438=VECTOR('',#4437,6.818297059536E-2);
#4439=CARTESIAN_POINT('',(1.3213125E-1,-7.098042573512E-1,-2.E-2));
#4440=LINE('',#4439,#4438);
#4441=DIRECTION('',(1.E0,0.E0,0.E0));
#4442=VECTOR('',#4441,2.893042091131E-1);
#4443=CARTESIAN_POINT('',(-1.571729591131E-1,-7.098042573512E-1,-2.E-2));
#4444=LINE('',#4443,#4442);
#4445=DIRECTION('',(0.E0,-1.E0,0.E0));
#4446=VECTOR('',#4445,1.818212787971E-1);
#4447=CARTESIAN_POINT('',(-1.571729591131E-1,-5.279829785541E-1,-2.E-2));
#4448=LINE('',#4447,#4446);
#4449=DIRECTION('',(-1.E0,0.E0,0.E0));
#4450=VECTOR('',#4449,2.6705E-1);
#4451=CARTESIAN_POINT('',(5.3270625E-1,-9.939E-1,-2.E-2));
#4452=LINE('',#4451,#4450);
#4453=DIRECTION('',(-9.797707392153E-1,-2.001232084928E-1,0.E0));
#4454=VECTOR('',#4453,5.678416070853E-2);
#4455=CARTESIAN_POINT('',(5.883417091131E-1,-9.825361715674E-1,-2.E-2));
#4456=LINE('',#4455,#4454);
#4457=DIRECTION('',(-8.906051112017E-1,-4.547774575564E-1,0.E0));
#4458=VECTOR('',#4457,4.997533736004E-2);
#4459=CARTESIAN_POINT('',(6.3285E-1,-9.598085147023E-1,-2.E-2));
#4460=LINE('',#4459,#4458);
#4461=DIRECTION('',(-6.996244945571E-1,-7.145107183351E-1,0.E0));
#4462=VECTOR('',#4461,6.361739938087E-2);
#4463=CARTESIAN_POINT('',(6.773582908869E-1,-9.143532009721E-1,-2.E-2));
#4464=LINE('',#4463,#4462);
#4465=DIRECTION('',(-4.397141723527E-1,-8.981377659536E-1,0.E0));
#4466=VECTOR('',#4465,5.061062506594E-2);
#4467=CARTESIAN_POINT('',(6.996125E-1,-8.688978872418E-1,-2.E-2));
#4468=LINE('',#4467,#4466);
#4469=DIRECTION('',(-1.921820436730E-1,-9.813592930674E-1,0.E0));
#4470=VECTOR('',#4469,5.789844188467E-2);
#4471=CARTESIAN_POINT('',(7.107395408869E-1,-8.120787132442E-1,-2.E-2));
#4472=LINE('',#4471,#4470);
#4473=DIRECTION('',(0.E0,-1.E0,0.E0));
#4474=VECTOR('',#4473,1.704574424058E-1);
#4475=CARTESIAN_POINT('',(7.107395408869E-1,-6.416212708384E-1,-2.E-2));
#4476=LINE('',#4475,#4474);
#4477=DIRECTION('',(1.921821473726E-1,-9.813592727596E-1,0.E0));
#4478=VECTOR('',#4477,5.789841064325E-2);
#4479=CARTESIAN_POINT('',(6.996125E-1,-5.848021286756E-1,-2.E-2));
#4480=LINE('',#4479,#4478);
#4481=DIRECTION('',(4.397141102494E-1,-8.981377963584E-1,0.E0));
#4482=VECTOR('',#4481,5.061063221396E-2);
#4483=CARTESIAN_POINT('',(6.773582908869E-1,-5.393468069866E-1,-2.E-2));
#4484=LINE('',#4483,#4482);
#4485=DIRECTION('',(6.996244632883E-1,-7.145107489524E-1,0.E0));
#4486=VECTOR('',#4485,6.361740222417E-2);
#4487=CARTESIAN_POINT('',(6.3285E-1,-4.938914892770E-1,-2.E-2));
#4488=LINE('',#4487,#4486);
#4489=DIRECTION('',(8.906050870136E-1,-4.547775049247E-1,0.E0));
#4490=VECTOR('',#4489,4.997533871733E-2);
#4491=CARTESIAN_POINT('',(5.883417091131E-1,-4.711638294274E-1,-2.E-2));
#4492=LINE('',#4491,#4490);
#4493=DIRECTION('',(9.797707357802E-1,-2.001232253108E-1,0.E0));
#4494=VECTOR('',#4493,5.678416090762E-2);
#4495=CARTESIAN_POINT('',(5.3270625E-1,-4.598E-1,-2.E-2));
#4496=LINE('',#4495,#4494);
#4497=DIRECTION('',(1.E0,0.E0,0.E0));
#4498=VECTOR('',#4497,2.6705E-1);
#4499=CARTESIAN_POINT('',(2.6565625E-1,-4.598E-1,-2.E-2));
#4500=LINE('',#4499,#4498);
#4501=DIRECTION('',(0.E0,1.E0,0.E0));
#4502=VECTOR('',#4501,5.341E-1);
#4503=CARTESIAN_POINT('',(2.6565625E-1,-9.939E-1,-2.E-2));
#4504=LINE('',#4503,#4502);
#4505=DIRECTION('',(1.E0,0.E0,0.E0));
#4506=VECTOR('',#4505,2.002875E-1);
#4507=CARTESIAN_POINT('',(3.3241875E-1,-9.257170294046E-1,-2.E-2));
#4508=LINE('',#4507,#4506);
#4509=DIRECTION('',(0.E0,-1.E0,0.E0));
#4510=VECTOR('',#4509,3.977340508506E-1);
#4511=CARTESIAN_POINT('',(3.3241875E-1,-5.279829785541E-1,-2.E-2));
#4512=LINE('',#4511,#4510);
#4513=DIRECTION('',(-1.E0,0.E0,0.E0));
#4514=VECTOR('',#4513,2.002875E-1);
#4515=CARTESIAN_POINT('',(5.3270625E-1,-5.279829785541E-1,-2.E-2));
#4516=LINE('',#4515,#4514);
#4517=DIRECTION('',(-9.689176611437E-1,2.473834390653E-1,0.E0));
#4518=VECTOR('',#4517,4.593609206621E-2);
#4519=CARTESIAN_POINT('',(5.772145408869E-1,-5.393468069866E-1,-2.E-2));
#4520=LINE('',#4519,#4518);
#4521=DIRECTION('',(-8.265991871191E-1,5.627910658975E-1,0.E0));
#4522=VECTOR('',#4521,4.038384082658E-2);
#4523=CARTESIAN_POINT('',(6.105957908869E-1,-5.620744718105E-1,-2.E-2));
#4524=LINE('',#4523,#4522);
#4525=DIRECTION('',(-5.466232777014E-1,8.373786433120E-1,0.E0));
#4526=VECTOR('',#4525,4.071215043513E-2);
#4527=CARTESIAN_POINT('',(6.3285E-1,-5.961659571081E-1,-2.E-2));
#4528=LINE('',#4527,#4526);
#4529=DIRECTION('',(-2.377704967206E-1,9.713213633444E-1,0.E0));
#4530=VECTOR('',#4529,4.679739934241E-2);
#4531=CARTESIAN_POINT('',(6.439770408869E-1,-6.416212708384E-1,-2.E-2));
#4532=LINE('',#4531,#4530);
#4533=DIRECTION('',(0.E0,1.E0,0.E0));
#4534=VECTOR('',#4533,1.704574424058E-1);
#4535=CARTESIAN_POINT('',(6.439770408869E-1,-8.120787132442E-1,-2.E-2));
#4536=LINE('',#4535,#4534);
#4537=DIRECTION('',(2.377704967206E-1,9.713213633444E-1,0.E0));
#4538=VECTOR('',#4537,4.679739934241E-2);
#4539=CARTESIAN_POINT('',(6.3285E-1,-8.575340269744E-1,-2.E-2));
#4540=LINE('',#4539,#4538);
#4541=DIRECTION('',(5.466229197794E-1,8.373788769559E-1,0.E0));
#4542=VECTOR('',#4541,4.071217709295E-2);
#4543=CARTESIAN_POINT('',(6.105957908869E-1,-8.916255441070E-1,-2.E-2));
#4544=LINE('',#4543,#4542);
#4545=DIRECTION('',(8.265992787996E-1,5.627909312417E-1,0.E0));
#4546=VECTOR('',#4545,4.038383634749E-2);
#4547=CARTESIAN_POINT('',(5.772145408869E-1,-9.143532009721E-1,-2.E-2));
#4548=LINE('',#4547,#4546);
#4549=DIRECTION('',(9.689176611437E-1,2.473834390653E-1,0.E0));
#4550=VECTOR('',#4549,4.593609206621E-2);
#4551=CARTESIAN_POINT('',(5.3270625E-1,-9.257170294046E-1,-2.E-2));
#4552=LINE('',#4551,#4550);
#4553=DIRECTION('',(-1.E0,0.E0,0.E0));
#4554=VECTOR('',#4553,8.901658177376E-2);
#4555=CARTESIAN_POINT('',(1.06680625E0,-9.939E-1,-2.E-2));
#4556=LINE('',#4555,#4554);
#4557=DIRECTION('',(-3.162279017271E-1,-9.486832528138E-1,0.E0));
#4558=VECTOR('',#4557,5.629908596108E-1);
#4559=CARTESIAN_POINT('',(1.244839668226E0,-4.598E-1,-2.E-2));
#4560=LINE('',#4559,#4558);
#4561=DIRECTION('',(1.E0,0.E0,0.E0));
#4562=VECTOR('',#4561,6.67625E-2);
#4563=CARTESIAN_POINT('',(1.178077168226E0,-4.598E-1,-2.E-2));
#4564=LINE('',#4563,#4562);
#4565=DIRECTION('',(3.102805670740E-1,9.506450282288E-1,0.E0));
#4566=VECTOR('',#4565,1.434457163913E-1);
#4567=CARTESIAN_POINT('',(1.13356875E0,-5.961659571081E-1,-2.E-2));
#4568=LINE('',#4567,#4566);
#4569=DIRECTION('',(1.E0,0.E0,0.E0));
#4570=VECTOR('',#4569,2.225415817738E-1);
#4571=CARTESIAN_POINT('',(9.110271682262E-1,-5.961659571081E-1,-2.E-2));
#4572=LINE('',#4571,#4570);
#4573=DIRECTION('',(3.102805670740E-1,-9.506450282288E-1,0.E0));
#4574=VECTOR('',#4573,1.434457163913E-1);
#4575=CARTESIAN_POINT('',(8.6651875E-1,-4.598E-1,-2.E-2));
#4576=LINE('',#4575,#4574);
#4577=DIRECTION('',(1.E0,0.E0,0.E0));
#4578=VECTOR('',#4577,6.67625E-2);
#4579=CARTESIAN_POINT('',(7.9975625E-1,-4.598E-1,-2.E-2));
#4580=LINE('',#4579,#4578);
#4581=DIRECTION('',(-3.162279017271E-1,9.486832528138E-1,0.E0));
#4582=VECTOR('',#4581,5.629908596108E-1);
#4583=CARTESIAN_POINT('',(9.777896682262E-1,-9.939E-1,-2.E-2));
#4584=LINE('',#4583,#4582);
#4585=DIRECTION('',(3.102800213276E-1,9.506452063546E-1,0.E0));
#4586=VECTOR('',#4585,3.227528139630E-1);
#4587=CARTESIAN_POINT('',(1.022297831774E0,-9.484446862698E-1,-2.E-2));
#4588=LINE('',#4587,#4586);
#4589=DIRECTION('',(3.102800213276E-1,-9.506452063546E-1,0.E0));
#4590=VECTOR('',#4589,3.227528139630E-1);
#4591=CARTESIAN_POINT('',(9.221540817738E-1,-6.416212708384E-1,-2.E-2));
#4592=LINE('',#4591,#4590);
#4593=DIRECTION('',(-1.E0,0.E0,0.E0));
#4594=VECTOR('',#4593,2.002875E-1);
#4595=CARTESIAN_POINT('',(1.122441581774E0,-6.416212708384E-1,-2.E-2));
#4596=LINE('',#4595,#4594);
#4597=DIRECTION('',(0.E0,0.E0,-1.E0));
#4598=VECTOR('',#4597,2.E-2);
#4599=CARTESIAN_POINT('',(-3.129521045566E-1,-5.961659571081E-1,0.E0));
#4600=LINE('',#4599,#4598);
#4601=DIRECTION('',(0.E0,0.E0,-1.E0));
#4602=VECTOR('',#4601,2.E-2);
#4603=CARTESIAN_POINT('',(-3.240791454434E-1,-5.393468069866E-1,0.E0));
#4604=LINE('',#4603,#4602);
#4605=DIRECTION('',(0.E0,0.E0,-1.E0));
#4606=VECTOR('',#4605,2.E-2);
#4607=CARTESIAN_POINT('',(-3.685875E-1,-4.938914892770E-1,0.E0));
#4608=LINE('',#4607,#4606);
#4609=DIRECTION('',(0.E0,0.E0,-1.E0));
#4610=VECTOR('',#4609,2.E-2);
#4611=CARTESIAN_POINT('',(-4.130958545566E-1,-4.711638294274E-1,0.E0));
#4612=LINE('',#4611,#4610);
#4613=DIRECTION('',(0.E0,0.E0,-1.E0));
#4614=VECTOR('',#4613,2.E-2);
#4615=CARTESIAN_POINT('',(-4.6873125E-1,-4.598E-1,0.E0));
#4616=LINE('',#4615,#4614);
#4617=DIRECTION('',(0.E0,0.E0,-1.E0));
#4618=VECTOR('',#4617,2.E-2);
#4619=CARTESIAN_POINT('',(-5.68875E-1,-4.598E-1,0.E0));
#4620=LINE('',#4619,#4618);
#4621=DIRECTION('',(0.E0,0.E0,-1.E0));
#4622=VECTOR('',#4621,2.E-2);
#4623=CARTESIAN_POINT('',(-6.245103954434E-1,-4.711638294274E-1,0.E0));
#4624=LINE('',#4623,#4622);
#4625=DIRECTION('',(0.E0,0.E0,-1.E0));
#4626=VECTOR('',#4625,2.E-2);
#4627=CARTESIAN_POINT('',(-6.6901875E-1,-4.938914892770E-1,0.E0));
#4628=LINE('',#4627,#4626);
#4629=DIRECTION('',(0.E0,0.E0,-1.E0));
#4630=VECTOR('',#4629,2.E-2);
#4631=CARTESIAN_POINT('',(-7.135270727217E-1,-5.393468069866E-1,0.E0));
#4632=LINE('',#4631,#4630);
#4633=DIRECTION('',(0.E0,0.E0,-1.E0));
#4634=VECTOR('',#4633,2.E-2);
#4635=CARTESIAN_POINT('',(-7.3578125E-1,-5.848021286756E-1,0.E0));
#4636=LINE('',#4635,#4634);
#4637=DIRECTION('',(0.E0,0.E0,-1.E0));
#4638=VECTOR('',#4637,2.E-2);
#4639=CARTESIAN_POINT('',(-7.469083227217E-1,-6.416212708384E-1,0.E0));
#4640=LINE('',#4639,#4638);
#4641=DIRECTION('',(0.E0,0.E0,-1.E0));
#4642=VECTOR('',#4641,2.E-2);
#4643=CARTESIAN_POINT('',(-7.469083227217E-1,-8.120787132442E-1,0.E0));
#4644=LINE('',#4643,#4642);
#4645=DIRECTION('',(0.E0,0.E0,-1.E0));
#4646=VECTOR('',#4645,2.E-2);
#4647=CARTESIAN_POINT('',(-7.3578125E-1,-8.688978872418E-1,0.E0));
#4648=LINE('',#4647,#4646);
#4649=DIRECTION('',(0.E0,0.E0,-1.E0));
#4650=VECTOR('',#4649,2.E-2);
#4651=CARTESIAN_POINT('',(-7.135270727217E-1,-9.143532009721E-1,0.E0));
#4652=LINE('',#4651,#4650);
#4653=DIRECTION('',(0.E0,0.E0,-1.E0));
#4654=VECTOR('',#4653,2.E-2);
#4655=CARTESIAN_POINT('',(-6.6901875E-1,-9.598085147023E-1,0.E0));
#4656=LINE('',#4655,#4654);
#4657=DIRECTION('',(0.E0,0.E0,-1.E0));
#4658=VECTOR('',#4657,2.E-2);
#4659=CARTESIAN_POINT('',(-6.245103954434E-1,-9.825361715674E-1,0.E0));
#4660=LINE('',#4659,#4658);
#4661=DIRECTION('',(0.E0,0.E0,-1.E0));
#4662=VECTOR('',#4661,2.E-2);
#4663=CARTESIAN_POINT('',(-5.68875E-1,-9.939E-1,0.E0));
#4664=LINE('',#4663,#4662);
#4665=DIRECTION('',(0.E0,0.E0,-1.E0));
#4666=VECTOR('',#4665,2.E-2);
#4667=CARTESIAN_POINT('',(-4.6873125E-1,-9.939E-1,0.E0));
#4668=LINE('',#4667,#4666);
#4669=DIRECTION('',(0.E0,0.E0,-1.E0));
#4670=VECTOR('',#4669,2.E-2);
#4671=CARTESIAN_POINT('',(-4.130958545566E-1,-9.825361715674E-1,0.E0));
#4672=LINE('',#4671,#4670);
#4673=DIRECTION('',(0.E0,0.E0,-1.E0));
#4674=VECTOR('',#4673,2.E-2);
#4675=CARTESIAN_POINT('',(-3.685875E-1,-9.598085147023E-1,0.E0));
#4676=LINE('',#4675,#4674);
#4677=DIRECTION('',(0.E0,0.E0,-1.E0));
#4678=VECTOR('',#4677,2.E-2);
#4679=CARTESIAN_POINT('',(-3.240791454434E-1,-9.143532009721E-1,0.E0));
#4680=LINE('',#4679,#4678);
#4681=DIRECTION('',(0.E0,0.E0,-1.E0));
#4682=VECTOR('',#4681,2.E-2);
#4683=CARTESIAN_POINT('',(-3.129521045566E-1,-8.575340269744E-1,0.E0));
#4684=LINE('',#4683,#4682);
#4685=DIRECTION('',(0.E0,0.E0,-1.E0));
#4686=VECTOR('',#4685,2.E-2);
#4687=CARTESIAN_POINT('',(-3.797146045566E-1,-8.575340269744E-1,0.E0));
#4688=LINE('',#4687,#4686);
#4689=DIRECTION('',(0.E0,0.E0,-1.E0));
#4690=VECTOR('',#4689,2.E-2);
#4691=CARTESIAN_POINT('',(-3.908416454434E-1,-8.916255441070E-1,0.E0));
#4692=LINE('',#4691,#4690);
#4693=DIRECTION('',(0.E0,0.E0,-1.E0));
#4694=VECTOR('',#4693,2.E-2);
#4695=CARTESIAN_POINT('',(-4.242228954434E-1,-9.143532009721E-1,0.E0));
#4696=LINE('',#4695,#4694);
#4697=DIRECTION('',(0.E0,0.E0,-1.E0));
#4698=VECTOR('',#4697,2.E-2);
#4699=CARTESIAN_POINT('',(-4.6873125E-1,-9.257170294046E-1,0.E0));
#4700=LINE('',#4699,#4698);
#4701=DIRECTION('',(0.E0,0.E0,-1.E0));
#4702=VECTOR('',#4701,2.E-2);
#4703=CARTESIAN_POINT('',(-5.68875E-1,-9.257170294046E-1,0.E0));
#4704=LINE('',#4703,#4702);
#4705=DIRECTION('',(0.E0,0.E0,-1.E0));
#4706=VECTOR('',#4705,2.E-2);
#4707=CARTESIAN_POINT('',(-6.133833545566E-1,-9.143532009721E-1,0.E0));
#4708=LINE('',#4707,#4706);
#4709=DIRECTION('',(0.E0,0.E0,-1.E0));
#4710=VECTOR('',#4709,2.E-2);
#4711=CARTESIAN_POINT('',(-6.467646045566E-1,-8.916255441070E-1,0.E0));
#4712=LINE('',#4711,#4710);
#4713=DIRECTION('',(0.E0,0.E0,-1.E0));
#4714=VECTOR('',#4713,2.E-2);
#4715=CARTESIAN_POINT('',(-6.6901875E-1,-8.575340269744E-1,0.E0));
#4716=LINE('',#4715,#4714);
#4717=DIRECTION('',(0.E0,0.E0,-1.E0));
#4718=VECTOR('',#4717,2.E-2);
#4719=CARTESIAN_POINT('',(-6.801458545566E-1,-8.120787132442E-1,0.E0));
#4720=LINE('',#4719,#4718);
#4721=DIRECTION('',(0.E0,0.E0,-1.E0));
#4722=VECTOR('',#4721,2.E-2);
#4723=CARTESIAN_POINT('',(-6.801458545566E-1,-6.416212708384E-1,0.E0));
#4724=LINE('',#4723,#4722);
#4725=DIRECTION('',(0.E0,0.E0,-1.E0));
#4726=VECTOR('',#4725,2.E-2);
#4727=CARTESIAN_POINT('',(-6.6901875E-1,-5.961659571081E-1,0.E0));
#4728=LINE('',#4727,#4726);
#4729=DIRECTION('',(0.E0,0.E0,-1.E0));
#4730=VECTOR('',#4729,2.E-2);
#4731=CARTESIAN_POINT('',(-6.467646045566E-1,-5.620744718105E-1,0.E0));
#4732=LINE('',#4731,#4730);
#4733=DIRECTION('',(0.E0,0.E0,-1.E0));
#4734=VECTOR('',#4733,2.E-2);
#4735=CARTESIAN_POINT('',(-6.133833545566E-1,-5.393468069866E-1,0.E0));
#4736=LINE('',#4735,#4734);
#4737=DIRECTION('',(0.E0,0.E0,-1.E0));
#4738=VECTOR('',#4737,2.E-2);
#4739=CARTESIAN_POINT('',(-5.68875E-1,-5.279829785541E-1,0.E0));
#4740=LINE('',#4739,#4738);
#4741=DIRECTION('',(0.E0,0.E0,-1.E0));
#4742=VECTOR('',#4741,2.E-2);
#4743=CARTESIAN_POINT('',(-4.6873125E-1,-5.279829785541E-1,0.E0));
#4744=LINE('',#4743,#4742);
#4745=DIRECTION('',(0.E0,0.E0,-1.E0));
#4746=VECTOR('',#4745,2.E-2);
#4747=CARTESIAN_POINT('',(-4.242228954434E-1,-5.393468069866E-1,0.E0));
#4748=LINE('',#4747,#4746);
#4749=DIRECTION('',(0.E0,0.E0,-1.E0));
#4750=VECTOR('',#4749,2.E-2);
#4751=CARTESIAN_POINT('',(-3.908416454434E-1,-5.620744718105E-1,0.E0));
#4752=LINE('',#4751,#4750);
#4753=DIRECTION('',(0.E0,0.E0,-1.E0));
#4754=VECTOR('',#4753,2.E-2);
#4755=CARTESIAN_POINT('',(-3.797146045566E-1,-5.961659571081E-1,0.E0));
#4756=LINE('',#4755,#4754);
#4757=DIRECTION('',(0.E0,0.E0,-1.E0));
#4758=VECTOR('',#4757,2.E-2);
#4759=CARTESIAN_POINT('',(1.766395408869E-1,-5.279829785541E-1,0.E0));
#4760=LINE('',#4759,#4758);
#4761=DIRECTION('',(0.E0,0.E0,-1.E0));
#4762=VECTOR('',#4761,2.E-2);
#4763=CARTESIAN_POINT('',(1.766395408869E-1,-4.598E-1,0.E0));
#4764=LINE('',#4763,#4762);
#4765=DIRECTION('',(0.E0,0.E0,-1.E0));
#4766=VECTOR('',#4765,2.E-2);
#4767=CARTESIAN_POINT('',(-2.239353954434E-1,-4.598E-1,0.E0));
#4768=LINE('',#4767,#4766);
#4769=DIRECTION('',(0.E0,0.E0,-1.E0));
#4770=VECTOR('',#4769,2.E-2);
#4771=CARTESIAN_POINT('',(-2.239353954434E-1,-9.939E-1,0.E0));
#4772=LINE('',#4771,#4770);
#4773=DIRECTION('',(0.E0,0.E0,-1.E0));
#4774=VECTOR('',#4773,2.E-2);
#4775=CARTESIAN_POINT('',(1.766395408869E-1,-9.939E-1,0.E0));
#4776=LINE('',#4775,#4774);
#4777=DIRECTION('',(0.E0,0.E0,-1.E0));
#4778=VECTOR('',#4777,2.E-2);
#4779=CARTESIAN_POINT('',(1.766395408869E-1,-9.257170294046E-1,0.E0));
#4780=LINE('',#4779,#4778);
#4781=DIRECTION('',(0.E0,0.E0,-1.E0));
#4782=VECTOR('',#4781,2.E-2);
#4783=CARTESIAN_POINT('',(-1.571729591131E-1,-9.257170294046E-1,0.E0));
#4784=LINE('',#4783,#4782);
#4785=DIRECTION('',(0.E0,0.E0,-1.E0));
#4786=VECTOR('',#4785,2.E-2);
#4787=CARTESIAN_POINT('',(-1.571729591131E-1,-7.779872279465E-1,0.E0));
#4788=LINE('',#4787,#4786);
#4789=DIRECTION('',(0.E0,0.E0,-1.E0));
#4790=VECTOR('',#4789,2.E-2);
#4791=CARTESIAN_POINT('',(1.3213125E-1,-7.779872279465E-1,0.E0));
#4792=LINE('',#4791,#4790);
#4793=DIRECTION('',(0.E0,0.E0,-1.E0));
#4794=VECTOR('',#4793,2.E-2);
#4795=CARTESIAN_POINT('',(1.3213125E-1,-7.098042573512E-1,0.E0));
#4796=LINE('',#4795,#4794);
#4797=DIRECTION('',(0.E0,0.E0,-1.E0));
#4798=VECTOR('',#4797,2.E-2);
#4799=CARTESIAN_POINT('',(-1.571729591131E-1,-7.098042573512E-1,0.E0));
#4800=LINE('',#4799,#4798);
#4801=DIRECTION('',(0.E0,0.E0,-1.E0));
#4802=VECTOR('',#4801,2.E-2);
#4803=CARTESIAN_POINT('',(-1.571729591131E-1,-5.279829785541E-1,0.E0));
#4804=LINE('',#4803,#4802);
#4805=DIRECTION('',(0.E0,0.E0,-1.E0));
#4806=VECTOR('',#4805,2.E-2);
#4807=CARTESIAN_POINT('',(5.3270625E-1,-9.939E-1,0.E0));
#4808=LINE('',#4807,#4806);
#4809=DIRECTION('',(0.E0,0.E0,-1.E0));
#4810=VECTOR('',#4809,2.E-2);
#4811=CARTESIAN_POINT('',(5.883417091131E-1,-9.825361715674E-1,0.E0));
#4812=LINE('',#4811,#4810);
#4813=DIRECTION('',(0.E0,0.E0,-1.E0));
#4814=VECTOR('',#4813,2.E-2);
#4815=CARTESIAN_POINT('',(6.3285E-1,-9.598085147023E-1,0.E0));
#4816=LINE('',#4815,#4814);
#4817=DIRECTION('',(0.E0,0.E0,-1.E0));
#4818=VECTOR('',#4817,2.E-2);
#4819=CARTESIAN_POINT('',(6.773582908869E-1,-9.143532009721E-1,0.E0));
#4820=LINE('',#4819,#4818);
#4821=DIRECTION('',(0.E0,1.110223024625E-14,-1.E0));
#4822=VECTOR('',#4821,2.E-2);
#4823=CARTESIAN_POINT('',(6.996125E-1,-8.688978872418E-1,0.E0));
#4824=LINE('',#4823,#4822);
#4825=DIRECTION('',(0.E0,1.665334536938E-14,-1.E0));
#4826=VECTOR('',#4825,2.E-2);
#4827=CARTESIAN_POINT('',(7.107395408869E-1,-8.120787132442E-1,0.E0));
#4828=LINE('',#4827,#4826);
#4829=DIRECTION('',(0.E0,0.E0,-1.E0));
#4830=VECTOR('',#4829,2.E-2);
#4831=CARTESIAN_POINT('',(7.107395408869E-1,-6.416212708384E-1,0.E0));
#4832=LINE('',#4831,#4830);
#4833=DIRECTION('',(0.E0,0.E0,-1.E0));
#4834=VECTOR('',#4833,2.E-2);
#4835=CARTESIAN_POINT('',(6.996125E-1,-5.848021286756E-1,0.E0));
#4836=LINE('',#4835,#4834);
#4837=DIRECTION('',(0.E0,0.E0,-1.E0));
#4838=VECTOR('',#4837,2.E-2);
#4839=CARTESIAN_POINT('',(6.773582908869E-1,-5.393468069866E-1,0.E0));
#4840=LINE('',#4839,#4838);
#4841=DIRECTION('',(0.E0,0.E0,-1.E0));
#4842=VECTOR('',#4841,2.E-2);
#4843=CARTESIAN_POINT('',(6.3285E-1,-4.938914892770E-1,0.E0));
#4844=LINE('',#4843,#4842);
#4845=DIRECTION('',(0.E0,0.E0,-1.E0));
#4846=VECTOR('',#4845,2.E-2);
#4847=CARTESIAN_POINT('',(5.883417091131E-1,-4.711638294274E-1,0.E0));
#4848=LINE('',#4847,#4846);
#4849=DIRECTION('',(0.E0,0.E0,-1.E0));
#4850=VECTOR('',#4849,2.E-2);
#4851=CARTESIAN_POINT('',(5.3270625E-1,-4.598E-1,0.E0));
#4852=LINE('',#4851,#4850);
#4853=DIRECTION('',(0.E0,0.E0,-1.E0));
#4854=VECTOR('',#4853,2.E-2);
#4855=CARTESIAN_POINT('',(2.6565625E-1,-4.598E-1,0.E0));
#4856=LINE('',#4855,#4854);
#4857=DIRECTION('',(0.E0,0.E0,-1.E0));
#4858=VECTOR('',#4857,2.E-2);
#4859=CARTESIAN_POINT('',(2.6565625E-1,-9.939E-1,0.E0));
#4860=LINE('',#4859,#4858);
#4861=DIRECTION('',(0.E0,0.E0,-1.E0));
#4862=VECTOR('',#4861,2.E-2);
#4863=CARTESIAN_POINT('',(3.3241875E-1,-9.257170294046E-1,0.E0));
#4864=LINE('',#4863,#4862);
#4865=DIRECTION('',(0.E0,0.E0,-1.E0));
#4866=VECTOR('',#4865,2.E-2);
#4867=CARTESIAN_POINT('',(3.3241875E-1,-5.279829785541E-1,0.E0));
#4868=LINE('',#4867,#4866);
#4869=DIRECTION('',(0.E0,0.E0,-1.E0));
#4870=VECTOR('',#4869,2.E-2);
#4871=CARTESIAN_POINT('',(5.3270625E-1,-5.279829785541E-1,0.E0));
#4872=LINE('',#4871,#4870);
#4873=DIRECTION('',(0.E0,0.E0,-1.E0));
#4874=VECTOR('',#4873,2.E-2);
#4875=CARTESIAN_POINT('',(5.772145408869E-1,-5.393468069866E-1,0.E0));
#4876=LINE('',#4875,#4874);
#4877=DIRECTION('',(0.E0,0.E0,-1.E0));
#4878=VECTOR('',#4877,2.E-2);
#4879=CARTESIAN_POINT('',(6.105957908869E-1,-5.620744718105E-1,0.E0));
#4880=LINE('',#4879,#4878);
#4881=DIRECTION('',(0.E0,0.E0,-1.E0));
#4882=VECTOR('',#4881,2.E-2);
#4883=CARTESIAN_POINT('',(6.3285E-1,-5.961659571081E-1,0.E0));
#4884=LINE('',#4883,#4882);
#4885=DIRECTION('',(0.E0,0.E0,-1.E0));
#4886=VECTOR('',#4885,2.E-2);
#4887=CARTESIAN_POINT('',(6.439770408869E-1,-6.416212708384E-1,0.E0));
#4888=LINE('',#4887,#4886);
#4889=DIRECTION('',(0.E0,1.665334536938E-14,-1.E0));
#4890=VECTOR('',#4889,2.E-2);
#4891=CARTESIAN_POINT('',(6.439770408869E-1,-8.120787132442E-1,0.E0));
#4892=LINE('',#4891,#4890);
#4893=DIRECTION('',(0.E0,0.E0,-1.E0));
#4894=VECTOR('',#4893,2.E-2);
#4895=CARTESIAN_POINT('',(6.3285E-1,-8.575340269744E-1,0.E0));
#4896=LINE('',#4895,#4894);
#4897=DIRECTION('',(0.E0,0.E0,-1.E0));
#4898=VECTOR('',#4897,2.E-2);
#4899=CARTESIAN_POINT('',(6.105957908869E-1,-8.916255441070E-1,0.E0));
#4900=LINE('',#4899,#4898);
#4901=DIRECTION('',(0.E0,0.E0,-1.E0));
#4902=VECTOR('',#4901,2.E-2);
#4903=CARTESIAN_POINT('',(5.772145408869E-1,-9.143532009721E-1,0.E0));
#4904=LINE('',#4903,#4902);
#4905=DIRECTION('',(0.E0,0.E0,-1.E0));
#4906=VECTOR('',#4905,2.E-2);
#4907=CARTESIAN_POINT('',(5.3270625E-1,-9.257170294046E-1,0.E0));
#4908=LINE('',#4907,#4906);
#4909=DIRECTION('',(0.E0,0.E0,-1.E0));
#4910=VECTOR('',#4909,2.E-2);
#4911=CARTESIAN_POINT('',(1.06680625E0,-9.939E-1,0.E0));
#4912=LINE('',#4911,#4910);
#4913=DIRECTION('',(0.E0,0.E0,-1.E0));
#4914=VECTOR('',#4913,2.E-2);
#4915=CARTESIAN_POINT('',(1.244839668226E0,-4.598E-1,0.E0));
#4916=LINE('',#4915,#4914);
#4917=DIRECTION('',(0.E0,0.E0,-1.E0));
#4918=VECTOR('',#4917,2.E-2);
#4919=CARTESIAN_POINT('',(1.178077168226E0,-4.598E-1,0.E0));
#4920=LINE('',#4919,#4918);
#4921=DIRECTION('',(0.E0,0.E0,-1.E0));
#4922=VECTOR('',#4921,2.E-2);
#4923=CARTESIAN_POINT('',(1.13356875E0,-5.961659571081E-1,0.E0));
#4924=LINE('',#4923,#4922);
#4925=DIRECTION('',(0.E0,0.E0,-1.E0));
#4926=VECTOR('',#4925,2.E-2);
#4927=CARTESIAN_POINT('',(9.110271682262E-1,-5.961659571081E-1,0.E0));
#4928=LINE('',#4927,#4926);
#4929=DIRECTION('',(0.E0,0.E0,-1.E0));
#4930=VECTOR('',#4929,2.E-2);
#4931=CARTESIAN_POINT('',(8.6651875E-1,-4.598E-1,0.E0));
#4932=LINE('',#4931,#4930);
#4933=DIRECTION('',(0.E0,0.E0,-1.E0));
#4934=VECTOR('',#4933,2.E-2);
#4935=CARTESIAN_POINT('',(7.9975625E-1,-4.598E-1,0.E0));
#4936=LINE('',#4935,#4934);
#4937=DIRECTION('',(0.E0,0.E0,-1.E0));
#4938=VECTOR('',#4937,2.E-2);
#4939=CARTESIAN_POINT('',(9.777896682262E-1,-9.939E-1,0.E0));
#4940=LINE('',#4939,#4938);
#4941=DIRECTION('',(0.E0,1.110223024625E-14,-1.E0));
#4942=VECTOR('',#4941,2.E-2);
#4943=CARTESIAN_POINT('',(1.022297831774E0,-9.484446862698E-1,0.E0));
#4944=LINE('',#4943,#4942);
#4945=DIRECTION('',(0.E0,0.E0,-1.E0));
#4946=VECTOR('',#4945,2.E-2);
#4947=CARTESIAN_POINT('',(9.221540817738E-1,-6.416212708384E-1,0.E0));
#4948=LINE('',#4947,#4946);
#4949=DIRECTION('',(0.E0,0.E0,-1.E0));
#4950=VECTOR('',#4949,2.E-2);
#4951=CARTESIAN_POINT('',(1.122441581774E0,-6.416212708384E-1,0.E0));
#4952=LINE('',#4951,#4950);
#4953=CARTESIAN_POINT('',(-5.E0,1.25E0,0.E0));
#4954=CARTESIAN_POINT('',(-5.E0,-1.25E0,0.E0));
#4955=VERTEX_POINT('',#4953);
#4956=VERTEX_POINT('',#4954);
#4957=CARTESIAN_POINT('',(5.E0,-1.25E0,0.E0));
#4958=VERTEX_POINT('',#4957);
#4959=CARTESIAN_POINT('',(5.E0,1.25E0,0.E0));
#4960=VERTEX_POINT('',#4959);
#4961=CARTESIAN_POINT('',(5.E0,-1.25E0,4.5E0));
#4962=CARTESIAN_POINT('',(5.E0,1.25E0,4.5E0));
#4963=VERTEX_POINT('',#4961);
#4964=VERTEX_POINT('',#4962);
#4965=CARTESIAN_POINT('',(-4.1E0,9.632920596400E-1,-2.5685E-1));
#4966=CARTESIAN_POINT('',(-4.1E0,9.632920596400E-1,0.E0));
#4967=VERTEX_POINT('',#4965);
#4968=VERTEX_POINT('',#4966);
#4969=CARTESIAN_POINT('',(-4.E0,8.632920596400E-1,-2.568499996596E-1));
#4970=CARTESIAN_POINT('',(-4.E0,8.632920596400E-1,0.E0));
#4971=VERTEX_POINT('',#4969);
#4972=VERTEX_POINT('',#4970);
#4973=CARTESIAN_POINT('',(-4.4863E0,8.632920596400E-1,-2.5685E-1));
#4974=VERTEX_POINT('',#4973);
#4975=CARTESIAN_POINT('',(-4.3863E0,9.632920596400E-1,-2.5685E-1));
#4976=VERTEX_POINT('',#4975);
#4977=CARTESIAN_POINT('',(-4.4863E0,8.632920596400E-1,0.E0));
#4978=VERTEX_POINT('',#4977);
#4979=CARTESIAN_POINT('',(-4.3863E0,9.632920596400E-1,0.E0));
#4980=VERTEX_POINT('',#4979);
#4981=CARTESIAN_POINT('',(-4.3863E0,-7.874079403600E-1,-2.5685E-1));
#4982=CARTESIAN_POINT('',(-4.3863E0,-7.874079403600E-1,0.E0));
#4983=VERTEX_POINT('',#4981);
#4984=VERTEX_POINT('',#4982);
#4985=CARTESIAN_POINT('',(-4.4863E0,-6.874079403600E-1,-2.568499996369E-1));
#4986=CARTESIAN_POINT('',(-4.4863E0,-6.874079403600E-1,0.E0));
#4987=VERTEX_POINT('',#4985);
#4988=VERTEX_POINT('',#4986);
#4989=CARTESIAN_POINT('',(-4.E0,-6.874079403600E-1,-2.5685E-1));
#4990=VERTEX_POINT('',#4989);
#4991=CARTESIAN_POINT('',(-4.1E0,-7.874079403600E-1,-2.5685E-1));
#4992=VERTEX_POINT('',#4991);
#4993=CARTESIAN_POINT('',(-4.E0,-6.874079403600E-1,0.E0));
#4994=VERTEX_POINT('',#4993);
#4995=CARTESIAN_POINT('',(-4.1E0,-7.874079403600E-1,0.E0));
#4996=VERTEX_POINT('',#4995);
#4997=CARTESIAN_POINT('',(4.E0,8.632920596400E-1,-2.568499996331E-1));
#4998=CARTESIAN_POINT('',(4.E0,8.632920596400E-1,0.E0));
#4999=VERTEX_POINT('',#4997);
#5000=VERTEX_POINT('',#4998);
#5001=CARTESIAN_POINT('',(4.1E0,9.632920596400E-1,-2.5685E-1));
#5002=CARTESIAN_POINT('',(4.1E0,9.632920596400E-1,0.E0));
#5003=VERTEX_POINT('',#5001);
#5004=VERTEX_POINT('',#5002);
#5005=CARTESIAN_POINT('',(4.3863E0,9.632920596400E-1,-2.5685E-1));
#5006=VERTEX_POINT('',#5005);
#5007=CARTESIAN_POINT('',(4.4863E0,8.632920596400E-1,-2.5685E-1));
#5008=VERTEX_POINT('',#5007);
#5009=CARTESIAN_POINT('',(4.3863E0,9.632920596400E-1,0.E0));
#5010=VERTEX_POINT('',#5009);
#5011=CARTESIAN_POINT('',(4.4863E0,8.632920596400E-1,0.E0));
#5012=VERTEX_POINT('',#5011);
#5013=CARTESIAN_POINT('',(4.4863E0,-6.874079403600E-1,-2.568499996281E-1));
#5014=CARTESIAN_POINT('',(4.4863E0,-6.874079403600E-1,0.E0));
#5015=VERTEX_POINT('',#5013);
#5016=VERTEX_POINT('',#5014);
#5017=CARTESIAN_POINT('',(4.3863E0,-7.874079403600E-1,-2.5685E-1));
#5018=CARTESIAN_POINT('',(4.3863E0,-7.874079403600E-1,0.E0));
#5019=VERTEX_POINT('',#5017);
#5020=VERTEX_POINT('',#5018);
#5021=CARTESIAN_POINT('',(4.1E0,-7.874079403600E-1,-2.5685E-1));
#5022=VERTEX_POINT('',#5021);
#5023=CARTESIAN_POINT('',(4.E0,-6.874079403600E-1,-2.5685E-1));
#5024=VERTEX_POINT('',#5023);
#5025=CARTESIAN_POINT('',(4.1E0,-7.874079403600E-1,0.E0));
#5026=VERTEX_POINT('',#5025);
#5027=CARTESIAN_POINT('',(4.E0,-6.874079403600E-1,0.E0));
#5028=VERTEX_POINT('',#5027);
#5029=CARTESIAN_POINT('',(-3.769196514597E0,-1.15E0,5.E-1));
#5030=CARTESIAN_POINT('',(3.769196514597E0,-1.15E0,5.E-1));
#5031=VERTEX_POINT('',#5029);
#5032=VERTEX_POINT('',#5030);
#5033=CARTESIAN_POINT('',(3.999801484154E0,-1.15E0,7.306049695569E-1));
#5034=VERTEX_POINT('',#5033);
#5035=CARTESIAN_POINT('',(3.999801484154E0,-1.15E0,1.867352700604E0));
#5036=VERTEX_POINT('',#5035);
#5037=CARTESIAN_POINT('',(3.769196514597E0,-1.15E0,2.097957670161E0));
#5038=VERTEX_POINT('',#5037);
#5039=CARTESIAN_POINT('',(-3.769196514597E0,-1.15E0,2.097957670161E0));
#5040=VERTEX_POINT('',#5039);
#5041=CARTESIAN_POINT('',(-3.999801484154E0,-1.15E0,1.867352700604E0));
#5042=VERTEX_POINT('',#5041);
#5043=CARTESIAN_POINT('',(-3.999801484154E0,-1.15E0,7.306049695569E-1));
#5044=VERTEX_POINT('',#5043);
#5045=CARTESIAN_POINT('',(-3.769196514597E0,-1.25E0,5.E-1));
#5046=CARTESIAN_POINT('',(3.769196514597E0,-1.25E0,5.E-1));
#5047=VERTEX_POINT('',#5045);
#5048=VERTEX_POINT('',#5046);
#5049=CARTESIAN_POINT('',(3.999801484154E0,-1.25E0,7.306049695569E-1));
#5050=VERTEX_POINT('',#5049);
#5051=CARTESIAN_POINT('',(3.999801484154E0,-1.25E0,1.867352700604E0));
#5052=VERTEX_POINT('',#5051);
#5053=CARTESIAN_POINT('',(3.769196514597E0,-1.25E0,2.097957670161E0));
#5054=VERTEX_POINT('',#5053);
#5055=CARTESIAN_POINT('',(-3.769196514597E0,-1.25E0,2.097957670161E0));
#5056=VERTEX_POINT('',#5055);
#5057=CARTESIAN_POINT('',(-3.999801484154E0,-1.25E0,1.867352700604E0));
#5058=VERTEX_POINT('',#5057);
#5059=CARTESIAN_POINT('',(-3.999801484154E0,-1.25E0,7.306049695569E-1));
#5060=VERTEX_POINT('',#5059);
#5061=CARTESIAN_POINT('',(-3.456721767837E0,-1.25E0,7.833531545766E-1));
#5062=CARTESIAN_POINT('',(-3.456721767837E0,-1.25E0,1.715187213386E0));
#5063=VERTEX_POINT('',#5061);
#5064=VERTEX_POINT('',#5062);
#5065=CARTESIAN_POINT('',(-3.000511368573E0,-1.25E0,7.833531545766E-1));
#5066=VERTEX_POINT('',#5065);
#5067=CARTESIAN_POINT('',(-2.836275618573E0,-1.25E0,7.833531545766E-1));
#5068=VERTEX_POINT('',#5067);
#5069=CARTESIAN_POINT('',(-2.836275618573E0,-1.25E0,1.851553154577E0));
#5070=VERTEX_POINT('',#5069);
#5071=CARTESIAN_POINT('',(-2.945766118573E0,-1.25E0,1.851553154577E0));
#5072=VERTEX_POINT('',#5071);
#5073=CARTESIAN_POINT('',(-2.945766118573E0,-1.25E0,9.424467685499E-1));
#5074=VERTEX_POINT('',#5073);
#5075=CARTESIAN_POINT('',(-3.401976517837E0,-1.25E0,1.851553154577E0));
#5076=VERTEX_POINT('',#5075);
#5077=CARTESIAN_POINT('',(-3.566212267837E0,-1.25E0,1.851553154577E0));
#5078=VERTEX_POINT('',#5077);
#5079=CARTESIAN_POINT('',(-3.566212267837E0,-1.25E0,7.833531545766E-1));
#5080=VERTEX_POINT('',#5079);
#5081=CARTESIAN_POINT('',(-2.179332566364E0,-1.25E0,1.601548929060E0));
#5082=CARTESIAN_POINT('',(-2.069842066364E0,-1.25E0,1.601548929060E0));
#5083=VERTEX_POINT('',#5081);
#5084=VERTEX_POINT('',#5082);
#5085=CARTESIAN_POINT('',(-2.088090517837E0,-1.25E0,1.669731899656E0));
#5086=VERTEX_POINT('',#5085);
#5087=CARTESIAN_POINT('',(-2.142835767837E0,-1.25E0,1.760642527116E0));
#5088=VERTEX_POINT('',#5087);
#5089=CARTESIAN_POINT('',(-2.215829469310E0,-1.25E0,1.828825497712E0));
#5090=VERTEX_POINT('',#5089);
#5091=CARTESIAN_POINT('',(-2.307071517837E0,-1.25E0,1.851553154577E0));
#5092=VERTEX_POINT('',#5091);
#5093=CARTESIAN_POINT('',(-2.398313566364E0,-1.25E0,1.851553154577E0));
#5094=VERTEX_POINT('',#5093);
#5095=CARTESIAN_POINT('',(-2.471307267837E0,-1.25E0,1.828825497712E0));
#5096=VERTEX_POINT('',#5095);
#5097=CARTESIAN_POINT('',(-2.544300969310E0,-1.25E0,1.783370183981E0));
#5098=VERTEX_POINT('',#5097);
#5099=CARTESIAN_POINT('',(-2.617294566364E0,-1.25E0,1.692459556521E0));
#5100=VERTEX_POINT('',#5099);
#5101=CARTESIAN_POINT('',(-2.635543017837E0,-1.25E0,1.601548929060E0));
#5102=VERTEX_POINT('',#5101);
#5103=CARTESIAN_POINT('',(-2.635543017837E0,-1.25E0,1.510638237930E0));
#5104=VERTEX_POINT('',#5103);
#5105=CARTESIAN_POINT('',(-2.617294566364E0,-1.25E0,1.419727610470E0));
#5106=VERTEX_POINT('',#5105);
#5107=CARTESIAN_POINT('',(-2.544300969310E0,-1.25E0,1.328816983009E0));
#5108=VERTEX_POINT('',#5107);
#5109=CARTESIAN_POINT('',(-2.471307267837E0,-1.25E0,1.283361669279E0));
#5110=VERTEX_POINT('',#5109);
#5111=CARTESIAN_POINT('',(-2.398313566364E0,-1.25E0,1.260634012414E0));
#5112=VERTEX_POINT('',#5111);
#5113=CARTESIAN_POINT('',(-2.288823066364E0,-1.25E0,1.260634012414E0));
#5114=VERTEX_POINT('',#5113);
#5115=CARTESIAN_POINT('',(-2.215829469310E0,-1.25E0,1.237906355549E0));
#5116=VERTEX_POINT('',#5115);
#5117=CARTESIAN_POINT('',(-2.161084219310E0,-1.25E0,1.192451041818E0));
#5118=VERTEX_POINT('',#5117);
#5119=CARTESIAN_POINT('',(-2.124587316364E0,-1.25E0,1.124268039388E0));
#5120=VERTEX_POINT('',#5119);
#5121=CARTESIAN_POINT('',(-2.124587316364E0,-1.25E0,1.056085068793E0));
#5122=VERTEX_POINT('',#5121);
#5123=CARTESIAN_POINT('',(-2.161084219310E0,-1.25E0,9.879020981975E-1));
#5124=VERTEX_POINT('',#5123);
#5125=CARTESIAN_POINT('',(-2.215829469310E0,-1.25E0,9.424467685499E-1));
#5126=VERTEX_POINT('',#5125);
#5127=CARTESIAN_POINT('',(-2.288823066364E0,-1.25E0,9.197191116848E-1));
#5128=VERTEX_POINT('',#5127);
#5129=CARTESIAN_POINT('',(-2.434810469310E0,-1.25E0,9.197191116848E-1));
#5130=VERTEX_POINT('',#5129);
#5131=CARTESIAN_POINT('',(-2.507804066364E0,-1.25E0,9.424467685499E-1));
#5132=VERTEX_POINT('',#5131);
#5133=CARTESIAN_POINT('',(-2.562549316364E0,-1.25E0,1.010629755063E0));
#5134=VERTEX_POINT('',#5133);
#5135=CARTESIAN_POINT('',(-2.580797767837E0,-1.25E0,1.078812725658E0));
#5136=VERTEX_POINT('',#5135);
#5137=CARTESIAN_POINT('',(-2.690288267837E0,-1.25E0,1.078812725658E0));
#5138=VERTEX_POINT('',#5137);
#5139=CARTESIAN_POINT('',(-2.672039816364E0,-1.25E0,9.879020981975E-1));
#5140=VERTEX_POINT('',#5139);
#5141=CARTESIAN_POINT('',(-2.617294566364E0,-1.25E0,8.742637899958E-1));
#5142=VERTEX_POINT('',#5141);
#5143=CARTESIAN_POINT('',(-2.526052517837E0,-1.25E0,8.060808134314E-1));
#5144=VERTEX_POINT('',#5143);
#5145=CARTESIAN_POINT('',(-2.434810469310E0,-1.25E0,7.833531545766E-1));
#5146=VERTEX_POINT('',#5145);
#5147=CARTESIAN_POINT('',(-2.288823066364E0,-1.25E0,7.833531545766E-1));
#5148=VERTEX_POINT('',#5147);
#5149=CARTESIAN_POINT('',(-2.197581017837E0,-1.25E0,8.060808134314E-1));
#5150=VERTEX_POINT('',#5149);
#5151=CARTESIAN_POINT('',(-2.124587316364E0,-1.25E0,8.515361331307E-1));
#5152=VERTEX_POINT('',#5151);
#5153=CARTESIAN_POINT('',(-2.051593719310E0,-1.25E0,9.424467685499E-1));
#5154=VERTEX_POINT('',#5153);
#5155=CARTESIAN_POINT('',(-2.015096816364E0,-1.25E0,1.033357411928E0));
#5156=VERTEX_POINT('',#5155);
#5157=CARTESIAN_POINT('',(-2.015096816364E0,-1.25E0,1.146995696253E0));
#5158=VERTEX_POINT('',#5157);
#5159=CARTESIAN_POINT('',(-2.051593719310E0,-1.25E0,1.237906355549E0));
#5160=VERTEX_POINT('',#5159);
#5161=CARTESIAN_POINT('',(-2.124587316364E0,-1.25E0,1.328816983009E0));
#5162=VERTEX_POINT('',#5161);
#5163=CARTESIAN_POINT('',(-2.197581017837E0,-1.25E0,1.374272296739E0));
#5164=VERTEX_POINT('',#5163);
#5165=CARTESIAN_POINT('',(-2.288823066364E0,-1.25E0,1.396999953605E0));
#5166=VERTEX_POINT('',#5165);
#5167=CARTESIAN_POINT('',(-2.398313566364E0,-1.25E0,1.396999953605E0));
#5168=VERTEX_POINT('',#5167);
#5169=CARTESIAN_POINT('',(-2.453058816364E0,-1.25E0,1.419727610470E0));
#5170=VERTEX_POINT('',#5169);
#5171=CARTESIAN_POINT('',(-2.507804066364E0,-1.25E0,1.465182924200E0));
#5172=VERTEX_POINT('',#5171);
#5173=CARTESIAN_POINT('',(-2.526052517837E0,-1.25E0,1.533365894795E0));
#5174=VERTEX_POINT('',#5173);
#5175=CARTESIAN_POINT('',(-2.526052517837E0,-1.25E0,1.578821208525E0));
#5176=VERTEX_POINT('',#5175);
#5177=CARTESIAN_POINT('',(-2.507804066364E0,-1.25E0,1.647004242791E0));
#5178=VERTEX_POINT('',#5177);
#5179=CARTESIAN_POINT('',(-2.453058816364E0,-1.25E0,1.692459556521E0));
#5180=VERTEX_POINT('',#5179);
#5181=CARTESIAN_POINT('',(-2.398313566364E0,-1.25E0,1.715187213386E0));
#5182=VERTEX_POINT('',#5181);
#5183=CARTESIAN_POINT('',(-2.288823066364E0,-1.25E0,1.715187213386E0));
#5184=VERTEX_POINT('',#5183);
#5185=CARTESIAN_POINT('',(-2.234077816364E0,-1.25E0,1.692459556521E0));
#5186=VERTEX_POINT('',#5185);
#5187=CARTESIAN_POINT('',(-2.197581017837E0,-1.25E0,1.647004242791E0));
#5188=VERTEX_POINT('',#5187);
#5189=CARTESIAN_POINT('',(-1.759619017837E0,-1.25E0,7.833531545766E-1));
#5190=CARTESIAN_POINT('',(-1.759619017837E0,-1.25E0,1.851553154577E0));
#5191=VERTEX_POINT('',#5189);
#5192=VERTEX_POINT('',#5190);
#5193=CARTESIAN_POINT('',(-1.869109517837E0,-1.25E0,1.851553154577E0));
#5194=VERTEX_POINT('',#5193);
#5195=CARTESIAN_POINT('',(-1.869109517837E0,-1.25E0,7.833531545766E-1));
#5196=VERTEX_POINT('',#5195);
#5197=CARTESIAN_POINT('',(-1.394650614892E0,-1.25E0,7.833531545766E-1));
#5198=CARTESIAN_POINT('',(-1.394650614892E0,-1.25E0,1.851553154577E0));
#5199=VERTEX_POINT('',#5197);
#5200=VERTEX_POINT('',#5198);
#5201=CARTESIAN_POINT('',(-1.504141114892E0,-1.25E0,1.851553154577E0));
#5202=VERTEX_POINT('',#5201);
#5203=CARTESIAN_POINT('',(-1.613631614892E0,-1.25E0,1.692459556521E0));
#5204=VERTEX_POINT('',#5203);
#5205=CARTESIAN_POINT('',(-1.613631614892E0,-1.25E0,1.510638237930E0));
#5206=VERTEX_POINT('',#5205);
#5207=CARTESIAN_POINT('',(-1.504141114892E0,-1.25E0,1.669731899656E0));
#5208=VERTEX_POINT('',#5207);
#5209=CARTESIAN_POINT('',(-1.504141114892E0,-1.25E0,7.833531545766E-1));
#5210=VERTEX_POINT('',#5209);
#5211=CARTESIAN_POINT('',(-1.248663420783E0,-1.25E0,1.419727610470E0));
#5212=CARTESIAN_POINT('',(-1.248663420783E0,-1.25E0,1.215178698684E0));
#5213=VERTEX_POINT('',#5211);
#5214=VERTEX_POINT('',#5212);
#5215=CARTESIAN_POINT('',(-1.230414864892E0,-1.25E0,1.101540382523E0));
#5216=VERTEX_POINT('',#5215);
#5217=CARTESIAN_POINT('',(-1.212166517837E0,-1.25E0,1.033357411928E0));
#5218=VERTEX_POINT('',#5217);
#5219=CARTESIAN_POINT('',(-1.175669614892E0,-1.25E0,9.424467685499E-1));
#5220=VERTEX_POINT('',#5219);
#5221=CARTESIAN_POINT('',(-1.120924364892E0,-1.25E0,8.742637899958E-1));
#5222=VERTEX_POINT('',#5221);
#5223=CARTESIAN_POINT('',(-1.029682420783E0,-1.25E0,8.060808134314E-1));
#5224=VERTEX_POINT('',#5223);
#5225=CARTESIAN_POINT('',(-9.201919207826E-1,-1.25E0,7.833531545766E-1));
#5226=VERTEX_POINT('',#5225);
#5227=CARTESIAN_POINT('',(-8.107014207826E-1,-1.25E0,8.060808134314E-1));
#5228=VERTEX_POINT('',#5227);
#5229=CARTESIAN_POINT('',(-7.194592678371E-1,-1.25E0,8.742637899958E-1));
#5230=VERTEX_POINT('',#5229);
#5231=CARTESIAN_POINT('',(-6.647140178371E-1,-1.25E0,9.424467685499E-1));
#5232=VERTEX_POINT('',#5231);
#5233=CARTESIAN_POINT('',(-6.282171148916E-1,-1.25E0,1.033357411928E0));
#5234=VERTEX_POINT('',#5233);
#5235=CARTESIAN_POINT('',(-6.099687678371E-1,-1.25E0,1.101540382523E0));
#5236=VERTEX_POINT('',#5235);
#5237=CARTESIAN_POINT('',(-5.917204207826E-1,-1.25E0,1.215178698684E0));
#5238=VERTEX_POINT('',#5237);
#5239=CARTESIAN_POINT('',(-5.917204207826E-1,-1.25E0,1.419727610470E0));
#5240=VERTEX_POINT('',#5239);
#5241=CARTESIAN_POINT('',(-6.099687678371E-1,-1.25E0,1.533365894795E0));
#5242=VERTEX_POINT('',#5241);
#5243=CARTESIAN_POINT('',(-6.282171148916E-1,-1.25E0,1.601548929060E0));
#5244=VERTEX_POINT('',#5243);
#5245=CARTESIAN_POINT('',(-6.647140178371E-1,-1.25E0,1.692459556521E0));
#5246=VERTEX_POINT('',#5245);
#5247=CARTESIAN_POINT('',(-7.194592678371E-1,-1.25E0,1.760642527116E0));
#5248=VERTEX_POINT('',#5247);
#5249=CARTESIAN_POINT('',(-8.107014207826E-1,-1.25E0,1.828825497712E0));
#5250=VERTEX_POINT('',#5249);
#5251=CARTESIAN_POINT('',(-9.201919207826E-1,-1.25E0,1.851553154577E0));
#5252=VERTEX_POINT('',#5251);
#5253=CARTESIAN_POINT('',(-1.029682420783E0,-1.25E0,1.828825497712E0));
#5254=VERTEX_POINT('',#5253);
#5255=CARTESIAN_POINT('',(-1.120924364892E0,-1.25E0,1.760642527116E0));
#5256=VERTEX_POINT('',#5255);
#5257=CARTESIAN_POINT('',(-1.175669614892E0,-1.25E0,1.692459556521E0));
#5258=VERTEX_POINT('',#5257);
#5259=CARTESIAN_POINT('',(-1.212166517837E0,-1.25E0,1.601548929060E0));
#5260=VERTEX_POINT('',#5259);
#5261=CARTESIAN_POINT('',(-1.230414864892E0,-1.25E0,1.533365894795E0));
#5262=VERTEX_POINT('',#5261);
#5263=CARTESIAN_POINT('',(-1.157421267837E0,-1.25E0,1.396999953605E0));
#5264=CARTESIAN_POINT('',(-1.139172920783E0,-1.25E0,1.533365894795E0));
#5265=VERTEX_POINT('',#5263);
#5266=VERTEX_POINT('',#5264);
#5267=CARTESIAN_POINT('',(-1.066179114892E0,-1.25E0,1.669731899656E0));
#5268=VERTEX_POINT('',#5267);
#5269=CARTESIAN_POINT('',(-1.011433864892E0,-1.25E0,1.715187213386E0));
#5270=VERTEX_POINT('',#5269);
#5271=CARTESIAN_POINT('',(-9.201919207826E-1,-1.25E0,1.737914870251E0));
#5272=VERTEX_POINT('',#5271);
#5273=CARTESIAN_POINT('',(-8.289497678371E-1,-1.25E0,1.715187213386E0));
#5274=VERTEX_POINT('',#5273);
#5275=CARTESIAN_POINT('',(-7.742045178371E-1,-1.25E0,1.669731899656E0));
#5276=VERTEX_POINT('',#5275);
#5277=CARTESIAN_POINT('',(-7.012109207826E-1,-1.25E0,1.533365894795E0));
#5278=VERTEX_POINT('',#5277);
#5279=CARTESIAN_POINT('',(-6.829623648916E-1,-1.25E0,1.396999953605E0));
#5280=VERTEX_POINT('',#5279);
#5281=CARTESIAN_POINT('',(-6.829623648916E-1,-1.25E0,1.237906355549E0));
#5282=VERTEX_POINT('',#5281);
#5283=CARTESIAN_POINT('',(-7.012109207826E-1,-1.25E0,1.101540382523E0));
#5284=VERTEX_POINT('',#5283);
#5285=CARTESIAN_POINT('',(-7.742045178371E-1,-1.25E0,9.651744254150E-1));
#5286=VERTEX_POINT('',#5285);
#5287=CARTESIAN_POINT('',(-8.289497678371E-1,-1.25E0,9.197191116848E-1));
#5288=VERTEX_POINT('',#5287);
#5289=CARTESIAN_POINT('',(-9.201919207826E-1,-1.25E0,8.969914548196E-1));
#5290=VERTEX_POINT('',#5289);
#5291=CARTESIAN_POINT('',(-1.011433864892E0,-1.25E0,9.197191116848E-1));
#5292=VERTEX_POINT('',#5291);
#5293=CARTESIAN_POINT('',(-1.066179114892E0,-1.25E0,9.651744254150E-1));
#5294=VERTEX_POINT('',#5293);
#5295=CARTESIAN_POINT('',(-1.139172920783E0,-1.25E0,1.101540382523E0));
#5296=VERTEX_POINT('',#5295);
#5297=CARTESIAN_POINT('',(-1.157421267837E0,-1.25E0,1.237906355549E0));
#5298=VERTEX_POINT('',#5297);
#5299=CARTESIAN_POINT('',(-3.362425178371E-1,-1.25E0,7.833531545766E-1));
#5300=CARTESIAN_POINT('',(-3.362425178371E-1,-1.25E0,1.146995696253E0));
#5301=VERTEX_POINT('',#5299);
#5302=VERTEX_POINT('',#5300);
#5303=CARTESIAN_POINT('',(-2.085036707826E-1,-1.25E0,1.306089326144E0));
#5304=VERTEX_POINT('',#5303);
#5305=CARTESIAN_POINT('',(6.522278805396E-2,-1.25E0,7.833531545766E-1));
#5306=VERTEX_POINT('',#5305);
#5307=CARTESIAN_POINT('',(2.112099821629E-1,-1.25E0,7.833531545766E-1));
#5308=VERTEX_POINT('',#5307);
#5309=CARTESIAN_POINT('',(-1.172615178371E-1,-1.25E0,1.419727610470E0));
#5310=VERTEX_POINT('',#5309);
#5311=CARTESIAN_POINT('',(2.112099821629E-1,-1.25E0,1.851553154577E0));
#5312=VERTEX_POINT('',#5311);
#5313=CARTESIAN_POINT('',(6.522278805396E-2,-1.25E0,1.851553154577E0));
#5314=VERTEX_POINT('',#5313);
#5315=CARTESIAN_POINT('',(-3.362425178371E-1,-1.25E0,1.328816983009E0));
#5316=VERTEX_POINT('',#5315);
#5317=CARTESIAN_POINT('',(-3.362425178371E-1,-1.25E0,1.851553154577E0));
#5318=VERTEX_POINT('',#5317);
#5319=CARTESIAN_POINT('',(-4.457330178371E-1,-1.25E0,1.851553154577E0));
#5320=VERTEX_POINT('',#5319);
#5321=CARTESIAN_POINT('',(-4.457330178371E-1,-1.25E0,7.833531545766E-1));
#5322=VERTEX_POINT('',#5321);
#5323=CARTESIAN_POINT('',(6.491719821629E-1,-1.25E0,1.851553154577E0));
#5324=CARTESIAN_POINT('',(5.579300380540E-1,-1.25E0,1.828825497712E0));
#5325=VERTEX_POINT('',#5323);
#5326=VERTEX_POINT('',#5324);
#5327=CARTESIAN_POINT('',(4.849362321629E-1,-1.25E0,1.783370183981E0));
#5328=VERTEX_POINT('',#5327);
#5329=CARTESIAN_POINT('',(4.119424262719E-1,-1.25E0,1.692459556521E0));
#5330=VERTEX_POINT('',#5329);
#5331=CARTESIAN_POINT('',(3.754457321629E-1,-1.25E0,1.601548929060E0));
#5332=VERTEX_POINT('',#5331);
#5333=CARTESIAN_POINT('',(3.571971762719E-1,-1.25E0,1.487910581065E0));
#5334=VERTEX_POINT('',#5333);
#5335=CARTESIAN_POINT('',(3.571971762719E-1,-1.25E0,1.146995696253E0));
#5336=VERTEX_POINT('',#5335);
#5337=CARTESIAN_POINT('',(3.754457321629E-1,-1.25E0,1.033357411928E0));
#5338=VERTEX_POINT('',#5337);
#5339=CARTESIAN_POINT('',(4.119424262719E-1,-1.25E0,9.424467685499E-1));
#5340=VERTEX_POINT('',#5339);
#5341=CARTESIAN_POINT('',(4.849362321629E-1,-1.25E0,8.515361331307E-1));
#5342=VERTEX_POINT('',#5341);
#5343=CARTESIAN_POINT('',(5.579300380540E-1,-1.25E0,8.060808134314E-1));
#5344=VERTEX_POINT('',#5343);
#5345=CARTESIAN_POINT('',(6.491719821629E-1,-1.25E0,7.833531545766E-1));
#5346=VERTEX_POINT('',#5345);
#5347=CARTESIAN_POINT('',(7.951591762719E-1,-1.25E0,7.833531545766E-1));
#5348=VERTEX_POINT('',#5347);
#5349=CARTESIAN_POINT('',(8.864015380540E-1,-1.25E0,8.060808134314E-1));
#5350=VERTEX_POINT('',#5349);
#5351=CARTESIAN_POINT('',(9.593949262719E-1,-1.25E0,8.515361331307E-1));
#5352=VERTEX_POINT('',#5351);
#5353=CARTESIAN_POINT('',(1.032388732163E0,-1.25E0,9.424467685499E-1));
#5354=VERTEX_POINT('',#5353);
#5355=CARTESIAN_POINT('',(1.068885426272E0,-1.25E0,1.033357411928E0));
#5356=VERTEX_POINT('',#5355);
#5357=CARTESIAN_POINT('',(1.087133982163E0,-1.25E0,1.146995696253E0));
#5358=VERTEX_POINT('',#5357);
#5359=CARTESIAN_POINT('',(1.087133982163E0,-1.25E0,1.487910581065E0));
#5360=VERTEX_POINT('',#5359);
#5361=CARTESIAN_POINT('',(1.068885426272E0,-1.25E0,1.601548929060E0));
#5362=VERTEX_POINT('',#5361);
#5363=CARTESIAN_POINT('',(1.032388732163E0,-1.25E0,1.692459556521E0));
#5364=VERTEX_POINT('',#5363);
#5365=CARTESIAN_POINT('',(9.593949262719E-1,-1.25E0,1.783370183981E0));
#5366=VERTEX_POINT('',#5365);
#5367=CARTESIAN_POINT('',(8.864015380540E-1,-1.25E0,1.828825497712E0));
#5368=VERTEX_POINT('',#5367);
#5369=CARTESIAN_POINT('',(7.951591762719E-1,-1.25E0,1.851553154577E0));
#5370=VERTEX_POINT('',#5369);
#5371=CARTESIAN_POINT('',(6.491719821629E-1,-1.25E0,1.715187213386E0));
#5372=CARTESIAN_POINT('',(7.951591762719E-1,-1.25E0,1.715187213386E0));
#5373=VERTEX_POINT('',#5371);
#5374=VERTEX_POINT('',#5372);
#5375=CARTESIAN_POINT('',(8.681529821629E-1,-1.25E0,1.692459556521E0));
#5376=VERTEX_POINT('',#5375);
#5377=CARTESIAN_POINT('',(9.228982321629E-1,-1.25E0,1.647004242791E0));
#5378=VERTEX_POINT('',#5377);
#5379=CARTESIAN_POINT('',(9.593949262719E-1,-1.25E0,1.578821208525E0));
#5380=VERTEX_POINT('',#5379);
#5381=CARTESIAN_POINT('',(9.776434821629E-1,-1.25E0,1.487910581065E0));
#5382=VERTEX_POINT('',#5381);
#5383=CARTESIAN_POINT('',(9.776434821629E-1,-1.25E0,1.146995696253E0));
#5384=VERTEX_POINT('',#5383);
#5385=CARTESIAN_POINT('',(9.593949262719E-1,-1.25E0,1.056085068793E0));
#5386=VERTEX_POINT('',#5385);
#5387=CARTESIAN_POINT('',(9.228982321629E-1,-1.25E0,9.879020981975E-1));
#5388=VERTEX_POINT('',#5387);
#5389=CARTESIAN_POINT('',(8.681529821629E-1,-1.25E0,9.424467685499E-1));
#5390=VERTEX_POINT('',#5389);
#5391=CARTESIAN_POINT('',(7.951591762719E-1,-1.25E0,9.197191116848E-1));
#5392=VERTEX_POINT('',#5391);
#5393=CARTESIAN_POINT('',(6.491719821629E-1,-1.25E0,9.197191116848E-1));
#5394=VERTEX_POINT('',#5393);
#5395=CARTESIAN_POINT('',(5.761781762719E-1,-1.25E0,9.424467685499E-1));
#5396=VERTEX_POINT('',#5395);
#5397=CARTESIAN_POINT('',(5.214329262719E-1,-1.25E0,9.879020981975E-1));
#5398=VERTEX_POINT('',#5397);
#5399=CARTESIAN_POINT('',(4.849362321629E-1,-1.25E0,1.056085068793E0));
#5400=VERTEX_POINT('',#5399);
#5401=CARTESIAN_POINT('',(4.666876762719E-1,-1.25E0,1.146995696253E0));
#5402=VERTEX_POINT('',#5401);
#5403=CARTESIAN_POINT('',(4.666876762719E-1,-1.25E0,1.487910581065E0));
#5404=VERTEX_POINT('',#5403);
#5405=CARTESIAN_POINT('',(4.849362321629E-1,-1.25E0,1.578821208525E0));
#5406=VERTEX_POINT('',#5405);
#5407=CARTESIAN_POINT('',(5.214329262719E-1,-1.25E0,1.647004242791E0));
#5408=VERTEX_POINT('',#5407);
#5409=CARTESIAN_POINT('',(5.761781762719E-1,-1.25E0,1.692459556521E0));
#5410=VERTEX_POINT('',#5409);
#5411=CARTESIAN_POINT('',(1.342611676272E0,-1.25E0,1.260634012414E0));
#5412=CARTESIAN_POINT('',(1.652835038054E0,-1.25E0,1.260634012414E0));
#5413=VERTEX_POINT('',#5411);
#5414=VERTEX_POINT('',#5412);
#5415=CARTESIAN_POINT('',(1.798822232163E0,-1.25E0,7.833531545766E-1));
#5416=VERTEX_POINT('',#5415);
#5417=CARTESIAN_POINT('',(1.926561288054E0,-1.25E0,7.833531545766E-1));
#5418=VERTEX_POINT('',#5417);
#5419=CARTESIAN_POINT('',(1.762325538054E0,-1.25E0,1.306089326144E0));
#5420=VERTEX_POINT('',#5419);
#5421=CARTESIAN_POINT('',(1.835318926272E0,-1.25E0,1.351544639874E0));
#5422=VERTEX_POINT('',#5421);
#5423=CARTESIAN_POINT('',(1.890064176272E0,-1.25E0,1.442455267335E0));
#5424=VERTEX_POINT('',#5423);
#5425=CARTESIAN_POINT('',(1.908312732163E0,-1.25E0,1.510638237930E0));
#5426=VERTEX_POINT('',#5425);
#5427=CARTESIAN_POINT('',(1.908312732163E0,-1.25E0,1.601548929060E0));
#5428=VERTEX_POINT('',#5427);
#5429=CARTESIAN_POINT('',(1.890064176272E0,-1.25E0,1.669731899656E0));
#5430=VERTEX_POINT('',#5429);
#5431=CARTESIAN_POINT('',(1.835318926272E0,-1.25E0,1.760642527116E0));
#5432=VERTEX_POINT('',#5431);
#5433=CARTESIAN_POINT('',(1.762325538054E0,-1.25E0,1.828825497712E0));
#5434=VERTEX_POINT('',#5433);
#5435=CARTESIAN_POINT('',(1.671083176272E0,-1.25E0,1.851553154577E0));
#5436=VERTEX_POINT('',#5435);
#5437=CARTESIAN_POINT('',(1.233121176272E0,-1.25E0,1.851553154577E0));
#5438=VERTEX_POINT('',#5437);
#5439=CARTESIAN_POINT('',(1.233121176272E0,-1.25E0,7.833531545766E-1));
#5440=VERTEX_POINT('',#5439);
#5441=CARTESIAN_POINT('',(1.342611676272E0,-1.25E0,7.833531545766E-1));
#5442=VERTEX_POINT('',#5441);
#5443=CARTESIAN_POINT('',(1.689331732163E0,-1.25E0,1.396999953605E0));
#5444=CARTESIAN_POINT('',(1.342611676272E0,-1.25E0,1.396999953605E0));
#5445=VERTEX_POINT('',#5443);
#5446=VERTEX_POINT('',#5444);
#5447=CARTESIAN_POINT('',(1.342611676272E0,-1.25E0,1.737914870251E0));
#5448=VERTEX_POINT('',#5447);
#5449=CARTESIAN_POINT('',(1.689331732163E0,-1.25E0,1.737914870251E0));
#5450=VERTEX_POINT('',#5449);
#5451=CARTESIAN_POINT('',(1.744076982163E0,-1.25E0,1.715187213386E0));
#5452=VERTEX_POINT('',#5451);
#5453=CARTESIAN_POINT('',(1.780573676272E0,-1.25E0,1.669731899656E0));
#5454=VERTEX_POINT('',#5453);
#5455=CARTESIAN_POINT('',(1.798822232163E0,-1.25E0,1.601548929060E0));
#5456=VERTEX_POINT('',#5455);
#5457=CARTESIAN_POINT('',(1.798822232163E0,-1.25E0,1.533365894795E0));
#5458=VERTEX_POINT('',#5457);
#5459=CARTESIAN_POINT('',(1.780573676272E0,-1.25E0,1.465182924200E0));
#5460=VERTEX_POINT('',#5459);
#5461=CARTESIAN_POINT('',(1.744076982163E0,-1.25E0,1.419727610470E0));
#5462=VERTEX_POINT('',#5461);
#5463=CARTESIAN_POINT('',(2.729491482163E0,-1.25E0,9.197191116848E-1));
#5464=CARTESIAN_POINT('',(2.182038982163E0,-1.25E0,9.197191116848E-1));
#5465=VERTEX_POINT('',#5463);
#5466=VERTEX_POINT('',#5464);
#5467=CARTESIAN_POINT('',(2.182038982163E0,-1.25E0,1.283361669279E0));
#5468=VERTEX_POINT('',#5467);
#5469=CARTESIAN_POINT('',(2.656497676272E0,-1.25E0,1.283361669279E0));
#5470=VERTEX_POINT('',#5469);
#5471=CARTESIAN_POINT('',(2.656497676272E0,-1.25E0,1.419727610470E0));
#5472=VERTEX_POINT('',#5471);
#5473=CARTESIAN_POINT('',(2.182038982163E0,-1.25E0,1.419727610470E0));
#5474=VERTEX_POINT('',#5473);
#5475=CARTESIAN_POINT('',(2.182038982163E0,-1.25E0,1.715187213386E0));
#5476=VERTEX_POINT('',#5475);
#5477=CARTESIAN_POINT('',(2.729491482163E0,-1.25E0,1.715187213386E0));
#5478=VERTEX_POINT('',#5477);
#5479=CARTESIAN_POINT('',(2.729491482163E0,-1.25E0,1.851553154577E0));
#5480=VERTEX_POINT('',#5479);
#5481=CARTESIAN_POINT('',(2.072548482163E0,-1.25E0,1.851553154577E0));
#5482=VERTEX_POINT('',#5481);
#5483=CARTESIAN_POINT('',(2.072548482163E0,-1.25E0,7.833531545766E-1));
#5484=VERTEX_POINT('',#5483);
#5485=CARTESIAN_POINT('',(2.729491482163E0,-1.25E0,7.833531545766E-1));
#5486=VERTEX_POINT('',#5485);
#5487=CARTESIAN_POINT('',(3.313440676272E0,-1.25E0,1.851553154577E0));
#5488=CARTESIAN_POINT('',(3.167453482163E0,-1.25E0,1.851553154577E0));
#5489=VERTEX_POINT('',#5487);
#5490=VERTEX_POINT('',#5488);
#5491=CARTESIAN_POINT('',(2.875478676272E0,-1.25E0,7.833531545766E-1));
#5492=VERTEX_POINT('',#5491);
#5493=CARTESIAN_POINT('',(2.984969176272E0,-1.25E0,7.833531545766E-1));
#5494=VERTEX_POINT('',#5493);
#5495=CARTESIAN_POINT('',(3.057962982163E0,-1.25E0,1.056085068793E0));
#5496=VERTEX_POINT('',#5495);
#5497=CARTESIAN_POINT('',(3.422931176272E0,-1.25E0,1.056085068793E0));
#5498=VERTEX_POINT('',#5497);
#5499=CARTESIAN_POINT('',(3.495924982163E0,-1.25E0,7.833531545766E-1));
#5500=VERTEX_POINT('',#5499);
#5501=CARTESIAN_POINT('',(3.605415482163E0,-1.25E0,7.833531545766E-1));
#5502=VERTEX_POINT('',#5501);
#5503=CARTESIAN_POINT('',(3.240447288054E0,-1.25E0,1.760642527116E0));
#5504=CARTESIAN_POINT('',(3.404683038054E0,-1.25E0,1.146995696253E0));
#5505=VERTEX_POINT('',#5503);
#5506=VERTEX_POINT('',#5504);
#5507=CARTESIAN_POINT('',(3.076211538054E0,-1.25E0,1.146995696253E0));
#5508=VERTEX_POINT('',#5507);
#5509=CARTESIAN_POINT('',(-3.456721767837E0,-1.15E0,7.833531545766E-1));
#5510=CARTESIAN_POINT('',(-3.456721767837E0,-1.15E0,1.715187213386E0));
#5511=VERTEX_POINT('',#5509);
#5512=VERTEX_POINT('',#5510);
#5513=CARTESIAN_POINT('',(-3.000511368573E0,-1.15E0,7.833531545766E-1));
#5514=VERTEX_POINT('',#5513);
#5515=CARTESIAN_POINT('',(-2.836275618573E0,-1.15E0,7.833531545766E-1));
#5516=VERTEX_POINT('',#5515);
#5517=CARTESIAN_POINT('',(-2.836275618573E0,-1.15E0,1.851553154577E0));
#5518=VERTEX_POINT('',#5517);
#5519=CARTESIAN_POINT('',(-2.945766118573E0,-1.15E0,1.851553154577E0));
#5520=VERTEX_POINT('',#5519);
#5521=CARTESIAN_POINT('',(-2.945766118573E0,-1.15E0,9.424467685499E-1));
#5522=VERTEX_POINT('',#5521);
#5523=CARTESIAN_POINT('',(-3.401976517837E0,-1.15E0,1.851553154577E0));
#5524=VERTEX_POINT('',#5523);
#5525=CARTESIAN_POINT('',(-3.566212267837E0,-1.15E0,1.851553154577E0));
#5526=VERTEX_POINT('',#5525);
#5527=CARTESIAN_POINT('',(-3.566212267837E0,-1.15E0,7.833531545766E-1));
#5528=VERTEX_POINT('',#5527);
#5529=CARTESIAN_POINT('',(-2.179332566364E0,-1.15E0,1.601548929060E0));
#5530=CARTESIAN_POINT('',(-2.069842066364E0,-1.15E0,1.601548929060E0));
#5531=VERTEX_POINT('',#5529);
#5532=VERTEX_POINT('',#5530);
#5533=CARTESIAN_POINT('',(-2.088090517837E0,-1.15E0,1.669731899656E0));
#5534=VERTEX_POINT('',#5533);
#5535=CARTESIAN_POINT('',(-2.142835767837E0,-1.15E0,1.760642527116E0));
#5536=VERTEX_POINT('',#5535);
#5537=CARTESIAN_POINT('',(-2.215829469310E0,-1.15E0,1.828825497712E0));
#5538=VERTEX_POINT('',#5537);
#5539=CARTESIAN_POINT('',(-2.307071517837E0,-1.15E0,1.851553154577E0));
#5540=VERTEX_POINT('',#5539);
#5541=CARTESIAN_POINT('',(-2.398313566364E0,-1.15E0,1.851553154577E0));
#5542=VERTEX_POINT('',#5541);
#5543=CARTESIAN_POINT('',(-2.471307267837E0,-1.15E0,1.828825497712E0));
#5544=VERTEX_POINT('',#5543);
#5545=CARTESIAN_POINT('',(-2.544300969310E0,-1.15E0,1.783370183981E0));
#5546=VERTEX_POINT('',#5545);
#5547=CARTESIAN_POINT('',(-2.617294566364E0,-1.15E0,1.692459556521E0));
#5548=VERTEX_POINT('',#5547);
#5549=CARTESIAN_POINT('',(-2.635543017837E0,-1.15E0,1.601548929060E0));
#5550=VERTEX_POINT('',#5549);
#5551=CARTESIAN_POINT('',(-2.635543017837E0,-1.15E0,1.510638237930E0));
#5552=VERTEX_POINT('',#5551);
#5553=CARTESIAN_POINT('',(-2.617294566364E0,-1.15E0,1.419727610470E0));
#5554=VERTEX_POINT('',#5553);
#5555=CARTESIAN_POINT('',(-2.544300969310E0,-1.15E0,1.328816983009E0));
#5556=VERTEX_POINT('',#5555);
#5557=CARTESIAN_POINT('',(-2.471307267837E0,-1.15E0,1.283361669279E0));
#5558=VERTEX_POINT('',#5557);
#5559=CARTESIAN_POINT('',(-2.398313566364E0,-1.15E0,1.260634012414E0));
#5560=VERTEX_POINT('',#5559);
#5561=CARTESIAN_POINT('',(-2.288823066364E0,-1.15E0,1.260634012414E0));
#5562=VERTEX_POINT('',#5561);
#5563=CARTESIAN_POINT('',(-2.215829469310E0,-1.15E0,1.237906355549E0));
#5564=VERTEX_POINT('',#5563);
#5565=CARTESIAN_POINT('',(-2.161084219310E0,-1.15E0,1.192451041818E0));
#5566=VERTEX_POINT('',#5565);
#5567=CARTESIAN_POINT('',(-2.124587316364E0,-1.15E0,1.124268039388E0));
#5568=VERTEX_POINT('',#5567);
#5569=CARTESIAN_POINT('',(-2.124587316364E0,-1.15E0,1.056085068793E0));
#5570=VERTEX_POINT('',#5569);
#5571=CARTESIAN_POINT('',(-2.161084219310E0,-1.15E0,9.879020981975E-1));
#5572=VERTEX_POINT('',#5571);
#5573=CARTESIAN_POINT('',(-2.215829469310E0,-1.15E0,9.424467685499E-1));
#5574=VERTEX_POINT('',#5573);
#5575=CARTESIAN_POINT('',(-2.288823066364E0,-1.15E0,9.197191116848E-1));
#5576=VERTEX_POINT('',#5575);
#5577=CARTESIAN_POINT('',(-2.434810469310E0,-1.15E0,9.197191116848E-1));
#5578=VERTEX_POINT('',#5577);
#5579=CARTESIAN_POINT('',(-2.507804066364E0,-1.15E0,9.424467685499E-1));
#5580=VERTEX_POINT('',#5579);
#5581=CARTESIAN_POINT('',(-2.562549316364E0,-1.15E0,1.010629755063E0));
#5582=VERTEX_POINT('',#5581);
#5583=CARTESIAN_POINT('',(-2.580797767837E0,-1.15E0,1.078812725658E0));
#5584=VERTEX_POINT('',#5583);
#5585=CARTESIAN_POINT('',(-2.690288267837E0,-1.15E0,1.078812725658E0));
#5586=VERTEX_POINT('',#5585);
#5587=CARTESIAN_POINT('',(-2.672039816364E0,-1.15E0,9.879020981975E-1));
#5588=VERTEX_POINT('',#5587);
#5589=CARTESIAN_POINT('',(-2.617294566364E0,-1.15E0,8.742637899958E-1));
#5590=VERTEX_POINT('',#5589);
#5591=CARTESIAN_POINT('',(-2.526052517837E0,-1.15E0,8.060808134314E-1));
#5592=VERTEX_POINT('',#5591);
#5593=CARTESIAN_POINT('',(-2.434810469310E0,-1.15E0,7.833531545766E-1));
#5594=VERTEX_POINT('',#5593);
#5595=CARTESIAN_POINT('',(-2.288823066364E0,-1.15E0,7.833531545766E-1));
#5596=VERTEX_POINT('',#5595);
#5597=CARTESIAN_POINT('',(-2.197581017837E0,-1.15E0,8.060808134314E-1));
#5598=VERTEX_POINT('',#5597);
#5599=CARTESIAN_POINT('',(-2.124587316364E0,-1.15E0,8.515361331307E-1));
#5600=VERTEX_POINT('',#5599);
#5601=CARTESIAN_POINT('',(-2.051593719310E0,-1.15E0,9.424467685499E-1));
#5602=VERTEX_POINT('',#5601);
#5603=CARTESIAN_POINT('',(-2.015096816364E0,-1.15E0,1.033357411928E0));
#5604=VERTEX_POINT('',#5603);
#5605=CARTESIAN_POINT('',(-2.015096816364E0,-1.15E0,1.146995696253E0));
#5606=VERTEX_POINT('',#5605);
#5607=CARTESIAN_POINT('',(-2.051593719310E0,-1.15E0,1.237906355549E0));
#5608=VERTEX_POINT('',#5607);
#5609=CARTESIAN_POINT('',(-2.124587316364E0,-1.15E0,1.328816983009E0));
#5610=VERTEX_POINT('',#5609);
#5611=CARTESIAN_POINT('',(-2.197581017837E0,-1.15E0,1.374272296739E0));
#5612=VERTEX_POINT('',#5611);
#5613=CARTESIAN_POINT('',(-2.288823066364E0,-1.15E0,1.396999953605E0));
#5614=VERTEX_POINT('',#5613);
#5615=CARTESIAN_POINT('',(-2.398313566364E0,-1.15E0,1.396999953605E0));
#5616=VERTEX_POINT('',#5615);
#5617=CARTESIAN_POINT('',(-2.453058816364E0,-1.15E0,1.419727610470E0));
#5618=VERTEX_POINT('',#5617);
#5619=CARTESIAN_POINT('',(-2.507804066364E0,-1.15E0,1.465182924200E0));
#5620=VERTEX_POINT('',#5619);
#5621=CARTESIAN_POINT('',(-2.526052517837E0,-1.15E0,1.533365894795E0));
#5622=VERTEX_POINT('',#5621);
#5623=CARTESIAN_POINT('',(-2.526052517837E0,-1.15E0,1.578821208525E0));
#5624=VERTEX_POINT('',#5623);
#5625=CARTESIAN_POINT('',(-2.507804066364E0,-1.15E0,1.647004242791E0));
#5626=VERTEX_POINT('',#5625);
#5627=CARTESIAN_POINT('',(-2.453058816364E0,-1.15E0,1.692459556521E0));
#5628=VERTEX_POINT('',#5627);
#5629=CARTESIAN_POINT('',(-2.398313566364E0,-1.15E0,1.715187213386E0));
#5630=VERTEX_POINT('',#5629);
#5631=CARTESIAN_POINT('',(-2.288823066364E0,-1.15E0,1.715187213386E0));
#5632=VERTEX_POINT('',#5631);
#5633=CARTESIAN_POINT('',(-2.234077816364E0,-1.15E0,1.692459556521E0));
#5634=VERTEX_POINT('',#5633);
#5635=CARTESIAN_POINT('',(-2.197581017837E0,-1.15E0,1.647004242791E0));
#5636=VERTEX_POINT('',#5635);
#5637=CARTESIAN_POINT('',(-1.759619017837E0,-1.15E0,7.833531545766E-1));
#5638=CARTESIAN_POINT('',(-1.759619017837E0,-1.15E0,1.851553154577E0));
#5639=VERTEX_POINT('',#5637);
#5640=VERTEX_POINT('',#5638);
#5641=CARTESIAN_POINT('',(-1.869109517837E0,-1.15E0,1.851553154577E0));
#5642=VERTEX_POINT('',#5641);
#5643=CARTESIAN_POINT('',(-1.869109517837E0,-1.15E0,7.833531545766E-1));
#5644=VERTEX_POINT('',#5643);
#5645=CARTESIAN_POINT('',(-1.394650614892E0,-1.15E0,7.833531545766E-1));
#5646=CARTESIAN_POINT('',(-1.394650614892E0,-1.15E0,1.851553154577E0));
#5647=VERTEX_POINT('',#5645);
#5648=VERTEX_POINT('',#5646);
#5649=CARTESIAN_POINT('',(-1.504141114892E0,-1.15E0,1.851553154577E0));
#5650=VERTEX_POINT('',#5649);
#5651=CARTESIAN_POINT('',(-1.613631614892E0,-1.15E0,1.692459556521E0));
#5652=VERTEX_POINT('',#5651);
#5653=CARTESIAN_POINT('',(-1.613631614892E0,-1.15E0,1.510638237930E0));
#5654=VERTEX_POINT('',#5653);
#5655=CARTESIAN_POINT('',(-1.504141114892E0,-1.15E0,1.669731899656E0));
#5656=VERTEX_POINT('',#5655);
#5657=CARTESIAN_POINT('',(-1.504141114892E0,-1.15E0,7.833531545766E-1));
#5658=VERTEX_POINT('',#5657);
#5659=CARTESIAN_POINT('',(-1.248663420783E0,-1.15E0,1.419727610470E0));
#5660=CARTESIAN_POINT('',(-1.248663420783E0,-1.15E0,1.215178698684E0));
#5661=VERTEX_POINT('',#5659);
#5662=VERTEX_POINT('',#5660);
#5663=CARTESIAN_POINT('',(-1.230414864892E0,-1.15E0,1.101540382523E0));
#5664=VERTEX_POINT('',#5663);
#5665=CARTESIAN_POINT('',(-1.212166517837E0,-1.15E0,1.033357411928E0));
#5666=VERTEX_POINT('',#5665);
#5667=CARTESIAN_POINT('',(-1.175669614892E0,-1.15E0,9.424467685499E-1));
#5668=VERTEX_POINT('',#5667);
#5669=CARTESIAN_POINT('',(-1.120924364892E0,-1.15E0,8.742637899958E-1));
#5670=VERTEX_POINT('',#5669);
#5671=CARTESIAN_POINT('',(-1.029682420783E0,-1.15E0,8.060808134314E-1));
#5672=VERTEX_POINT('',#5671);
#5673=CARTESIAN_POINT('',(-9.201919207826E-1,-1.15E0,7.833531545766E-1));
#5674=VERTEX_POINT('',#5673);
#5675=CARTESIAN_POINT('',(-8.107014207826E-1,-1.15E0,8.060808134314E-1));
#5676=VERTEX_POINT('',#5675);
#5677=CARTESIAN_POINT('',(-7.194592678371E-1,-1.15E0,8.742637899958E-1));
#5678=VERTEX_POINT('',#5677);
#5679=CARTESIAN_POINT('',(-6.647140178371E-1,-1.15E0,9.424467685499E-1));
#5680=VERTEX_POINT('',#5679);
#5681=CARTESIAN_POINT('',(-6.282171148916E-1,-1.15E0,1.033357411928E0));
#5682=VERTEX_POINT('',#5681);
#5683=CARTESIAN_POINT('',(-6.099687678371E-1,-1.15E0,1.101540382523E0));
#5684=VERTEX_POINT('',#5683);
#5685=CARTESIAN_POINT('',(-5.917204207826E-1,-1.15E0,1.215178698684E0));
#5686=VERTEX_POINT('',#5685);
#5687=CARTESIAN_POINT('',(-5.917204207826E-1,-1.15E0,1.419727610470E0));
#5688=VERTEX_POINT('',#5687);
#5689=CARTESIAN_POINT('',(-6.099687678371E-1,-1.15E0,1.533365894795E0));
#5690=VERTEX_POINT('',#5689);
#5691=CARTESIAN_POINT('',(-6.282171148916E-1,-1.15E0,1.601548929060E0));
#5692=VERTEX_POINT('',#5691);
#5693=CARTESIAN_POINT('',(-6.647140178371E-1,-1.15E0,1.692459556521E0));
#5694=VERTEX_POINT('',#5693);
#5695=CARTESIAN_POINT('',(-7.194592678371E-1,-1.15E0,1.760642527116E0));
#5696=VERTEX_POINT('',#5695);
#5697=CARTESIAN_POINT('',(-8.107014207826E-1,-1.15E0,1.828825497712E0));
#5698=VERTEX_POINT('',#5697);
#5699=CARTESIAN_POINT('',(-9.201919207826E-1,-1.15E0,1.851553154577E0));
#5700=VERTEX_POINT('',#5699);
#5701=CARTESIAN_POINT('',(-1.029682420783E0,-1.15E0,1.828825497712E0));
#5702=VERTEX_POINT('',#5701);
#5703=CARTESIAN_POINT('',(-1.120924364892E0,-1.15E0,1.760642527116E0));
#5704=VERTEX_POINT('',#5703);
#5705=CARTESIAN_POINT('',(-1.175669614892E0,-1.15E0,1.692459556521E0));
#5706=VERTEX_POINT('',#5705);
#5707=CARTESIAN_POINT('',(-1.212166517837E0,-1.15E0,1.601548929060E0));
#5708=VERTEX_POINT('',#5707);
#5709=CARTESIAN_POINT('',(-1.230414864892E0,-1.15E0,1.533365894795E0));
#5710=VERTEX_POINT('',#5709);
#5711=CARTESIAN_POINT('',(-1.157421267837E0,-1.15E0,1.396999953605E0));
#5712=CARTESIAN_POINT('',(-1.139172920783E0,-1.15E0,1.533365894795E0));
#5713=VERTEX_POINT('',#5711);
#5714=VERTEX_POINT('',#5712);
#5715=CARTESIAN_POINT('',(-1.066179114892E0,-1.15E0,1.669731899656E0));
#5716=VERTEX_POINT('',#5715);
#5717=CARTESIAN_POINT('',(-1.011433864892E0,-1.15E0,1.715187213386E0));
#5718=VERTEX_POINT('',#5717);
#5719=CARTESIAN_POINT('',(-9.201919207826E-1,-1.15E0,1.737914870251E0));
#5720=VERTEX_POINT('',#5719);
#5721=CARTESIAN_POINT('',(-8.289497678371E-1,-1.15E0,1.715187213386E0));
#5722=VERTEX_POINT('',#5721);
#5723=CARTESIAN_POINT('',(-7.742045178371E-1,-1.15E0,1.669731899656E0));
#5724=VERTEX_POINT('',#5723);
#5725=CARTESIAN_POINT('',(-7.012109207826E-1,-1.15E0,1.533365894795E0));
#5726=VERTEX_POINT('',#5725);
#5727=CARTESIAN_POINT('',(-6.829623648916E-1,-1.15E0,1.396999953605E0));
#5728=VERTEX_POINT('',#5727);
#5729=CARTESIAN_POINT('',(-6.829623648916E-1,-1.15E0,1.237906355549E0));
#5730=VERTEX_POINT('',#5729);
#5731=CARTESIAN_POINT('',(-7.012109207826E-1,-1.15E0,1.101540382523E0));
#5732=VERTEX_POINT('',#5731);
#5733=CARTESIAN_POINT('',(-7.742045178371E-1,-1.15E0,9.651744254150E-1));
#5734=VERTEX_POINT('',#5733);
#5735=CARTESIAN_POINT('',(-8.289497678371E-1,-1.15E0,9.197191116848E-1));
#5736=VERTEX_POINT('',#5735);
#5737=CARTESIAN_POINT('',(-9.201919207826E-1,-1.15E0,8.969914548196E-1));
#5738=VERTEX_POINT('',#5737);
#5739=CARTESIAN_POINT('',(-1.011433864892E0,-1.15E0,9.197191116848E-1));
#5740=VERTEX_POINT('',#5739);
#5741=CARTESIAN_POINT('',(-1.066179114892E0,-1.15E0,9.651744254150E-1));
#5742=VERTEX_POINT('',#5741);
#5743=CARTESIAN_POINT('',(-1.139172920783E0,-1.15E0,1.101540382523E0));
#5744=VERTEX_POINT('',#5743);
#5745=CARTESIAN_POINT('',(-1.157421267837E0,-1.15E0,1.237906355549E0));
#5746=VERTEX_POINT('',#5745);
#5747=CARTESIAN_POINT('',(-3.362425178371E-1,-1.15E0,7.833531545766E-1));
#5748=CARTESIAN_POINT('',(-3.362425178371E-1,-1.15E0,1.146995696253E0));
#5749=VERTEX_POINT('',#5747);
#5750=VERTEX_POINT('',#5748);
#5751=CARTESIAN_POINT('',(-2.085036707826E-1,-1.15E0,1.306089326144E0));
#5752=VERTEX_POINT('',#5751);
#5753=CARTESIAN_POINT('',(6.522278805396E-2,-1.15E0,7.833531545766E-1));
#5754=VERTEX_POINT('',#5753);
#5755=CARTESIAN_POINT('',(2.112099821629E-1,-1.15E0,7.833531545766E-1));
#5756=VERTEX_POINT('',#5755);
#5757=CARTESIAN_POINT('',(-1.172615178371E-1,-1.15E0,1.419727610470E0));
#5758=VERTEX_POINT('',#5757);
#5759=CARTESIAN_POINT('',(2.112099821629E-1,-1.15E0,1.851553154577E0));
#5760=VERTEX_POINT('',#5759);
#5761=CARTESIAN_POINT('',(6.522278805396E-2,-1.15E0,1.851553154577E0));
#5762=VERTEX_POINT('',#5761);
#5763=CARTESIAN_POINT('',(-3.362425178371E-1,-1.15E0,1.328816983009E0));
#5764=VERTEX_POINT('',#5763);
#5765=CARTESIAN_POINT('',(-3.362425178371E-1,-1.15E0,1.851553154577E0));
#5766=VERTEX_POINT('',#5765);
#5767=CARTESIAN_POINT('',(-4.457330178371E-1,-1.15E0,1.851553154577E0));
#5768=VERTEX_POINT('',#5767);
#5769=CARTESIAN_POINT('',(-4.457330178371E-1,-1.15E0,7.833531545766E-1));
#5770=VERTEX_POINT('',#5769);
#5771=CARTESIAN_POINT('',(6.491719821629E-1,-1.15E0,1.851553154577E0));
#5772=CARTESIAN_POINT('',(5.579300380540E-1,-1.15E0,1.828825497712E0));
#5773=VERTEX_POINT('',#5771);
#5774=VERTEX_POINT('',#5772);
#5775=CARTESIAN_POINT('',(4.849362321629E-1,-1.15E0,1.783370183981E0));
#5776=VERTEX_POINT('',#5775);
#5777=CARTESIAN_POINT('',(4.119424262719E-1,-1.15E0,1.692459556521E0));
#5778=VERTEX_POINT('',#5777);
#5779=CARTESIAN_POINT('',(3.754457321629E-1,-1.15E0,1.601548929060E0));
#5780=VERTEX_POINT('',#5779);
#5781=CARTESIAN_POINT('',(3.571971762719E-1,-1.15E0,1.487910581065E0));
#5782=VERTEX_POINT('',#5781);
#5783=CARTESIAN_POINT('',(3.571971762719E-1,-1.15E0,1.146995696253E0));
#5784=VERTEX_POINT('',#5783);
#5785=CARTESIAN_POINT('',(3.754457321629E-1,-1.15E0,1.033357411928E0));
#5786=VERTEX_POINT('',#5785);
#5787=CARTESIAN_POINT('',(4.119424262719E-1,-1.15E0,9.424467685499E-1));
#5788=VERTEX_POINT('',#5787);
#5789=CARTESIAN_POINT('',(4.849362321629E-1,-1.15E0,8.515361331307E-1));
#5790=VERTEX_POINT('',#5789);
#5791=CARTESIAN_POINT('',(5.579300380540E-1,-1.15E0,8.060808134314E-1));
#5792=VERTEX_POINT('',#5791);
#5793=CARTESIAN_POINT('',(6.491719821629E-1,-1.15E0,7.833531545766E-1));
#5794=VERTEX_POINT('',#5793);
#5795=CARTESIAN_POINT('',(7.951591762719E-1,-1.15E0,7.833531545766E-1));
#5796=VERTEX_POINT('',#5795);
#5797=CARTESIAN_POINT('',(8.864015380540E-1,-1.15E0,8.060808134314E-1));
#5798=VERTEX_POINT('',#5797);
#5799=CARTESIAN_POINT('',(9.593949262719E-1,-1.15E0,8.515361331307E-1));
#5800=VERTEX_POINT('',#5799);
#5801=CARTESIAN_POINT('',(1.032388732163E0,-1.15E0,9.424467685499E-1));
#5802=VERTEX_POINT('',#5801);
#5803=CARTESIAN_POINT('',(1.068885426272E0,-1.15E0,1.033357411928E0));
#5804=VERTEX_POINT('',#5803);
#5805=CARTESIAN_POINT('',(1.087133982163E0,-1.15E0,1.146995696253E0));
#5806=VERTEX_POINT('',#5805);
#5807=CARTESIAN_POINT('',(1.087133982163E0,-1.15E0,1.487910581065E0));
#5808=VERTEX_POINT('',#5807);
#5809=CARTESIAN_POINT('',(1.068885426272E0,-1.15E0,1.601548929060E0));
#5810=VERTEX_POINT('',#5809);
#5811=CARTESIAN_POINT('',(1.032388732163E0,-1.15E0,1.692459556521E0));
#5812=VERTEX_POINT('',#5811);
#5813=CARTESIAN_POINT('',(9.593949262719E-1,-1.15E0,1.783370183981E0));
#5814=VERTEX_POINT('',#5813);
#5815=CARTESIAN_POINT('',(8.864015380540E-1,-1.15E0,1.828825497712E0));
#5816=VERTEX_POINT('',#5815);
#5817=CARTESIAN_POINT('',(7.951591762719E-1,-1.15E0,1.851553154577E0));
#5818=VERTEX_POINT('',#5817);
#5819=CARTESIAN_POINT('',(6.491719821629E-1,-1.15E0,1.715187213386E0));
#5820=CARTESIAN_POINT('',(7.951591762719E-1,-1.15E0,1.715187213386E0));
#5821=VERTEX_POINT('',#5819);
#5822=VERTEX_POINT('',#5820);
#5823=CARTESIAN_POINT('',(8.681529821629E-1,-1.15E0,1.692459556521E0));
#5824=VERTEX_POINT('',#5823);
#5825=CARTESIAN_POINT('',(9.228982321629E-1,-1.15E0,1.647004242791E0));
#5826=VERTEX_POINT('',#5825);
#5827=CARTESIAN_POINT('',(9.593949262719E-1,-1.15E0,1.578821208525E0));
#5828=VERTEX_POINT('',#5827);
#5829=CARTESIAN_POINT('',(9.776434821629E-1,-1.15E0,1.487910581065E0));
#5830=VERTEX_POINT('',#5829);
#5831=CARTESIAN_POINT('',(9.776434821629E-1,-1.15E0,1.146995696253E0));
#5832=VERTEX_POINT('',#5831);
#5833=CARTESIAN_POINT('',(9.593949262719E-1,-1.15E0,1.056085068793E0));
#5834=VERTEX_POINT('',#5833);
#5835=CARTESIAN_POINT('',(9.228982321629E-1,-1.15E0,9.879020981975E-1));
#5836=VERTEX_POINT('',#5835);
#5837=CARTESIAN_POINT('',(8.681529821629E-1,-1.15E0,9.424467685499E-1));
#5838=VERTEX_POINT('',#5837);
#5839=CARTESIAN_POINT('',(7.951591762719E-1,-1.15E0,9.197191116848E-1));
#5840=VERTEX_POINT('',#5839);
#5841=CARTESIAN_POINT('',(6.491719821629E-1,-1.15E0,9.197191116848E-1));
#5842=VERTEX_POINT('',#5841);
#5843=CARTESIAN_POINT('',(5.761781762719E-1,-1.15E0,9.424467685499E-1));
#5844=VERTEX_POINT('',#5843);
#5845=CARTESIAN_POINT('',(5.214329262719E-1,-1.15E0,9.879020981975E-1));
#5846=VERTEX_POINT('',#5845);
#5847=CARTESIAN_POINT('',(4.849362321629E-1,-1.15E0,1.056085068793E0));
#5848=VERTEX_POINT('',#5847);
#5849=CARTESIAN_POINT('',(4.666876762719E-1,-1.15E0,1.146995696253E0));
#5850=VERTEX_POINT('',#5849);
#5851=CARTESIAN_POINT('',(4.666876762719E-1,-1.15E0,1.487910581065E0));
#5852=VERTEX_POINT('',#5851);
#5853=CARTESIAN_POINT('',(4.849362321629E-1,-1.15E0,1.578821208525E0));
#5854=VERTEX_POINT('',#5853);
#5855=CARTESIAN_POINT('',(5.214329262719E-1,-1.15E0,1.647004242791E0));
#5856=VERTEX_POINT('',#5855);
#5857=CARTESIAN_POINT('',(5.761781762719E-1,-1.15E0,1.692459556521E0));
#5858=VERTEX_POINT('',#5857);
#5859=CARTESIAN_POINT('',(1.342611676272E0,-1.15E0,1.260634012414E0));
#5860=CARTESIAN_POINT('',(1.652835038054E0,-1.15E0,1.260634012414E0));
#5861=VERTEX_POINT('',#5859);
#5862=VERTEX_POINT('',#5860);
#5863=CARTESIAN_POINT('',(1.798822232163E0,-1.15E0,7.833531545766E-1));
#5864=VERTEX_POINT('',#5863);
#5865=CARTESIAN_POINT('',(1.926561288054E0,-1.15E0,7.833531545766E-1));
#5866=VERTEX_POINT('',#5865);
#5867=CARTESIAN_POINT('',(1.762325538054E0,-1.15E0,1.306089326144E0));
#5868=VERTEX_POINT('',#5867);
#5869=CARTESIAN_POINT('',(1.835318926272E0,-1.15E0,1.351544639874E0));
#5870=VERTEX_POINT('',#5869);
#5871=CARTESIAN_POINT('',(1.890064176272E0,-1.15E0,1.442455267335E0));
#5872=VERTEX_POINT('',#5871);
#5873=CARTESIAN_POINT('',(1.908312732163E0,-1.15E0,1.510638237930E0));
#5874=VERTEX_POINT('',#5873);
#5875=CARTESIAN_POINT('',(1.908312732163E0,-1.15E0,1.601548929060E0));
#5876=VERTEX_POINT('',#5875);
#5877=CARTESIAN_POINT('',(1.890064176272E0,-1.15E0,1.669731899656E0));
#5878=VERTEX_POINT('',#5877);
#5879=CARTESIAN_POINT('',(1.835318926272E0,-1.15E0,1.760642527116E0));
#5880=VERTEX_POINT('',#5879);
#5881=CARTESIAN_POINT('',(1.762325538054E0,-1.15E0,1.828825497712E0));
#5882=VERTEX_POINT('',#5881);
#5883=CARTESIAN_POINT('',(1.671083176272E0,-1.15E0,1.851553154577E0));
#5884=VERTEX_POINT('',#5883);
#5885=CARTESIAN_POINT('',(1.233121176272E0,-1.15E0,1.851553154577E0));
#5886=VERTEX_POINT('',#5885);
#5887=CARTESIAN_POINT('',(1.233121176272E0,-1.15E0,7.833531545766E-1));
#5888=VERTEX_POINT('',#5887);
#5889=CARTESIAN_POINT('',(1.342611676272E0,-1.15E0,7.833531545766E-1));
#5890=VERTEX_POINT('',#5889);
#5891=CARTESIAN_POINT('',(1.689331732163E0,-1.15E0,1.396999953605E0));
#5892=CARTESIAN_POINT('',(1.342611676272E0,-1.15E0,1.396999953605E0));
#5893=VERTEX_POINT('',#5891);
#5894=VERTEX_POINT('',#5892);
#5895=CARTESIAN_POINT('',(1.342611676272E0,-1.15E0,1.737914870251E0));
#5896=VERTEX_POINT('',#5895);
#5897=CARTESIAN_POINT('',(1.689331732163E0,-1.15E0,1.737914870251E0));
#5898=VERTEX_POINT('',#5897);
#5899=CARTESIAN_POINT('',(1.744076982163E0,-1.15E0,1.715187213386E0));
#5900=VERTEX_POINT('',#5899);
#5901=CARTESIAN_POINT('',(1.780573676272E0,-1.15E0,1.669731899656E0));
#5902=VERTEX_POINT('',#5901);
#5903=CARTESIAN_POINT('',(1.798822232163E0,-1.15E0,1.601548929060E0));
#5904=VERTEX_POINT('',#5903);
#5905=CARTESIAN_POINT('',(1.798822232163E0,-1.15E0,1.533365894795E0));
#5906=VERTEX_POINT('',#5905);
#5907=CARTESIAN_POINT('',(1.780573676272E0,-1.15E0,1.465182924200E0));
#5908=VERTEX_POINT('',#5907);
#5909=CARTESIAN_POINT('',(1.744076982163E0,-1.15E0,1.419727610470E0));
#5910=VERTEX_POINT('',#5909);
#5911=CARTESIAN_POINT('',(2.729491482163E0,-1.15E0,9.197191116848E-1));
#5912=CARTESIAN_POINT('',(2.182038982163E0,-1.15E0,9.197191116848E-1));
#5913=VERTEX_POINT('',#5911);
#5914=VERTEX_POINT('',#5912);
#5915=CARTESIAN_POINT('',(2.182038982163E0,-1.15E0,1.283361669279E0));
#5916=VERTEX_POINT('',#5915);
#5917=CARTESIAN_POINT('',(2.656497676272E0,-1.15E0,1.283361669279E0));
#5918=VERTEX_POINT('',#5917);
#5919=CARTESIAN_POINT('',(2.656497676272E0,-1.15E0,1.419727610470E0));
#5920=VERTEX_POINT('',#5919);
#5921=CARTESIAN_POINT('',(2.182038982163E0,-1.15E0,1.419727610470E0));
#5922=VERTEX_POINT('',#5921);
#5923=CARTESIAN_POINT('',(2.182038982163E0,-1.15E0,1.715187213386E0));
#5924=VERTEX_POINT('',#5923);
#5925=CARTESIAN_POINT('',(2.729491482163E0,-1.15E0,1.715187213386E0));
#5926=VERTEX_POINT('',#5925);
#5927=CARTESIAN_POINT('',(2.729491482163E0,-1.15E0,1.851553154577E0));
#5928=VERTEX_POINT('',#5927);
#5929=CARTESIAN_POINT('',(2.072548482163E0,-1.15E0,1.851553154577E0));
#5930=VERTEX_POINT('',#5929);
#5931=CARTESIAN_POINT('',(2.072548482163E0,-1.15E0,7.833531545766E-1));
#5932=VERTEX_POINT('',#5931);
#5933=CARTESIAN_POINT('',(2.729491482163E0,-1.15E0,7.833531545766E-1));
#5934=VERTEX_POINT('',#5933);
#5935=CARTESIAN_POINT('',(3.313440676272E0,-1.15E0,1.851553154577E0));
#5936=CARTESIAN_POINT('',(3.167453482163E0,-1.15E0,1.851553154577E0));
#5937=VERTEX_POINT('',#5935);
#5938=VERTEX_POINT('',#5936);
#5939=CARTESIAN_POINT('',(2.875478676272E0,-1.15E0,7.833531545766E-1));
#5940=VERTEX_POINT('',#5939);
#5941=CARTESIAN_POINT('',(2.984969176272E0,-1.15E0,7.833531545766E-1));
#5942=VERTEX_POINT('',#5941);
#5943=CARTESIAN_POINT('',(3.057962982163E0,-1.15E0,1.056085068793E0));
#5944=VERTEX_POINT('',#5943);
#5945=CARTESIAN_POINT('',(3.422931176272E0,-1.15E0,1.056085068793E0));
#5946=VERTEX_POINT('',#5945);
#5947=CARTESIAN_POINT('',(3.495924982163E0,-1.15E0,7.833531545766E-1));
#5948=VERTEX_POINT('',#5947);
#5949=CARTESIAN_POINT('',(3.605415482163E0,-1.15E0,7.833531545766E-1));
#5950=VERTEX_POINT('',#5949);
#5951=CARTESIAN_POINT('',(3.240447288054E0,-1.15E0,1.760642527116E0));
#5952=CARTESIAN_POINT('',(3.404683038054E0,-1.15E0,1.146995696253E0));
#5953=VERTEX_POINT('',#5951);
#5954=VERTEX_POINT('',#5952);
#5955=CARTESIAN_POINT('',(3.076211538054E0,-1.15E0,1.146995696253E0));
#5956=VERTEX_POINT('',#5955);
#5957=CARTESIAN_POINT('',(-1.4911E0,-8.5E-1,2.7238E0));
#5958=CARTESIAN_POINT('',(1.5089E0,-8.5E-1,2.7238E0));
#5959=VERTEX_POINT('',#5957);
#5960=VERTEX_POINT('',#5958);
#5961=CARTESIAN_POINT('',(1.5089E0,-8.5E-1,3.6238E0));
#5962=VERTEX_POINT('',#5961);
#5963=CARTESIAN_POINT('',(-1.4911E0,-8.5E-1,3.6238E0));
#5964=VERTEX_POINT('',#5963);
#5965=CARTESIAN_POINT('',(-1.4911E0,-1.25E0,2.7238E0));
#5966=CARTESIAN_POINT('',(1.5089E0,-1.25E0,2.7238E0));
#5967=VERTEX_POINT('',#5965);
#5968=VERTEX_POINT('',#5966);
#5969=CARTESIAN_POINT('',(1.5089E0,-1.25E0,3.6238E0));
#5970=VERTEX_POINT('',#5969);
#5971=CARTESIAN_POINT('',(-1.4911E0,-1.25E0,3.6238E0));
#5972=VERTEX_POINT('',#5971);
#5973=CARTESIAN_POINT('',(-2.E-1,-1.2E0,3.578071610630E0));
#5974=CARTESIAN_POINT('',(-1.4E0,-1.2E0,3.578071610630E0));
#5975=VERTEX_POINT('',#5973);
#5976=VERTEX_POINT('',#5974);
#5977=CARTESIAN_POINT('',(-1.4E0,-8.5E-1,3.578071610630E0));
#5978=CARTESIAN_POINT('',(-1.4E0,-8.5E-1,2.778071610630E0));
#5979=VERTEX_POINT('',#5977);
#5980=VERTEX_POINT('',#5978);
#5981=CARTESIAN_POINT('',(-2.E-1,-8.5E-1,2.778071610630E0));
#5982=VERTEX_POINT('',#5981);
#5983=CARTESIAN_POINT('',(-2.E-1,-8.5E-1,3.578071610630E0));
#5984=VERTEX_POINT('',#5983);
#5985=CARTESIAN_POINT('',(-2.E-1,-1.2E0,3.278071610630E0));
#5986=CARTESIAN_POINT('',(-2.E-1,-9.E-1,2.778071610630E0));
#5987=VERTEX_POINT('',#5985);
#5988=VERTEX_POINT('',#5986);
#5989=CARTESIAN_POINT('',(-1.4E0,-9.E-1,2.778071610630E0));
#5990=VERTEX_POINT('',#5989);
#5991=CARTESIAN_POINT('',(-1.4E0,-1.2E0,3.278071610630E0));
#5992=VERTEX_POINT('',#5991);
#5993=CARTESIAN_POINT('',(-1.4911E0,8.5E-1,2.7238E0));
#5994=CARTESIAN_POINT('',(1.5089E0,8.5E-1,2.7238E0));
#5995=VERTEX_POINT('',#5993);
#5996=VERTEX_POINT('',#5994);
#5997=CARTESIAN_POINT('',(1.5089E0,8.5E-1,3.6238E0));
#5998=VERTEX_POINT('',#5997);
#5999=CARTESIAN_POINT('',(-1.4911E0,8.5E-1,3.6238E0));
#6000=VERTEX_POINT('',#5999);
#6001=CARTESIAN_POINT('',(-1.4911E0,1.25E0,2.7238E0));
#6002=VERTEX_POINT('',#6001);
#6003=CARTESIAN_POINT('',(1.5089E0,1.25E0,2.7238E0));
#6004=VERTEX_POINT('',#6003);
#6005=CARTESIAN_POINT('',(1.5089E0,1.25E0,3.6238E0));
#6006=VERTEX_POINT('',#6005);
#6007=CARTESIAN_POINT('',(-1.4911E0,1.25E0,3.6238E0));
#6008=VERTEX_POINT('',#6007);
#6009=CARTESIAN_POINT('',(-2.E-1,1.2E0,3.578071610630E0));
#6010=CARTESIAN_POINT('',(-1.4E0,1.2E0,3.578071610630E0));
#6011=VERTEX_POINT('',#6009);
#6012=VERTEX_POINT('',#6010);
#6013=CARTESIAN_POINT('',(-1.4E0,8.5E-1,3.578071610630E0));
#6014=VERTEX_POINT('',#6013);
#6015=CARTESIAN_POINT('',(-2.E-1,8.5E-1,3.578071610630E0));
#6016=VERTEX_POINT('',#6015);
#6017=CARTESIAN_POINT('',(-1.4E0,8.5E-1,2.778071610630E0));
#6018=VERTEX_POINT('',#6017);
#6019=CARTESIAN_POINT('',(-2.E-1,8.5E-1,2.778071610630E0));
#6020=VERTEX_POINT('',#6019);
#6021=CARTESIAN_POINT('',(-1.4E0,1.2E0,3.278071610630E0));
#6022=CARTESIAN_POINT('',(-1.4E0,9.E-1,2.778071610630E0));
#6023=VERTEX_POINT('',#6021);
#6024=VERTEX_POINT('',#6022);
#6025=CARTESIAN_POINT('',(-2.E-1,9.E-1,2.778071610630E0));
#6026=VERTEX_POINT('',#6025);
#6027=CARTESIAN_POINT('',(-2.E-1,1.2E0,3.278071610630E0));
#6028=VERTEX_POINT('',#6027);
#6029=CARTESIAN_POINT('',(3.4E0,-1.25E0,4.9E0));
#6030=CARTESIAN_POINT('',(3.4E0,1.25E0,4.9E0));
#6031=VERTEX_POINT('',#6029);
#6032=VERTEX_POINT('',#6030);
#6033=CARTESIAN_POINT('',(-5.E0,-1.25E0,4.9E0));
#6034=CARTESIAN_POINT('',(-5.E0,1.25E0,4.9E0));
#6035=VERTEX_POINT('',#6033);
#6036=VERTEX_POINT('',#6034);
#6037=CARTESIAN_POINT('',(-1.8E0,-1.25E0,5.9E0));
#6038=CARTESIAN_POINT('',(-1.8E0,-1.25E0,5.4E0));
#6039=VERTEX_POINT('',#6037);
#6040=VERTEX_POINT('',#6038);
#6041=CARTESIAN_POINT('',(-1.8E0,1.25E0,5.9E0));
#6042=CARTESIAN_POINT('',(-1.8E0,1.25E0,5.4E0));
#6043=VERTEX_POINT('',#6041);
#6044=VERTEX_POINT('',#6042);
#6045=CARTESIAN_POINT('',(-1.5E0,0.E0,5.9E0));
#6046=VERTEX_POINT('',#6045);
#6047=CARTESIAN_POINT('',(-1.5E0,0.E0,5.446875E0));
#6048=VERTEX_POINT('',#6047);
#6049=CARTESIAN_POINT('',(2.E-1,-1.25E0,5.9E0));
#6050=CARTESIAN_POINT('',(2.E-1,-1.25E0,5.4E0));
#6051=VERTEX_POINT('',#6049);
#6052=VERTEX_POINT('',#6050);
#6053=CARTESIAN_POINT('',(2.E-1,1.25E0,5.9E0));
#6054=CARTESIAN_POINT('',(2.E-1,1.25E0,5.4E0));
#6055=VERTEX_POINT('',#6053);
#6056=VERTEX_POINT('',#6054);
#6057=CARTESIAN_POINT('',(-1.E-1,0.E0,5.9E0));
#6058=VERTEX_POINT('',#6057);
#6059=CARTESIAN_POINT('',(-1.E-1,0.E0,5.446875E0));
#6060=VERTEX_POINT('',#6059);
#6061=CARTESIAN_POINT('',(3.2E0,1.05E0,4.5E0));
#6062=CARTESIAN_POINT('',(3.2E0,-1.05E0,4.5E0));
#6063=VERTEX_POINT('',#6061);
#6064=VERTEX_POINT('',#6062);
#6065=CARTESIAN_POINT('',(-4.8E0,-1.05E0,4.5E0));
#6066=VERTEX_POINT('',#6065);
#6067=CARTESIAN_POINT('',(-4.8E0,1.05E0,4.5E0));
#6068=VERTEX_POINT('',#6067);
#6069=CARTESIAN_POINT('',(3.2E0,1.05E0,4.55E0));
#6070=CARTESIAN_POINT('',(3.2E0,-1.05E0,4.55E0));
#6071=VERTEX_POINT('',#6069);
#6072=VERTEX_POINT('',#6070);
#6073=CARTESIAN_POINT('',(-4.8E0,-1.05E0,4.55E0));
#6074=VERTEX_POINT('',#6073);
#6075=CARTESIAN_POINT('',(-4.8E0,1.05E0,4.55E0));
#6076=VERTEX_POINT('',#6075);
#6077=CARTESIAN_POINT('',(-5.E0,1.25E0,4.5E0));
#6078=CARTESIAN_POINT('',(-5.E0,-1.25E0,4.5E0));
#6079=VERTEX_POINT('',#6077);
#6080=VERTEX_POINT('',#6078);
#6081=CARTESIAN_POINT('',(-5.E0,1.25E0,4.55E0));
#6082=CARTESIAN_POINT('',(-5.E0,-1.25E0,4.55E0));
#6083=VERTEX_POINT('',#6081);
#6084=VERTEX_POINT('',#6082);
#6085=CARTESIAN_POINT('',(3.4E0,-1.25E0,4.55E0));
#6086=VERTEX_POINT('',#6085);
#6087=CARTESIAN_POINT('',(3.4E0,1.25E0,4.55E0));
#6088=VERTEX_POINT('',#6087);
#6089=CARTESIAN_POINT('',(4.8294E0,0.E0,3.5E0));
#6090=CARTESIAN_POINT('',(3.8294E0,0.E0,3.5E0));
#6091=VERTEX_POINT('',#6089);
#6092=VERTEX_POINT('',#6090);
#6093=CARTESIAN_POINT('',(4.8294E0,0.E0,4.5E0));
#6094=CARTESIAN_POINT('',(3.8294E0,0.E0,4.5E0));
#6095=VERTEX_POINT('',#6093);
#6096=VERTEX_POINT('',#6094);
#6097=CARTESIAN_POINT('',(-2.7E-1,-2.E-1,-5.144E-1));
#6098=CARTESIAN_POINT('',(-2.7E-1,3.856E-1,-1.1E0));
#6099=VERTEX_POINT('',#6097);
#6100=VERTEX_POINT('',#6098);
#6101=CARTESIAN_POINT('',(-2.7E-1,2.35E0,-1.1E0));
#6102=VERTEX_POINT('',#6101);
#6103=CARTESIAN_POINT('',(-2.7E-1,2.35E0,-7.E-1));
#6104=VERTEX_POINT('',#6103);
#6105=CARTESIAN_POINT('',(-2.7E-1,3.856E-1,-7.E-1));
#6106=VERTEX_POINT('',#6105);
#6107=CARTESIAN_POINT('',(-2.7E-1,2.E-1,-5.144E-1));
#6108=VERTEX_POINT('',#6107);
#6109=CARTESIAN_POINT('',(2.7E-1,-2.E-1,-5.144E-1));
#6110=CARTESIAN_POINT('',(2.7E-1,3.856E-1,-1.1E0));
#6111=VERTEX_POINT('',#6109);
#6112=VERTEX_POINT('',#6110);
#6113=CARTESIAN_POINT('',(2.7E-1,2.35E0,-1.1E0));
#6114=VERTEX_POINT('',#6113);
#6115=CARTESIAN_POINT('',(2.7E-1,2.35E0,-7.E-1));
#6116=VERTEX_POINT('',#6115);
#6117=CARTESIAN_POINT('',(2.7E-1,3.856E-1,-7.E-1));
#6118=VERTEX_POINT('',#6117);
#6119=CARTESIAN_POINT('',(2.7E-1,2.E-1,-5.144E-1));
#6120=VERTEX_POINT('',#6119);
#6121=CARTESIAN_POINT('',(-2.7E-1,2.E-1,0.E0));
#6122=CARTESIAN_POINT('',(-2.7E-1,-2.E-1,0.E0));
#6123=VERTEX_POINT('',#6121);
#6124=VERTEX_POINT('',#6122);
#6125=CARTESIAN_POINT('',(2.7E-1,2.E-1,0.E0));
#6126=CARTESIAN_POINT('',(2.7E-1,-2.E-1,0.E0));
#6127=VERTEX_POINT('',#6125);
#6128=VERTEX_POINT('',#6126);
#6129=CARTESIAN_POINT('',(2.27E0,-2.E-1,-4.172669518699E-1));
#6130=CARTESIAN_POINT('',(2.27E0,-4.827330481301E-1,-7.E-1));
#6131=VERTEX_POINT('',#6129);
#6132=VERTEX_POINT('',#6130);
#6133=CARTESIAN_POINT('',(2.27E0,-2.35E0,-7.E-1));
#6134=VERTEX_POINT('',#6133);
#6135=CARTESIAN_POINT('',(2.27E0,-2.35E0,-1.1E0));
#6136=VERTEX_POINT('',#6135);
#6137=CARTESIAN_POINT('',(2.27E0,-4.827330481301E-1,-1.1E0));
#6138=VERTEX_POINT('',#6137);
#6139=CARTESIAN_POINT('',(2.27E0,2.E-1,-4.172669518699E-1));
#6140=VERTEX_POINT('',#6139);
#6141=CARTESIAN_POINT('',(2.81E0,-2.E-1,-4.172669518699E-1));
#6142=CARTESIAN_POINT('',(2.81E0,-4.827330481301E-1,-7.E-1));
#6143=VERTEX_POINT('',#6141);
#6144=VERTEX_POINT('',#6142);
#6145=CARTESIAN_POINT('',(2.81E0,-2.35E0,-7.E-1));
#6146=VERTEX_POINT('',#6145);
#6147=CARTESIAN_POINT('',(2.81E0,-2.35E0,-1.1E0));
#6148=VERTEX_POINT('',#6147);
#6149=CARTESIAN_POINT('',(2.81E0,-4.827330481301E-1,-1.1E0));
#6150=VERTEX_POINT('',#6149);
#6151=CARTESIAN_POINT('',(2.81E0,2.E-1,-4.172669518699E-1));
#6152=VERTEX_POINT('',#6151);
#6153=CARTESIAN_POINT('',(2.27E0,-2.E-1,0.E0));
#6154=CARTESIAN_POINT('',(2.27E0,2.E-1,0.E0));
#6155=VERTEX_POINT('',#6153);
#6156=VERTEX_POINT('',#6154);
#6157=CARTESIAN_POINT('',(2.81E0,-2.E-1,0.E0));
#6158=CARTESIAN_POINT('',(2.81E0,2.E-1,0.E0));
#6159=VERTEX_POINT('',#6157);
#6160=VERTEX_POINT('',#6158);
#6161=CARTESIAN_POINT('',(-2.81E0,-2.E-1,-4.172669518699E-1));
#6162=CARTESIAN_POINT('',(-2.81E0,-4.827330481301E-1,-7.E-1));
#6163=VERTEX_POINT('',#6161);
#6164=VERTEX_POINT('',#6162);
#6165=CARTESIAN_POINT('',(-2.81E0,-2.35E0,-7.E-1));
#6166=VERTEX_POINT('',#6165);
#6167=CARTESIAN_POINT('',(-2.81E0,-2.35E0,-1.1E0));
#6168=VERTEX_POINT('',#6167);
#6169=CARTESIAN_POINT('',(-2.81E0,-4.827330481301E-1,-1.1E0));
#6170=VERTEX_POINT('',#6169);
#6171=CARTESIAN_POINT('',(-2.81E0,2.E-1,-4.172669518699E-1));
#6172=VERTEX_POINT('',#6171);
#6173=CARTESIAN_POINT('',(-2.27E0,-2.E-1,-4.172669518699E-1));
#6174=CARTESIAN_POINT('',(-2.27E0,-4.827330481301E-1,-7.E-1));
#6175=VERTEX_POINT('',#6173);
#6176=VERTEX_POINT('',#6174);
#6177=CARTESIAN_POINT('',(-2.27E0,-2.35E0,-7.E-1));
#6178=VERTEX_POINT('',#6177);
#6179=CARTESIAN_POINT('',(-2.27E0,-2.35E0,-1.1E0));
#6180=VERTEX_POINT('',#6179);
#6181=CARTESIAN_POINT('',(-2.27E0,-4.827330481301E-1,-1.1E0));
#6182=VERTEX_POINT('',#6181);
#6183=CARTESIAN_POINT('',(-2.27E0,2.E-1,-4.172669518699E-1));
#6184=VERTEX_POINT('',#6183);
#6185=CARTESIAN_POINT('',(-2.81E0,-2.E-1,0.E0));
#6186=CARTESIAN_POINT('',(-2.81E0,2.E-1,0.E0));
#6187=VERTEX_POINT('',#6185);
#6188=VERTEX_POINT('',#6186);
#6189=CARTESIAN_POINT('',(-2.27E0,-2.E-1,0.E0));
#6190=CARTESIAN_POINT('',(-2.27E0,2.E-1,0.E0));
#6191=VERTEX_POINT('',#6189);
#6192=VERTEX_POINT('',#6190);
#6193=CARTESIAN_POINT('',(-1.2365E0,-9.939E-1,-2.E-2));
#6194=CARTESIAN_POINT('',(-1.2365E0,-4.598E-1,-2.E-2));
#6195=VERTEX_POINT('',#6193);
#6196=VERTEX_POINT('',#6194);
#6197=CARTESIAN_POINT('',(-8.35925E-1,-4.598E-1,-2.E-2));
#6198=VERTEX_POINT('',#6197);
#6199=CARTESIAN_POINT('',(-8.35925E-1,-5.279829785541E-1,-2.E-2));
#6200=VERTEX_POINT('',#6199);
#6201=CARTESIAN_POINT('',(-1.1697375E0,-5.279829785541E-1,-2.E-2));
#6202=VERTEX_POINT('',#6201);
#6203=CARTESIAN_POINT('',(-1.1697375E0,-9.939E-1,-2.E-2));
#6204=VERTEX_POINT('',#6203);
#6205=CARTESIAN_POINT('',(-3.129521045566E-1,-5.961659571081E-1,-2.E-2));
#6206=CARTESIAN_POINT('',(-3.797146045566E-1,-5.961659571081E-1,-2.E-2));
#6207=VERTEX_POINT('',#6205);
#6208=VERTEX_POINT('',#6206);
#6209=CARTESIAN_POINT('',(-3.908416454434E-1,-5.620744718105E-1,-2.E-2));
#6210=VERTEX_POINT('',#6209);
#6211=CARTESIAN_POINT('',(-4.242228954434E-1,-5.393468069866E-1,-2.E-2));
#6212=VERTEX_POINT('',#6211);
#6213=CARTESIAN_POINT('',(-4.6873125E-1,-5.279829785541E-1,-2.E-2));
#6214=VERTEX_POINT('',#6213);
#6215=CARTESIAN_POINT('',(-5.68875E-1,-5.279829785541E-1,-2.E-2));
#6216=VERTEX_POINT('',#6215);
#6217=CARTESIAN_POINT('',(-6.133833545566E-1,-5.393468069866E-1,-2.E-2));
#6218=VERTEX_POINT('',#6217);
#6219=CARTESIAN_POINT('',(-6.467646045566E-1,-5.620744718105E-1,-2.E-2));
#6220=VERTEX_POINT('',#6219);
#6221=CARTESIAN_POINT('',(-6.6901875E-1,-5.961659571081E-1,-2.E-2));
#6222=VERTEX_POINT('',#6221);
#6223=CARTESIAN_POINT('',(-6.801458545566E-1,-6.416212708384E-1,-2.E-2));
#6224=VERTEX_POINT('',#6223);
#6225=CARTESIAN_POINT('',(-6.801458545566E-1,-8.120787132442E-1,-2.E-2));
#6226=VERTEX_POINT('',#6225);
#6227=CARTESIAN_POINT('',(-6.6901875E-1,-8.575340269744E-1,-2.E-2));
#6228=VERTEX_POINT('',#6227);
#6229=CARTESIAN_POINT('',(-6.467646045566E-1,-8.916255441070E-1,-2.E-2));
#6230=VERTEX_POINT('',#6229);
#6231=CARTESIAN_POINT('',(-6.133833545566E-1,-9.143532009721E-1,-2.E-2));
#6232=VERTEX_POINT('',#6231);
#6233=CARTESIAN_POINT('',(-5.68875E-1,-9.257170294046E-1,-2.E-2));
#6234=VERTEX_POINT('',#6233);
#6235=CARTESIAN_POINT('',(-4.6873125E-1,-9.257170294046E-1,-2.E-2));
#6236=VERTEX_POINT('',#6235);
#6237=CARTESIAN_POINT('',(-4.242228954434E-1,-9.143532009721E-1,-2.E-2));
#6238=VERTEX_POINT('',#6237);
#6239=CARTESIAN_POINT('',(-3.908416454434E-1,-8.916255441070E-1,-2.E-2));
#6240=VERTEX_POINT('',#6239);
#6241=CARTESIAN_POINT('',(-3.797146045566E-1,-8.575340269744E-1,-2.E-2));
#6242=VERTEX_POINT('',#6241);
#6243=CARTESIAN_POINT('',(-3.129521045566E-1,-8.575340269744E-1,-2.E-2));
#6244=VERTEX_POINT('',#6243);
#6245=CARTESIAN_POINT('',(-3.240791454434E-1,-9.143532009721E-1,-2.E-2));
#6246=VERTEX_POINT('',#6245);
#6247=CARTESIAN_POINT('',(-3.685875E-1,-9.598085147023E-1,-2.E-2));
#6248=VERTEX_POINT('',#6247);
#6249=CARTESIAN_POINT('',(-4.130958545566E-1,-9.825361715674E-1,-2.E-2));
#6250=VERTEX_POINT('',#6249);
#6251=CARTESIAN_POINT('',(-4.6873125E-1,-9.939E-1,-2.E-2));
#6252=VERTEX_POINT('',#6251);
#6253=CARTESIAN_POINT('',(-5.68875E-1,-9.939E-1,-2.E-2));
#6254=VERTEX_POINT('',#6253);
#6255=CARTESIAN_POINT('',(-6.245103954434E-1,-9.825361715674E-1,-2.E-2));
#6256=VERTEX_POINT('',#6255);
#6257=CARTESIAN_POINT('',(-6.6901875E-1,-9.598085147023E-1,-2.E-2));
#6258=VERTEX_POINT('',#6257);
#6259=CARTESIAN_POINT('',(-7.135270727217E-1,-9.143532009721E-1,-2.E-2));
#6260=VERTEX_POINT('',#6259);
#6261=CARTESIAN_POINT('',(-7.3578125E-1,-8.688978872418E-1,-2.E-2));
#6262=VERTEX_POINT('',#6261);
#6263=CARTESIAN_POINT('',(-7.469083227217E-1,-8.120787132442E-1,-2.E-2));
#6264=VERTEX_POINT('',#6263);
#6265=CARTESIAN_POINT('',(-7.469083227217E-1,-6.416212708384E-1,-2.E-2));
#6266=VERTEX_POINT('',#6265);
#6267=CARTESIAN_POINT('',(-7.3578125E-1,-5.848021286756E-1,-2.E-2));
#6268=VERTEX_POINT('',#6267);
#6269=CARTESIAN_POINT('',(-7.135270727217E-1,-5.393468069866E-1,-2.E-2));
#6270=VERTEX_POINT('',#6269);
#6271=CARTESIAN_POINT('',(-6.6901875E-1,-4.938914892770E-1,-2.E-2));
#6272=VERTEX_POINT('',#6271);
#6273=CARTESIAN_POINT('',(-6.245103954434E-1,-4.711638294274E-1,-2.E-2));
#6274=VERTEX_POINT('',#6273);
#6275=CARTESIAN_POINT('',(-5.68875E-1,-4.598E-1,-2.E-2));
#6276=VERTEX_POINT('',#6275);
#6277=CARTESIAN_POINT('',(-4.6873125E-1,-4.598E-1,-2.E-2));
#6278=VERTEX_POINT('',#6277);
#6279=CARTESIAN_POINT('',(-4.130958545566E-1,-4.711638294274E-1,-2.E-2));
#6280=VERTEX_POINT('',#6279);
#6281=CARTESIAN_POINT('',(-3.685875E-1,-4.938914892770E-1,-2.E-2));
#6282=VERTEX_POINT('',#6281);
#6283=CARTESIAN_POINT('',(-3.240791454434E-1,-5.393468069866E-1,-2.E-2));
#6284=VERTEX_POINT('',#6283);
#6285=CARTESIAN_POINT('',(1.766395408869E-1,-5.279829785541E-1,-2.E-2));
#6286=CARTESIAN_POINT('',(-1.571729591131E-1,-5.279829785541E-1,-2.E-2));
#6287=VERTEX_POINT('',#6285);
#6288=VERTEX_POINT('',#6286);
#6289=CARTESIAN_POINT('',(-1.571729591131E-1,-7.098042573512E-1,-2.E-2));
#6290=VERTEX_POINT('',#6289);
#6291=CARTESIAN_POINT('',(1.3213125E-1,-7.098042573512E-1,-2.E-2));
#6292=VERTEX_POINT('',#6291);
#6293=CARTESIAN_POINT('',(1.3213125E-1,-7.779872279465E-1,-2.E-2));
#6294=VERTEX_POINT('',#6293);
#6295=CARTESIAN_POINT('',(-1.571729591131E-1,-7.779872279465E-1,-2.E-2));
#6296=VERTEX_POINT('',#6295);
#6297=CARTESIAN_POINT('',(-1.571729591131E-1,-9.257170294046E-1,-2.E-2));
#6298=VERTEX_POINT('',#6297);
#6299=CARTESIAN_POINT('',(1.766395408869E-1,-9.257170294046E-1,-2.E-2));
#6300=VERTEX_POINT('',#6299);
#6301=CARTESIAN_POINT('',(1.766395408869E-1,-9.939E-1,-2.E-2));
#6302=VERTEX_POINT('',#6301);
#6303=CARTESIAN_POINT('',(-2.239353954434E-1,-9.939E-1,-2.E-2));
#6304=VERTEX_POINT('',#6303);
#6305=CARTESIAN_POINT('',(-2.239353954434E-1,-4.598E-1,-2.E-2));
#6306=VERTEX_POINT('',#6305);
#6307=CARTESIAN_POINT('',(1.766395408869E-1,-4.598E-1,-2.E-2));
#6308=VERTEX_POINT('',#6307);
#6309=CARTESIAN_POINT('',(5.3270625E-1,-9.939E-1,-2.E-2));
#6310=CARTESIAN_POINT('',(2.6565625E-1,-9.939E-1,-2.E-2));
#6311=VERTEX_POINT('',#6309);
#6312=VERTEX_POINT('',#6310);
#6313=CARTESIAN_POINT('',(2.6565625E-1,-4.598E-1,-2.E-2));
#6314=VERTEX_POINT('',#6313);
#6315=CARTESIAN_POINT('',(5.3270625E-1,-4.598E-1,-2.E-2));
#6316=VERTEX_POINT('',#6315);
#6317=CARTESIAN_POINT('',(5.883417091131E-1,-4.711638294274E-1,-2.E-2));
#6318=VERTEX_POINT('',#6317);
#6319=CARTESIAN_POINT('',(6.3285E-1,-4.938914892770E-1,-2.E-2));
#6320=VERTEX_POINT('',#6319);
#6321=CARTESIAN_POINT('',(6.773582908869E-1,-5.393468069866E-1,-2.E-2));
#6322=VERTEX_POINT('',#6321);
#6323=CARTESIAN_POINT('',(6.996125E-1,-5.848021286756E-1,-2.E-2));
#6324=VERTEX_POINT('',#6323);
#6325=CARTESIAN_POINT('',(7.107395408869E-1,-6.416212708384E-1,-2.E-2));
#6326=VERTEX_POINT('',#6325);
#6327=CARTESIAN_POINT('',(7.107395408869E-1,-8.120787132442E-1,-2.E-2));
#6328=VERTEX_POINT('',#6327);
#6329=CARTESIAN_POINT('',(6.996125E-1,-8.688978872418E-1,-2.E-2));
#6330=VERTEX_POINT('',#6329);
#6331=CARTESIAN_POINT('',(6.773582908869E-1,-9.143532009721E-1,-2.E-2));
#6332=VERTEX_POINT('',#6331);
#6333=CARTESIAN_POINT('',(6.3285E-1,-9.598085147023E-1,-2.E-2));
#6334=VERTEX_POINT('',#6333);
#6335=CARTESIAN_POINT('',(5.883417091131E-1,-9.825361715674E-1,-2.E-2));
#6336=VERTEX_POINT('',#6335);
#6337=CARTESIAN_POINT('',(3.3241875E-1,-9.257170294046E-1,-2.E-2));
#6338=CARTESIAN_POINT('',(5.3270625E-1,-9.257170294046E-1,-2.E-2));
#6339=VERTEX_POINT('',#6337);
#6340=VERTEX_POINT('',#6338);
#6341=CARTESIAN_POINT('',(5.772145408869E-1,-9.143532009721E-1,-2.E-2));
#6342=VERTEX_POINT('',#6341);
#6343=CARTESIAN_POINT('',(6.105957908869E-1,-8.916255441070E-1,-2.E-2));
#6344=VERTEX_POINT('',#6343);
#6345=CARTESIAN_POINT('',(6.3285E-1,-8.575340269744E-1,-2.E-2));
#6346=VERTEX_POINT('',#6345);
#6347=CARTESIAN_POINT('',(6.439770408869E-1,-8.120787132442E-1,-2.E-2));
#6348=VERTEX_POINT('',#6347);
#6349=CARTESIAN_POINT('',(6.439770408869E-1,-6.416212708384E-1,-2.E-2));
#6350=VERTEX_POINT('',#6349);
#6351=CARTESIAN_POINT('',(6.3285E-1,-5.961659571081E-1,-2.E-2));
#6352=VERTEX_POINT('',#6351);
#6353=CARTESIAN_POINT('',(6.105957908869E-1,-5.620744718105E-1,-2.E-2));
#6354=VERTEX_POINT('',#6353);
#6355=CARTESIAN_POINT('',(5.772145408869E-1,-5.393468069866E-1,-2.E-2));
#6356=VERTEX_POINT('',#6355);
#6357=CARTESIAN_POINT('',(5.3270625E-1,-5.279829785541E-1,-2.E-2));
#6358=VERTEX_POINT('',#6357);
#6359=CARTESIAN_POINT('',(3.3241875E-1,-5.279829785541E-1,-2.E-2));
#6360=VERTEX_POINT('',#6359);
#6361=CARTESIAN_POINT('',(1.06680625E0,-9.939E-1,-2.E-2));
#6362=CARTESIAN_POINT('',(9.777896682262E-1,-9.939E-1,-2.E-2));
#6363=VERTEX_POINT('',#6361);
#6364=VERTEX_POINT('',#6362);
#6365=CARTESIAN_POINT('',(7.9975625E-1,-4.598E-1,-2.E-2));
#6366=VERTEX_POINT('',#6365);
#6367=CARTESIAN_POINT('',(8.6651875E-1,-4.598E-1,-2.E-2));
#6368=VERTEX_POINT('',#6367);
#6369=CARTESIAN_POINT('',(9.110271682262E-1,-5.961659571081E-1,-2.E-2));
#6370=VERTEX_POINT('',#6369);
#6371=CARTESIAN_POINT('',(1.13356875E0,-5.961659571081E-1,-2.E-2));
#6372=VERTEX_POINT('',#6371);
#6373=CARTESIAN_POINT('',(1.178077168226E0,-4.598E-1,-2.E-2));
#6374=VERTEX_POINT('',#6373);
#6375=CARTESIAN_POINT('',(1.244839668226E0,-4.598E-1,-2.E-2));
#6376=VERTEX_POINT('',#6375);
#6377=CARTESIAN_POINT('',(1.022297831774E0,-9.484446862698E-1,-2.E-2));
#6378=CARTESIAN_POINT('',(1.122441581774E0,-6.416212708384E-1,-2.E-2));
#6379=VERTEX_POINT('',#6377);
#6380=VERTEX_POINT('',#6378);
#6381=CARTESIAN_POINT('',(9.221540817738E-1,-6.416212708384E-1,-2.E-2));
#6382=VERTEX_POINT('',#6381);
#6383=CARTESIAN_POINT('',(-1.2365E0,-9.939E-1,0.E0));
#6384=CARTESIAN_POINT('',(-1.2365E0,-4.598E-1,0.E0));
#6385=VERTEX_POINT('',#6383);
#6386=VERTEX_POINT('',#6384);
#6387=CARTESIAN_POINT('',(-8.35925E-1,-4.598E-1,0.E0));
#6388=VERTEX_POINT('',#6387);
#6389=CARTESIAN_POINT('',(-8.35925E-1,-5.279829785541E-1,0.E0));
#6390=VERTEX_POINT('',#6389);
#6391=CARTESIAN_POINT('',(-1.1697375E0,-5.279829785541E-1,0.E0));
#6392=VERTEX_POINT('',#6391);
#6393=CARTESIAN_POINT('',(-1.1697375E0,-9.939E-1,0.E0));
#6394=VERTEX_POINT('',#6393);
#6395=CARTESIAN_POINT('',(-3.129521045566E-1,-5.961659571081E-1,0.E0));
#6396=CARTESIAN_POINT('',(-3.797146045566E-1,-5.961659571081E-1,0.E0));
#6397=VERTEX_POINT('',#6395);
#6398=VERTEX_POINT('',#6396);
#6399=CARTESIAN_POINT('',(-3.908416454434E-1,-5.620744718105E-1,0.E0));
#6400=VERTEX_POINT('',#6399);
#6401=CARTESIAN_POINT('',(-4.242228954434E-1,-5.393468069866E-1,0.E0));
#6402=VERTEX_POINT('',#6401);
#6403=CARTESIAN_POINT('',(-4.6873125E-1,-5.279829785541E-1,0.E0));
#6404=VERTEX_POINT('',#6403);
#6405=CARTESIAN_POINT('',(-5.68875E-1,-5.279829785541E-1,0.E0));
#6406=VERTEX_POINT('',#6405);
#6407=CARTESIAN_POINT('',(-6.133833545566E-1,-5.393468069866E-1,0.E0));
#6408=VERTEX_POINT('',#6407);
#6409=CARTESIAN_POINT('',(-6.467646045566E-1,-5.620744718105E-1,0.E0));
#6410=VERTEX_POINT('',#6409);
#6411=CARTESIAN_POINT('',(-6.6901875E-1,-5.961659571081E-1,0.E0));
#6412=VERTEX_POINT('',#6411);
#6413=CARTESIAN_POINT('',(-6.801458545566E-1,-6.416212708384E-1,0.E0));
#6414=VERTEX_POINT('',#6413);
#6415=CARTESIAN_POINT('',(-6.801458545566E-1,-8.120787132442E-1,0.E0));
#6416=VERTEX_POINT('',#6415);
#6417=CARTESIAN_POINT('',(-6.6901875E-1,-8.575340269744E-1,0.E0));
#6418=VERTEX_POINT('',#6417);
#6419=CARTESIAN_POINT('',(-6.467646045566E-1,-8.916255441070E-1,0.E0));
#6420=VERTEX_POINT('',#6419);
#6421=CARTESIAN_POINT('',(-6.133833545566E-1,-9.143532009721E-1,0.E0));
#6422=VERTEX_POINT('',#6421);
#6423=CARTESIAN_POINT('',(-5.68875E-1,-9.257170294046E-1,0.E0));
#6424=VERTEX_POINT('',#6423);
#6425=CARTESIAN_POINT('',(-4.6873125E-1,-9.257170294046E-1,0.E0));
#6426=VERTEX_POINT('',#6425);
#6427=CARTESIAN_POINT('',(-4.242228954434E-1,-9.143532009721E-1,0.E0));
#6428=VERTEX_POINT('',#6427);
#6429=CARTESIAN_POINT('',(-3.908416454434E-1,-8.916255441070E-1,0.E0));
#6430=VERTEX_POINT('',#6429);
#6431=CARTESIAN_POINT('',(-3.797146045566E-1,-8.575340269744E-1,0.E0));
#6432=VERTEX_POINT('',#6431);
#6433=CARTESIAN_POINT('',(-3.129521045566E-1,-8.575340269744E-1,0.E0));
#6434=VERTEX_POINT('',#6433);
#6435=CARTESIAN_POINT('',(-3.240791454434E-1,-9.143532009721E-1,0.E0));
#6436=VERTEX_POINT('',#6435);
#6437=CARTESIAN_POINT('',(-3.685875E-1,-9.598085147023E-1,0.E0));
#6438=VERTEX_POINT('',#6437);
#6439=CARTESIAN_POINT('',(-4.130958545566E-1,-9.825361715674E-1,0.E0));
#6440=VERTEX_POINT('',#6439);
#6441=CARTESIAN_POINT('',(-4.6873125E-1,-9.939E-1,0.E0));
#6442=VERTEX_POINT('',#6441);
#6443=CARTESIAN_POINT('',(-5.68875E-1,-9.939E-1,0.E0));
#6444=VERTEX_POINT('',#6443);
#6445=CARTESIAN_POINT('',(-6.245103954434E-1,-9.825361715674E-1,0.E0));
#6446=VERTEX_POINT('',#6445);
#6447=CARTESIAN_POINT('',(-6.6901875E-1,-9.598085147023E-1,0.E0));
#6448=VERTEX_POINT('',#6447);
#6449=CARTESIAN_POINT('',(-7.135270727217E-1,-9.143532009721E-1,0.E0));
#6450=VERTEX_POINT('',#6449);
#6451=CARTESIAN_POINT('',(-7.3578125E-1,-8.688978872418E-1,0.E0));
#6452=VERTEX_POINT('',#6451);
#6453=CARTESIAN_POINT('',(-7.469083227217E-1,-8.120787132442E-1,0.E0));
#6454=VERTEX_POINT('',#6453);
#6455=CARTESIAN_POINT('',(-7.469083227217E-1,-6.416212708384E-1,0.E0));
#6456=VERTEX_POINT('',#6455);
#6457=CARTESIAN_POINT('',(-7.3578125E-1,-5.848021286756E-1,0.E0));
#6458=VERTEX_POINT('',#6457);
#6459=CARTESIAN_POINT('',(-7.135270727217E-1,-5.393468069866E-1,0.E0));
#6460=VERTEX_POINT('',#6459);
#6461=CARTESIAN_POINT('',(-6.6901875E-1,-4.938914892770E-1,0.E0));
#6462=VERTEX_POINT('',#6461);
#6463=CARTESIAN_POINT('',(-6.245103954434E-1,-4.711638294274E-1,0.E0));
#6464=VERTEX_POINT('',#6463);
#6465=CARTESIAN_POINT('',(-5.68875E-1,-4.598E-1,0.E0));
#6466=VERTEX_POINT('',#6465);
#6467=CARTESIAN_POINT('',(-4.6873125E-1,-4.598E-1,0.E0));
#6468=VERTEX_POINT('',#6467);
#6469=CARTESIAN_POINT('',(-4.130958545566E-1,-4.711638294274E-1,0.E0));
#6470=VERTEX_POINT('',#6469);
#6471=CARTESIAN_POINT('',(-3.685875E-1,-4.938914892770E-1,0.E0));
#6472=VERTEX_POINT('',#6471);
#6473=CARTESIAN_POINT('',(-3.240791454434E-1,-5.393468069866E-1,0.E0));
#6474=VERTEX_POINT('',#6473);
#6475=CARTESIAN_POINT('',(1.766395408869E-1,-5.279829785541E-1,0.E0));
#6476=CARTESIAN_POINT('',(-1.571729591131E-1,-5.279829785541E-1,0.E0));
#6477=VERTEX_POINT('',#6475);
#6478=VERTEX_POINT('',#6476);
#6479=CARTESIAN_POINT('',(-1.571729591131E-1,-7.098042573512E-1,0.E0));
#6480=VERTEX_POINT('',#6479);
#6481=CARTESIAN_POINT('',(1.3213125E-1,-7.098042573512E-1,0.E0));
#6482=VERTEX_POINT('',#6481);
#6483=CARTESIAN_POINT('',(1.3213125E-1,-7.779872279465E-1,0.E0));
#6484=VERTEX_POINT('',#6483);
#6485=CARTESIAN_POINT('',(-1.571729591131E-1,-7.779872279465E-1,0.E0));
#6486=VERTEX_POINT('',#6485);
#6487=CARTESIAN_POINT('',(-1.571729591131E-1,-9.257170294046E-1,0.E0));
#6488=VERTEX_POINT('',#6487);
#6489=CARTESIAN_POINT('',(1.766395408869E-1,-9.257170294046E-1,0.E0));
#6490=VERTEX_POINT('',#6489);
#6491=CARTESIAN_POINT('',(1.766395408869E-1,-9.939E-1,0.E0));
#6492=VERTEX_POINT('',#6491);
#6493=CARTESIAN_POINT('',(-2.239353954434E-1,-9.939E-1,0.E0));
#6494=VERTEX_POINT('',#6493);
#6495=CARTESIAN_POINT('',(-2.239353954434E-1,-4.598E-1,0.E0));
#6496=VERTEX_POINT('',#6495);
#6497=CARTESIAN_POINT('',(1.766395408869E-1,-4.598E-1,0.E0));
#6498=VERTEX_POINT('',#6497);
#6499=CARTESIAN_POINT('',(5.3270625E-1,-9.939E-1,0.E0));
#6500=CARTESIAN_POINT('',(2.6565625E-1,-9.939E-1,0.E0));
#6501=VERTEX_POINT('',#6499);
#6502=VERTEX_POINT('',#6500);
#6503=CARTESIAN_POINT('',(2.6565625E-1,-4.598E-1,0.E0));
#6504=VERTEX_POINT('',#6503);
#6505=CARTESIAN_POINT('',(5.3270625E-1,-4.598E-1,0.E0));
#6506=VERTEX_POINT('',#6505);
#6507=CARTESIAN_POINT('',(5.883417091131E-1,-4.711638294274E-1,0.E0));
#6508=VERTEX_POINT('',#6507);
#6509=CARTESIAN_POINT('',(6.3285E-1,-4.938914892770E-1,0.E0));
#6510=VERTEX_POINT('',#6509);
#6511=CARTESIAN_POINT('',(6.773582908869E-1,-5.393468069866E-1,0.E0));
#6512=VERTEX_POINT('',#6511);
#6513=CARTESIAN_POINT('',(6.996125E-1,-5.848021286756E-1,0.E0));
#6514=VERTEX_POINT('',#6513);
#6515=CARTESIAN_POINT('',(7.107395408869E-1,-6.416212708384E-1,0.E0));
#6516=VERTEX_POINT('',#6515);
#6517=CARTESIAN_POINT('',(7.107395408869E-1,-8.120787132442E-1,0.E0));
#6518=VERTEX_POINT('',#6517);
#6519=CARTESIAN_POINT('',(6.996125E-1,-8.688978872418E-1,0.E0));
#6520=VERTEX_POINT('',#6519);
#6521=CARTESIAN_POINT('',(6.773582908869E-1,-9.143532009721E-1,0.E0));
#6522=VERTEX_POINT('',#6521);
#6523=CARTESIAN_POINT('',(6.3285E-1,-9.598085147023E-1,0.E0));
#6524=VERTEX_POINT('',#6523);
#6525=CARTESIAN_POINT('',(5.883417091131E-1,-9.825361715674E-1,0.E0));
#6526=VERTEX_POINT('',#6525);
#6527=CARTESIAN_POINT('',(3.3241875E-1,-9.257170294046E-1,0.E0));
#6528=CARTESIAN_POINT('',(5.3270625E-1,-9.257170294046E-1,0.E0));
#6529=VERTEX_POINT('',#6527);
#6530=VERTEX_POINT('',#6528);
#6531=CARTESIAN_POINT('',(5.772145408869E-1,-9.143532009721E-1,0.E0));
#6532=VERTEX_POINT('',#6531);
#6533=CARTESIAN_POINT('',(6.105957908869E-1,-8.916255441070E-1,0.E0));
#6534=VERTEX_POINT('',#6533);
#6535=CARTESIAN_POINT('',(6.3285E-1,-8.575340269744E-1,0.E0));
#6536=VERTEX_POINT('',#6535);
#6537=CARTESIAN_POINT('',(6.439770408869E-1,-8.120787132442E-1,0.E0));
#6538=VERTEX_POINT('',#6537);
#6539=CARTESIAN_POINT('',(6.439770408869E-1,-6.416212708384E-1,0.E0));
#6540=VERTEX_POINT('',#6539);
#6541=CARTESIAN_POINT('',(6.3285E-1,-5.961659571081E-1,0.E0));
#6542=VERTEX_POINT('',#6541);
#6543=CARTESIAN_POINT('',(6.105957908869E-1,-5.620744718105E-1,0.E0));
#6544=VERTEX_POINT('',#6543);
#6545=CARTESIAN_POINT('',(5.772145408869E-1,-5.393468069866E-1,0.E0));
#6546=VERTEX_POINT('',#6545);
#6547=CARTESIAN_POINT('',(5.3270625E-1,-5.279829785541E-1,0.E0));
#6548=VERTEX_POINT('',#6547);
#6549=CARTESIAN_POINT('',(3.3241875E-1,-5.279829785541E-1,0.E0));
#6550=VERTEX_POINT('',#6549);
#6551=CARTESIAN_POINT('',(1.06680625E0,-9.939E-1,0.E0));
#6552=CARTESIAN_POINT('',(9.777896682262E-1,-9.939E-1,0.E0));
#6553=VERTEX_POINT('',#6551);
#6554=VERTEX_POINT('',#6552);
#6555=CARTESIAN_POINT('',(7.9975625E-1,-4.598E-1,0.E0));
#6556=VERTEX_POINT('',#6555);
#6557=CARTESIAN_POINT('',(8.6651875E-1,-4.598E-1,0.E0));
#6558=VERTEX_POINT('',#6557);
#6559=CARTESIAN_POINT('',(9.110271682262E-1,-5.961659571081E-1,0.E0));
#6560=VERTEX_POINT('',#6559);
#6561=CARTESIAN_POINT('',(1.13356875E0,-5.961659571081E-1,0.E0));
#6562=VERTEX_POINT('',#6561);
#6563=CARTESIAN_POINT('',(1.178077168226E0,-4.598E-1,0.E0));
#6564=VERTEX_POINT('',#6563);
#6565=CARTESIAN_POINT('',(1.244839668226E0,-4.598E-1,0.E0));
#6566=VERTEX_POINT('',#6565);
#6567=CARTESIAN_POINT('',(1.022297831774E0,-9.484446862698E-1,0.E0));
#6568=CARTESIAN_POINT('',(1.122441581774E0,-6.416212708384E-1,0.E0));
#6569=VERTEX_POINT('',#6567);
#6570=VERTEX_POINT('',#6568);
#6571=CARTESIAN_POINT('',(9.221540817738E-1,-6.416212708384E-1,0.E0));
#6572=VERTEX_POINT('',#6571);
#6573=CARTESIAN_POINT('',(0.E0,0.E0,0.E0));
#6574=DIRECTION('',(0.E0,0.E0,1.E0));
#6575=DIRECTION('',(1.E0,0.E0,0.E0));
#6576=AXIS2_PLACEMENT_3D('',#6573,#6574,#6575);
#6577=PLANE('',#6576);
#6579=ORIENTED_EDGE('',*,*,#6578,.T.);
#6581=ORIENTED_EDGE('',*,*,#6580,.T.);
#6583=ORIENTED_EDGE('',*,*,#6582,.T.);
#6585=ORIENTED_EDGE('',*,*,#6584,.T.);
#6586=EDGE_LOOP('',(#6579,#6581,#6583,#6585));
#6587=FACE_OUTER_BOUND('',#6586,.F.);
#6589=ORIENTED_EDGE('',*,*,#6588,.T.);
#6591=ORIENTED_EDGE('',*,*,#6590,.F.);
#6593=ORIENTED_EDGE('',*,*,#6592,.T.);
#6595=ORIENTED_EDGE('',*,*,#6594,.F.);
#6597=ORIENTED_EDGE('',*,*,#6596,.T.);
#6599=ORIENTED_EDGE('',*,*,#6598,.F.);
#6601=ORIENTED_EDGE('',*,*,#6600,.T.);
#6603=ORIENTED_EDGE('',*,*,#6602,.F.);
#6604=EDGE_LOOP('',(#6589,#6591,#6593,#6595,#6597,#6599,#6601,#6603));
#6605=FACE_BOUND('',#6604,.F.);
#6607=ORIENTED_EDGE('',*,*,#6606,.F.);
#6609=ORIENTED_EDGE('',*,*,#6608,.F.);
#6611=ORIENTED_EDGE('',*,*,#6610,.F.);
#6613=ORIENTED_EDGE('',*,*,#6612,.F.);
#6615=ORIENTED_EDGE('',*,*,#6614,.F.);
#6617=ORIENTED_EDGE('',*,*,#6616,.F.);
#6619=ORIENTED_EDGE('',*,*,#6618,.F.);
#6621=ORIENTED_EDGE('',*,*,#6620,.F.);
#6622=EDGE_LOOP('',(#6607,#6609,#6611,#6613,#6615,#6617,#6619,#6621));
#6623=FACE_BOUND('',#6622,.F.);
#6625=ORIENTED_EDGE('',*,*,#6624,.F.);
#6627=ORIENTED_EDGE('',*,*,#6626,.T.);
#6629=ORIENTED_EDGE('',*,*,#6628,.T.);
#6631=ORIENTED_EDGE('',*,*,#6630,.F.);
#6632=EDGE_LOOP('',(#6625,#6627,#6629,#6631));
#6633=FACE_BOUND('',#6632,.F.);
#6635=ORIENTED_EDGE('',*,*,#6634,.T.);
#6637=ORIENTED_EDGE('',*,*,#6636,.T.);
#6639=ORIENTED_EDGE('',*,*,#6638,.F.);
#6641=ORIENTED_EDGE('',*,*,#6640,.F.);
#6642=EDGE_LOOP('',(#6635,#6637,#6639,#6641));
#6643=FACE_BOUND('',#6642,.F.);
#6645=ORIENTED_EDGE('',*,*,#6644,.T.);
#6647=ORIENTED_EDGE('',*,*,#6646,.T.);
#6649=ORIENTED_EDGE('',*,*,#6648,.F.);
#6651=ORIENTED_EDGE('',*,*,#6650,.F.);
#6652=EDGE_LOOP('',(#6645,#6647,#6649,#6651));
#6653=FACE_BOUND('',#6652,.F.);
#6655=ORIENTED_EDGE('',*,*,#6654,.T.);
#6657=ORIENTED_EDGE('',*,*,#6656,.T.);
#6659=ORIENTED_EDGE('',*,*,#6658,.T.);
#6661=ORIENTED_EDGE('',*,*,#6660,.T.);
#6663=ORIENTED_EDGE('',*,*,#6662,.T.);
#6665=ORIENTED_EDGE('',*,*,#6664,.T.);
#6666=EDGE_LOOP('',(#6655,#6657,#6659,#6661,#6663,#6665));
#6667=FACE_BOUND('',#6666,.F.);
#6669=ORIENTED_EDGE('',*,*,#6668,.T.);
#6671=ORIENTED_EDGE('',*,*,#6670,.T.);
#6673=ORIENTED_EDGE('',*,*,#6672,.T.);
#6675=ORIENTED_EDGE('',*,*,#6674,.T.);
#6677=ORIENTED_EDGE('',*,*,#6676,.T.);
#6679=ORIENTED_EDGE('',*,*,#6678,.T.);
#6681=ORIENTED_EDGE('',*,*,#6680,.T.);
#6683=ORIENTED_EDGE('',*,*,#6682,.T.);
#6685=ORIENTED_EDGE('',*,*,#6684,.T.);
#6687=ORIENTED_EDGE('',*,*,#6686,.T.);
#6689=ORIENTED_EDGE('',*,*,#6688,.T.);
#6691=ORIENTED_EDGE('',*,*,#6690,.T.);
#6693=ORIENTED_EDGE('',*,*,#6692,.T.);
#6695=ORIENTED_EDGE('',*,*,#6694,.T.);
#6697=ORIENTED_EDGE('',*,*,#6696,.T.);
#6699=ORIENTED_EDGE('',*,*,#6698,.T.);
#6701=ORIENTED_EDGE('',*,*,#6700,.T.);
#6703=ORIENTED_EDGE('',*,*,#6702,.T.);
#6705=ORIENTED_EDGE('',*,*,#6704,.T.);
#6707=ORIENTED_EDGE('',*,*,#6706,.T.);
#6709=ORIENTED_EDGE('',*,*,#6708,.T.);
#6711=ORIENTED_EDGE('',*,*,#6710,.T.);
#6713=ORIENTED_EDGE('',*,*,#6712,.T.);
#6715=ORIENTED_EDGE('',*,*,#6714,.T.);
#6717=ORIENTED_EDGE('',*,*,#6716,.T.);
#6719=ORIENTED_EDGE('',*,*,#6718,.T.);
#6721=ORIENTED_EDGE('',*,*,#6720,.T.);
#6723=ORIENTED_EDGE('',*,*,#6722,.T.);
#6725=ORIENTED_EDGE('',*,*,#6724,.T.);
#6727=ORIENTED_EDGE('',*,*,#6726,.T.);
#6729=ORIENTED_EDGE('',*,*,#6728,.T.);
#6731=ORIENTED_EDGE('',*,*,#6730,.T.);
#6733=ORIENTED_EDGE('',*,*,#6732,.T.);
#6735=ORIENTED_EDGE('',*,*,#6734,.T.);
#6737=ORIENTED_EDGE('',*,*,#6736,.T.);
#6739=ORIENTED_EDGE('',*,*,#6738,.T.);
#6741=ORIENTED_EDGE('',*,*,#6740,.T.);
#6743=ORIENTED_EDGE('',*,*,#6742,.T.);
#6745=ORIENTED_EDGE('',*,*,#6744,.T.);
#6747=ORIENTED_EDGE('',*,*,#6746,.T.);
#6748=EDGE_LOOP('',(#6669,#6671,#6673,#6675,#6677,#6679,#6681,#6683,#6685,#6687,
#6689,#6691,#6693,#6695,#6697,#6699,#6701,#6703,#6705,#6707,#6709,#6711,#6713,
#6715,#6717,#6719,#6721,#6723,#6725,#6727,#6729,#6731,#6733,#6735,#6737,#6739,
#6741,#6743,#6745,#6747));
#6749=FACE_BOUND('',#6748,.F.);
#6751=ORIENTED_EDGE('',*,*,#6750,.T.);
#6753=ORIENTED_EDGE('',*,*,#6752,.T.);
#6755=ORIENTED_EDGE('',*,*,#6754,.T.);
#6757=ORIENTED_EDGE('',*,*,#6756,.T.);
#6759=ORIENTED_EDGE('',*,*,#6758,.T.);
#6761=ORIENTED_EDGE('',*,*,#6760,.T.);
#6763=ORIENTED_EDGE('',*,*,#6762,.T.);
#6765=ORIENTED_EDGE('',*,*,#6764,.T.);
#6767=ORIENTED_EDGE('',*,*,#6766,.T.);
#6769=ORIENTED_EDGE('',*,*,#6768,.T.);
#6771=ORIENTED_EDGE('',*,*,#6770,.T.);
#6773=ORIENTED_EDGE('',*,*,#6772,.T.);
#6774=EDGE_LOOP('',(#6751,#6753,#6755,#6757,#6759,#6761,#6763,#6765,#6767,#6769,
#6771,#6773));
#6775=FACE_BOUND('',#6774,.F.);
#6777=ORIENTED_EDGE('',*,*,#6776,.T.);
#6779=ORIENTED_EDGE('',*,*,#6778,.T.);
#6781=ORIENTED_EDGE('',*,*,#6780,.T.);
#6783=ORIENTED_EDGE('',*,*,#6782,.T.);
#6785=ORIENTED_EDGE('',*,*,#6784,.T.);
#6787=ORIENTED_EDGE('',*,*,#6786,.T.);
#6789=ORIENTED_EDGE('',*,*,#6788,.T.);
#6791=ORIENTED_EDGE('',*,*,#6790,.T.);
#6793=ORIENTED_EDGE('',*,*,#6792,.T.);
#6795=ORIENTED_EDGE('',*,*,#6794,.T.);
#6797=ORIENTED_EDGE('',*,*,#6796,.T.);
#6799=ORIENTED_EDGE('',*,*,#6798,.T.);
#6801=ORIENTED_EDGE('',*,*,#6800,.T.);
#6803=ORIENTED_EDGE('',*,*,#6802,.T.);
#6804=EDGE_LOOP('',(#6777,#6779,#6781,#6783,#6785,#6787,#6789,#6791,#6793,#6795,
#6797,#6799,#6801,#6803));
#6805=FACE_BOUND('',#6804,.F.);
#6807=ORIENTED_EDGE('',*,*,#6806,.T.);
#6809=ORIENTED_EDGE('',*,*,#6808,.T.);
#6811=ORIENTED_EDGE('',*,*,#6810,.T.);
#6813=ORIENTED_EDGE('',*,*,#6812,.T.);
#6815=ORIENTED_EDGE('',*,*,#6814,.T.);
#6817=ORIENTED_EDGE('',*,*,#6816,.T.);
#6819=ORIENTED_EDGE('',*,*,#6818,.T.);
#6821=ORIENTED_EDGE('',*,*,#6820,.T.);
#6822=EDGE_LOOP('',(#6807,#6809,#6811,#6813,#6815,#6817,#6819,#6821));
#6823=FACE_BOUND('',#6822,.F.);
#6824=ADVANCED_FACE('',(#6587,#6605,#6623,#6633,#6643,#6653,#6667,#6749,#6775,
#6805,#6823),#6577,.F.);
#6825=FILL_AREA_STYLE_COLOUR('',#5);
#6826=FILL_AREA_STYLE('',(#6825));
#6827=SURFACE_STYLE_FILL_AREA(#6826);
#6828=SURFACE_SIDE_STYLE('',(#6827));
#6829=SURFACE_STYLE_USAGE(.POSITIVE.,#6828);
#6830=PRESENTATION_STYLE_ASSIGNMENT((#6829));
#6831=STYLED_ITEM('',(#6830),#6824);
#6832=CARTESIAN_POINT('',(0.E0,0.E0,0.E0));
#6833=DIRECTION('',(0.E0,0.E0,1.E0));
#6834=DIRECTION('',(1.E0,0.E0,0.E0));
#6835=AXIS2_PLACEMENT_3D('',#6832,#6833,#6834);
#6836=PLANE('',#6835);
#6838=ORIENTED_EDGE('',*,*,#6837,.T.);
#6840=ORIENTED_EDGE('',*,*,#6839,.T.);
#6842=ORIENTED_EDGE('',*,*,#6841,.T.);
#6844=ORIENTED_EDGE('',*,*,#6843,.T.);
#6846=ORIENTED_EDGE('',*,*,#6845,.T.);
#6848=ORIENTED_EDGE('',*,*,#6847,.T.);
#6850=ORIENTED_EDGE('',*,*,#6849,.T.);
#6852=ORIENTED_EDGE('',*,*,#6851,.T.);
#6854=ORIENTED_EDGE('',*,*,#6853,.T.);
#6856=ORIENTED_EDGE('',*,*,#6855,.T.);
#6858=ORIENTED_EDGE('',*,*,#6857,.T.);
#6860=ORIENTED_EDGE('',*,*,#6859,.T.);
#6861=EDGE_LOOP('',(#6838,#6840,#6842,#6844,#6846,#6848,#6850,#6852,#6854,#6856,
#6858,#6860));
#6862=FACE_OUTER_BOUND('',#6861,.F.);
#6863=ADVANCED_FACE('',(#6862),#6836,.F.);
#6864=FILL_AREA_STYLE_COLOUR('',#5);
#6865=FILL_AREA_STYLE('',(#6864));
#6866=SURFACE_STYLE_FILL_AREA(#6865);
#6867=SURFACE_SIDE_STYLE('',(#6866));
#6868=SURFACE_STYLE_USAGE(.POSITIVE.,#6867);
#6869=PRESENTATION_STYLE_ASSIGNMENT((#6868));
#6870=STYLED_ITEM('',(#6869),#6863);
#6871=CARTESIAN_POINT('',(0.E0,0.E0,0.E0));
#6872=DIRECTION('',(0.E0,0.E0,1.E0));
#6873=DIRECTION('',(1.E0,0.E0,0.E0));
#6874=AXIS2_PLACEMENT_3D('',#6871,#6872,#6873);
#6875=PLANE('',#6874);
#6877=ORIENTED_EDGE('',*,*,#6876,.T.);
#6879=ORIENTED_EDGE('',*,*,#6878,.T.);
#6881=ORIENTED_EDGE('',*,*,#6880,.T.);
#6882=EDGE_LOOP('',(#6877,#6879,#6881));
#6883=FACE_OUTER_BOUND('',#6882,.F.);
#6884=ADVANCED_FACE('',(#6883),#6875,.F.);
#6885=FILL_AREA_STYLE_COLOUR('',#5);
#6886=FILL_AREA_STYLE('',(#6885));
#6887=SURFACE_STYLE_FILL_AREA(#6886);
#6888=SURFACE_SIDE_STYLE('',(#6887));
#6889=SURFACE_STYLE_USAGE(.POSITIVE.,#6888);
#6890=PRESENTATION_STYLE_ASSIGNMENT((#6889));
#6891=STYLED_ITEM('',(#6890),#6884);
#6892=CARTESIAN_POINT('',(-5.E0,1.25E0,0.E0));
#6893=DIRECTION('',(-1.E0,0.E0,0.E0));
#6894=DIRECTION('',(0.E0,-1.E0,0.E0));
#6895=AXIS2_PLACEMENT_3D('',#6892,#6893,#6894);
#6896=PLANE('',#6895);
#6898=ORIENTED_EDGE('',*,*,#6897,.T.);
#6900=ORIENTED_EDGE('',*,*,#6899,.T.);
#6901=ORIENTED_EDGE('',*,*,#6578,.F.);
#6903=ORIENTED_EDGE('',*,*,#6902,.F.);
#6904=EDGE_LOOP('',(#6898,#6900,#6901,#6903));
#6905=FACE_OUTER_BOUND('',#6904,.F.);
#6906=ADVANCED_FACE('',(#6905),#6896,.T.);
#6907=FILL_AREA_STYLE_COLOUR('',#5);
#6908=FILL_AREA_STYLE('',(#6907));
#6909=SURFACE_STYLE_FILL_AREA(#6908);
#6910=SURFACE_SIDE_STYLE('',(#6909));
#6911=SURFACE_STYLE_USAGE(.POSITIVE.,#6910);
#6912=PRESENTATION_STYLE_ASSIGNMENT((#6911));
#6913=STYLED_ITEM('',(#6912),#6906);
#6914=CARTESIAN_POINT('',(0.E0,0.E0,4.5E0));
#6915=DIRECTION('',(0.E0,0.E0,1.E0));
#6916=DIRECTION('',(1.E0,0.E0,0.E0));
#6917=AXIS2_PLACEMENT_3D('',#6914,#6915,#6916);
#6918=PLANE('',#6917);
#6920=ORIENTED_EDGE('',*,*,#6919,.T.);
#6921=ORIENTED_EDGE('',*,*,#6897,.F.);
#6923=ORIENTED_EDGE('',*,*,#6922,.T.);
#6925=ORIENTED_EDGE('',*,*,#6924,.F.);
#6926=EDGE_LOOP('',(#6920,#6921,#6923,#6925));
#6927=FACE_OUTER_BOUND('',#6926,.F.);
#6929=ORIENTED_EDGE('',*,*,#6928,.T.);
#6931=ORIENTED_EDGE('',*,*,#6930,.T.);
#6932=EDGE_LOOP('',(#6929,#6931));
#6933=FACE_BOUND('',#6932,.F.);
#6935=ORIENTED_EDGE('',*,*,#6934,.F.);
#6937=ORIENTED_EDGE('',*,*,#6936,.F.);
#6939=ORIENTED_EDGE('',*,*,#6938,.F.);
#6941=ORIENTED_EDGE('',*,*,#6940,.F.);
#6942=EDGE_LOOP('',(#6935,#6937,#6939,#6941));
#6943=FACE_BOUND('',#6942,.F.);
#6944=ADVANCED_FACE('',(#6927,#6933,#6943),#6918,.T.);
#6945=FILL_AREA_STYLE_COLOUR('',#5);
#6946=FILL_AREA_STYLE('',(#6945));
#6947=SURFACE_STYLE_FILL_AREA(#6946);
#6948=SURFACE_SIDE_STYLE('',(#6947));
#6949=SURFACE_STYLE_USAGE(.POSITIVE.,#6948);
#6950=PRESENTATION_STYLE_ASSIGNMENT((#6949));
#6951=STYLED_ITEM('',(#6950),#6944);
#6952=CARTESIAN_POINT('',(3.2E0,1.05E0,4.5E0));
#6953=DIRECTION('',(-1.E0,0.E0,0.E0));
#6954=DIRECTION('',(0.E0,-1.E0,0.E0));
#6955=AXIS2_PLACEMENT_3D('',#6952,#6953,#6954);
#6956=PLANE('',#6955);
#6957=ORIENTED_EDGE('',*,*,#6934,.T.);
#6959=ORIENTED_EDGE('',*,*,#6958,.T.);
#6961=ORIENTED_EDGE('',*,*,#6960,.F.);
#6963=ORIENTED_EDGE('',*,*,#6962,.F.);
#6964=EDGE_LOOP('',(#6957,#6959,#6961,#6963));
#6965=FACE_OUTER_BOUND('',#6964,.F.);
#6966=ADVANCED_FACE('',(#6965),#6956,.F.);
#6967=FILL_AREA_STYLE_COLOUR('',#19);
#6968=FILL_AREA_STYLE('',(#6967));
#6969=SURFACE_STYLE_FILL_AREA(#6968);
#6970=SURFACE_SIDE_STYLE('',(#6969));
#6971=SURFACE_STYLE_USAGE(.POSITIVE.,#6970);
#6972=PRESENTATION_STYLE_ASSIGNMENT((#6971));
#6973=STYLED_ITEM('',(#6972),#6966);
#6974=CARTESIAN_POINT('',(3.2E0,-1.05E0,4.5E0));
#6975=DIRECTION('',(0.E0,1.E0,0.E0));
#6976=DIRECTION('',(-1.E0,0.E0,0.E0));
#6977=AXIS2_PLACEMENT_3D('',#6974,#6975,#6976);
#6978=PLANE('',#6977);
#6979=ORIENTED_EDGE('',*,*,#6940,.T.);
#6981=ORIENTED_EDGE('',*,*,#6980,.T.);
#6983=ORIENTED_EDGE('',*,*,#6982,.F.);
#6984=ORIENTED_EDGE('',*,*,#6958,.F.);
#6985=EDGE_LOOP('',(#6979,#6981,#6983,#6984));
#6986=FACE_OUTER_BOUND('',#6985,.F.);
#6987=ADVANCED_FACE('',(#6986),#6978,.F.);
#6988=FILL_AREA_STYLE_COLOUR('',#19);
#6989=FILL_AREA_STYLE('',(#6988));
#6990=SURFACE_STYLE_FILL_AREA(#6989);
#6991=SURFACE_SIDE_STYLE('',(#6990));
#6992=SURFACE_STYLE_USAGE(.POSITIVE.,#6991);
#6993=PRESENTATION_STYLE_ASSIGNMENT((#6992));
#6994=STYLED_ITEM('',(#6993),#6987);
#6995=CARTESIAN_POINT('',(-4.8E0,-1.05E0,4.5E0));
#6996=DIRECTION('',(1.E0,0.E0,0.E0));
#6997=DIRECTION('',(0.E0,1.E0,0.E0));
#6998=AXIS2_PLACEMENT_3D('',#6995,#6996,#6997);
#6999=PLANE('',#6998);
#7000=ORIENTED_EDGE('',*,*,#6938,.T.);
#7002=ORIENTED_EDGE('',*,*,#7001,.T.);
#7004=ORIENTED_EDGE('',*,*,#7003,.F.);
#7005=ORIENTED_EDGE('',*,*,#6980,.F.);
#7006=EDGE_LOOP('',(#7000,#7002,#7004,#7005));
#7007=FACE_OUTER_BOUND('',#7006,.F.);
#7008=ADVANCED_FACE('',(#7007),#6999,.F.);
#7009=FILL_AREA_STYLE_COLOUR('',#19);
#7010=FILL_AREA_STYLE('',(#7009));
#7011=SURFACE_STYLE_FILL_AREA(#7010);
#7012=SURFACE_SIDE_STYLE('',(#7011));
#7013=SURFACE_STYLE_USAGE(.POSITIVE.,#7012);
#7014=PRESENTATION_STYLE_ASSIGNMENT((#7013));
#7015=STYLED_ITEM('',(#7014),#7008);
#7016=CARTESIAN_POINT('',(-4.8E0,1.05E0,4.5E0));
#7017=DIRECTION('',(0.E0,-1.E0,0.E0));
#7018=DIRECTION('',(1.E0,0.E0,0.E0));
#7019=AXIS2_PLACEMENT_3D('',#7016,#7017,#7018);
#7020=PLANE('',#7019);
#7021=ORIENTED_EDGE('',*,*,#6936,.T.);
#7022=ORIENTED_EDGE('',*,*,#6962,.T.);
#7024=ORIENTED_EDGE('',*,*,#7023,.F.);
#7025=ORIENTED_EDGE('',*,*,#7001,.F.);
#7026=EDGE_LOOP('',(#7021,#7022,#7024,#7025));
#7027=FACE_OUTER_BOUND('',#7026,.F.);
#7028=ADVANCED_FACE('',(#7027),#7020,.F.);
#7029=FILL_AREA_STYLE_COLOUR('',#19);
#7030=FILL_AREA_STYLE('',(#7029));
#7031=SURFACE_STYLE_FILL_AREA(#7030);
#7032=SURFACE_SIDE_STYLE('',(#7031));
#7033=SURFACE_STYLE_USAGE(.POSITIVE.,#7032);
#7034=PRESENTATION_STYLE_ASSIGNMENT((#7033));
#7035=STYLED_ITEM('',(#7034),#7028);
#7036=CARTESIAN_POINT('',(0.E0,0.E0,4.55E0));
#7037=DIRECTION('',(0.E0,0.E0,1.E0));
#7038=DIRECTION('',(1.E0,0.E0,0.E0));
#7039=AXIS2_PLACEMENT_3D('',#7036,#7037,#7038);
#7040=PLANE('',#7039);
#7042=ORIENTED_EDGE('',*,*,#7041,.T.);
#7044=ORIENTED_EDGE('',*,*,#7043,.T.);
#7046=ORIENTED_EDGE('',*,*,#7045,.F.);
#7048=ORIENTED_EDGE('',*,*,#7047,.F.);
#7049=EDGE_LOOP('',(#7042,#7044,#7046,#7048));
#7050=FACE_OUTER_BOUND('',#7049,.F.);
#7051=ORIENTED_EDGE('',*,*,#6960,.T.);
#7052=ORIENTED_EDGE('',*,*,#6982,.T.);
#7053=ORIENTED_EDGE('',*,*,#7003,.T.);
#7054=ORIENTED_EDGE('',*,*,#7023,.T.);
#7055=EDGE_LOOP('',(#7051,#7052,#7053,#7054));
#7056=FACE_BOUND('',#7055,.F.);
#7057=ADVANCED_FACE('',(#7050,#7056),#7040,.F.);
#7058=FILL_AREA_STYLE_COLOUR('',#19);
#7059=FILL_AREA_STYLE('',(#7058));
#7060=SURFACE_STYLE_FILL_AREA(#7059);
#7061=SURFACE_SIDE_STYLE('',(#7060));
#7062=SURFACE_STYLE_USAGE(.POSITIVE.,#7061);
#7063=PRESENTATION_STYLE_ASSIGNMENT((#7062));
#7064=STYLED_ITEM('',(#7063),#7057);
#7065=CARTESIAN_POINT('',(-5.E0,1.25E0,0.E0));
#7066=DIRECTION('',(-1.E0,0.E0,0.E0));
#7067=DIRECTION('',(0.E0,-1.E0,0.E0));
#7068=AXIS2_PLACEMENT_3D('',#7065,#7066,#7067);
#7069=PLANE('',#7068);
#7070=ORIENTED_EDGE('',*,*,#7041,.F.);
#7072=ORIENTED_EDGE('',*,*,#7071,.F.);
#7074=ORIENTED_EDGE('',*,*,#7073,.F.);
#7076=ORIENTED_EDGE('',*,*,#7075,.T.);
#7077=EDGE_LOOP('',(#7070,#7072,#7074,#7076));
#7078=FACE_OUTER_BOUND('',#7077,.F.);
#7079=ADVANCED_FACE('',(#7078),#7069,.T.);
#7080=FILL_AREA_STYLE_COLOUR('',#19);
#7081=FILL_AREA_STYLE('',(#7080));
#7082=SURFACE_STYLE_FILL_AREA(#7081);
#7083=SURFACE_SIDE_STYLE('',(#7082));
#7084=SURFACE_STYLE_USAGE(.POSITIVE.,#7083);
#7085=PRESENTATION_STYLE_ASSIGNMENT((#7084));
#7086=STYLED_ITEM('',(#7085),#7079);
#7087=CARTESIAN_POINT('',(5.E0,1.25E0,0.E0));
#7088=DIRECTION('',(0.E0,1.E0,0.E0));
#7089=DIRECTION('',(-1.E0,0.E0,0.E0));
#7090=AXIS2_PLACEMENT_3D('',#7087,#7088,#7089);
#7091=PLANE('',#7090);
#7092=ORIENTED_EDGE('',*,*,#7047,.T.);
#7094=ORIENTED_EDGE('',*,*,#7093,.T.);
#7096=ORIENTED_EDGE('',*,*,#7095,.T.);
#7098=ORIENTED_EDGE('',*,*,#7097,.F.);
#7100=ORIENTED_EDGE('',*,*,#7099,.T.);
#7102=ORIENTED_EDGE('',*,*,#7101,.T.);
#7104=ORIENTED_EDGE('',*,*,#7103,.T.);
#7105=ORIENTED_EDGE('',*,*,#7071,.T.);
#7106=EDGE_LOOP('',(#7092,#7094,#7096,#7098,#7100,#7102,#7104,#7105));
#7107=FACE_OUTER_BOUND('',#7106,.F.);
#7108=ADVANCED_FACE('',(#7107),#7091,.T.);
#7109=FILL_AREA_STYLE_COLOUR('',#19);
#7110=FILL_AREA_STYLE('',(#7109));
#7111=SURFACE_STYLE_FILL_AREA(#7110);
#7112=SURFACE_SIDE_STYLE('',(#7111));
#7113=SURFACE_STYLE_USAGE(.POSITIVE.,#7112);
#7114=PRESENTATION_STYLE_ASSIGNMENT((#7113));
#7115=STYLED_ITEM('',(#7114),#7108);
#7116=CARTESIAN_POINT('',(3.4E0,-1.25E0,4.5E0));
#7117=DIRECTION('',(1.E0,0.E0,0.E0));
#7118=DIRECTION('',(0.E0,0.E0,1.E0));
#7119=AXIS2_PLACEMENT_3D('',#7116,#7117,#7118);
#7120=PLANE('',#7119);
#7121=ORIENTED_EDGE('',*,*,#7045,.T.);
#7123=ORIENTED_EDGE('',*,*,#7122,.T.);
#7125=ORIENTED_EDGE('',*,*,#7124,.T.);
#7126=ORIENTED_EDGE('',*,*,#7093,.F.);
#7127=EDGE_LOOP('',(#7121,#7123,#7125,#7126));
#7128=FACE_OUTER_BOUND('',#7127,.F.);
#7129=ADVANCED_FACE('',(#7128),#7120,.T.);
#7130=FILL_AREA_STYLE_COLOUR('',#19);
#7131=FILL_AREA_STYLE('',(#7130));
#7132=SURFACE_STYLE_FILL_AREA(#7131);
#7133=SURFACE_SIDE_STYLE('',(#7132));
#7134=SURFACE_STYLE_USAGE(.POSITIVE.,#7133);
#7135=PRESENTATION_STYLE_ASSIGNMENT((#7134));
#7136=STYLED_ITEM('',(#7135),#7129);
#7137=CARTESIAN_POINT('',(-5.E0,-1.25E0,0.E0));
#7138=DIRECTION('',(0.E0,-1.E0,0.E0));
#7139=DIRECTION('',(1.E0,0.E0,0.E0));
#7140=AXIS2_PLACEMENT_3D('',#7137,#7138,#7139);
#7141=PLANE('',#7140);
#7142=ORIENTED_EDGE('',*,*,#7043,.F.);
#7143=ORIENTED_EDGE('',*,*,#7075,.F.);
#7145=ORIENTED_EDGE('',*,*,#7144,.F.);
#7147=ORIENTED_EDGE('',*,*,#7146,.F.);
#7149=ORIENTED_EDGE('',*,*,#7148,.F.);
#7151=ORIENTED_EDGE('',*,*,#7150,.T.);
#7153=ORIENTED_EDGE('',*,*,#7152,.F.);
#7154=ORIENTED_EDGE('',*,*,#7122,.F.);
#7155=EDGE_LOOP('',(#7142,#7143,#7145,#7147,#7149,#7151,#7153,#7154));
#7156=FACE_OUTER_BOUND('',#7155,.F.);
#7157=ADVANCED_FACE('',(#7156),#7141,.T.);
#7158=FILL_AREA_STYLE_COLOUR('',#19);
#7159=FILL_AREA_STYLE('',(#7158));
#7160=SURFACE_STYLE_FILL_AREA(#7159);
#7161=SURFACE_SIDE_STYLE('',(#7160));
#7162=SURFACE_STYLE_USAGE(.POSITIVE.,#7161);
#7163=PRESENTATION_STYLE_ASSIGNMENT((#7162));
#7164=STYLED_ITEM('',(#7163),#7157);
#7165=CARTESIAN_POINT('',(-1.8E0,-1.25E0,5.4E0));
#7166=DIRECTION('',(-1.543768802736E-1,0.E0,9.880120337511E-1));
#7167=DIRECTION('',(-9.880120337511E-1,0.E0,-1.543768802736E-1));
#7168=AXIS2_PLACEMENT_3D('',#7165,#7166,#7167);
#7169=PLANE('',#7168);
#7170=ORIENTED_EDGE('',*,*,#7103,.F.);
#7172=ORIENTED_EDGE('',*,*,#7171,.F.);
#7174=ORIENTED_EDGE('',*,*,#7173,.F.);
#7175=ORIENTED_EDGE('',*,*,#7144,.T.);
#7176=ORIENTED_EDGE('',*,*,#7073,.T.);
#7177=EDGE_LOOP('',(#7170,#7172,#7174,#7175,#7176));
#7178=FACE_OUTER_BOUND('',#7177,.F.);
#7179=ADVANCED_FACE('',(#7178),#7169,.T.);
#7180=FILL_AREA_STYLE_COLOUR('',#19);
#7181=FILL_AREA_STYLE('',(#7180));
#7182=SURFACE_STYLE_FILL_AREA(#7181);
#7183=SURFACE_SIDE_STYLE('',(#7182));
#7184=SURFACE_STYLE_USAGE(.POSITIVE.,#7183);
#7185=PRESENTATION_STYLE_ASSIGNMENT((#7184));
#7186=STYLED_ITEM('',(#7185),#7179);
#7187=CARTESIAN_POINT('',(-1.5E0,0.E0,5.9E0));
#7188=DIRECTION('',(9.723873019805E-1,2.333729524753E-1,0.E0));
#7189=DIRECTION('',(-2.333729524753E-1,9.723873019805E-1,0.E0));
#7190=AXIS2_PLACEMENT_3D('',#7187,#7188,#7189);
#7191=PLANE('',#7190);
#7192=ORIENTED_EDGE('',*,*,#7101,.F.);
#7194=ORIENTED_EDGE('',*,*,#7193,.F.);
#7196=ORIENTED_EDGE('',*,*,#7195,.T.);
#7197=ORIENTED_EDGE('',*,*,#7171,.T.);
#7198=EDGE_LOOP('',(#7192,#7194,#7196,#7197));
#7199=FACE_OUTER_BOUND('',#7198,.F.);
#7200=ADVANCED_FACE('',(#7199),#7191,.F.);
#7201=FILL_AREA_STYLE_COLOUR('',#19);
#7202=FILL_AREA_STYLE('',(#7201));
#7203=SURFACE_STYLE_FILL_AREA(#7202);
#7204=SURFACE_SIDE_STYLE('',(#7203));
#7205=SURFACE_STYLE_USAGE(.POSITIVE.,#7204);
#7206=PRESENTATION_STYLE_ASSIGNMENT((#7205));
#7207=STYLED_ITEM('',(#7206),#7200);
#7208=CARTESIAN_POINT('',(2.E-1,-1.25E0,5.9E0));
#7209=DIRECTION('',(0.E0,0.E0,1.E0));
#7210=DIRECTION('',(-1.E0,0.E0,0.E0));
#7211=AXIS2_PLACEMENT_3D('',#7208,#7209,#7210);
#7212=PLANE('',#7211);
#7214=ORIENTED_EDGE('',*,*,#7213,.T.);
#7216=ORIENTED_EDGE('',*,*,#7215,.T.);
#7217=ORIENTED_EDGE('',*,*,#7148,.T.);
#7219=ORIENTED_EDGE('',*,*,#7218,.T.);
#7220=ORIENTED_EDGE('',*,*,#7193,.T.);
#7221=ORIENTED_EDGE('',*,*,#7099,.F.);
#7222=EDGE_LOOP('',(#7214,#7216,#7217,#7219,#7220,#7221));
#7223=FACE_OUTER_BOUND('',#7222,.F.);
#7224=ADVANCED_FACE('',(#7223),#7212,.T.);
#7225=FILL_AREA_STYLE_COLOUR('',#19);
#7226=FILL_AREA_STYLE('',(#7225));
#7227=SURFACE_STYLE_FILL_AREA(#7226);
#7228=SURFACE_SIDE_STYLE('',(#7227));
#7229=SURFACE_STYLE_USAGE(.POSITIVE.,#7228);
#7230=PRESENTATION_STYLE_ASSIGNMENT((#7229));
#7231=STYLED_ITEM('',(#7230),#7224);
#7232=CARTESIAN_POINT('',(2.E-1,1.25E0,5.9E0));
#7233=DIRECTION('',(-9.723873019805E-1,2.333729524753E-1,0.E0));
#7234=DIRECTION('',(-2.333729524753E-1,-9.723873019805E-1,0.E0));
#7235=AXIS2_PLACEMENT_3D('',#7232,#7233,#7234);
#7236=PLANE('',#7235);
#7237=ORIENTED_EDGE('',*,*,#7097,.T.);
#7239=ORIENTED_EDGE('',*,*,#7238,.T.);
#7241=ORIENTED_EDGE('',*,*,#7240,.F.);
#7242=ORIENTED_EDGE('',*,*,#7213,.F.);
#7243=EDGE_LOOP('',(#7237,#7239,#7241,#7242));
#7244=FACE_OUTER_BOUND('',#7243,.F.);
#7245=ADVANCED_FACE('',(#7244),#7236,.F.);
#7246=FILL_AREA_STYLE_COLOUR('',#19);
#7247=FILL_AREA_STYLE('',(#7246));
#7248=SURFACE_STYLE_FILL_AREA(#7247);
#7249=SURFACE_SIDE_STYLE('',(#7248));
#7250=SURFACE_STYLE_USAGE(.POSITIVE.,#7249);
#7251=PRESENTATION_STYLE_ASSIGNMENT((#7250));
#7252=STYLED_ITEM('',(#7251),#7245);
#7253=CARTESIAN_POINT('',(3.4E0,-1.25E0,4.9E0));
#7254=DIRECTION('',(1.543768802736E-1,0.E0,9.880120337511E-1));
#7255=DIRECTION('',(-9.880120337511E-1,0.E0,1.543768802736E-1));
#7256=AXIS2_PLACEMENT_3D('',#7253,#7254,#7255);
#7257=PLANE('',#7256);
#7258=ORIENTED_EDGE('',*,*,#7152,.T.);
#7260=ORIENTED_EDGE('',*,*,#7259,.F.);
#7261=ORIENTED_EDGE('',*,*,#7238,.F.);
#7262=ORIENTED_EDGE('',*,*,#7095,.F.);
#7263=ORIENTED_EDGE('',*,*,#7124,.F.);
#7264=EDGE_LOOP('',(#7258,#7260,#7261,#7262,#7263));
#7265=FACE_OUTER_BOUND('',#7264,.F.);
#7266=ADVANCED_FACE('',(#7265),#7257,.T.);
#7267=FILL_AREA_STYLE_COLOUR('',#19);
#7268=FILL_AREA_STYLE('',(#7267));
#7269=SURFACE_STYLE_FILL_AREA(#7268);
#7270=SURFACE_SIDE_STYLE('',(#7269));
#7271=SURFACE_STYLE_USAGE(.POSITIVE.,#7270);
#7272=PRESENTATION_STYLE_ASSIGNMENT((#7271));
#7273=STYLED_ITEM('',(#7272),#7266);
#7274=CARTESIAN_POINT('',(-1.E-1,0.E0,5.9E0));
#7275=DIRECTION('',(-9.723873019805E-1,-2.333729524753E-1,0.E0));
#7276=DIRECTION('',(2.333729524753E-1,-9.723873019805E-1,0.E0));
#7277=AXIS2_PLACEMENT_3D('',#7274,#7275,#7276);
#7278=PLANE('',#7277);
#7279=ORIENTED_EDGE('',*,*,#7150,.F.);
#7280=ORIENTED_EDGE('',*,*,#7215,.F.);
#7281=ORIENTED_EDGE('',*,*,#7240,.T.);
#7282=ORIENTED_EDGE('',*,*,#7259,.T.);
#7283=EDGE_LOOP('',(#7279,#7280,#7281,#7282));
#7284=FACE_OUTER_BOUND('',#7283,.F.);
#7285=ADVANCED_FACE('',(#7284),#7278,.F.);
#7286=FILL_AREA_STYLE_COLOUR('',#19);
#7287=FILL_AREA_STYLE('',(#7286));
#7288=SURFACE_STYLE_FILL_AREA(#7287);
#7289=SURFACE_SIDE_STYLE('',(#7288));
#7290=SURFACE_STYLE_USAGE(.POSITIVE.,#7289);
#7291=PRESENTATION_STYLE_ASSIGNMENT((#7290));
#7292=STYLED_ITEM('',(#7291),#7285);
#7293=CARTESIAN_POINT('',(-1.8E0,-1.25E0,5.9E0));
#7294=DIRECTION('',(9.723873019805E-1,-2.333729524753E-1,0.E0));
#7295=DIRECTION('',(2.333729524753E-1,9.723873019805E-1,0.E0));
#7296=AXIS2_PLACEMENT_3D('',#7293,#7294,#7295);
#7297=PLANE('',#7296);
#7298=ORIENTED_EDGE('',*,*,#7146,.T.);
#7299=ORIENTED_EDGE('',*,*,#7173,.T.);
#7300=ORIENTED_EDGE('',*,*,#7195,.F.);
#7301=ORIENTED_EDGE('',*,*,#7218,.F.);
#7302=EDGE_LOOP('',(#7298,#7299,#7300,#7301));
#7303=FACE_OUTER_BOUND('',#7302,.F.);
#7304=ADVANCED_FACE('',(#7303),#7297,.F.);
#7305=FILL_AREA_STYLE_COLOUR('',#19);
#7306=FILL_AREA_STYLE('',(#7305));
#7307=SURFACE_STYLE_FILL_AREA(#7306);
#7308=SURFACE_SIDE_STYLE('',(#7307));
#7309=SURFACE_STYLE_USAGE(.POSITIVE.,#7308);
#7310=PRESENTATION_STYLE_ASSIGNMENT((#7309));
#7311=STYLED_ITEM('',(#7310),#7304);
#7312=CARTESIAN_POINT('',(4.3294E0,0.E0,4.5E0));
#7313=DIRECTION('',(0.E0,0.E0,1.E0));
#7314=DIRECTION('',(1.E0,0.E0,0.E0));
#7315=AXIS2_PLACEMENT_3D('',#7312,#7313,#7314);
#7316=CYLINDRICAL_SURFACE('',#7315,5.E-1);
#7317=ORIENTED_EDGE('',*,*,#6928,.F.);
#7319=ORIENTED_EDGE('',*,*,#7318,.T.);
#7321=ORIENTED_EDGE('',*,*,#7320,.T.);
#7323=ORIENTED_EDGE('',*,*,#7322,.F.);
#7324=EDGE_LOOP('',(#7317,#7319,#7321,#7323));
#7325=FACE_OUTER_BOUND('',#7324,.F.);
#7326=ADVANCED_FACE('',(#7325),#7316,.F.);
#7327=FILL_AREA_STYLE_COLOUR('',#5);
#7328=FILL_AREA_STYLE('',(#7327));
#7329=SURFACE_STYLE_FILL_AREA(#7328);
#7330=SURFACE_SIDE_STYLE('',(#7329));
#7331=SURFACE_STYLE_USAGE(.POSITIVE.,#7330);
#7332=PRESENTATION_STYLE_ASSIGNMENT((#7331));
#7333=STYLED_ITEM('',(#7332),#7326);
#7334=CARTESIAN_POINT('',(4.3294E0,0.E0,4.5E0));
#7335=DIRECTION('',(0.E0,0.E0,1.E0));
#7336=DIRECTION('',(1.E0,0.E0,0.E0));
#7337=AXIS2_PLACEMENT_3D('',#7334,#7335,#7336);
#7338=CYLINDRICAL_SURFACE('',#7337,5.E-1);
#7339=ORIENTED_EDGE('',*,*,#6930,.F.);
#7340=ORIENTED_EDGE('',*,*,#7322,.T.);
#7342=ORIENTED_EDGE('',*,*,#7341,.T.);
#7343=ORIENTED_EDGE('',*,*,#7318,.F.);
#7344=EDGE_LOOP('',(#7339,#7340,#7342,#7343));
#7345=FACE_OUTER_BOUND('',#7344,.F.);
#7346=ADVANCED_FACE('',(#7345),#7338,.F.);
#7347=FILL_AREA_STYLE_COLOUR('',#5);
#7348=FILL_AREA_STYLE('',(#7347));
#7349=SURFACE_STYLE_FILL_AREA(#7348);
#7350=SURFACE_SIDE_STYLE('',(#7349));
#7351=SURFACE_STYLE_USAGE(.POSITIVE.,#7350);
#7352=PRESENTATION_STYLE_ASSIGNMENT((#7351));
#7353=STYLED_ITEM('',(#7352),#7346);
#7354=CARTESIAN_POINT('',(0.E0,0.E0,3.5E0));
#7355=DIRECTION('',(0.E0,0.E0,1.E0));
#7356=DIRECTION('',(1.E0,0.E0,0.E0));
#7357=AXIS2_PLACEMENT_3D('',#7354,#7355,#7356);
#7358=PLANE('',#7357);
#7359=ORIENTED_EDGE('',*,*,#7320,.F.);
#7360=ORIENTED_EDGE('',*,*,#7341,.F.);
#7361=EDGE_LOOP('',(#7359,#7360));
#7362=FACE_OUTER_BOUND('',#7361,.F.);
#7363=ADVANCED_FACE('',(#7362),#7358,.T.);
#7364=FILL_AREA_STYLE_COLOUR('',#5);
#7365=FILL_AREA_STYLE('',(#7364));
#7366=SURFACE_STYLE_FILL_AREA(#7365);
#7367=SURFACE_SIDE_STYLE('',(#7366));
#7368=SURFACE_STYLE_USAGE(.POSITIVE.,#7367);
#7369=PRESENTATION_STYLE_ASSIGNMENT((#7368));
#7370=STYLED_ITEM('',(#7369),#7363);
#7371=CARTESIAN_POINT('',(-5.E0,-1.25E0,0.E0));
#7372=DIRECTION('',(0.E0,-1.E0,0.E0));
#7373=DIRECTION('',(1.E0,0.E0,0.E0));
#7374=AXIS2_PLACEMENT_3D('',#7371,#7372,#7373);
#7375=PLANE('',#7374);
#7376=ORIENTED_EDGE('',*,*,#6919,.F.);
#7378=ORIENTED_EDGE('',*,*,#7377,.F.);
#7379=ORIENTED_EDGE('',*,*,#6580,.F.);
#7380=ORIENTED_EDGE('',*,*,#6899,.F.);
#7381=EDGE_LOOP('',(#7376,#7378,#7379,#7380));
#7382=FACE_OUTER_BOUND('',#7381,.F.);
#7384=ORIENTED_EDGE('',*,*,#7383,.T.);
#7386=ORIENTED_EDGE('',*,*,#7385,.T.);
#7388=ORIENTED_EDGE('',*,*,#7387,.T.);
#7390=ORIENTED_EDGE('',*,*,#7389,.T.);
#7392=ORIENTED_EDGE('',*,*,#7391,.T.);
#7394=ORIENTED_EDGE('',*,*,#7393,.T.);
#7396=ORIENTED_EDGE('',*,*,#7395,.T.);
#7398=ORIENTED_EDGE('',*,*,#7397,.T.);
#7399=EDGE_LOOP('',(#7384,#7386,#7388,#7390,#7392,#7394,#7396,#7398));
#7400=FACE_BOUND('',#7399,.F.);
#7402=ORIENTED_EDGE('',*,*,#7401,.T.);
#7404=ORIENTED_EDGE('',*,*,#7403,.T.);
#7406=ORIENTED_EDGE('',*,*,#7405,.T.);
#7408=ORIENTED_EDGE('',*,*,#7407,.T.);
#7409=EDGE_LOOP('',(#7402,#7404,#7406,#7408));
#7410=FACE_BOUND('',#7409,.F.);
#7411=ADVANCED_FACE('',(#7382,#7400,#7410),#7375,.T.);
#7412=FILL_AREA_STYLE_COLOUR('',#5);
#7413=FILL_AREA_STYLE('',(#7412));
#7414=SURFACE_STYLE_FILL_AREA(#7413);
#7415=SURFACE_SIDE_STYLE('',(#7414));
#7416=SURFACE_STYLE_USAGE(.POSITIVE.,#7415);
#7417=PRESENTATION_STYLE_ASSIGNMENT((#7416));
#7418=STYLED_ITEM('',(#7417),#7411);
#7419=CARTESIAN_POINT('',(5.E0,-1.25E0,0.E0));
#7420=DIRECTION('',(1.E0,0.E0,0.E0));
#7421=DIRECTION('',(0.E0,1.E0,0.E0));
#7422=AXIS2_PLACEMENT_3D('',#7419,#7420,#7421);
#7423=PLANE('',#7422);
#7424=ORIENTED_EDGE('',*,*,#6582,.F.);
#7425=ORIENTED_EDGE('',*,*,#7377,.T.);
#7426=ORIENTED_EDGE('',*,*,#6924,.T.);
#7428=ORIENTED_EDGE('',*,*,#7427,.F.);
#7429=EDGE_LOOP('',(#7424,#7425,#7426,#7428));
#7430=FACE_OUTER_BOUND('',#7429,.F.);
#7431=ADVANCED_FACE('',(#7430),#7423,.T.);
#7432=FILL_AREA_STYLE_COLOUR('',#5);
#7433=FILL_AREA_STYLE('',(#7432));
#7434=SURFACE_STYLE_FILL_AREA(#7433);
#7435=SURFACE_SIDE_STYLE('',(#7434));
#7436=SURFACE_STYLE_USAGE(.POSITIVE.,#7435);
#7437=PRESENTATION_STYLE_ASSIGNMENT((#7436));
#7438=STYLED_ITEM('',(#7437),#7431);
#7439=CARTESIAN_POINT('',(5.E0,1.25E0,0.E0));
#7440=DIRECTION('',(0.E0,1.E0,0.E0));
#7441=DIRECTION('',(-1.E0,0.E0,0.E0));
#7442=AXIS2_PLACEMENT_3D('',#7439,#7440,#7441);
#7443=PLANE('',#7442);
#7444=ORIENTED_EDGE('',*,*,#6922,.F.);
#7445=ORIENTED_EDGE('',*,*,#6902,.T.);
#7446=ORIENTED_EDGE('',*,*,#6584,.F.);
#7447=ORIENTED_EDGE('',*,*,#7427,.T.);
#7448=EDGE_LOOP('',(#7444,#7445,#7446,#7447));
#7449=FACE_OUTER_BOUND('',#7448,.F.);
#7451=ORIENTED_EDGE('',*,*,#7450,.F.);
#7453=ORIENTED_EDGE('',*,*,#7452,.F.);
#7455=ORIENTED_EDGE('',*,*,#7454,.F.);
#7457=ORIENTED_EDGE('',*,*,#7456,.F.);
#7458=EDGE_LOOP('',(#7451,#7453,#7455,#7457));
#7459=FACE_BOUND('',#7458,.F.);
#7460=ADVANCED_FACE('',(#7449,#7459),#7443,.T.);
#7461=FILL_AREA_STYLE_COLOUR('',#5);
#7462=FILL_AREA_STYLE('',(#7461));
#7463=SURFACE_STYLE_FILL_AREA(#7462);
#7464=SURFACE_SIDE_STYLE('',(#7463));
#7465=SURFACE_STYLE_USAGE(.POSITIVE.,#7464);
#7466=PRESENTATION_STYLE_ASSIGNMENT((#7465));
#7467=STYLED_ITEM('',(#7466),#7460);
#7468=CARTESIAN_POINT('',(-1.4911E0,1.25E0,2.7238E0));
#7469=DIRECTION('',(0.E0,0.E0,1.E0));
#7470=DIRECTION('',(1.E0,0.E0,0.E0));
#7471=AXIS2_PLACEMENT_3D('',#7468,#7469,#7470);
#7472=PLANE('',#7471);
#7474=ORIENTED_EDGE('',*,*,#7473,.F.);
#7475=ORIENTED_EDGE('',*,*,#7450,.T.);
#7477=ORIENTED_EDGE('',*,*,#7476,.T.);
#7479=ORIENTED_EDGE('',*,*,#7478,.F.);
#7480=EDGE_LOOP('',(#7474,#7475,#7477,#7479));
#7481=FACE_OUTER_BOUND('',#7480,.F.);
#7482=ADVANCED_FACE('',(#7481),#7472,.T.);
#7483=FILL_AREA_STYLE_COLOUR('',#5);
#7484=FILL_AREA_STYLE('',(#7483));
#7485=SURFACE_STYLE_FILL_AREA(#7484);
#7486=SURFACE_SIDE_STYLE('',(#7485));
#7487=SURFACE_STYLE_USAGE(.POSITIVE.,#7486);
#7488=PRESENTATION_STYLE_ASSIGNMENT((#7487));
#7489=STYLED_ITEM('',(#7488),#7482);
#7490=CARTESIAN_POINT('',(-1.4911E0,1.25E0,3.6238E0));
#7491=DIRECTION('',(1.E0,0.E0,0.E0));
#7492=DIRECTION('',(0.E0,0.E0,-1.E0));
#7493=AXIS2_PLACEMENT_3D('',#7490,#7491,#7492);
#7494=PLANE('',#7493);
#7495=ORIENTED_EDGE('',*,*,#7473,.T.);
#7497=ORIENTED_EDGE('',*,*,#7496,.F.);
#7499=ORIENTED_EDGE('',*,*,#7498,.F.);
#7500=ORIENTED_EDGE('',*,*,#7452,.T.);
#7501=EDGE_LOOP('',(#7495,#7497,#7499,#7500));
#7502=FACE_OUTER_BOUND('',#7501,.F.);
#7503=ADVANCED_FACE('',(#7502),#7494,.T.);
#7504=FILL_AREA_STYLE_COLOUR('',#5);
#7505=FILL_AREA_STYLE('',(#7504));
#7506=SURFACE_STYLE_FILL_AREA(#7505);
#7507=SURFACE_SIDE_STYLE('',(#7506));
#7508=SURFACE_STYLE_USAGE(.POSITIVE.,#7507);
#7509=PRESENTATION_STYLE_ASSIGNMENT((#7508));
#7510=STYLED_ITEM('',(#7509),#7503);
#7511=CARTESIAN_POINT('',(0.E0,8.5E-1,0.E0));
#7512=DIRECTION('',(0.E0,-1.E0,0.E0));
#7513=DIRECTION('',(1.E0,0.E0,0.E0));
#7514=AXIS2_PLACEMENT_3D('',#7511,#7512,#7513);
#7515=PLANE('',#7514);
#7516=ORIENTED_EDGE('',*,*,#7478,.T.);
#7518=ORIENTED_EDGE('',*,*,#7517,.T.);
#7520=ORIENTED_EDGE('',*,*,#7519,.T.);
#7521=ORIENTED_EDGE('',*,*,#7496,.T.);
#7522=EDGE_LOOP('',(#7516,#7518,#7520,#7521));
#7523=FACE_OUTER_BOUND('',#7522,.F.);
#7525=ORIENTED_EDGE('',*,*,#7524,.F.);
#7527=ORIENTED_EDGE('',*,*,#7526,.F.);
#7529=ORIENTED_EDGE('',*,*,#7528,.F.);
#7531=ORIENTED_EDGE('',*,*,#7530,.F.);
#7532=EDGE_LOOP('',(#7525,#7527,#7529,#7531));
#7533=FACE_BOUND('',#7532,.F.);
#7534=ADVANCED_FACE('',(#7523,#7533),#7515,.F.);
#7535=FILL_AREA_STYLE_COLOUR('',#19);
#7536=FILL_AREA_STYLE('',(#7535));
#7537=SURFACE_STYLE_FILL_AREA(#7536);
#7538=SURFACE_SIDE_STYLE('',(#7537));
#7539=SURFACE_STYLE_USAGE(.POSITIVE.,#7538);
#7540=PRESENTATION_STYLE_ASSIGNMENT((#7539));
#7541=STYLED_ITEM('',(#7540),#7534);
#7542=CARTESIAN_POINT('',(1.5089E0,1.25E0,2.7238E0));
#7543=DIRECTION('',(-1.E0,0.E0,0.E0));
#7544=DIRECTION('',(0.E0,0.E0,1.E0));
#7545=AXIS2_PLACEMENT_3D('',#7542,#7543,#7544);
#7546=PLANE('',#7545);
#7547=ORIENTED_EDGE('',*,*,#7476,.F.);
#7548=ORIENTED_EDGE('',*,*,#7456,.T.);
#7550=ORIENTED_EDGE('',*,*,#7549,.T.);
#7551=ORIENTED_EDGE('',*,*,#7517,.F.);
#7552=EDGE_LOOP('',(#7547,#7548,#7550,#7551));
#7553=FACE_OUTER_BOUND('',#7552,.F.);
#7554=ADVANCED_FACE('',(#7553),#7546,.T.);
#7555=FILL_AREA_STYLE_COLOUR('',#5);
#7556=FILL_AREA_STYLE('',(#7555));
#7557=SURFACE_STYLE_FILL_AREA(#7556);
#7558=SURFACE_SIDE_STYLE('',(#7557));
#7559=SURFACE_STYLE_USAGE(.POSITIVE.,#7558);
#7560=PRESENTATION_STYLE_ASSIGNMENT((#7559));
#7561=STYLED_ITEM('',(#7560),#7554);
#7562=CARTESIAN_POINT('',(1.5089E0,1.25E0,3.6238E0));
#7563=DIRECTION('',(0.E0,0.E0,-1.E0));
#7564=DIRECTION('',(-1.E0,0.E0,0.E0));
#7565=AXIS2_PLACEMENT_3D('',#7562,#7563,#7564);
#7566=PLANE('',#7565);
#7567=ORIENTED_EDGE('',*,*,#7549,.F.);
#7568=ORIENTED_EDGE('',*,*,#7454,.T.);
#7569=ORIENTED_EDGE('',*,*,#7498,.T.);
#7570=ORIENTED_EDGE('',*,*,#7519,.F.);
#7571=EDGE_LOOP('',(#7567,#7568,#7569,#7570));
#7572=FACE_OUTER_BOUND('',#7571,.F.);
#7573=ADVANCED_FACE('',(#7572),#7566,.T.);
#7574=FILL_AREA_STYLE_COLOUR('',#5);
#7575=FILL_AREA_STYLE('',(#7574));
#7576=SURFACE_STYLE_FILL_AREA(#7575);
#7577=SURFACE_SIDE_STYLE('',(#7576));
#7578=SURFACE_STYLE_USAGE(.POSITIVE.,#7577);
#7579=PRESENTATION_STYLE_ASSIGNMENT((#7578));
#7580=STYLED_ITEM('',(#7579),#7573);
#7581=CARTESIAN_POINT('',(-1.4E0,8.5E-1,3.578071610630E0));
#7582=DIRECTION('',(1.E0,0.E0,0.E0));
#7583=DIRECTION('',(0.E0,0.E0,-1.E0));
#7584=AXIS2_PLACEMENT_3D('',#7581,#7582,#7583);
#7585=PLANE('',#7584);
#7587=ORIENTED_EDGE('',*,*,#7586,.F.);
#7589=ORIENTED_EDGE('',*,*,#7588,.F.);
#7591=ORIENTED_EDGE('',*,*,#7590,.F.);
#7592=ORIENTED_EDGE('',*,*,#7524,.T.);
#7594=ORIENTED_EDGE('',*,*,#7593,.T.);
#7595=EDGE_LOOP('',(#7587,#7589,#7591,#7592,#7594));
#7596=FACE_OUTER_BOUND('',#7595,.F.);
#7597=ADVANCED_FACE('',(#7596),#7585,.F.);
#7598=FILL_AREA_STYLE_COLOUR('',#19);
#7599=FILL_AREA_STYLE('',(#7598));
#7600=SURFACE_STYLE_FILL_AREA(#7599);
#7601=SURFACE_SIDE_STYLE('',(#7600));
#7602=SURFACE_STYLE_USAGE(.POSITIVE.,#7601);
#7603=PRESENTATION_STYLE_ASSIGNMENT((#7602));
#7604=STYLED_ITEM('',(#7603),#7597);
#7605=CARTESIAN_POINT('',(-8.E-1,1.05E0,3.028071610630E0));
#7606=DIRECTION('',(0.E0,8.574929257125E-1,-5.144957554275E-1));
#7607=DIRECTION('',(0.E0,-5.144957554275E-1,-8.574929257125E-1));
#7608=AXIS2_PLACEMENT_3D('',#7605,#7606,#7607);
#7609=PLANE('',#7608);
#7610=ORIENTED_EDGE('',*,*,#7586,.T.);
#7612=ORIENTED_EDGE('',*,*,#7611,.F.);
#7614=ORIENTED_EDGE('',*,*,#7613,.T.);
#7616=ORIENTED_EDGE('',*,*,#7615,.T.);
#7617=EDGE_LOOP('',(#7610,#7612,#7614,#7616));
#7618=FACE_OUTER_BOUND('',#7617,.F.);
#7619=ADVANCED_FACE('',(#7618),#7609,.T.);
#7620=FILL_AREA_STYLE_COLOUR('',#19);
#7621=FILL_AREA_STYLE('',(#7620));
#7622=SURFACE_STYLE_FILL_AREA(#7621);
#7623=SURFACE_SIDE_STYLE('',(#7622));
#7624=SURFACE_STYLE_USAGE(.POSITIVE.,#7623);
#7625=PRESENTATION_STYLE_ASSIGNMENT((#7624));
#7626=STYLED_ITEM('',(#7625),#7619);
#7627=CARTESIAN_POINT('',(-1.4E0,8.5E-1,2.778071610630E0));
#7628=DIRECTION('',(0.E0,0.E0,1.E0));
#7629=DIRECTION('',(1.E0,0.E0,0.E0));
#7630=AXIS2_PLACEMENT_3D('',#7627,#7628,#7629);
#7631=PLANE('',#7630);
#7632=ORIENTED_EDGE('',*,*,#7611,.T.);
#7633=ORIENTED_EDGE('',*,*,#7593,.F.);
#7634=ORIENTED_EDGE('',*,*,#7530,.T.);
#7636=ORIENTED_EDGE('',*,*,#7635,.T.);
#7637=EDGE_LOOP('',(#7632,#7633,#7634,#7636));
#7638=FACE_OUTER_BOUND('',#7637,.F.);
#7639=ADVANCED_FACE('',(#7638),#7631,.F.);
#7640=FILL_AREA_STYLE_COLOUR('',#19);
#7641=FILL_AREA_STYLE('',(#7640));
#7642=SURFACE_STYLE_FILL_AREA(#7641);
#7643=SURFACE_SIDE_STYLE('',(#7642));
#7644=SURFACE_STYLE_USAGE(.POSITIVE.,#7643);
#7645=PRESENTATION_STYLE_ASSIGNMENT((#7644));
#7646=STYLED_ITEM('',(#7645),#7639);
#7647=CARTESIAN_POINT('',(-2.E-1,8.5E-1,2.778071610630E0));
#7648=DIRECTION('',(-1.E0,0.E0,0.E0));
#7649=DIRECTION('',(0.E0,0.E0,1.E0));
#7650=AXIS2_PLACEMENT_3D('',#7647,#7648,#7649);
#7651=PLANE('',#7650);
#7652=ORIENTED_EDGE('',*,*,#7613,.F.);
#7653=ORIENTED_EDGE('',*,*,#7635,.F.);
#7654=ORIENTED_EDGE('',*,*,#7528,.T.);
#7656=ORIENTED_EDGE('',*,*,#7655,.T.);
#7658=ORIENTED_EDGE('',*,*,#7657,.F.);
#7659=EDGE_LOOP('',(#7652,#7653,#7654,#7656,#7658));
#7660=FACE_OUTER_BOUND('',#7659,.F.);
#7661=ADVANCED_FACE('',(#7660),#7651,.F.);
#7662=FILL_AREA_STYLE_COLOUR('',#19);
#7663=FILL_AREA_STYLE('',(#7662));
#7664=SURFACE_STYLE_FILL_AREA(#7663);
#7665=SURFACE_SIDE_STYLE('',(#7664));
#7666=SURFACE_STYLE_USAGE(.POSITIVE.,#7665);
#7667=PRESENTATION_STYLE_ASSIGNMENT((#7666));
#7668=STYLED_ITEM('',(#7667),#7661);
#7669=CARTESIAN_POINT('',(-2.E-1,8.5E-1,3.578071610630E0));
#7670=DIRECTION('',(0.E0,0.E0,-1.E0));
#7671=DIRECTION('',(-1.E0,0.E0,0.E0));
#7672=AXIS2_PLACEMENT_3D('',#7669,#7670,#7671);
#7673=PLANE('',#7672);
#7674=ORIENTED_EDGE('',*,*,#7590,.T.);
#7676=ORIENTED_EDGE('',*,*,#7675,.F.);
#7677=ORIENTED_EDGE('',*,*,#7655,.F.);
#7678=ORIENTED_EDGE('',*,*,#7526,.T.);
#7679=EDGE_LOOP('',(#7674,#7676,#7677,#7678));
#7680=FACE_OUTER_BOUND('',#7679,.F.);
#7681=ADVANCED_FACE('',(#7680),#7673,.F.);
#7682=FILL_AREA_STYLE_COLOUR('',#19);
#7683=FILL_AREA_STYLE('',(#7682));
#7684=SURFACE_STYLE_FILL_AREA(#7683);
#7685=SURFACE_SIDE_STYLE('',(#7684));
#7686=SURFACE_STYLE_USAGE(.POSITIVE.,#7685);
#7687=PRESENTATION_STYLE_ASSIGNMENT((#7686));
#7688=STYLED_ITEM('',(#7687),#7681);
#7689=CARTESIAN_POINT('',(0.E0,1.2E0,0.E0));
#7690=DIRECTION('',(0.E0,-1.E0,0.E0));
#7691=DIRECTION('',(1.E0,0.E0,0.E0));
#7692=AXIS2_PLACEMENT_3D('',#7689,#7690,#7691);
#7693=PLANE('',#7692);
#7694=ORIENTED_EDGE('',*,*,#7615,.F.);
#7695=ORIENTED_EDGE('',*,*,#7657,.T.);
#7696=ORIENTED_EDGE('',*,*,#7675,.T.);
#7697=ORIENTED_EDGE('',*,*,#7588,.T.);
#7698=EDGE_LOOP('',(#7694,#7695,#7696,#7697));
#7699=FACE_OUTER_BOUND('',#7698,.F.);
#7700=ADVANCED_FACE('',(#7699),#7693,.F.);
#7701=FILL_AREA_STYLE_COLOUR('',#19);
#7702=FILL_AREA_STYLE('',(#7701));
#7703=SURFACE_STYLE_FILL_AREA(#7702);
#7704=SURFACE_SIDE_STYLE('',(#7703));
#7705=SURFACE_STYLE_USAGE(.POSITIVE.,#7704);
#7706=PRESENTATION_STYLE_ASSIGNMENT((#7705));
#7707=STYLED_ITEM('',(#7706),#7700);
#7708=CARTESIAN_POINT('',(-3.769196514597E0,-1.25E0,5.E-1));
#7709=DIRECTION('',(0.E0,0.E0,-1.E0));
#7710=DIRECTION('',(1.E0,0.E0,0.E0));
#7711=AXIS2_PLACEMENT_3D('',#7708,#7709,#7710);
#7712=PLANE('',#7711);
#7713=ORIENTED_EDGE('',*,*,#7383,.F.);
#7715=ORIENTED_EDGE('',*,*,#7714,.T.);
#7717=ORIENTED_EDGE('',*,*,#7716,.T.);
#7719=ORIENTED_EDGE('',*,*,#7718,.F.);
#7720=EDGE_LOOP('',(#7713,#7715,#7717,#7719));
#7721=FACE_OUTER_BOUND('',#7720,.F.);
#7722=ADVANCED_FACE('',(#7721),#7712,.F.);
#7723=FILL_AREA_STYLE_COLOUR('',#5);
#7724=FILL_AREA_STYLE('',(#7723));
#7725=SURFACE_STYLE_FILL_AREA(#7724);
#7726=SURFACE_SIDE_STYLE('',(#7725));
#7727=SURFACE_STYLE_USAGE(.POSITIVE.,#7726);
#7728=PRESENTATION_STYLE_ASSIGNMENT((#7727));
#7729=STYLED_ITEM('',(#7728),#7722);
#7730=CARTESIAN_POINT('',(-3.769196514597E0,-1.25E0,7.306049695569E-1));
#7731=DIRECTION('',(0.E0,-1.E0,0.E0));
#7732=DIRECTION('',(1.E0,0.E0,0.E0));
#7733=AXIS2_PLACEMENT_3D('',#7730,#7731,#7732);
#7734=CYLINDRICAL_SURFACE('',#7733,2.306049695569E-1);
#7735=ORIENTED_EDGE('',*,*,#7397,.F.);
#7737=ORIENTED_EDGE('',*,*,#7736,.T.);
#7739=ORIENTED_EDGE('',*,*,#7738,.T.);
#7740=ORIENTED_EDGE('',*,*,#7714,.F.);
#7741=EDGE_LOOP('',(#7735,#7737,#7739,#7740));
#7742=FACE_OUTER_BOUND('',#7741,.F.);
#7743=ADVANCED_FACE('',(#7742),#7734,.F.);
#7744=FILL_AREA_STYLE_COLOUR('',#5);
#7745=FILL_AREA_STYLE('',(#7744));
#7746=SURFACE_STYLE_FILL_AREA(#7745);
#7747=SURFACE_SIDE_STYLE('',(#7746));
#7748=SURFACE_STYLE_USAGE(.POSITIVE.,#7747);
#7749=PRESENTATION_STYLE_ASSIGNMENT((#7748));
#7750=STYLED_ITEM('',(#7749),#7743);
#7751=CARTESIAN_POINT('',(-3.999801484154E0,-1.25E0,1.867352700604E0));
#7752=DIRECTION('',(-1.E0,0.E0,0.E0));
#7753=DIRECTION('',(0.E0,0.E0,-1.E0));
#7754=AXIS2_PLACEMENT_3D('',#7751,#7752,#7753);
#7755=PLANE('',#7754);
#7756=ORIENTED_EDGE('',*,*,#7395,.F.);
#7758=ORIENTED_EDGE('',*,*,#7757,.T.);
#7760=ORIENTED_EDGE('',*,*,#7759,.T.);
#7761=ORIENTED_EDGE('',*,*,#7736,.F.);
#7762=EDGE_LOOP('',(#7756,#7758,#7760,#7761));
#7763=FACE_OUTER_BOUND('',#7762,.F.);
#7764=ADVANCED_FACE('',(#7763),#7755,.F.);
#7765=FILL_AREA_STYLE_COLOUR('',#5);
#7766=FILL_AREA_STYLE('',(#7765));
#7767=SURFACE_STYLE_FILL_AREA(#7766);
#7768=SURFACE_SIDE_STYLE('',(#7767));
#7769=SURFACE_STYLE_USAGE(.POSITIVE.,#7768);
#7770=PRESENTATION_STYLE_ASSIGNMENT((#7769));
#7771=STYLED_ITEM('',(#7770),#7764);
#7772=CARTESIAN_POINT('',(-3.769196514597E0,-1.25E0,1.867352700604E0));
#7773=DIRECTION('',(0.E0,-1.E0,0.E0));
#7774=DIRECTION('',(1.E0,0.E0,0.E0));
#7775=AXIS2_PLACEMENT_3D('',#7772,#7773,#7774);
#7776=CYLINDRICAL_SURFACE('',#7775,2.306049695569E-1);
#7777=ORIENTED_EDGE('',*,*,#7393,.F.);
#7779=ORIENTED_EDGE('',*,*,#7778,.T.);
#7781=ORIENTED_EDGE('',*,*,#7780,.T.);
#7782=ORIENTED_EDGE('',*,*,#7757,.F.);
#7783=EDGE_LOOP('',(#7777,#7779,#7781,#7782));
#7784=FACE_OUTER_BOUND('',#7783,.F.);
#7785=ADVANCED_FACE('',(#7784),#7776,.F.);
#7786=FILL_AREA_STYLE_COLOUR('',#5);
#7787=FILL_AREA_STYLE('',(#7786));
#7788=SURFACE_STYLE_FILL_AREA(#7787);
#7789=SURFACE_SIDE_STYLE('',(#7788));
#7790=SURFACE_STYLE_USAGE(.POSITIVE.,#7789);
#7791=PRESENTATION_STYLE_ASSIGNMENT((#7790));
#7792=STYLED_ITEM('',(#7791),#7785);
#7793=CARTESIAN_POINT('',(3.769196514597E0,-1.25E0,2.097957670161E0));
#7794=DIRECTION('',(0.E0,0.E0,1.E0));
#7795=DIRECTION('',(-1.E0,0.E0,0.E0));
#7796=AXIS2_PLACEMENT_3D('',#7793,#7794,#7795);
#7797=PLANE('',#7796);
#7798=ORIENTED_EDGE('',*,*,#7391,.F.);
#7800=ORIENTED_EDGE('',*,*,#7799,.T.);
#7802=ORIENTED_EDGE('',*,*,#7801,.T.);
#7803=ORIENTED_EDGE('',*,*,#7778,.F.);
#7804=EDGE_LOOP('',(#7798,#7800,#7802,#7803));
#7805=FACE_OUTER_BOUND('',#7804,.F.);
#7806=ADVANCED_FACE('',(#7805),#7797,.F.);
#7807=FILL_AREA_STYLE_COLOUR('',#5);
#7808=FILL_AREA_STYLE('',(#7807));
#7809=SURFACE_STYLE_FILL_AREA(#7808);
#7810=SURFACE_SIDE_STYLE('',(#7809));
#7811=SURFACE_STYLE_USAGE(.POSITIVE.,#7810);
#7812=PRESENTATION_STYLE_ASSIGNMENT((#7811));
#7813=STYLED_ITEM('',(#7812),#7806);
#7814=CARTESIAN_POINT('',(3.769196514597E0,-1.25E0,1.867352700604E0));
#7815=DIRECTION('',(0.E0,-1.E0,0.E0));
#7816=DIRECTION('',(1.E0,0.E0,0.E0));
#7817=AXIS2_PLACEMENT_3D('',#7814,#7815,#7816);
#7818=CYLINDRICAL_SURFACE('',#7817,2.306049695569E-1);
#7819=ORIENTED_EDGE('',*,*,#7389,.F.);
#7821=ORIENTED_EDGE('',*,*,#7820,.T.);
#7823=ORIENTED_EDGE('',*,*,#7822,.T.);
#7824=ORIENTED_EDGE('',*,*,#7799,.F.);
#7825=EDGE_LOOP('',(#7819,#7821,#7823,#7824));
#7826=FACE_OUTER_BOUND('',#7825,.F.);
#7827=ADVANCED_FACE('',(#7826),#7818,.F.);
#7828=FILL_AREA_STYLE_COLOUR('',#5);
#7829=FILL_AREA_STYLE('',(#7828));
#7830=SURFACE_STYLE_FILL_AREA(#7829);
#7831=SURFACE_SIDE_STYLE('',(#7830));
#7832=SURFACE_STYLE_USAGE(.POSITIVE.,#7831);
#7833=PRESENTATION_STYLE_ASSIGNMENT((#7832));
#7834=STYLED_ITEM('',(#7833),#7827);
#7835=CARTESIAN_POINT('',(3.999801484154E0,-1.25E0,7.306049695569E-1));
#7836=DIRECTION('',(1.E0,0.E0,0.E0));
#7837=DIRECTION('',(0.E0,0.E0,1.E0));
#7838=AXIS2_PLACEMENT_3D('',#7835,#7836,#7837);
#7839=PLANE('',#7838);
#7840=ORIENTED_EDGE('',*,*,#7387,.F.);
#7842=ORIENTED_EDGE('',*,*,#7841,.T.);
#7844=ORIENTED_EDGE('',*,*,#7843,.T.);
#7845=ORIENTED_EDGE('',*,*,#7820,.F.);
#7846=EDGE_LOOP('',(#7840,#7842,#7844,#7845));
#7847=FACE_OUTER_BOUND('',#7846,.F.);
#7848=ADVANCED_FACE('',(#7847),#7839,.F.);
#7849=FILL_AREA_STYLE_COLOUR('',#5);
#7850=FILL_AREA_STYLE('',(#7849));
#7851=SURFACE_STYLE_FILL_AREA(#7850);
#7852=SURFACE_SIDE_STYLE('',(#7851));
#7853=SURFACE_STYLE_USAGE(.POSITIVE.,#7852);
#7854=PRESENTATION_STYLE_ASSIGNMENT((#7853));
#7855=STYLED_ITEM('',(#7854),#7848);
#7856=CARTESIAN_POINT('',(3.769196514597E0,-1.25E0,7.306049695569E-1));
#7857=DIRECTION('',(0.E0,-1.E0,0.E0));
#7858=DIRECTION('',(1.E0,0.E0,0.E0));
#7859=AXIS2_PLACEMENT_3D('',#7856,#7857,#7858);
#7860=CYLINDRICAL_SURFACE('',#7859,2.306049695569E-1);
#7861=ORIENTED_EDGE('',*,*,#7385,.F.);
#7862=ORIENTED_EDGE('',*,*,#7718,.T.);
#7864=ORIENTED_EDGE('',*,*,#7863,.T.);
#7865=ORIENTED_EDGE('',*,*,#7841,.F.);
#7866=EDGE_LOOP('',(#7861,#7862,#7864,#7865));
#7867=FACE_OUTER_BOUND('',#7866,.F.);
#7868=ADVANCED_FACE('',(#7867),#7860,.F.);
#7869=FILL_AREA_STYLE_COLOUR('',#5);
#7870=FILL_AREA_STYLE('',(#7869));
#7871=SURFACE_STYLE_FILL_AREA(#7870);
#7872=SURFACE_SIDE_STYLE('',(#7871));
#7873=SURFACE_STYLE_USAGE(.POSITIVE.,#7872);
#7874=PRESENTATION_STYLE_ASSIGNMENT((#7873));
#7875=STYLED_ITEM('',(#7874),#7868);
#7876=CARTESIAN_POINT('',(0.E0,-1.15E0,0.E0));
#7877=DIRECTION('',(0.E0,-1.E0,0.E0));
#7878=DIRECTION('',(1.E0,0.E0,0.E0));
#7879=AXIS2_PLACEMENT_3D('',#7876,#7877,#7878);
#7880=PLANE('',#7879);
#7881=ORIENTED_EDGE('',*,*,#7716,.F.);
#7882=ORIENTED_EDGE('',*,*,#7738,.F.);
#7883=ORIENTED_EDGE('',*,*,#7759,.F.);
#7884=ORIENTED_EDGE('',*,*,#7780,.F.);
#7885=ORIENTED_EDGE('',*,*,#7801,.F.);
#7886=ORIENTED_EDGE('',*,*,#7822,.F.);
#7887=ORIENTED_EDGE('',*,*,#7843,.F.);
#7888=ORIENTED_EDGE('',*,*,#7863,.F.);
#7889=EDGE_LOOP('',(#7881,#7882,#7883,#7884,#7885,#7886,#7887,#7888));
#7890=FACE_OUTER_BOUND('',#7889,.F.);
#7892=ORIENTED_EDGE('',*,*,#7891,.T.);
#7894=ORIENTED_EDGE('',*,*,#7893,.T.);
#7896=ORIENTED_EDGE('',*,*,#7895,.T.);
#7898=ORIENTED_EDGE('',*,*,#7897,.T.);
#7900=ORIENTED_EDGE('',*,*,#7899,.T.);
#7902=ORIENTED_EDGE('',*,*,#7901,.T.);
#7904=ORIENTED_EDGE('',*,*,#7903,.T.);
#7906=ORIENTED_EDGE('',*,*,#7905,.T.);
#7908=ORIENTED_EDGE('',*,*,#7907,.T.);
#7910=ORIENTED_EDGE('',*,*,#7909,.T.);
#7911=EDGE_LOOP('',(#7892,#7894,#7896,#7898,#7900,#7902,#7904,#7906,#7908,
#7910));
#7912=FACE_BOUND('',#7911,.F.);
#7914=ORIENTED_EDGE('',*,*,#7913,.T.);
#7916=ORIENTED_EDGE('',*,*,#7915,.T.);
#7918=ORIENTED_EDGE('',*,*,#7917,.T.);
#7920=ORIENTED_EDGE('',*,*,#7919,.T.);
#7922=ORIENTED_EDGE('',*,*,#7921,.T.);
#7924=ORIENTED_EDGE('',*,*,#7923,.T.);
#7926=ORIENTED_EDGE('',*,*,#7925,.T.);
#7928=ORIENTED_EDGE('',*,*,#7927,.T.);
#7930=ORIENTED_EDGE('',*,*,#7929,.T.);
#7932=ORIENTED_EDGE('',*,*,#7931,.T.);
#7934=ORIENTED_EDGE('',*,*,#7933,.T.);
#7936=ORIENTED_EDGE('',*,*,#7935,.T.);
#7938=ORIENTED_EDGE('',*,*,#7937,.T.);
#7940=ORIENTED_EDGE('',*,*,#7939,.T.);
#7942=ORIENTED_EDGE('',*,*,#7941,.T.);
#7944=ORIENTED_EDGE('',*,*,#7943,.T.);
#7946=ORIENTED_EDGE('',*,*,#7945,.T.);
#7948=ORIENTED_EDGE('',*,*,#7947,.T.);
#7950=ORIENTED_EDGE('',*,*,#7949,.T.);
#7952=ORIENTED_EDGE('',*,*,#7951,.T.);
#7954=ORIENTED_EDGE('',*,*,#7953,.T.);
#7956=ORIENTED_EDGE('',*,*,#7955,.T.);
#7958=ORIENTED_EDGE('',*,*,#7957,.T.);
#7960=ORIENTED_EDGE('',*,*,#7959,.T.);
#7962=ORIENTED_EDGE('',*,*,#7961,.T.);
#7964=ORIENTED_EDGE('',*,*,#7963,.T.);
#7966=ORIENTED_EDGE('',*,*,#7965,.T.);
#7968=ORIENTED_EDGE('',*,*,#7967,.T.);
#7970=ORIENTED_EDGE('',*,*,#7969,.T.);
#7972=ORIENTED_EDGE('',*,*,#7971,.T.);
#7974=ORIENTED_EDGE('',*,*,#7973,.T.);
#7976=ORIENTED_EDGE('',*,*,#7975,.T.);
#7978=ORIENTED_EDGE('',*,*,#7977,.T.);
#7980=ORIENTED_EDGE('',*,*,#7979,.T.);
#7982=ORIENTED_EDGE('',*,*,#7981,.T.);
#7984=ORIENTED_EDGE('',*,*,#7983,.T.);
#7986=ORIENTED_EDGE('',*,*,#7985,.T.);
#7988=ORIENTED_EDGE('',*,*,#7987,.T.);
#7990=ORIENTED_EDGE('',*,*,#7989,.T.);
#7992=ORIENTED_EDGE('',*,*,#7991,.T.);
#7994=ORIENTED_EDGE('',*,*,#7993,.T.);
#7996=ORIENTED_EDGE('',*,*,#7995,.T.);
#7998=ORIENTED_EDGE('',*,*,#7997,.T.);
#8000=ORIENTED_EDGE('',*,*,#7999,.T.);
#8002=ORIENTED_EDGE('',*,*,#8001,.T.);
#8004=ORIENTED_EDGE('',*,*,#8003,.T.);
#8006=ORIENTED_EDGE('',*,*,#8005,.T.);
#8008=ORIENTED_EDGE('',*,*,#8007,.T.);
#8010=ORIENTED_EDGE('',*,*,#8009,.T.);
#8012=ORIENTED_EDGE('',*,*,#8011,.T.);
#8014=ORIENTED_EDGE('',*,*,#8013,.T.);
#8016=ORIENTED_EDGE('',*,*,#8015,.T.);
#8018=ORIENTED_EDGE('',*,*,#8017,.T.);
#8020=ORIENTED_EDGE('',*,*,#8019,.T.);
#8021=EDGE_LOOP('',(#7914,#7916,#7918,#7920,#7922,#7924,#7926,#7928,#7930,#7932,
#7934,#7936,#7938,#7940,#7942,#7944,#7946,#7948,#7950,#7952,#7954,#7956,#7958,
#7960,#7962,#7964,#7966,#7968,#7970,#7972,#7974,#7976,#7978,#7980,#7982,#7984,
#7986,#7988,#7990,#7992,#7994,#7996,#7998,#8000,#8002,#8004,#8006,#8008,#8010,
#8012,#8014,#8016,#8018,#8020));
#8022=FACE_BOUND('',#8021,.F.);
#8024=ORIENTED_EDGE('',*,*,#8023,.T.);
#8026=ORIENTED_EDGE('',*,*,#8025,.T.);
#8028=ORIENTED_EDGE('',*,*,#8027,.T.);
#8030=ORIENTED_EDGE('',*,*,#8029,.T.);
#8031=EDGE_LOOP('',(#8024,#8026,#8028,#8030));
#8032=FACE_BOUND('',#8031,.F.);
#8034=ORIENTED_EDGE('',*,*,#8033,.T.);
#8036=ORIENTED_EDGE('',*,*,#8035,.T.);
#8038=ORIENTED_EDGE('',*,*,#8037,.T.);
#8040=ORIENTED_EDGE('',*,*,#8039,.T.);
#8042=ORIENTED_EDGE('',*,*,#8041,.T.);
#8044=ORIENTED_EDGE('',*,*,#8043,.T.);
#8046=ORIENTED_EDGE('',*,*,#8045,.T.);
#8047=EDGE_LOOP('',(#8034,#8036,#8038,#8040,#8042,#8044,#8046));
#8048=FACE_BOUND('',#8047,.F.);
#8050=ORIENTED_EDGE('',*,*,#8049,.T.);
#8052=ORIENTED_EDGE('',*,*,#8051,.T.);
#8054=ORIENTED_EDGE('',*,*,#8053,.T.);
#8056=ORIENTED_EDGE('',*,*,#8055,.T.);
#8058=ORIENTED_EDGE('',*,*,#8057,.T.);
#8060=ORIENTED_EDGE('',*,*,#8059,.T.);
#8062=ORIENTED_EDGE('',*,*,#8061,.T.);
#8064=ORIENTED_EDGE('',*,*,#8063,.T.);
#8066=ORIENTED_EDGE('',*,*,#8065,.T.);
#8068=ORIENTED_EDGE('',*,*,#8067,.T.);
#8070=ORIENTED_EDGE('',*,*,#8069,.T.);
#8072=ORIENTED_EDGE('',*,*,#8071,.T.);
#8074=ORIENTED_EDGE('',*,*,#8073,.T.);
#8076=ORIENTED_EDGE('',*,*,#8075,.T.);
#8078=ORIENTED_EDGE('',*,*,#8077,.T.);
#8080=ORIENTED_EDGE('',*,*,#8079,.T.);
#8082=ORIENTED_EDGE('',*,*,#8081,.T.);
#8084=ORIENTED_EDGE('',*,*,#8083,.T.);
#8086=ORIENTED_EDGE('',*,*,#8085,.T.);
#8088=ORIENTED_EDGE('',*,*,#8087,.T.);
#8090=ORIENTED_EDGE('',*,*,#8089,.T.);
#8092=ORIENTED_EDGE('',*,*,#8091,.T.);
#8094=ORIENTED_EDGE('',*,*,#8093,.T.);
#8096=ORIENTED_EDGE('',*,*,#8095,.T.);
#8098=ORIENTED_EDGE('',*,*,#8097,.T.);
#8100=ORIENTED_EDGE('',*,*,#8099,.T.);
#8101=EDGE_LOOP('',(#8050,#8052,#8054,#8056,#8058,#8060,#8062,#8064,#8066,#8068,
#8070,#8072,#8074,#8076,#8078,#8080,#8082,#8084,#8086,#8088,#8090,#8092,#8094,
#8096,#8098,#8100));
#8102=FACE_BOUND('',#8101,.F.);
#8104=ORIENTED_EDGE('',*,*,#8103,.T.);
#8106=ORIENTED_EDGE('',*,*,#8105,.T.);
#8108=ORIENTED_EDGE('',*,*,#8107,.T.);
#8110=ORIENTED_EDGE('',*,*,#8109,.T.);
#8112=ORIENTED_EDGE('',*,*,#8111,.T.);
#8114=ORIENTED_EDGE('',*,*,#8113,.T.);
#8116=ORIENTED_EDGE('',*,*,#8115,.T.);
#8118=ORIENTED_EDGE('',*,*,#8117,.T.);
#8120=ORIENTED_EDGE('',*,*,#8119,.T.);
#8122=ORIENTED_EDGE('',*,*,#8121,.T.);
#8124=ORIENTED_EDGE('',*,*,#8123,.T.);
#8126=ORIENTED_EDGE('',*,*,#8125,.T.);
#8127=EDGE_LOOP('',(#8104,#8106,#8108,#8110,#8112,#8114,#8116,#8118,#8120,#8122,
#8124,#8126));
#8128=FACE_BOUND('',#8127,.F.);
#8130=ORIENTED_EDGE('',*,*,#8129,.T.);
#8132=ORIENTED_EDGE('',*,*,#8131,.T.);
#8134=ORIENTED_EDGE('',*,*,#8133,.T.);
#8136=ORIENTED_EDGE('',*,*,#8135,.T.);
#8138=ORIENTED_EDGE('',*,*,#8137,.T.);
#8140=ORIENTED_EDGE('',*,*,#8139,.T.);
#8142=ORIENTED_EDGE('',*,*,#8141,.T.);
#8144=ORIENTED_EDGE('',*,*,#8143,.T.);
#8146=ORIENTED_EDGE('',*,*,#8145,.T.);
#8148=ORIENTED_EDGE('',*,*,#8147,.T.);
#8150=ORIENTED_EDGE('',*,*,#8149,.T.);
#8152=ORIENTED_EDGE('',*,*,#8151,.T.);
#8154=ORIENTED_EDGE('',*,*,#8153,.T.);
#8156=ORIENTED_EDGE('',*,*,#8155,.T.);
#8158=ORIENTED_EDGE('',*,*,#8157,.T.);
#8160=ORIENTED_EDGE('',*,*,#8159,.T.);
#8162=ORIENTED_EDGE('',*,*,#8161,.T.);
#8164=ORIENTED_EDGE('',*,*,#8163,.T.);
#8166=ORIENTED_EDGE('',*,*,#8165,.T.);
#8168=ORIENTED_EDGE('',*,*,#8167,.T.);
#8170=ORIENTED_EDGE('',*,*,#8169,.T.);
#8172=ORIENTED_EDGE('',*,*,#8171,.T.);
#8174=ORIENTED_EDGE('',*,*,#8173,.T.);
#8176=ORIENTED_EDGE('',*,*,#8175,.T.);
#8177=EDGE_LOOP('',(#8130,#8132,#8134,#8136,#8138,#8140,#8142,#8144,#8146,#8148,
#8150,#8152,#8154,#8156,#8158,#8160,#8162,#8164,#8166,#8168,#8170,#8172,#8174,
#8176));
#8178=FACE_BOUND('',#8177,.F.);
#8180=ORIENTED_EDGE('',*,*,#8179,.T.);
#8182=ORIENTED_EDGE('',*,*,#8181,.T.);
#8184=ORIENTED_EDGE('',*,*,#8183,.T.);
#8186=ORIENTED_EDGE('',*,*,#8185,.T.);
#8188=ORIENTED_EDGE('',*,*,#8187,.T.);
#8190=ORIENTED_EDGE('',*,*,#8189,.T.);
#8192=ORIENTED_EDGE('',*,*,#8191,.T.);
#8194=ORIENTED_EDGE('',*,*,#8193,.T.);
#8196=ORIENTED_EDGE('',*,*,#8195,.T.);
#8198=ORIENTED_EDGE('',*,*,#8197,.T.);
#8200=ORIENTED_EDGE('',*,*,#8199,.T.);
#8202=ORIENTED_EDGE('',*,*,#8201,.T.);
#8204=ORIENTED_EDGE('',*,*,#8203,.T.);
#8206=ORIENTED_EDGE('',*,*,#8205,.T.);
#8208=ORIENTED_EDGE('',*,*,#8207,.T.);
#8210=ORIENTED_EDGE('',*,*,#8209,.T.);
#8211=EDGE_LOOP('',(#8180,#8182,#8184,#8186,#8188,#8190,#8192,#8194,#8196,#8198,
#8200,#8202,#8204,#8206,#8208,#8210));
#8212=FACE_BOUND('',#8211,.F.);
#8214=ORIENTED_EDGE('',*,*,#8213,.T.);
#8216=ORIENTED_EDGE('',*,*,#8215,.T.);
#8218=ORIENTED_EDGE('',*,*,#8217,.T.);
#8220=ORIENTED_EDGE('',*,*,#8219,.T.);
#8222=ORIENTED_EDGE('',*,*,#8221,.T.);
#8224=ORIENTED_EDGE('',*,*,#8223,.T.);
#8226=ORIENTED_EDGE('',*,*,#8225,.T.);
#8228=ORIENTED_EDGE('',*,*,#8227,.T.);
#8230=ORIENTED_EDGE('',*,*,#8229,.T.);
#8232=ORIENTED_EDGE('',*,*,#8231,.T.);
#8234=ORIENTED_EDGE('',*,*,#8233,.T.);
#8236=ORIENTED_EDGE('',*,*,#8235,.T.);
#8237=EDGE_LOOP('',(#8214,#8216,#8218,#8220,#8222,#8224,#8226,#8228,#8230,#8232,
#8234,#8236));
#8238=FACE_BOUND('',#8237,.F.);
#8240=ORIENTED_EDGE('',*,*,#8239,.T.);
#8242=ORIENTED_EDGE('',*,*,#8241,.T.);
#8244=ORIENTED_EDGE('',*,*,#8243,.T.);
#8246=ORIENTED_EDGE('',*,*,#8245,.T.);
#8248=ORIENTED_EDGE('',*,*,#8247,.T.);
#8250=ORIENTED_EDGE('',*,*,#8249,.T.);
#8252=ORIENTED_EDGE('',*,*,#8251,.T.);
#8254=ORIENTED_EDGE('',*,*,#8253,.T.);
#8255=EDGE_LOOP('',(#8240,#8242,#8244,#8246,#8248,#8250,#8252,#8254));
#8256=FACE_BOUND('',#8255,.F.);
#8257=ADVANCED_FACE('',(#7890,#7912,#8022,#8032,#8048,#8102,#8128,#8178,#8212,
#8238,#8256),#7880,.T.);
#8258=FILL_AREA_STYLE_COLOUR('',#5);
#8259=FILL_AREA_STYLE('',(#8258));
#8260=SURFACE_STYLE_FILL_AREA(#8259);
#8261=SURFACE_SIDE_STYLE('',(#8260));
#8262=SURFACE_STYLE_USAGE(.POSITIVE.,#8261);
#8263=PRESENTATION_STYLE_ASSIGNMENT((#8262));
#8264=STYLED_ITEM('',(#8263),#8257);
#8265=CARTESIAN_POINT('',(0.E0,-1.15E0,0.E0));
#8266=DIRECTION('',(0.E0,-1.E0,0.E0));
#8267=DIRECTION('',(1.E0,0.E0,0.E0));
#8268=AXIS2_PLACEMENT_3D('',#8265,#8266,#8267);
#8269=PLANE('',#8268);
#8271=ORIENTED_EDGE('',*,*,#8270,.T.);
#8273=ORIENTED_EDGE('',*,*,#8272,.T.);
#8275=ORIENTED_EDGE('',*,*,#8274,.T.);
#8277=ORIENTED_EDGE('',*,*,#8276,.T.);
#8279=ORIENTED_EDGE('',*,*,#8278,.T.);
#8281=ORIENTED_EDGE('',*,*,#8280,.T.);
#8283=ORIENTED_EDGE('',*,*,#8282,.T.);
#8285=ORIENTED_EDGE('',*,*,#8284,.T.);
#8287=ORIENTED_EDGE('',*,*,#8286,.T.);
#8289=ORIENTED_EDGE('',*,*,#8288,.T.);
#8291=ORIENTED_EDGE('',*,*,#8290,.T.);
#8293=ORIENTED_EDGE('',*,*,#8292,.T.);
#8295=ORIENTED_EDGE('',*,*,#8294,.T.);
#8297=ORIENTED_EDGE('',*,*,#8296,.T.);
#8299=ORIENTED_EDGE('',*,*,#8298,.T.);
#8301=ORIENTED_EDGE('',*,*,#8300,.T.);
#8303=ORIENTED_EDGE('',*,*,#8302,.T.);
#8305=ORIENTED_EDGE('',*,*,#8304,.T.);
#8306=EDGE_LOOP('',(#8271,#8273,#8275,#8277,#8279,#8281,#8283,#8285,#8287,#8289,
#8291,#8293,#8295,#8297,#8299,#8301,#8303,#8305));
#8307=FACE_OUTER_BOUND('',#8306,.F.);
#8308=ADVANCED_FACE('',(#8307),#8269,.T.);
#8309=FILL_AREA_STYLE_COLOUR('',#5);
#8310=FILL_AREA_STYLE('',(#8309));
#8311=SURFACE_STYLE_FILL_AREA(#8310);
#8312=SURFACE_SIDE_STYLE('',(#8311));
#8313=SURFACE_STYLE_USAGE(.POSITIVE.,#8312);
#8314=PRESENTATION_STYLE_ASSIGNMENT((#8313));
#8315=STYLED_ITEM('',(#8314),#8308);
#8316=CARTESIAN_POINT('',(0.E0,-1.15E0,0.E0));
#8317=DIRECTION('',(0.E0,-1.E0,0.E0));
#8318=DIRECTION('',(1.E0,0.E0,0.E0));
#8319=AXIS2_PLACEMENT_3D('',#8316,#8317,#8318);
#8320=PLANE('',#8319);
#8322=ORIENTED_EDGE('',*,*,#8321,.T.);
#8324=ORIENTED_EDGE('',*,*,#8323,.T.);
#8326=ORIENTED_EDGE('',*,*,#8325,.T.);
#8328=ORIENTED_EDGE('',*,*,#8327,.T.);
#8330=ORIENTED_EDGE('',*,*,#8329,.T.);
#8332=ORIENTED_EDGE('',*,*,#8331,.T.);
#8334=ORIENTED_EDGE('',*,*,#8333,.T.);
#8336=ORIENTED_EDGE('',*,*,#8335,.T.);
#8338=ORIENTED_EDGE('',*,*,#8337,.T.);
#8340=ORIENTED_EDGE('',*,*,#8339,.T.);
#8342=ORIENTED_EDGE('',*,*,#8341,.T.);
#8344=ORIENTED_EDGE('',*,*,#8343,.T.);
#8346=ORIENTED_EDGE('',*,*,#8345,.T.);
#8348=ORIENTED_EDGE('',*,*,#8347,.T.);
#8350=ORIENTED_EDGE('',*,*,#8349,.T.);
#8352=ORIENTED_EDGE('',*,*,#8351,.T.);
#8354=ORIENTED_EDGE('',*,*,#8353,.T.);
#8356=ORIENTED_EDGE('',*,*,#8355,.T.);
#8358=ORIENTED_EDGE('',*,*,#8357,.T.);
#8360=ORIENTED_EDGE('',*,*,#8359,.T.);
#8361=EDGE_LOOP('',(#8322,#8324,#8326,#8328,#8330,#8332,#8334,#8336,#8338,#8340,
#8342,#8344,#8346,#8348,#8350,#8352,#8354,#8356,#8358,#8360));
#8362=FACE_OUTER_BOUND('',#8361,.F.);
#8363=ADVANCED_FACE('',(#8362),#8320,.T.);
#8364=FILL_AREA_STYLE_COLOUR('',#5);
#8365=FILL_AREA_STYLE('',(#8364));
#8366=SURFACE_STYLE_FILL_AREA(#8365);
#8367=SURFACE_SIDE_STYLE('',(#8366));
#8368=SURFACE_STYLE_USAGE(.POSITIVE.,#8367);
#8369=PRESENTATION_STYLE_ASSIGNMENT((#8368));
#8370=STYLED_ITEM('',(#8369),#8363);
#8371=CARTESIAN_POINT('',(0.E0,-1.15E0,0.E0));
#8372=DIRECTION('',(0.E0,-1.E0,0.E0));
#8373=DIRECTION('',(1.E0,0.E0,0.E0));
#8374=AXIS2_PLACEMENT_3D('',#8371,#8372,#8373);
#8375=PLANE('',#8374);
#8377=ORIENTED_EDGE('',*,*,#8376,.T.);
#8379=ORIENTED_EDGE('',*,*,#8378,.T.);
#8381=ORIENTED_EDGE('',*,*,#8380,.T.);
#8383=ORIENTED_EDGE('',*,*,#8382,.T.);
#8385=ORIENTED_EDGE('',*,*,#8384,.T.);
#8387=ORIENTED_EDGE('',*,*,#8386,.T.);
#8389=ORIENTED_EDGE('',*,*,#8388,.T.);
#8391=ORIENTED_EDGE('',*,*,#8390,.T.);
#8393=ORIENTED_EDGE('',*,*,#8392,.T.);
#8395=ORIENTED_EDGE('',*,*,#8394,.T.);
#8396=EDGE_LOOP('',(#8377,#8379,#8381,#8383,#8385,#8387,#8389,#8391,#8393,
#8395));
#8397=FACE_OUTER_BOUND('',#8396,.F.);
#8398=ADVANCED_FACE('',(#8397),#8375,.T.);
#8399=FILL_AREA_STYLE_COLOUR('',#5);
#8400=FILL_AREA_STYLE('',(#8399));
#8401=SURFACE_STYLE_FILL_AREA(#8400);
#8402=SURFACE_SIDE_STYLE('',(#8401));
#8403=SURFACE_STYLE_USAGE(.POSITIVE.,#8402);
#8404=PRESENTATION_STYLE_ASSIGNMENT((#8403));
#8405=STYLED_ITEM('',(#8404),#8398);
#8406=CARTESIAN_POINT('',(0.E0,-1.15E0,0.E0));
#8407=DIRECTION('',(0.E0,-1.E0,0.E0));
#8408=DIRECTION('',(1.E0,0.E0,0.E0));
#8409=AXIS2_PLACEMENT_3D('',#8406,#8407,#8408);
#8410=PLANE('',#8409);
#8412=ORIENTED_EDGE('',*,*,#8411,.T.);
#8414=ORIENTED_EDGE('',*,*,#8413,.T.);
#8416=ORIENTED_EDGE('',*,*,#8415,.T.);
#8417=EDGE_LOOP('',(#8412,#8414,#8416));
#8418=FACE_OUTER_BOUND('',#8417,.F.);
#8419=ADVANCED_FACE('',(#8418),#8410,.T.);
#8420=FILL_AREA_STYLE_COLOUR('',#5);
#8421=FILL_AREA_STYLE('',(#8420));
#8422=SURFACE_STYLE_FILL_AREA(#8421);
#8423=SURFACE_SIDE_STYLE('',(#8422));
#8424=SURFACE_STYLE_USAGE(.POSITIVE.,#8423);
#8425=PRESENTATION_STYLE_ASSIGNMENT((#8424));
#8426=STYLED_ITEM('',(#8425),#8419);
#8427=CARTESIAN_POINT('',(-3.456721767837E0,-1.15E0,7.833531545766E-1));
#8428=DIRECTION('',(1.E0,0.E0,0.E0));
#8429=DIRECTION('',(0.E0,0.E0,1.E0));
#8430=AXIS2_PLACEMENT_3D('',#8427,#8428,#8429);
#8431=PLANE('',#8430);
#8432=ORIENTED_EDGE('',*,*,#7891,.F.);
#8434=ORIENTED_EDGE('',*,*,#8433,.T.);
#8436=ORIENTED_EDGE('',*,*,#8435,.T.);
#8438=ORIENTED_EDGE('',*,*,#8437,.F.);
#8439=EDGE_LOOP('',(#8432,#8434,#8436,#8438));
#8440=FACE_OUTER_BOUND('',#8439,.F.);
#8441=ADVANCED_FACE('',(#8440),#8431,.T.);
#8442=FILL_AREA_STYLE_COLOUR('',#5);
#8443=FILL_AREA_STYLE('',(#8442));
#8444=SURFACE_STYLE_FILL_AREA(#8443);
#8445=SURFACE_SIDE_STYLE('',(#8444));
#8446=SURFACE_STYLE_USAGE(.POSITIVE.,#8445);
#8447=PRESENTATION_STYLE_ASSIGNMENT((#8446));
#8448=STYLED_ITEM('',(#8447),#8441);
#8449=CARTESIAN_POINT('',(-3.566212267837E0,-1.15E0,7.833531545766E-1));
#8450=DIRECTION('',(0.E0,0.E0,-1.E0));
#8451=DIRECTION('',(1.E0,0.E0,0.E0));
#8452=AXIS2_PLACEMENT_3D('',#8449,#8450,#8451);
#8453=PLANE('',#8452);
#8454=ORIENTED_EDGE('',*,*,#7909,.F.);
#8456=ORIENTED_EDGE('',*,*,#8455,.T.);
#8458=ORIENTED_EDGE('',*,*,#8457,.T.);
#8459=ORIENTED_EDGE('',*,*,#8433,.F.);
#8460=EDGE_LOOP('',(#8454,#8456,#8458,#8459));
#8461=FACE_OUTER_BOUND('',#8460,.F.);
#8462=ADVANCED_FACE('',(#8461),#8453,.T.);
#8463=FILL_AREA_STYLE_COLOUR('',#5);
#8464=FILL_AREA_STYLE('',(#8463));
#8465=SURFACE_STYLE_FILL_AREA(#8464);
#8466=SURFACE_SIDE_STYLE('',(#8465));
#8467=SURFACE_STYLE_USAGE(.POSITIVE.,#8466);
#8468=PRESENTATION_STYLE_ASSIGNMENT((#8467));
#8469=STYLED_ITEM('',(#8468),#8462);
#8470=CARTESIAN_POINT('',(-3.566212267837E0,-1.15E0,1.851553154577E0));
#8471=DIRECTION('',(-1.E0,0.E0,0.E0));
#8472=DIRECTION('',(0.E0,0.E0,-1.E0));
#8473=AXIS2_PLACEMENT_3D('',#8470,#8471,#8472);
#8474=PLANE('',#8473);
#8475=ORIENTED_EDGE('',*,*,#7907,.F.);
#8477=ORIENTED_EDGE('',*,*,#8476,.T.);
#8479=ORIENTED_EDGE('',*,*,#8478,.T.);
#8480=ORIENTED_EDGE('',*,*,#8455,.F.);
#8481=EDGE_LOOP('',(#8475,#8477,#8479,#8480));
#8482=FACE_OUTER_BOUND('',#8481,.F.);
#8483=ADVANCED_FACE('',(#8482),#8474,.T.);
#8484=FILL_AREA_STYLE_COLOUR('',#5);
#8485=FILL_AREA_STYLE('',(#8484));
#8486=SURFACE_STYLE_FILL_AREA(#8485);
#8487=SURFACE_SIDE_STYLE('',(#8486));
#8488=SURFACE_STYLE_USAGE(.POSITIVE.,#8487);
#8489=PRESENTATION_STYLE_ASSIGNMENT((#8488));
#8490=STYLED_ITEM('',(#8489),#8483);
#8491=CARTESIAN_POINT('',(-3.401976517837E0,-1.15E0,1.851553154577E0));
#8492=DIRECTION('',(0.E0,0.E0,1.E0));
#8493=DIRECTION('',(-1.E0,0.E0,0.E0));
#8494=AXIS2_PLACEMENT_3D('',#8491,#8492,#8493);
#8495=PLANE('',#8494);
#8496=ORIENTED_EDGE('',*,*,#7905,.F.);
#8498=ORIENTED_EDGE('',*,*,#8497,.T.);
#8500=ORIENTED_EDGE('',*,*,#8499,.T.);
#8501=ORIENTED_EDGE('',*,*,#8476,.F.);
#8502=EDGE_LOOP('',(#8496,#8498,#8500,#8501));
#8503=FACE_OUTER_BOUND('',#8502,.F.);
#8504=ADVANCED_FACE('',(#8503),#8495,.T.);
#8505=FILL_AREA_STYLE_COLOUR('',#5);
#8506=FILL_AREA_STYLE('',(#8505));
#8507=SURFACE_STYLE_FILL_AREA(#8506);
#8508=SURFACE_SIDE_STYLE('',(#8507));
#8509=SURFACE_STYLE_USAGE(.POSITIVE.,#8508);
#8510=PRESENTATION_STYLE_ASSIGNMENT((#8509));
#8511=STYLED_ITEM('',(#8510),#8504);
#8512=CARTESIAN_POINT('',(-2.945766118573E0,-1.15E0,9.424467685499E-1));
#8513=DIRECTION('',(8.937745381479E-1,0.E0,4.485165269625E-1));
#8514=DIRECTION('',(-4.485165269625E-1,0.E0,8.937745381479E-1));
#8515=AXIS2_PLACEMENT_3D('',#8512,#8513,#8514);
#8516=PLANE('',#8515);
#8517=ORIENTED_EDGE('',*,*,#7903,.F.);
#8519=ORIENTED_EDGE('',*,*,#8518,.T.);
#8521=ORIENTED_EDGE('',*,*,#8520,.T.);
#8522=ORIENTED_EDGE('',*,*,#8497,.F.);
#8523=EDGE_LOOP('',(#8517,#8519,#8521,#8522));
#8524=FACE_OUTER_BOUND('',#8523,.F.);
#8525=ADVANCED_FACE('',(#8524),#8516,.T.);
#8526=FILL_AREA_STYLE_COLOUR('',#5);
#8527=FILL_AREA_STYLE('',(#8526));
#8528=SURFACE_STYLE_FILL_AREA(#8527);
#8529=SURFACE_SIDE_STYLE('',(#8528));
#8530=SURFACE_STYLE_USAGE(.POSITIVE.,#8529);
#8531=PRESENTATION_STYLE_ASSIGNMENT((#8530));
#8532=STYLED_ITEM('',(#8531),#8525);
#8533=CARTESIAN_POINT('',(-2.945766118573E0,-1.15E0,1.851553154577E0));
#8534=DIRECTION('',(-1.E0,0.E0,0.E0));
#8535=DIRECTION('',(0.E0,0.E0,-1.E0));
#8536=AXIS2_PLACEMENT_3D('',#8533,#8534,#8535);
#8537=PLANE('',#8536);
#8538=ORIENTED_EDGE('',*,*,#7901,.F.);
#8540=ORIENTED_EDGE('',*,*,#8539,.T.);
#8542=ORIENTED_EDGE('',*,*,#8541,.T.);
#8543=ORIENTED_EDGE('',*,*,#8518,.F.);
#8544=EDGE_LOOP('',(#8538,#8540,#8542,#8543));
#8545=FACE_OUTER_BOUND('',#8544,.F.);
#8546=ADVANCED_FACE('',(#8545),#8537,.T.);
#8547=FILL_AREA_STYLE_COLOUR('',#5);
#8548=FILL_AREA_STYLE('',(#8547));
#8549=SURFACE_STYLE_FILL_AREA(#8548);
#8550=SURFACE_SIDE_STYLE('',(#8549));
#8551=SURFACE_STYLE_USAGE(.POSITIVE.,#8550);
#8552=PRESENTATION_STYLE_ASSIGNMENT((#8551));
#8553=STYLED_ITEM('',(#8552),#8546);
#8554=CARTESIAN_POINT('',(-2.836275618573E0,-1.15E0,1.851553154577E0));
#8555=DIRECTION('',(0.E0,0.E0,1.E0));
#8556=DIRECTION('',(-1.E0,0.E0,0.E0));
#8557=AXIS2_PLACEMENT_3D('',#8554,#8555,#8556);
#8558=PLANE('',#8557);
#8559=ORIENTED_EDGE('',*,*,#7899,.F.);
#8561=ORIENTED_EDGE('',*,*,#8560,.T.);
#8563=ORIENTED_EDGE('',*,*,#8562,.T.);
#8564=ORIENTED_EDGE('',*,*,#8539,.F.);
#8565=EDGE_LOOP('',(#8559,#8561,#8563,#8564));
#8566=FACE_OUTER_BOUND('',#8565,.F.);
#8567=ADVANCED_FACE('',(#8566),#8558,.T.);
#8568=FILL_AREA_STYLE_COLOUR('',#5);
#8569=FILL_AREA_STYLE('',(#8568));
#8570=SURFACE_STYLE_FILL_AREA(#8569);
#8571=SURFACE_SIDE_STYLE('',(#8570));
#8572=SURFACE_STYLE_USAGE(.POSITIVE.,#8571);
#8573=PRESENTATION_STYLE_ASSIGNMENT((#8572));
#8574=STYLED_ITEM('',(#8573),#8567);
#8575=CARTESIAN_POINT('',(-2.836275618573E0,-1.15E0,7.833531545766E-1));
#8576=DIRECTION('',(1.E0,0.E0,0.E0));
#8577=DIRECTION('',(0.E0,0.E0,1.E0));
#8578=AXIS2_PLACEMENT_3D('',#8575,#8576,#8577);
#8579=PLANE('',#8578);
#8580=ORIENTED_EDGE('',*,*,#7897,.F.);
#8582=ORIENTED_EDGE('',*,*,#8581,.T.);
#8584=ORIENTED_EDGE('',*,*,#8583,.T.);
#8585=ORIENTED_EDGE('',*,*,#8560,.F.);
#8586=EDGE_LOOP('',(#8580,#8582,#8584,#8585));
#8587=FACE_OUTER_BOUND('',#8586,.F.);
#8588=ADVANCED_FACE('',(#8587),#8579,.T.);
#8589=FILL_AREA_STYLE_COLOUR('',#5);
#8590=FILL_AREA_STYLE('',(#8589));
#8591=SURFACE_STYLE_FILL_AREA(#8590);
#8592=SURFACE_SIDE_STYLE('',(#8591));
#8593=SURFACE_STYLE_USAGE(.POSITIVE.,#8592);
#8594=PRESENTATION_STYLE_ASSIGNMENT((#8593));
#8595=STYLED_ITEM('',(#8594),#8588);
#8596=CARTESIAN_POINT('',(-3.000511368573E0,-1.15E0,7.833531545766E-1));
#8597=DIRECTION('',(0.E0,0.E0,-1.E0));
#8598=DIRECTION('',(1.E0,0.E0,0.E0));
#8599=AXIS2_PLACEMENT_3D('',#8596,#8597,#8598);
#8600=PLANE('',#8599);
#8601=ORIENTED_EDGE('',*,*,#7895,.F.);
#8603=ORIENTED_EDGE('',*,*,#8602,.T.);
#8605=ORIENTED_EDGE('',*,*,#8604,.T.);
#8606=ORIENTED_EDGE('',*,*,#8581,.F.);
#8607=EDGE_LOOP('',(#8601,#8603,#8605,#8606));
#8608=FACE_OUTER_BOUND('',#8607,.F.);
#8609=ADVANCED_FACE('',(#8608),#8600,.T.);
#8610=FILL_AREA_STYLE_COLOUR('',#5);
#8611=FILL_AREA_STYLE('',(#8610));
#8612=SURFACE_STYLE_FILL_AREA(#8611);
#8613=SURFACE_SIDE_STYLE('',(#8612));
#8614=SURFACE_STYLE_USAGE(.POSITIVE.,#8613);
#8615=PRESENTATION_STYLE_ASSIGNMENT((#8614));
#8616=STYLED_ITEM('',(#8615),#8609);
#8617=CARTESIAN_POINT('',(-3.456721767837E0,-1.15E0,1.715187213386E0));
#8618=DIRECTION('',(-8.981381275257E-1,0.E0,-4.397134338232E-1));
#8619=DIRECTION('',(4.397134338232E-1,0.E0,-8.981381275257E-1));
#8620=AXIS2_PLACEMENT_3D('',#8617,#8618,#8619);
#8621=PLANE('',#8620);
#8622=ORIENTED_EDGE('',*,*,#7893,.F.);
#8623=ORIENTED_EDGE('',*,*,#8437,.T.);
#8625=ORIENTED_EDGE('',*,*,#8624,.T.);
#8626=ORIENTED_EDGE('',*,*,#8602,.F.);
#8627=EDGE_LOOP('',(#8622,#8623,#8625,#8626));
#8628=FACE_OUTER_BOUND('',#8627,.F.);
#8629=ADVANCED_FACE('',(#8628),#8621,.T.);
#8630=FILL_AREA_STYLE_COLOUR('',#5);
#8631=FILL_AREA_STYLE('',(#8630));
#8632=SURFACE_STYLE_FILL_AREA(#8631);
#8633=SURFACE_SIDE_STYLE('',(#8632));
#8634=SURFACE_STYLE_USAGE(.POSITIVE.,#8633);
#8635=PRESENTATION_STYLE_ASSIGNMENT((#8634));
#8636=STYLED_ITEM('',(#8635),#8629);
#8637=CARTESIAN_POINT('',(0.E0,-1.25E0,0.E0));
#8638=DIRECTION('',(0.E0,-1.E0,0.E0));
#8639=DIRECTION('',(1.E0,0.E0,0.E0));
#8640=AXIS2_PLACEMENT_3D('',#8637,#8638,#8639);
#8641=PLANE('',#8640);
#8642=ORIENTED_EDGE('',*,*,#8435,.F.);
#8643=ORIENTED_EDGE('',*,*,#8457,.F.);
#8644=ORIENTED_EDGE('',*,*,#8478,.F.);
#8645=ORIENTED_EDGE('',*,*,#8499,.F.);
#8646=ORIENTED_EDGE('',*,*,#8520,.F.);
#8647=ORIENTED_EDGE('',*,*,#8541,.F.);
#8648=ORIENTED_EDGE('',*,*,#8562,.F.);
#8649=ORIENTED_EDGE('',*,*,#8583,.F.);
#8650=ORIENTED_EDGE('',*,*,#8604,.F.);
#8651=ORIENTED_EDGE('',*,*,#8624,.F.);
#8652=EDGE_LOOP('',(#8642,#8643,#8644,#8645,#8646,#8647,#8648,#8649,#8650,
#8651));
#8653=FACE_OUTER_BOUND('',#8652,.F.);
#8654=ADVANCED_FACE('',(#8653),#8641,.T.);
#8655=FILL_AREA_STYLE_COLOUR('',#5);
#8656=FILL_AREA_STYLE('',(#8655));
#8657=SURFACE_STYLE_FILL_AREA(#8656);
#8658=SURFACE_SIDE_STYLE('',(#8657));
#8659=SURFACE_STYLE_USAGE(.POSITIVE.,#8658);
#8660=PRESENTATION_STYLE_ASSIGNMENT((#8659));
#8661=STYLED_ITEM('',(#8660),#8654);
#8662=CARTESIAN_POINT('',(0.E0,-1.25E0,0.E0));
#8663=DIRECTION('',(0.E0,-1.E0,0.E0));
#8664=DIRECTION('',(1.E0,0.E0,0.E0));
#8665=AXIS2_PLACEMENT_3D('',#8662,#8663,#8664);
#8666=PLANE('',#8665);
#8668=ORIENTED_EDGE('',*,*,#8667,.F.);
#8670=ORIENTED_EDGE('',*,*,#8669,.F.);
#8672=ORIENTED_EDGE('',*,*,#8671,.F.);
#8674=ORIENTED_EDGE('',*,*,#8673,.F.);
#8676=ORIENTED_EDGE('',*,*,#8675,.F.);
#8678=ORIENTED_EDGE('',*,*,#8677,.F.);
#8680=ORIENTED_EDGE('',*,*,#8679,.F.);
#8682=ORIENTED_EDGE('',*,*,#8681,.F.);
#8684=ORIENTED_EDGE('',*,*,#8683,.F.);
#8686=ORIENTED_EDGE('',*,*,#8685,.F.);
#8688=ORIENTED_EDGE('',*,*,#8687,.F.);
#8690=ORIENTED_EDGE('',*,*,#8689,.F.);
#8692=ORIENTED_EDGE('',*,*,#8691,.F.);
#8694=ORIENTED_EDGE('',*,*,#8693,.F.);
#8696=ORIENTED_EDGE('',*,*,#8695,.F.);
#8698=ORIENTED_EDGE('',*,*,#8697,.F.);
#8700=ORIENTED_EDGE('',*,*,#8699,.F.);
#8702=ORIENTED_EDGE('',*,*,#8701,.F.);
#8704=ORIENTED_EDGE('',*,*,#8703,.F.);
#8706=ORIENTED_EDGE('',*,*,#8705,.F.);
#8708=ORIENTED_EDGE('',*,*,#8707,.F.);
#8710=ORIENTED_EDGE('',*,*,#8709,.F.);
#8712=ORIENTED_EDGE('',*,*,#8711,.F.);
#8714=ORIENTED_EDGE('',*,*,#8713,.F.);
#8716=ORIENTED_EDGE('',*,*,#8715,.F.);
#8718=ORIENTED_EDGE('',*,*,#8717,.F.);
#8720=ORIENTED_EDGE('',*,*,#8719,.F.);
#8722=ORIENTED_EDGE('',*,*,#8721,.F.);
#8724=ORIENTED_EDGE('',*,*,#8723,.F.);
#8726=ORIENTED_EDGE('',*,*,#8725,.F.);
#8728=ORIENTED_EDGE('',*,*,#8727,.F.);
#8730=ORIENTED_EDGE('',*,*,#8729,.F.);
#8732=ORIENTED_EDGE('',*,*,#8731,.F.);
#8734=ORIENTED_EDGE('',*,*,#8733,.F.);
#8736=ORIENTED_EDGE('',*,*,#8735,.F.);
#8738=ORIENTED_EDGE('',*,*,#8737,.F.);
#8740=ORIENTED_EDGE('',*,*,#8739,.F.);
#8742=ORIENTED_EDGE('',*,*,#8741,.F.);
#8744=ORIENTED_EDGE('',*,*,#8743,.F.);
#8746=ORIENTED_EDGE('',*,*,#8745,.F.);
#8748=ORIENTED_EDGE('',*,*,#8747,.F.);
#8750=ORIENTED_EDGE('',*,*,#8749,.F.);
#8752=ORIENTED_EDGE('',*,*,#8751,.F.);
#8754=ORIENTED_EDGE('',*,*,#8753,.F.);
#8756=ORIENTED_EDGE('',*,*,#8755,.F.);
#8758=ORIENTED_EDGE('',*,*,#8757,.F.);
#8760=ORIENTED_EDGE('',*,*,#8759,.F.);
#8762=ORIENTED_EDGE('',*,*,#8761,.F.);
#8764=ORIENTED_EDGE('',*,*,#8763,.F.);
#8766=ORIENTED_EDGE('',*,*,#8765,.F.);
#8768=ORIENTED_EDGE('',*,*,#8767,.F.);
#8770=ORIENTED_EDGE('',*,*,#8769,.F.);
#8772=ORIENTED_EDGE('',*,*,#8771,.F.);
#8774=ORIENTED_EDGE('',*,*,#8773,.F.);
#8775=EDGE_LOOP('',(#8668,#8670,#8672,#8674,#8676,#8678,#8680,#8682,#8684,#8686,
#8688,#8690,#8692,#8694,#8696,#8698,#8700,#8702,#8704,#8706,#8708,#8710,#8712,
#8714,#8716,#8718,#8720,#8722,#8724,#8726,#8728,#8730,#8732,#8734,#8736,#8738,
#8740,#8742,#8744,#8746,#8748,#8750,#8752,#8754,#8756,#8758,#8760,#8762,#8764,
#8766,#8768,#8770,#8772,#8774));
#8776=FACE_OUTER_BOUND('',#8775,.F.);
#8777=ADVANCED_FACE('',(#8776),#8666,.T.);
#8778=FILL_AREA_STYLE_COLOUR('',#5);
#8779=FILL_AREA_STYLE('',(#8778));
#8780=SURFACE_STYLE_FILL_AREA(#8779);
#8781=SURFACE_SIDE_STYLE('',(#8780));
#8782=SURFACE_STYLE_USAGE(.POSITIVE.,#8781);
#8783=PRESENTATION_STYLE_ASSIGNMENT((#8782));
#8784=STYLED_ITEM('',(#8783),#8777);
#8785=CARTESIAN_POINT('',(0.E0,-1.25E0,0.E0));
#8786=DIRECTION('',(0.E0,-1.E0,0.E0));
#8787=DIRECTION('',(1.E0,0.E0,0.E0));
#8788=AXIS2_PLACEMENT_3D('',#8785,#8786,#8787);
#8789=PLANE('',#8788);
#8791=ORIENTED_EDGE('',*,*,#8790,.F.);
#8793=ORIENTED_EDGE('',*,*,#8792,.F.);
#8795=ORIENTED_EDGE('',*,*,#8794,.F.);
#8797=ORIENTED_EDGE('',*,*,#8796,.F.);
#8798=EDGE_LOOP('',(#8791,#8793,#8795,#8797));
#8799=FACE_OUTER_BOUND('',#8798,.F.);
#8800=ADVANCED_FACE('',(#8799),#8789,.T.);
#8801=FILL_AREA_STYLE_COLOUR('',#5);
#8802=FILL_AREA_STYLE('',(#8801));
#8803=SURFACE_STYLE_FILL_AREA(#8802);
#8804=SURFACE_SIDE_STYLE('',(#8803));
#8805=SURFACE_STYLE_USAGE(.POSITIVE.,#8804);
#8806=PRESENTATION_STYLE_ASSIGNMENT((#8805));
#8807=STYLED_ITEM('',(#8806),#8800);
#8808=CARTESIAN_POINT('',(0.E0,-1.25E0,0.E0));
#8809=DIRECTION('',(0.E0,-1.E0,0.E0));
#8810=DIRECTION('',(1.E0,0.E0,0.E0));
#8811=AXIS2_PLACEMENT_3D('',#8808,#8809,#8810);
#8812=PLANE('',#8811);
#8814=ORIENTED_EDGE('',*,*,#8813,.F.);
#8816=ORIENTED_EDGE('',*,*,#8815,.F.);
#8818=ORIENTED_EDGE('',*,*,#8817,.F.);
#8820=ORIENTED_EDGE('',*,*,#8819,.F.);
#8822=ORIENTED_EDGE('',*,*,#8821,.F.);
#8824=ORIENTED_EDGE('',*,*,#8823,.F.);
#8826=ORIENTED_EDGE('',*,*,#8825,.F.);
#8827=EDGE_LOOP('',(#8814,#8816,#8818,#8820,#8822,#8824,#8826));
#8828=FACE_OUTER_BOUND('',#8827,.F.);
#8829=ADVANCED_FACE('',(#8828),#8812,.T.);
#8830=FILL_AREA_STYLE_COLOUR('',#5);
#8831=FILL_AREA_STYLE('',(#8830));
#8832=SURFACE_STYLE_FILL_AREA(#8831);
#8833=SURFACE_SIDE_STYLE('',(#8832));
#8834=SURFACE_STYLE_USAGE(.POSITIVE.,#8833);
#8835=PRESENTATION_STYLE_ASSIGNMENT((#8834));
#8836=STYLED_ITEM('',(#8835),#8829);
#8837=CARTESIAN_POINT('',(0.E0,-1.25E0,0.E0));
#8838=DIRECTION('',(0.E0,-1.E0,0.E0));
#8839=DIRECTION('',(1.E0,0.E0,0.E0));
#8840=AXIS2_PLACEMENT_3D('',#8837,#8838,#8839);
#8841=PLANE('',#8840);
#8843=ORIENTED_EDGE('',*,*,#8842,.F.);
#8845=ORIENTED_EDGE('',*,*,#8844,.F.);
#8847=ORIENTED_EDGE('',*,*,#8846,.F.);
#8849=ORIENTED_EDGE('',*,*,#8848,.F.);
#8851=ORIENTED_EDGE('',*,*,#8850,.F.);
#8853=ORIENTED_EDGE('',*,*,#8852,.F.);
#8855=ORIENTED_EDGE('',*,*,#8854,.F.);
#8857=ORIENTED_EDGE('',*,*,#8856,.F.);
#8859=ORIENTED_EDGE('',*,*,#8858,.F.);
#8861=ORIENTED_EDGE('',*,*,#8860,.F.);
#8863=ORIENTED_EDGE('',*,*,#8862,.F.);
#8865=ORIENTED_EDGE('',*,*,#8864,.F.);
#8867=ORIENTED_EDGE('',*,*,#8866,.F.);
#8869=ORIENTED_EDGE('',*,*,#8868,.F.);
#8871=ORIENTED_EDGE('',*,*,#8870,.F.);
#8873=ORIENTED_EDGE('',*,*,#8872,.F.);
#8875=ORIENTED_EDGE('',*,*,#8874,.F.);
#8877=ORIENTED_EDGE('',*,*,#8876,.F.);
#8879=ORIENTED_EDGE('',*,*,#8878,.F.);
#8881=ORIENTED_EDGE('',*,*,#8880,.F.);
#8883=ORIENTED_EDGE('',*,*,#8882,.F.);
#8885=ORIENTED_EDGE('',*,*,#8884,.F.);
#8887=ORIENTED_EDGE('',*,*,#8886,.F.);
#8889=ORIENTED_EDGE('',*,*,#8888,.F.);
#8891=ORIENTED_EDGE('',*,*,#8890,.F.);
#8893=ORIENTED_EDGE('',*,*,#8892,.F.);
#8894=EDGE_LOOP('',(#8843,#8845,#8847,#8849,#8851,#8853,#8855,#8857,#8859,#8861,
#8863,#8865,#8867,#8869,#8871,#8873,#8875,#8877,#8879,#8881,#8883,#8885,#8887,
#8889,#8891,#8893));
#8895=FACE_OUTER_BOUND('',#8894,.F.);
#8897=ORIENTED_EDGE('',*,*,#8896,.F.);
#8899=ORIENTED_EDGE('',*,*,#8898,.F.);
#8901=ORIENTED_EDGE('',*,*,#8900,.F.);
#8903=ORIENTED_EDGE('',*,*,#8902,.F.);
#8905=ORIENTED_EDGE('',*,*,#8904,.F.);
#8907=ORIENTED_EDGE('',*,*,#8906,.F.);
#8909=ORIENTED_EDGE('',*,*,#8908,.F.);
#8911=ORIENTED_EDGE('',*,*,#8910,.F.);
#8913=ORIENTED_EDGE('',*,*,#8912,.F.);
#8915=ORIENTED_EDGE('',*,*,#8914,.F.);
#8917=ORIENTED_EDGE('',*,*,#8916,.F.);
#8919=ORIENTED_EDGE('',*,*,#8918,.F.);
#8921=ORIENTED_EDGE('',*,*,#8920,.F.);
#8923=ORIENTED_EDGE('',*,*,#8922,.F.);
#8925=ORIENTED_EDGE('',*,*,#8924,.F.);
#8927=ORIENTED_EDGE('',*,*,#8926,.F.);
#8929=ORIENTED_EDGE('',*,*,#8928,.F.);
#8931=ORIENTED_EDGE('',*,*,#8930,.F.);
#8932=EDGE_LOOP('',(#8897,#8899,#8901,#8903,#8905,#8907,#8909,#8911,#8913,#8915,
#8917,#8919,#8921,#8923,#8925,#8927,#8929,#8931));
#8933=FACE_BOUND('',#8932,.F.);
#8934=ADVANCED_FACE('',(#8895,#8933),#8841,.T.);
#8935=FILL_AREA_STYLE_COLOUR('',#5);
#8936=FILL_AREA_STYLE('',(#8935));
#8937=SURFACE_STYLE_FILL_AREA(#8936);
#8938=SURFACE_SIDE_STYLE('',(#8937));
#8939=SURFACE_STYLE_USAGE(.POSITIVE.,#8938);
#8940=PRESENTATION_STYLE_ASSIGNMENT((#8939));
#8941=STYLED_ITEM('',(#8940),#8934);
#8942=CARTESIAN_POINT('',(0.E0,-1.25E0,0.E0));
#8943=DIRECTION('',(0.E0,-1.E0,0.E0));
#8944=DIRECTION('',(1.E0,0.E0,0.E0));
#8945=AXIS2_PLACEMENT_3D('',#8942,#8943,#8944);
#8946=PLANE('',#8945);
#8948=ORIENTED_EDGE('',*,*,#8947,.F.);
#8950=ORIENTED_EDGE('',*,*,#8949,.F.);
#8952=ORIENTED_EDGE('',*,*,#8951,.F.);
#8954=ORIENTED_EDGE('',*,*,#8953,.F.);
#8956=ORIENTED_EDGE('',*,*,#8955,.F.);
#8958=ORIENTED_EDGE('',*,*,#8957,.F.);
#8960=ORIENTED_EDGE('',*,*,#8959,.F.);
#8962=ORIENTED_EDGE('',*,*,#8961,.F.);
#8964=ORIENTED_EDGE('',*,*,#8963,.F.);
#8966=ORIENTED_EDGE('',*,*,#8965,.F.);
#8968=ORIENTED_EDGE('',*,*,#8967,.F.);
#8970=ORIENTED_EDGE('',*,*,#8969,.F.);
#8971=EDGE_LOOP('',(#8948,#8950,#8952,#8954,#8956,#8958,#8960,#8962,#8964,#8966,
#8968,#8970));
#8972=FACE_OUTER_BOUND('',#8971,.F.);
#8973=ADVANCED_FACE('',(#8972),#8946,.T.);
#8974=FILL_AREA_STYLE_COLOUR('',#5);
#8975=FILL_AREA_STYLE('',(#8974));
#8976=SURFACE_STYLE_FILL_AREA(#8975);
#8977=SURFACE_SIDE_STYLE('',(#8976));
#8978=SURFACE_STYLE_USAGE(.POSITIVE.,#8977);
#8979=PRESENTATION_STYLE_ASSIGNMENT((#8978));
#8980=STYLED_ITEM('',(#8979),#8973);
#8981=CARTESIAN_POINT('',(0.E0,-1.25E0,0.E0));
#8982=DIRECTION('',(0.E0,-1.E0,0.E0));
#8983=DIRECTION('',(1.E0,0.E0,0.E0));
#8984=AXIS2_PLACEMENT_3D('',#8981,#8982,#8983);
#8985=PLANE('',#8984);
#8987=ORIENTED_EDGE('',*,*,#8986,.F.);
#8989=ORIENTED_EDGE('',*,*,#8988,.F.);
#8991=ORIENTED_EDGE('',*,*,#8990,.F.);
#8993=ORIENTED_EDGE('',*,*,#8992,.F.);
#8995=ORIENTED_EDGE('',*,*,#8994,.F.);
#8997=ORIENTED_EDGE('',*,*,#8996,.F.);
#8999=ORIENTED_EDGE('',*,*,#8998,.F.);
#9001=ORIENTED_EDGE('',*,*,#9000,.F.);
#9003=ORIENTED_EDGE('',*,*,#9002,.F.);
#9005=ORIENTED_EDGE('',*,*,#9004,.F.);
#9007=ORIENTED_EDGE('',*,*,#9006,.F.);
#9009=ORIENTED_EDGE('',*,*,#9008,.F.);
#9011=ORIENTED_EDGE('',*,*,#9010,.F.);
#9013=ORIENTED_EDGE('',*,*,#9012,.F.);
#9015=ORIENTED_EDGE('',*,*,#9014,.F.);
#9017=ORIENTED_EDGE('',*,*,#9016,.F.);
#9019=ORIENTED_EDGE('',*,*,#9018,.F.);
#9021=ORIENTED_EDGE('',*,*,#9020,.F.);
#9023=ORIENTED_EDGE('',*,*,#9022,.F.);
#9025=ORIENTED_EDGE('',*,*,#9024,.F.);
#9027=ORIENTED_EDGE('',*,*,#9026,.F.);
#9029=ORIENTED_EDGE('',*,*,#9028,.F.);
#9031=ORIENTED_EDGE('',*,*,#9030,.F.);
#9033=ORIENTED_EDGE('',*,*,#9032,.F.);
#9034=EDGE_LOOP('',(#8987,#8989,#8991,#8993,#8995,#8997,#8999,#9001,#9003,#9005,
#9007,#9009,#9011,#9013,#9015,#9017,#9019,#9021,#9023,#9025,#9027,#9029,#9031,
#9033));
#9035=FACE_OUTER_BOUND('',#9034,.F.);
#9037=ORIENTED_EDGE('',*,*,#9036,.F.);
#9039=ORIENTED_EDGE('',*,*,#9038,.F.);
#9041=ORIENTED_EDGE('',*,*,#9040,.F.);
#9043=ORIENTED_EDGE('',*,*,#9042,.F.);
#9045=ORIENTED_EDGE('',*,*,#9044,.F.);
#9047=ORIENTED_EDGE('',*,*,#9046,.F.);
#9049=ORIENTED_EDGE('',*,*,#9048,.F.);
#9051=ORIENTED_EDGE('',*,*,#9050,.F.);
#9053=ORIENTED_EDGE('',*,*,#9052,.F.);
#9055=ORIENTED_EDGE('',*,*,#9054,.F.);
#9057=ORIENTED_EDGE('',*,*,#9056,.F.);
#9059=ORIENTED_EDGE('',*,*,#9058,.F.);
#9061=ORIENTED_EDGE('',*,*,#9060,.F.);
#9063=ORIENTED_EDGE('',*,*,#9062,.F.);
#9065=ORIENTED_EDGE('',*,*,#9064,.F.);
#9067=ORIENTED_EDGE('',*,*,#9066,.F.);
#9069=ORIENTED_EDGE('',*,*,#9068,.F.);
#9071=ORIENTED_EDGE('',*,*,#9070,.F.);
#9073=ORIENTED_EDGE('',*,*,#9072,.F.);
#9075=ORIENTED_EDGE('',*,*,#9074,.F.);
#9076=EDGE_LOOP('',(#9037,#9039,#9041,#9043,#9045,#9047,#9049,#9051,#9053,#9055,
#9057,#9059,#9061,#9063,#9065,#9067,#9069,#9071,#9073,#9075));
#9077=FACE_BOUND('',#9076,.F.);
#9078=ADVANCED_FACE('',(#9035,#9077),#8985,.T.);
#9079=FILL_AREA_STYLE_COLOUR('',#5);
#9080=FILL_AREA_STYLE('',(#9079));
#9081=SURFACE_STYLE_FILL_AREA(#9080);
#9082=SURFACE_SIDE_STYLE('',(#9081));
#9083=SURFACE_STYLE_USAGE(.POSITIVE.,#9082);
#9084=PRESENTATION_STYLE_ASSIGNMENT((#9083));
#9085=STYLED_ITEM('',(#9084),#9078);
#9086=CARTESIAN_POINT('',(0.E0,-1.25E0,0.E0));
#9087=DIRECTION('',(0.E0,-1.E0,0.E0));
#9088=DIRECTION('',(1.E0,0.E0,0.E0));
#9089=AXIS2_PLACEMENT_3D('',#9086,#9087,#9088);
#9090=PLANE('',#9089);
#9092=ORIENTED_EDGE('',*,*,#9091,.F.);
#9094=ORIENTED_EDGE('',*,*,#9093,.F.);
#9096=ORIENTED_EDGE('',*,*,#9095,.F.);
#9098=ORIENTED_EDGE('',*,*,#9097,.F.);
#9100=ORIENTED_EDGE('',*,*,#9099,.F.);
#9102=ORIENTED_EDGE('',*,*,#9101,.F.);
#9104=ORIENTED_EDGE('',*,*,#9103,.F.);
#9106=ORIENTED_EDGE('',*,*,#9105,.F.);
#9108=ORIENTED_EDGE('',*,*,#9107,.F.);
#9110=ORIENTED_EDGE('',*,*,#9109,.F.);
#9112=ORIENTED_EDGE('',*,*,#9111,.F.);
#9114=ORIENTED_EDGE('',*,*,#9113,.F.);
#9116=ORIENTED_EDGE('',*,*,#9115,.F.);
#9118=ORIENTED_EDGE('',*,*,#9117,.F.);
#9120=ORIENTED_EDGE('',*,*,#9119,.F.);
#9122=ORIENTED_EDGE('',*,*,#9121,.F.);
#9123=EDGE_LOOP('',(#9092,#9094,#9096,#9098,#9100,#9102,#9104,#9106,#9108,#9110,
#9112,#9114,#9116,#9118,#9120,#9122));
#9124=FACE_OUTER_BOUND('',#9123,.F.);
#9126=ORIENTED_EDGE('',*,*,#9125,.F.);
#9128=ORIENTED_EDGE('',*,*,#9127,.F.);
#9130=ORIENTED_EDGE('',*,*,#9129,.F.);
#9132=ORIENTED_EDGE('',*,*,#9131,.F.);
#9134=ORIENTED_EDGE('',*,*,#9133,.F.);
#9136=ORIENTED_EDGE('',*,*,#9135,.F.);
#9138=ORIENTED_EDGE('',*,*,#9137,.F.);
#9140=ORIENTED_EDGE('',*,*,#9139,.F.);
#9142=ORIENTED_EDGE('',*,*,#9141,.F.);
#9144=ORIENTED_EDGE('',*,*,#9143,.F.);
#9145=EDGE_LOOP('',(#9126,#9128,#9130,#9132,#9134,#9136,#9138,#9140,#9142,
#9144));
#9146=FACE_BOUND('',#9145,.F.);
#9147=ADVANCED_FACE('',(#9124,#9146),#9090,.T.);
#9148=FILL_AREA_STYLE_COLOUR('',#5);
#9149=FILL_AREA_STYLE('',(#9148));
#9150=SURFACE_STYLE_FILL_AREA(#9149);
#9151=SURFACE_SIDE_STYLE('',(#9150));
#9152=SURFACE_STYLE_USAGE(.POSITIVE.,#9151);
#9153=PRESENTATION_STYLE_ASSIGNMENT((#9152));
#9154=STYLED_ITEM('',(#9153),#9147);
#9155=CARTESIAN_POINT('',(0.E0,-1.25E0,0.E0));
#9156=DIRECTION('',(0.E0,-1.E0,0.E0));
#9157=DIRECTION('',(1.E0,0.E0,0.E0));
#9158=AXIS2_PLACEMENT_3D('',#9155,#9156,#9157);
#9159=PLANE('',#9158);
#9161=ORIENTED_EDGE('',*,*,#9160,.F.);
#9163=ORIENTED_EDGE('',*,*,#9162,.F.);
#9165=ORIENTED_EDGE('',*,*,#9164,.F.);
#9167=ORIENTED_EDGE('',*,*,#9166,.F.);
#9169=ORIENTED_EDGE('',*,*,#9168,.F.);
#9171=ORIENTED_EDGE('',*,*,#9170,.F.);
#9173=ORIENTED_EDGE('',*,*,#9172,.F.);
#9175=ORIENTED_EDGE('',*,*,#9174,.F.);
#9177=ORIENTED_EDGE('',*,*,#9176,.F.);
#9179=ORIENTED_EDGE('',*,*,#9178,.F.);
#9181=ORIENTED_EDGE('',*,*,#9180,.F.);
#9183=ORIENTED_EDGE('',*,*,#9182,.F.);
#9184=EDGE_LOOP('',(#9161,#9163,#9165,#9167,#9169,#9171,#9173,#9175,#9177,#9179,
#9181,#9183));
#9185=FACE_OUTER_BOUND('',#9184,.F.);
#9186=ADVANCED_FACE('',(#9185),#9159,.T.);
#9187=FILL_AREA_STYLE_COLOUR('',#5);
#9188=FILL_AREA_STYLE('',(#9187));
#9189=SURFACE_STYLE_FILL_AREA(#9188);
#9190=SURFACE_SIDE_STYLE('',(#9189));
#9191=SURFACE_STYLE_USAGE(.POSITIVE.,#9190);
#9192=PRESENTATION_STYLE_ASSIGNMENT((#9191));
#9193=STYLED_ITEM('',(#9192),#9186);
#9194=CARTESIAN_POINT('',(0.E0,-1.25E0,0.E0));
#9195=DIRECTION('',(0.E0,-1.E0,0.E0));
#9196=DIRECTION('',(1.E0,0.E0,0.E0));
#9197=AXIS2_PLACEMENT_3D('',#9194,#9195,#9196);
#9198=PLANE('',#9197);
#9200=ORIENTED_EDGE('',*,*,#9199,.F.);
#9202=ORIENTED_EDGE('',*,*,#9201,.F.);
#9204=ORIENTED_EDGE('',*,*,#9203,.F.);
#9206=ORIENTED_EDGE('',*,*,#9205,.F.);
#9208=ORIENTED_EDGE('',*,*,#9207,.F.);
#9210=ORIENTED_EDGE('',*,*,#9209,.F.);
#9212=ORIENTED_EDGE('',*,*,#9211,.F.);
#9214=ORIENTED_EDGE('',*,*,#9213,.F.);
#9215=EDGE_LOOP('',(#9200,#9202,#9204,#9206,#9208,#9210,#9212,#9214));
#9216=FACE_OUTER_BOUND('',#9215,.F.);
#9218=ORIENTED_EDGE('',*,*,#9217,.F.);
#9220=ORIENTED_EDGE('',*,*,#9219,.F.);
#9222=ORIENTED_EDGE('',*,*,#9221,.F.);
#9223=EDGE_LOOP('',(#9218,#9220,#9222));
#9224=FACE_BOUND('',#9223,.F.);
#9225=ADVANCED_FACE('',(#9216,#9224),#9198,.T.);
#9226=FILL_AREA_STYLE_COLOUR('',#5);
#9227=FILL_AREA_STYLE('',(#9226));
#9228=SURFACE_STYLE_FILL_AREA(#9227);
#9229=SURFACE_SIDE_STYLE('',(#9228));
#9230=SURFACE_STYLE_USAGE(.POSITIVE.,#9229);
#9231=PRESENTATION_STYLE_ASSIGNMENT((#9230));
#9232=STYLED_ITEM('',(#9231),#9225);
#9233=CARTESIAN_POINT('',(-2.179332566364E0,-1.15E0,1.601548929060E0));
#9234=DIRECTION('',(0.E0,0.E0,-1.E0));
#9235=DIRECTION('',(1.E0,0.E0,0.E0));
#9236=AXIS2_PLACEMENT_3D('',#9233,#9234,#9235);
#9237=PLANE('',#9236);
#9238=ORIENTED_EDGE('',*,*,#7913,.F.);
#9240=ORIENTED_EDGE('',*,*,#9239,.T.);
#9241=ORIENTED_EDGE('',*,*,#8667,.T.);
#9243=ORIENTED_EDGE('',*,*,#9242,.F.);
#9244=EDGE_LOOP('',(#9238,#9240,#9241,#9243));
#9245=FACE_OUTER_BOUND('',#9244,.F.);
#9246=ADVANCED_FACE('',(#9245),#9237,.T.);
#9247=FILL_AREA_STYLE_COLOUR('',#5);
#9248=FILL_AREA_STYLE('',(#9247));
#9249=SURFACE_STYLE_FILL_AREA(#9248);
#9250=SURFACE_SIDE_STYLE('',(#9249));
#9251=SURFACE_STYLE_USAGE(.POSITIVE.,#9250);
#9252=PRESENTATION_STYLE_ASSIGNMENT((#9251));
#9253=STYLED_ITEM('',(#9252),#9246);
#9254=CARTESIAN_POINT('',(-2.197581017837E0,-1.15E0,1.647004242791E0));
#9255=DIRECTION('',(-9.280090255188E-1,0.E0,-3.725577117114E-1));
#9256=DIRECTION('',(3.725577117114E-1,0.E0,-9.280090255188E-1));
#9257=AXIS2_PLACEMENT_3D('',#9254,#9255,#9256);
#9258=PLANE('',#9257);
#9259=ORIENTED_EDGE('',*,*,#8019,.F.);
#9261=ORIENTED_EDGE('',*,*,#9260,.T.);
#9262=ORIENTED_EDGE('',*,*,#8669,.T.);
#9263=ORIENTED_EDGE('',*,*,#9239,.F.);
#9264=EDGE_LOOP('',(#9259,#9261,#9262,#9263));
#9265=FACE_OUTER_BOUND('',#9264,.F.);
#9266=ADVANCED_FACE('',(#9265),#9258,.T.);
#9267=FILL_AREA_STYLE_COLOUR('',#5);
#9268=FILL_AREA_STYLE('',(#9267));
#9269=SURFACE_STYLE_FILL_AREA(#9268);
#9270=SURFACE_SIDE_STYLE('',(#9269));
#9271=SURFACE_STYLE_USAGE(.POSITIVE.,#9270);
#9272=PRESENTATION_STYLE_ASSIGNMENT((#9271));
#9273=STYLED_ITEM('',(#9272),#9266);
#9274=CARTESIAN_POINT('',(-2.234077816364E0,-1.15E0,1.692459556521E0));
#9275=DIRECTION('',(-7.797584210735E-1,0.E0,-6.260805098108E-1));
#9276=DIRECTION('',(6.260805098108E-1,0.E0,-7.797584210735E-1));
#9277=AXIS2_PLACEMENT_3D('',#9274,#9275,#9276);
#9278=PLANE('',#9277);
#9279=ORIENTED_EDGE('',*,*,#8017,.F.);
#9281=ORIENTED_EDGE('',*,*,#9280,.T.);
#9282=ORIENTED_EDGE('',*,*,#8671,.T.);
#9283=ORIENTED_EDGE('',*,*,#9260,.F.);
#9284=EDGE_LOOP('',(#9279,#9281,#9282,#9283));
#9285=FACE_OUTER_BOUND('',#9284,.F.);
#9286=ADVANCED_FACE('',(#9285),#9278,.T.);
#9287=FILL_AREA_STYLE_COLOUR('',#5);
#9288=FILL_AREA_STYLE('',(#9287));
#9289=SURFACE_STYLE_FILL_AREA(#9288);
#9290=SURFACE_SIDE_STYLE('',(#9289));
#9291=SURFACE_STYLE_USAGE(.POSITIVE.,#9290);
#9292=PRESENTATION_STYLE_ASSIGNMENT((#9291));
#9293=STYLED_ITEM('',(#9292),#9286);
#9294=CARTESIAN_POINT('',(-2.288823066364E0,-1.15E0,1.715187213386E0));
#9295=DIRECTION('',(-3.834239155070E-1,0.E0,-9.235724665760E-1));
#9296=DIRECTION('',(9.235724665760E-1,0.E0,-3.834239155070E-1));
#9297=AXIS2_PLACEMENT_3D('',#9294,#9295,#9296);
#9298=PLANE('',#9297);
#9299=ORIENTED_EDGE('',*,*,#8015,.F.);
#9301=ORIENTED_EDGE('',*,*,#9300,.T.);
#9302=ORIENTED_EDGE('',*,*,#8673,.T.);
#9303=ORIENTED_EDGE('',*,*,#9280,.F.);
#9304=EDGE_LOOP('',(#9299,#9301,#9302,#9303));
#9305=FACE_OUTER_BOUND('',#9304,.F.);
#9306=ADVANCED_FACE('',(#9305),#9298,.T.);
#9307=FILL_AREA_STYLE_COLOUR('',#5);
#9308=FILL_AREA_STYLE('',(#9307));
#9309=SURFACE_STYLE_FILL_AREA(#9308);
#9310=SURFACE_SIDE_STYLE('',(#9309));
#9311=SURFACE_STYLE_USAGE(.POSITIVE.,#9310);
#9312=PRESENTATION_STYLE_ASSIGNMENT((#9311));
#9313=STYLED_ITEM('',(#9312),#9306);
#9314=CARTESIAN_POINT('',(-2.398313566364E0,-1.15E0,1.715187213386E0));
#9315=DIRECTION('',(0.E0,0.E0,-1.E0));
#9316=DIRECTION('',(1.E0,0.E0,0.E0));
#9317=AXIS2_PLACEMENT_3D('',#9314,#9315,#9316);
#9318=PLANE('',#9317);
#9319=ORIENTED_EDGE('',*,*,#8013,.F.);
#9321=ORIENTED_EDGE('',*,*,#9320,.T.);
#9322=ORIENTED_EDGE('',*,*,#8675,.T.);
#9323=ORIENTED_EDGE('',*,*,#9300,.F.);
#9324=EDGE_LOOP('',(#9319,#9321,#9322,#9323));
#9325=FACE_OUTER_BOUND('',#9324,.F.);
#9326=ADVANCED_FACE('',(#9325),#9318,.T.);
#9327=FILL_AREA_STYLE_COLOUR('',#5);
#9328=FILL_AREA_STYLE('',(#9327));
#9329=SURFACE_STYLE_FILL_AREA(#9328);
#9330=SURFACE_SIDE_STYLE('',(#9329));
#9331=SURFACE_STYLE_USAGE(.POSITIVE.,#9330);
#9332=PRESENTATION_STYLE_ASSIGNMENT((#9331));
#9333=STYLED_ITEM('',(#9332),#9326);
#9334=CARTESIAN_POINT('',(-2.453058816364E0,-1.15E0,1.692459556521E0));
#9335=DIRECTION('',(3.834239155070E-1,0.E0,-9.235724665760E-1));
#9336=DIRECTION('',(9.235724665760E-1,0.E0,3.834239155070E-1));
#9337=AXIS2_PLACEMENT_3D('',#9334,#9335,#9336);
#9338=PLANE('',#9337);
#9339=ORIENTED_EDGE('',*,*,#8011,.F.);
#9341=ORIENTED_EDGE('',*,*,#9340,.T.);
#9342=ORIENTED_EDGE('',*,*,#8677,.T.);
#9343=ORIENTED_EDGE('',*,*,#9320,.F.);
#9344=EDGE_LOOP('',(#9339,#9341,#9342,#9343));
#9345=FACE_OUTER_BOUND('',#9344,.F.);
#9346=ADVANCED_FACE('',(#9345),#9338,.T.);
#9347=FILL_AREA_STYLE_COLOUR('',#5);
#9348=FILL_AREA_STYLE('',(#9347));
#9349=SURFACE_STYLE_FILL_AREA(#9348);
#9350=SURFACE_SIDE_STYLE('',(#9349));
#9351=SURFACE_STYLE_USAGE(.POSITIVE.,#9350);
#9352=PRESENTATION_STYLE_ASSIGNMENT((#9351));
#9353=STYLED_ITEM('',(#9352),#9346);
#9354=CARTESIAN_POINT('',(-2.507804066364E0,-1.15E0,1.647004242791E0));
#9355=DIRECTION('',(6.388088435810E-1,0.E0,-7.693654927034E-1));
#9356=DIRECTION('',(7.693654927034E-1,0.E0,6.388088435810E-1));
#9357=AXIS2_PLACEMENT_3D('',#9354,#9355,#9356);
#9358=PLANE('',#9357);
#9359=ORIENTED_EDGE('',*,*,#8009,.F.);
#9361=ORIENTED_EDGE('',*,*,#9360,.T.);
#9362=ORIENTED_EDGE('',*,*,#8679,.T.);
#9363=ORIENTED_EDGE('',*,*,#9340,.F.);
#9364=EDGE_LOOP('',(#9359,#9361,#9362,#9363));
#9365=FACE_OUTER_BOUND('',#9364,.F.);
#9366=ADVANCED_FACE('',(#9365),#9358,.T.);
#9367=FILL_AREA_STYLE_COLOUR('',#5);
#9368=FILL_AREA_STYLE('',(#9367));
#9369=SURFACE_STYLE_FILL_AREA(#9368);
#9370=SURFACE_SIDE_STYLE('',(#9369));
#9371=SURFACE_STYLE_USAGE(.POSITIVE.,#9370);
#9372=PRESENTATION_STYLE_ASSIGNMENT((#9371));
#9373=STYLED_ITEM('',(#9372),#9366);
#9374=CARTESIAN_POINT('',(-2.526052517837E0,-1.15E0,1.578821208525E0));
#9375=DIRECTION('',(9.660006536034E-1,0.E0,-2.585396241155E-1));
#9376=DIRECTION('',(2.585396241155E-1,0.E0,9.660006536034E-1));
#9377=AXIS2_PLACEMENT_3D('',#9374,#9375,#9376);
#9378=PLANE('',#9377);
#9379=ORIENTED_EDGE('',*,*,#8007,.F.);
#9381=ORIENTED_EDGE('',*,*,#9380,.T.);
#9382=ORIENTED_EDGE('',*,*,#8681,.T.);
#9383=ORIENTED_EDGE('',*,*,#9360,.F.);
#9384=EDGE_LOOP('',(#9379,#9381,#9382,#9383));
#9385=FACE_OUTER_BOUND('',#9384,.F.);
#9386=ADVANCED_FACE('',(#9385),#9378,.T.);
#9387=FILL_AREA_STYLE_COLOUR('',#5);
#9388=FILL_AREA_STYLE('',(#9387));
#9389=SURFACE_STYLE_FILL_AREA(#9388);
#9390=SURFACE_SIDE_STYLE('',(#9389));
#9391=SURFACE_STYLE_USAGE(.POSITIVE.,#9390);
#9392=PRESENTATION_STYLE_ASSIGNMENT((#9391));
#9393=STYLED_ITEM('',(#9392),#9386);
#9394=CARTESIAN_POINT('',(-2.526052517837E0,-1.15E0,1.533365894795E0));
#9395=DIRECTION('',(1.E0,0.E0,0.E0));
#9396=DIRECTION('',(0.E0,0.E0,1.E0));
#9397=AXIS2_PLACEMENT_3D('',#9394,#9395,#9396);
#9398=PLANE('',#9397);
#9399=ORIENTED_EDGE('',*,*,#8005,.F.);
#9401=ORIENTED_EDGE('',*,*,#9400,.T.);
#9402=ORIENTED_EDGE('',*,*,#8683,.T.);
#9403=ORIENTED_EDGE('',*,*,#9380,.F.);
#9404=EDGE_LOOP('',(#9399,#9401,#9402,#9403));
#9405=FACE_OUTER_BOUND('',#9404,.F.);
#9406=ADVANCED_FACE('',(#9405),#9398,.T.);
#9407=FILL_AREA_STYLE_COLOUR('',#5);
#9408=FILL_AREA_STYLE('',(#9407));
#9409=SURFACE_STYLE_FILL_AREA(#9408);
#9410=SURFACE_SIDE_STYLE('',(#9409));
#9411=SURFACE_STYLE_USAGE(.POSITIVE.,#9410);
#9412=PRESENTATION_STYLE_ASSIGNMENT((#9411));
#9413=STYLED_ITEM('',(#9412),#9406);
#9414=CARTESIAN_POINT('',(-2.507804066364E0,-1.15E0,1.465182924200E0));
#9415=DIRECTION('',(9.660005933074E-1,0.E0,2.585398494038E-1));
#9416=DIRECTION('',(-2.585398494038E-1,0.E0,9.660005933074E-1));
#9417=AXIS2_PLACEMENT_3D('',#9414,#9415,#9416);
#9418=PLANE('',#9417);
#9419=ORIENTED_EDGE('',*,*,#8003,.F.);
#9421=ORIENTED_EDGE('',*,*,#9420,.T.);
#9422=ORIENTED_EDGE('',*,*,#8685,.T.);
#9423=ORIENTED_EDGE('',*,*,#9400,.F.);
#9424=EDGE_LOOP('',(#9419,#9421,#9422,#9423));
#9425=FACE_OUTER_BOUND('',#9424,.F.);
#9426=ADVANCED_FACE('',(#9425),#9418,.T.);
#9427=FILL_AREA_STYLE_COLOUR('',#5);
#9428=FILL_AREA_STYLE('',(#9427));
#9429=SURFACE_STYLE_FILL_AREA(#9428);
#9430=SURFACE_SIDE_STYLE('',(#9429));
#9431=SURFACE_STYLE_USAGE(.POSITIVE.,#9430);
#9432=PRESENTATION_STYLE_ASSIGNMENT((#9431));
#9433=STYLED_ITEM('',(#9432),#9426);
#9434=CARTESIAN_POINT('',(-2.453058816364E0,-1.15E0,1.419727610470E0));
#9435=DIRECTION('',(6.388088435810E-1,0.E0,7.693654927034E-1));
#9436=DIRECTION('',(-7.693654927034E-1,0.E0,6.388088435810E-1));
#9437=AXIS2_PLACEMENT_3D('',#9434,#9435,#9436);
#9438=PLANE('',#9437);
#9439=ORIENTED_EDGE('',*,*,#8001,.F.);
#9441=ORIENTED_EDGE('',*,*,#9440,.T.);
#9442=ORIENTED_EDGE('',*,*,#8687,.T.);
#9443=ORIENTED_EDGE('',*,*,#9420,.F.);
#9444=EDGE_LOOP('',(#9439,#9441,#9442,#9443));
#9445=FACE_OUTER_BOUND('',#9444,.F.);
#9446=ADVANCED_FACE('',(#9445),#9438,.T.);
#9447=FILL_AREA_STYLE_COLOUR('',#5);
#9448=FILL_AREA_STYLE('',(#9447));
#9449=SURFACE_STYLE_FILL_AREA(#9448);
#9450=SURFACE_SIDE_STYLE('',(#9449));
#9451=SURFACE_STYLE_USAGE(.POSITIVE.,#9450);
#9452=PRESENTATION_STYLE_ASSIGNMENT((#9451));
#9453=STYLED_ITEM('',(#9452),#9446);
#9454=CARTESIAN_POINT('',(-2.398313566364E0,-1.15E0,1.396999953605E0));
#9455=DIRECTION('',(3.834239155070E-1,0.E0,9.235724665760E-1));
#9456=DIRECTION('',(-9.235724665760E-1,0.E0,3.834239155070E-1));
#9457=AXIS2_PLACEMENT_3D('',#9454,#9455,#9456);
#9458=PLANE('',#9457);
#9459=ORIENTED_EDGE('',*,*,#7999,.F.);
#9461=ORIENTED_EDGE('',*,*,#9460,.T.);
#9462=ORIENTED_EDGE('',*,*,#8689,.T.);
#9463=ORIENTED_EDGE('',*,*,#9440,.F.);
#9464=EDGE_LOOP('',(#9459,#9461,#9462,#9463));
#9465=FACE_OUTER_BOUND('',#9464,.F.);
#9466=ADVANCED_FACE('',(#9465),#9458,.T.);
#9467=FILL_AREA_STYLE_COLOUR('',#5);
#9468=FILL_AREA_STYLE('',(#9467));
#9469=SURFACE_STYLE_FILL_AREA(#9468);
#9470=SURFACE_SIDE_STYLE('',(#9469));
#9471=SURFACE_STYLE_USAGE(.POSITIVE.,#9470);
#9472=PRESENTATION_STYLE_ASSIGNMENT((#9471));
#9473=STYLED_ITEM('',(#9472),#9466);
#9474=CARTESIAN_POINT('',(-2.288823066364E0,-1.15E0,1.396999953605E0));
#9475=DIRECTION('',(0.E0,0.E0,1.E0));
#9476=DIRECTION('',(-1.E0,0.E0,0.E0));
#9477=AXIS2_PLACEMENT_3D('',#9474,#9475,#9476);
#9478=PLANE('',#9477);
#9479=ORIENTED_EDGE('',*,*,#7997,.F.);
#9481=ORIENTED_EDGE('',*,*,#9480,.T.);
#9482=ORIENTED_EDGE('',*,*,#8691,.T.);
#9483=ORIENTED_EDGE('',*,*,#9460,.F.);
#9484=EDGE_LOOP('',(#9479,#9481,#9482,#9483));
#9485=FACE_OUTER_BOUND('',#9484,.F.);
#9486=ADVANCED_FACE('',(#9485),#9478,.T.);
#9487=FILL_AREA_STYLE_COLOUR('',#5);
#9488=FILL_AREA_STYLE('',(#9487));
#9489=SURFACE_STYLE_FILL_AREA(#9488);
#9490=SURFACE_SIDE_STYLE('',(#9489));
#9491=SURFACE_STYLE_USAGE(.POSITIVE.,#9490);
#9492=PRESENTATION_STYLE_ASSIGNMENT((#9491));
#9493=STYLED_ITEM('',(#9492),#9486);
#9494=CARTESIAN_POINT('',(-2.197581017837E0,-1.15E0,1.374272296739E0));
#9495=DIRECTION('',(2.417062122352E-1,0.E0,9.703494767180E-1));
#9496=DIRECTION('',(-9.703494767180E-1,0.E0,2.417062122352E-1));
#9497=AXIS2_PLACEMENT_3D('',#9494,#9495,#9496);
#9498=PLANE('',#9497);
#9499=ORIENTED_EDGE('',*,*,#7995,.F.);
#9501=ORIENTED_EDGE('',*,*,#9500,.T.);
#9502=ORIENTED_EDGE('',*,*,#8693,.T.);
#9503=ORIENTED_EDGE('',*,*,#9480,.F.);
#9504=EDGE_LOOP('',(#9499,#9501,#9502,#9503));
#9505=FACE_OUTER_BOUND('',#9504,.F.);
#9506=ADVANCED_FACE('',(#9505),#9498,.T.);
#9507=FILL_AREA_STYLE_COLOUR('',#5);
#9508=FILL_AREA_STYLE('',(#9507));
#9509=SURFACE_STYLE_FILL_AREA(#9508);
#9510=SURFACE_SIDE_STYLE('',(#9509));
#9511=SURFACE_STYLE_USAGE(.POSITIVE.,#9510);
#9512=PRESENTATION_STYLE_ASSIGNMENT((#9511));
#9513=STYLED_ITEM('',(#9512),#9506);
#9514=CARTESIAN_POINT('',(-2.124587316364E0,-1.15E0,1.328816983009E0));
#9515=DIRECTION('',(5.286121300861E-1,0.E0,8.488634848584E-1));
#9516=DIRECTION('',(-8.488634848584E-1,0.E0,5.286121300861E-1));
#9517=AXIS2_PLACEMENT_3D('',#9514,#9515,#9516);
#9518=PLANE('',#9517);
#9519=ORIENTED_EDGE('',*,*,#7993,.F.);
#9521=ORIENTED_EDGE('',*,*,#9520,.T.);
#9522=ORIENTED_EDGE('',*,*,#8695,.T.);
#9523=ORIENTED_EDGE('',*,*,#9500,.F.);
#9524=EDGE_LOOP('',(#9519,#9521,#9522,#9523));
#9525=FACE_OUTER_BOUND('',#9524,.F.);
#9526=ADVANCED_FACE('',(#9525),#9518,.T.);
#9527=FILL_AREA_STYLE_COLOUR('',#5);
#9528=FILL_AREA_STYLE('',(#9527));
#9529=SURFACE_STYLE_FILL_AREA(#9528);
#9530=SURFACE_SIDE_STYLE('',(#9529));
#9531=SURFACE_STYLE_USAGE(.POSITIVE.,#9530);
#9532=PRESENTATION_STYLE_ASSIGNMENT((#9531));
#9533=STYLED_ITEM('',(#9532),#9526);
#9534=CARTESIAN_POINT('',(-2.051593719310E0,-1.15E0,1.237906355549E0));
#9535=DIRECTION('',(7.797584210735E-1,0.E0,6.260805098108E-1));
#9536=DIRECTION('',(-6.260805098108E-1,0.E0,7.797584210735E-1));
#9537=AXIS2_PLACEMENT_3D('',#9534,#9535,#9536);
#9538=PLANE('',#9537);
#9539=ORIENTED_EDGE('',*,*,#7991,.F.);
#9541=ORIENTED_EDGE('',*,*,#9540,.T.);
#9542=ORIENTED_EDGE('',*,*,#8697,.T.);
#9543=ORIENTED_EDGE('',*,*,#9520,.F.);
#9544=EDGE_LOOP('',(#9539,#9541,#9542,#9543));
#9545=FACE_OUTER_BOUND('',#9544,.F.);
#9546=ADVANCED_FACE('',(#9545),#9538,.T.);
#9547=FILL_AREA_STYLE_COLOUR('',#5);
#9548=FILL_AREA_STYLE('',(#9547));
#9549=SURFACE_STYLE_FILL_AREA(#9548);
#9550=SURFACE_SIDE_STYLE('',(#9549));
#9551=SURFACE_STYLE_USAGE(.POSITIVE.,#9550);
#9552=PRESENTATION_STYLE_ASSIGNMENT((#9551));
#9553=STYLED_ITEM('',(#9552),#9546);
#9554=CARTESIAN_POINT('',(-2.015096816364E0,-1.15E0,1.146995696253E0));
#9555=DIRECTION('',(9.280090706241E-1,0.E0,3.725575993581E-1));
#9556=DIRECTION('',(-3.725575993581E-1,0.E0,9.280090706241E-1));
#9557=AXIS2_PLACEMENT_3D('',#9554,#9555,#9556);
#9558=PLANE('',#9557);
#9559=ORIENTED_EDGE('',*,*,#7989,.F.);
#9561=ORIENTED_EDGE('',*,*,#9560,.T.);
#9562=ORIENTED_EDGE('',*,*,#8699,.T.);
#9563=ORIENTED_EDGE('',*,*,#9540,.F.);
#9564=EDGE_LOOP('',(#9559,#9561,#9562,#9563));
#9565=FACE_OUTER_BOUND('',#9564,.F.);
#9566=ADVANCED_FACE('',(#9565),#9558,.T.);
#9567=FILL_AREA_STYLE_COLOUR('',#5);
#9568=FILL_AREA_STYLE('',(#9567));
#9569=SURFACE_STYLE_FILL_AREA(#9568);
#9570=SURFACE_SIDE_STYLE('',(#9569));
#9571=SURFACE_STYLE_USAGE(.POSITIVE.,#9570);
#9572=PRESENTATION_STYLE_ASSIGNMENT((#9571));
#9573=STYLED_ITEM('',(#9572),#9566);
#9574=CARTESIAN_POINT('',(-2.015096816364E0,-1.15E0,1.033357411928E0));
#9575=DIRECTION('',(1.E0,0.E0,0.E0));
#9576=DIRECTION('',(0.E0,0.E0,1.E0));
#9577=AXIS2_PLACEMENT_3D('',#9574,#9575,#9576);
#9578=PLANE('',#9577);
#9579=ORIENTED_EDGE('',*,*,#7987,.F.);
#9581=ORIENTED_EDGE('',*,*,#9580,.T.);
#9582=ORIENTED_EDGE('',*,*,#8701,.T.);
#9583=ORIENTED_EDGE('',*,*,#9560,.F.);
#9584=EDGE_LOOP('',(#9579,#9581,#9582,#9583));
#9585=FACE_OUTER_BOUND('',#9584,.F.);
#9586=ADVANCED_FACE('',(#9585),#9578,.T.);
#9587=FILL_AREA_STYLE_COLOUR('',#5);
#9588=FILL_AREA_STYLE('',(#9587));
#9589=SURFACE_STYLE_FILL_AREA(#9588);
#9590=SURFACE_SIDE_STYLE('',(#9589));
#9591=SURFACE_STYLE_USAGE(.POSITIVE.,#9590);
#9592=PRESENTATION_STYLE_ASSIGNMENT((#9591));
#9593=STYLED_ITEM('',(#9592),#9586);
#9594=CARTESIAN_POINT('',(-2.051593719310E0,-1.15E0,9.424467685499E-1));
#9595=DIRECTION('',(9.280090480714E-1,0.E0,-3.725576555347E-1));
#9596=DIRECTION('',(3.725576555347E-1,0.E0,9.280090480714E-1));
#9597=AXIS2_PLACEMENT_3D('',#9594,#9595,#9596);
#9598=PLANE('',#9597);
#9599=ORIENTED_EDGE('',*,*,#7985,.F.);
#9601=ORIENTED_EDGE('',*,*,#9600,.T.);
#9602=ORIENTED_EDGE('',*,*,#8703,.T.);
#9603=ORIENTED_EDGE('',*,*,#9580,.F.);
#9604=EDGE_LOOP('',(#9599,#9601,#9602,#9603));
#9605=FACE_OUTER_BOUND('',#9604,.F.);
#9606=ADVANCED_FACE('',(#9605),#9598,.T.);
#9607=FILL_AREA_STYLE_COLOUR('',#5);
#9608=FILL_AREA_STYLE('',(#9607));
#9609=SURFACE_STYLE_FILL_AREA(#9608);
#9610=SURFACE_SIDE_STYLE('',(#9609));
#9611=SURFACE_STYLE_USAGE(.POSITIVE.,#9610);
#9612=PRESENTATION_STYLE_ASSIGNMENT((#9611));
#9613=STYLED_ITEM('',(#9612),#9606);
#9614=CARTESIAN_POINT('',(-2.124587316364E0,-1.15E0,8.515361331307E-1));
#9615=DIRECTION('',(7.797584478312E-1,0.E0,-6.260804764852E-1));
#9616=DIRECTION('',(6.260804764852E-1,0.E0,7.797584478312E-1));
#9617=AXIS2_PLACEMENT_3D('',#9614,#9615,#9616);
#9618=PLANE('',#9617);
#9619=ORIENTED_EDGE('',*,*,#7983,.F.);
#9621=ORIENTED_EDGE('',*,*,#9620,.T.);
#9622=ORIENTED_EDGE('',*,*,#8705,.T.);
#9623=ORIENTED_EDGE('',*,*,#9600,.F.);
#9624=EDGE_LOOP('',(#9619,#9621,#9622,#9623));
#9625=FACE_OUTER_BOUND('',#9624,.F.);
#9626=ADVANCED_FACE('',(#9625),#9618,.T.);
#9627=FILL_AREA_STYLE_COLOUR('',#5);
#9628=FILL_AREA_STYLE('',(#9627));
#9629=SURFACE_STYLE_FILL_AREA(#9628);
#9630=SURFACE_SIDE_STYLE('',(#9629));
#9631=SURFACE_STYLE_USAGE(.POSITIVE.,#9630);
#9632=PRESENTATION_STYLE_ASSIGNMENT((#9631));
#9633=STYLED_ITEM('',(#9632),#9626);
#9634=CARTESIAN_POINT('',(-2.197581017837E0,-1.15E0,8.060808134314E-1));
#9635=DIRECTION('',(5.286121801047E-1,0.E0,-8.488634537103E-1));
#9636=DIRECTION('',(8.488634537103E-1,0.E0,5.286121801047E-1));
#9637=AXIS2_PLACEMENT_3D('',#9634,#9635,#9636);
#9638=PLANE('',#9637);
#9639=ORIENTED_EDGE('',*,*,#7981,.F.);
#9641=ORIENTED_EDGE('',*,*,#9640,.T.);
#9642=ORIENTED_EDGE('',*,*,#8707,.T.);
#9643=ORIENTED_EDGE('',*,*,#9620,.F.);
#9644=EDGE_LOOP('',(#9639,#9641,#9642,#9643));
#9645=FACE_OUTER_BOUND('',#9644,.F.);
#9646=ADVANCED_FACE('',(#9645),#9638,.T.);
#9647=FILL_AREA_STYLE_COLOUR('',#5);
#9648=FILL_AREA_STYLE('',(#9647));
#9649=SURFACE_STYLE_FILL_AREA(#9648);
#9650=SURFACE_SIDE_STYLE('',(#9649));
#9651=SURFACE_STYLE_USAGE(.POSITIVE.,#9650);
#9652=PRESENTATION_STYLE_ASSIGNMENT((#9651));
#9653=STYLED_ITEM('',(#9652),#9646);
#9654=CARTESIAN_POINT('',(-2.288823066364E0,-1.15E0,7.833531545766E-1));
#9655=DIRECTION('',(2.417062321590E-1,0.E0,-9.703494717552E-1));
#9656=DIRECTION('',(9.703494717552E-1,0.E0,2.417062321590E-1));
#9657=AXIS2_PLACEMENT_3D('',#9654,#9655,#9656);
#9658=PLANE('',#9657);
#9659=ORIENTED_EDGE('',*,*,#7979,.F.);
#9661=ORIENTED_EDGE('',*,*,#9660,.T.);
#9662=ORIENTED_EDGE('',*,*,#8709,.T.);
#9663=ORIENTED_EDGE('',*,*,#9640,.F.);
#9664=EDGE_LOOP('',(#9659,#9661,#9662,#9663));
#9665=FACE_OUTER_BOUND('',#9664,.F.);
#9666=ADVANCED_FACE('',(#9665),#9658,.T.);
#9667=FILL_AREA_STYLE_COLOUR('',#5);
#9668=FILL_AREA_STYLE('',(#9667));
#9669=SURFACE_STYLE_FILL_AREA(#9668);
#9670=SURFACE_SIDE_STYLE('',(#9669));
#9671=SURFACE_STYLE_USAGE(.POSITIVE.,#9670);
#9672=PRESENTATION_STYLE_ASSIGNMENT((#9671));
#9673=STYLED_ITEM('',(#9672),#9666);
#9674=CARTESIAN_POINT('',(-2.434810469310E0,-1.15E0,7.833531545766E-1));
#9675=DIRECTION('',(0.E0,0.E0,-1.E0));
#9676=DIRECTION('',(1.E0,0.E0,0.E0));
#9677=AXIS2_PLACEMENT_3D('',#9674,#9675,#9676);
#9678=PLANE('',#9677);
#9679=ORIENTED_EDGE('',*,*,#7977,.F.);
#9681=ORIENTED_EDGE('',*,*,#9680,.T.);
#9682=ORIENTED_EDGE('',*,*,#8711,.T.);
#9683=ORIENTED_EDGE('',*,*,#9660,.F.);
#9684=EDGE_LOOP('',(#9679,#9681,#9682,#9683));
#9685=FACE_OUTER_BOUND('',#9684,.F.);
#9686=ADVANCED_FACE('',(#9685),#9678,.T.);
#9687=FILL_AREA_STYLE_COLOUR('',#5);
#9688=FILL_AREA_STYLE('',(#9687));
#9689=SURFACE_STYLE_FILL_AREA(#9688);
#9690=SURFACE_SIDE_STYLE('',(#9689));
#9691=SURFACE_STYLE_USAGE(.POSITIVE.,#9690);
#9692=PRESENTATION_STYLE_ASSIGNMENT((#9691));
#9693=STYLED_ITEM('',(#9692),#9686);
#9694=CARTESIAN_POINT('',(-2.526052517837E0,-1.15E0,8.060808134314E-1));
#9695=DIRECTION('',(-2.417062321590E-1,0.E0,-9.703494717552E-1));
#9696=DIRECTION('',(9.703494717552E-1,0.E0,-2.417062321590E-1));
#9697=AXIS2_PLACEMENT_3D('',#9694,#9695,#9696);
#9698=PLANE('',#9697);
#9699=ORIENTED_EDGE('',*,*,#7975,.F.);
#9701=ORIENTED_EDGE('',*,*,#9700,.T.);
#9702=ORIENTED_EDGE('',*,*,#8713,.T.);
#9703=ORIENTED_EDGE('',*,*,#9680,.F.);
#9704=EDGE_LOOP('',(#9699,#9701,#9702,#9703));
#9705=FACE_OUTER_BOUND('',#9704,.F.);
#9706=ADVANCED_FACE('',(#9705),#9698,.T.);
#9707=FILL_AREA_STYLE_COLOUR('',#5);
#9708=FILL_AREA_STYLE('',(#9707));
#9709=SURFACE_STYLE_FILL_AREA(#9708);
#9710=SURFACE_SIDE_STYLE('',(#9709));
#9711=SURFACE_STYLE_USAGE(.POSITIVE.,#9710);
#9712=PRESENTATION_STYLE_ASSIGNMENT((#9711));
#9713=STYLED_ITEM('',(#9712),#9706);
#9714=CARTESIAN_POINT('',(-2.617294566364E0,-1.15E0,8.742637899958E-1));
#9715=DIRECTION('',(-5.986024810786E-1,0.E0,-8.010462344001E-1));
#9716=DIRECTION('',(8.010462344001E-1,0.E0,-5.986024810786E-1));
#9717=AXIS2_PLACEMENT_3D('',#9714,#9715,#9716);
#9718=PLANE('',#9717);
#9719=ORIENTED_EDGE('',*,*,#7973,.F.);
#9721=ORIENTED_EDGE('',*,*,#9720,.T.);
#9722=ORIENTED_EDGE('',*,*,#8715,.T.);
#9723=ORIENTED_EDGE('',*,*,#9700,.F.);
#9724=EDGE_LOOP('',(#9719,#9721,#9722,#9723));
#9725=FACE_OUTER_BOUND('',#9724,.F.);
#9726=ADVANCED_FACE('',(#9725),#9718,.T.);
#9727=FILL_AREA_STYLE_COLOUR('',#5);
#9728=FILL_AREA_STYLE('',(#9727));
#9729=SURFACE_STYLE_FILL_AREA(#9728);
#9730=SURFACE_SIDE_STYLE('',(#9729));
#9731=SURFACE_STYLE_USAGE(.POSITIVE.,#9730);
#9732=PRESENTATION_STYLE_ASSIGNMENT((#9731));
#9733=STYLED_ITEM('',(#9732),#9726);
#9734=CARTESIAN_POINT('',(-2.672039816364E0,-1.15E0,9.879020981975E-1));
#9735=DIRECTION('',(-9.009071086670E-1,0.E0,-4.340119601499E-1));
#9736=DIRECTION('',(4.340119601499E-1,0.E0,-9.009071086670E-1));
#9737=AXIS2_PLACEMENT_3D('',#9734,#9735,#9736);
#9738=PLANE('',#9737);
#9739=ORIENTED_EDGE('',*,*,#7971,.F.);
#9741=ORIENTED_EDGE('',*,*,#9740,.T.);
#9742=ORIENTED_EDGE('',*,*,#8717,.T.);
#9743=ORIENTED_EDGE('',*,*,#9720,.F.);
#9744=EDGE_LOOP('',(#9739,#9741,#9742,#9743));
#9745=FACE_OUTER_BOUND('',#9744,.F.);
#9746=ADVANCED_FACE('',(#9745),#9738,.T.);
#9747=FILL_AREA_STYLE_COLOUR('',#5);
#9748=FILL_AREA_STYLE('',(#9747));
#9749=SURFACE_STYLE_FILL_AREA(#9748);
#9750=SURFACE_SIDE_STYLE('',(#9749));
#9751=SURFACE_STYLE_USAGE(.POSITIVE.,#9750);
#9752=PRESENTATION_STYLE_ASSIGNMENT((#9751));
#9753=STYLED_ITEM('',(#9752),#9746);
#9754=CARTESIAN_POINT('',(-2.690288267837E0,-1.15E0,1.078812725658E0));
#9755=DIRECTION('',(-9.804428758043E-1,0.E0,-1.968038802582E-1));
#9756=DIRECTION('',(1.968038802582E-1,0.E0,-9.804428758043E-1));
#9757=AXIS2_PLACEMENT_3D('',#9754,#9755,#9756);
#9758=PLANE('',#9757);
#9759=ORIENTED_EDGE('',*,*,#7969,.F.);
#9761=ORIENTED_EDGE('',*,*,#9760,.T.);
#9762=ORIENTED_EDGE('',*,*,#8719,.T.);
#9763=ORIENTED_EDGE('',*,*,#9740,.F.);
#9764=EDGE_LOOP('',(#9759,#9761,#9762,#9763));
#9765=FACE_OUTER_BOUND('',#9764,.F.);
#9766=ADVANCED_FACE('',(#9765),#9758,.T.);
#9767=FILL_AREA_STYLE_COLOUR('',#5);
#9768=FILL_AREA_STYLE('',(#9767));
#9769=SURFACE_STYLE_FILL_AREA(#9768);
#9770=SURFACE_SIDE_STYLE('',(#9769));
#9771=SURFACE_STYLE_USAGE(.POSITIVE.,#9770);
#9772=PRESENTATION_STYLE_ASSIGNMENT((#9771));
#9773=STYLED_ITEM('',(#9772),#9766);
#9774=CARTESIAN_POINT('',(-2.580797767837E0,-1.15E0,1.078812725658E0));
#9775=DIRECTION('',(0.E0,0.E0,1.E0));
#9776=DIRECTION('',(-1.E0,0.E0,0.E0));
#9777=AXIS2_PLACEMENT_3D('',#9774,#9775,#9776);
#9778=PLANE('',#9777);
#9779=ORIENTED_EDGE('',*,*,#7967,.F.);
#9781=ORIENTED_EDGE('',*,*,#9780,.T.);
#9782=ORIENTED_EDGE('',*,*,#8721,.T.);
#9783=ORIENTED_EDGE('',*,*,#9760,.F.);
#9784=EDGE_LOOP('',(#9779,#9781,#9782,#9783));
#9785=FACE_OUTER_BOUND('',#9784,.F.);
#9786=ADVANCED_FACE('',(#9785),#9778,.T.);
#9787=FILL_AREA_STYLE_COLOUR('',#5);
#9788=FILL_AREA_STYLE('',(#9787));
#9789=SURFACE_STYLE_FILL_AREA(#9788);
#9790=SURFACE_SIDE_STYLE('',(#9789));
#9791=SURFACE_STYLE_USAGE(.POSITIVE.,#9790);
#9792=PRESENTATION_STYLE_ASSIGNMENT((#9791));
#9793=STYLED_ITEM('',(#9792),#9786);
#9794=CARTESIAN_POINT('',(-2.562549316364E0,-1.15E0,1.010629755063E0));
#9795=DIRECTION('',(9.660005933074E-1,0.E0,2.585398494038E-1));
#9796=DIRECTION('',(-2.585398494038E-1,0.E0,9.660005933074E-1));
#9797=AXIS2_PLACEMENT_3D('',#9794,#9795,#9796);
#9798=PLANE('',#9797);
#9799=ORIENTED_EDGE('',*,*,#7965,.F.);
#9801=ORIENTED_EDGE('',*,*,#9800,.T.);
#9802=ORIENTED_EDGE('',*,*,#8723,.T.);
#9803=ORIENTED_EDGE('',*,*,#9780,.F.);
#9804=EDGE_LOOP('',(#9799,#9801,#9802,#9803));
#9805=FACE_OUTER_BOUND('',#9804,.F.);
#9806=ADVANCED_FACE('',(#9805),#9798,.T.);
#9807=FILL_AREA_STYLE_COLOUR('',#5);
#9808=FILL_AREA_STYLE('',(#9807));
#9809=SURFACE_STYLE_FILL_AREA(#9808);
#9810=SURFACE_SIDE_STYLE('',(#9809));
#9811=SURFACE_STYLE_USAGE(.POSITIVE.,#9810);
#9812=PRESENTATION_STYLE_ASSIGNMENT((#9811));
#9813=STYLED_ITEM('',(#9812),#9806);
#9814=CARTESIAN_POINT('',(-2.507804066364E0,-1.15E0,9.424467685499E-1));
#9815=DIRECTION('',(7.797582009392E-1,0.E0,6.260807839792E-1));
#9816=DIRECTION('',(-6.260807839792E-1,0.E0,7.797582009392E-1));
#9817=AXIS2_PLACEMENT_3D('',#9814,#9815,#9816);
#9818=PLANE('',#9817);
#9819=ORIENTED_EDGE('',*,*,#7963,.F.);
#9821=ORIENTED_EDGE('',*,*,#9820,.T.);
#9822=ORIENTED_EDGE('',*,*,#8725,.T.);
#9823=ORIENTED_EDGE('',*,*,#9800,.F.);
#9824=EDGE_LOOP('',(#9819,#9821,#9822,#9823));
#9825=FACE_OUTER_BOUND('',#9824,.F.);
#9826=ADVANCED_FACE('',(#9825),#9818,.T.);
#9827=FILL_AREA_STYLE_COLOUR('',#5);
#9828=FILL_AREA_STYLE('',(#9827));
#9829=SURFACE_STYLE_FILL_AREA(#9828);
#9830=SURFACE_SIDE_STYLE('',(#9829));
#9831=SURFACE_STYLE_USAGE(.POSITIVE.,#9830);
#9832=PRESENTATION_STYLE_ASSIGNMENT((#9831));
#9833=STYLED_ITEM('',(#9832),#9826);
#9834=CARTESIAN_POINT('',(-2.434810469310E0,-1.15E0,9.197191116848E-1));
#9835=DIRECTION('',(2.972876282086E-1,0.E0,9.547879691922E-1));
#9836=DIRECTION('',(-9.547879691922E-1,0.E0,2.972876282086E-1));
#9837=AXIS2_PLACEMENT_3D('',#9834,#9835,#9836);
#9838=PLANE('',#9837);
#9839=ORIENTED_EDGE('',*,*,#7961,.F.);
#9841=ORIENTED_EDGE('',*,*,#9840,.T.);
#9842=ORIENTED_EDGE('',*,*,#8727,.T.);
#9843=ORIENTED_EDGE('',*,*,#9820,.F.);
#9844=EDGE_LOOP('',(#9839,#9841,#9842,#9843));
#9845=FACE_OUTER_BOUND('',#9844,.F.);
#9846=ADVANCED_FACE('',(#9845),#9838,.T.);
#9847=FILL_AREA_STYLE_COLOUR('',#5);
#9848=FILL_AREA_STYLE('',(#9847));
#9849=SURFACE_STYLE_FILL_AREA(#9848);
#9850=SURFACE_SIDE_STYLE('',(#9849));
#9851=SURFACE_STYLE_USAGE(.POSITIVE.,#9850);
#9852=PRESENTATION_STYLE_ASSIGNMENT((#9851));
#9853=STYLED_ITEM('',(#9852),#9846);
#9854=CARTESIAN_POINT('',(-2.288823066364E0,-1.15E0,9.197191116848E-1));
#9855=DIRECTION('',(0.E0,0.E0,1.E0));
#9856=DIRECTION('',(-1.E0,0.E0,0.E0));
#9857=AXIS2_PLACEMENT_3D('',#9854,#9855,#9856);
#9858=PLANE('',#9857);
#9859=ORIENTED_EDGE('',*,*,#7959,.F.);
#9861=ORIENTED_EDGE('',*,*,#9860,.T.);
#9862=ORIENTED_EDGE('',*,*,#8729,.T.);
#9863=ORIENTED_EDGE('',*,*,#9840,.F.);
#9864=EDGE_LOOP('',(#9859,#9861,#9862,#9863));
#9865=FACE_OUTER_BOUND('',#9864,.F.);
#9866=ADVANCED_FACE('',(#9865),#9858,.T.);
#9867=FILL_AREA_STYLE_COLOUR('',#5);
#9868=FILL_AREA_STYLE('',(#9867));
#9869=SURFACE_STYLE_FILL_AREA(#9868);
#9870=SURFACE_SIDE_STYLE('',(#9869));
#9871=SURFACE_STYLE_USAGE(.POSITIVE.,#9870);
#9872=PRESENTATION_STYLE_ASSIGNMENT((#9871));
#9873=STYLED_ITEM('',(#9872),#9866);
#9874=CARTESIAN_POINT('',(-2.215829469310E0,-1.15E0,9.424467685499E-1));
#9875=DIRECTION('',(-2.972876282086E-1,0.E0,9.547879691922E-1));
#9876=DIRECTION('',(-9.547879691922E-1,0.E0,-2.972876282086E-1));
#9877=AXIS2_PLACEMENT_3D('',#9874,#9875,#9876);
#9878=PLANE('',#9877);
#9879=ORIENTED_EDGE('',*,*,#7957,.F.);
#9881=ORIENTED_EDGE('',*,*,#9880,.T.);
#9882=ORIENTED_EDGE('',*,*,#8731,.T.);
#9883=ORIENTED_EDGE('',*,*,#9860,.F.);
#9884=EDGE_LOOP('',(#9879,#9881,#9882,#9883));
#9885=FACE_OUTER_BOUND('',#9884,.F.);
#9886=ADVANCED_FACE('',(#9885),#9878,.T.);
#9887=FILL_AREA_STYLE_COLOUR('',#5);
#9888=FILL_AREA_STYLE('',(#9887));
#9889=SURFACE_STYLE_FILL_AREA(#9888);
#9890=SURFACE_SIDE_STYLE('',(#9889));
#9891=SURFACE_STYLE_USAGE(.POSITIVE.,#9890);
#9892=PRESENTATION_STYLE_ASSIGNMENT((#9891));
#9893=STYLED_ITEM('',(#9892),#9886);
#9894=CARTESIAN_POINT('',(-2.161084219310E0,-1.15E0,9.879020981975E-1));
#9895=DIRECTION('',(-6.388089759921E-1,0.E0,7.693653827616E-1));
#9896=DIRECTION('',(-7.693653827616E-1,0.E0,-6.388089759921E-1));
#9897=AXIS2_PLACEMENT_3D('',#9894,#9895,#9896);
#9898=PLANE('',#9897);
#9899=ORIENTED_EDGE('',*,*,#7955,.F.);
#9901=ORIENTED_EDGE('',*,*,#9900,.T.);
#9902=ORIENTED_EDGE('',*,*,#8733,.T.);
#9903=ORIENTED_EDGE('',*,*,#9880,.F.);
#9904=EDGE_LOOP('',(#9899,#9901,#9902,#9903));
#9905=FACE_OUTER_BOUND('',#9904,.F.);
#9906=ADVANCED_FACE('',(#9905),#9898,.T.);
#9907=FILL_AREA_STYLE_COLOUR('',#5);
#9908=FILL_AREA_STYLE('',(#9907));
#9909=SURFACE_STYLE_FILL_AREA(#9908);
#9910=SURFACE_SIDE_STYLE('',(#9909));
#9911=SURFACE_STYLE_USAGE(.POSITIVE.,#9910);
#9912=PRESENTATION_STYLE_ASSIGNMENT((#9911));
#9913=STYLED_ITEM('',(#9912),#9906);
#9914=CARTESIAN_POINT('',(-2.124587316364E0,-1.15E0,1.056085068793E0));
#9915=DIRECTION('',(-8.816397136830E-1,0.E0,4.719231031185E-1));
#9916=DIRECTION('',(-4.719231031185E-1,0.E0,-8.816397136830E-1));
#9917=AXIS2_PLACEMENT_3D('',#9914,#9915,#9916);
#9918=PLANE('',#9917);
#9919=ORIENTED_EDGE('',*,*,#7953,.F.);
#9921=ORIENTED_EDGE('',*,*,#9920,.T.);
#9922=ORIENTED_EDGE('',*,*,#8735,.T.);
#9923=ORIENTED_EDGE('',*,*,#9900,.F.);
#9924=EDGE_LOOP('',(#9919,#9921,#9922,#9923));
#9925=FACE_OUTER_BOUND('',#9924,.F.);
#9926=ADVANCED_FACE('',(#9925),#9918,.T.);
#9927=FILL_AREA_STYLE_COLOUR('',#5);
#9928=FILL_AREA_STYLE('',(#9927));
#9929=SURFACE_STYLE_FILL_AREA(#9928);
#9930=SURFACE_SIDE_STYLE('',(#9929));
#9931=SURFACE_STYLE_USAGE(.POSITIVE.,#9930);
#9932=PRESENTATION_STYLE_ASSIGNMENT((#9931));
#9933=STYLED_ITEM('',(#9932),#9926);
#9934=CARTESIAN_POINT('',(-2.124587316364E0,-1.15E0,1.124268039388E0));
#9935=DIRECTION('',(-1.E0,0.E0,0.E0));
#9936=DIRECTION('',(0.E0,0.E0,-1.E0));
#9937=AXIS2_PLACEMENT_3D('',#9934,#9935,#9936);
#9938=PLANE('',#9937);
#9939=ORIENTED_EDGE('',*,*,#7951,.F.);
#9941=ORIENTED_EDGE('',*,*,#9940,.T.);
#9942=ORIENTED_EDGE('',*,*,#8737,.T.);
#9943=ORIENTED_EDGE('',*,*,#9920,.F.);
#9944=EDGE_LOOP('',(#9939,#9941,#9942,#9943));
#9945=FACE_OUTER_BOUND('',#9944,.F.);
#9946=ADVANCED_FACE('',(#9945),#9938,.T.);
#9947=FILL_AREA_STYLE_COLOUR('',#5);
#9948=FILL_AREA_STYLE('',(#9947));
#9949=SURFACE_STYLE_FILL_AREA(#9948);
#9950=SURFACE_SIDE_STYLE('',(#9949));
#9951=SURFACE_STYLE_USAGE(.POSITIVE.,#9950);
#9952=PRESENTATION_STYLE_ASSIGNMENT((#9951));
#9953=STYLED_ITEM('',(#9952),#9946);
#9954=CARTESIAN_POINT('',(-2.161084219310E0,-1.15E0,1.192451041818E0));
#9955=DIRECTION('',(-8.816398053599E-1,0.E0,-4.719229318490E-1));
#9956=DIRECTION('',(4.719229318490E-1,0.E0,-8.816398053599E-1));
#9957=AXIS2_PLACEMENT_3D('',#9954,#9955,#9956);
#9958=PLANE('',#9957);
#9959=ORIENTED_EDGE('',*,*,#7949,.F.);
#9961=ORIENTED_EDGE('',*,*,#9960,.T.);
#9962=ORIENTED_EDGE('',*,*,#8739,.T.);
#9963=ORIENTED_EDGE('',*,*,#9940,.F.);
#9964=EDGE_LOOP('',(#9959,#9961,#9962,#9963));
#9965=FACE_OUTER_BOUND('',#9964,.F.);
#9966=ADVANCED_FACE('',(#9965),#9958,.T.);
#9967=FILL_AREA_STYLE_COLOUR('',#5);
#9968=FILL_AREA_STYLE('',(#9967));
#9969=SURFACE_STYLE_FILL_AREA(#9968);
#9970=SURFACE_SIDE_STYLE('',(#9969));
#9971=SURFACE_STYLE_USAGE(.POSITIVE.,#9970);
#9972=PRESENTATION_STYLE_ASSIGNMENT((#9971));
#9973=STYLED_ITEM('',(#9972),#9966);
#9974=CARTESIAN_POINT('',(-2.215829469310E0,-1.15E0,1.237906355549E0));
#9975=DIRECTION('',(-6.388088435810E-1,0.E0,-7.693654927034E-1));
#9976=DIRECTION('',(7.693654927034E-1,0.E0,-6.388088435810E-1));
#9977=AXIS2_PLACEMENT_3D('',#9974,#9975,#9976);
#9978=PLANE('',#9977);
#9979=ORIENTED_EDGE('',*,*,#7947,.F.);
#9981=ORIENTED_EDGE('',*,*,#9980,.T.);
#9982=ORIENTED_EDGE('',*,*,#8741,.T.);
#9983=ORIENTED_EDGE('',*,*,#9960,.F.);
#9984=EDGE_LOOP('',(#9979,#9981,#9982,#9983));
#9985=FACE_OUTER_BOUND('',#9984,.F.);
#9986=ADVANCED_FACE('',(#9985),#9978,.T.);
#9987=FILL_AREA_STYLE_COLOUR('',#5);
#9988=FILL_AREA_STYLE('',(#9987));
#9989=SURFACE_STYLE_FILL_AREA(#9988);
#9990=SURFACE_SIDE_STYLE('',(#9989));
#9991=SURFACE_STYLE_USAGE(.POSITIVE.,#9990);
#9992=PRESENTATION_STYLE_ASSIGNMENT((#9991));
#9993=STYLED_ITEM('',(#9992),#9986);
#9994=CARTESIAN_POINT('',(-2.288823066364E0,-1.15E0,1.260634012414E0));
#9995=DIRECTION('',(-2.972876282086E-1,0.E0,-9.547879691922E-1));
#9996=DIRECTION('',(9.547879691922E-1,0.E0,-2.972876282086E-1));
#9997=AXIS2_PLACEMENT_3D('',#9994,#9995,#9996);
#9998=PLANE('',#9997);
#9999=ORIENTED_EDGE('',*,*,#7945,.F.);
#10001=ORIENTED_EDGE('',*,*,#10000,.T.);
#10002=ORIENTED_EDGE('',*,*,#8743,.T.);
#10003=ORIENTED_EDGE('',*,*,#9980,.F.);
#10004=EDGE_LOOP('',(#9999,#10001,#10002,#10003));
#10005=FACE_OUTER_BOUND('',#10004,.F.);
#10006=ADVANCED_FACE('',(#10005),#9998,.T.);
#10007=FILL_AREA_STYLE_COLOUR('',#5);
#10008=FILL_AREA_STYLE('',(#10007));
#10009=SURFACE_STYLE_FILL_AREA(#10008);
#10010=SURFACE_SIDE_STYLE('',(#10009));
#10011=SURFACE_STYLE_USAGE(.POSITIVE.,#10010);
#10012=PRESENTATION_STYLE_ASSIGNMENT((#10011));
#10013=STYLED_ITEM('',(#10012),#10006);
#10014=CARTESIAN_POINT('',(-2.398313566364E0,-1.15E0,1.260634012414E0));
#10015=DIRECTION('',(0.E0,0.E0,-1.E0));
#10016=DIRECTION('',(1.E0,0.E0,0.E0));
#10017=AXIS2_PLACEMENT_3D('',#10014,#10015,#10016);
#10018=PLANE('',#10017);
#10019=ORIENTED_EDGE('',*,*,#7943,.F.);
#10021=ORIENTED_EDGE('',*,*,#10020,.T.);
#10022=ORIENTED_EDGE('',*,*,#8745,.T.);
#10023=ORIENTED_EDGE('',*,*,#10000,.F.);
#10024=EDGE_LOOP('',(#10019,#10021,#10022,#10023));
#10025=FACE_OUTER_BOUND('',#10024,.F.);
#10026=ADVANCED_FACE('',(#10025),#10018,.T.);
#10027=FILL_AREA_STYLE_COLOUR('',#5);
#10028=FILL_AREA_STYLE('',(#10027));
#10029=SURFACE_STYLE_FILL_AREA(#10028);
#10030=SURFACE_SIDE_STYLE('',(#10029));
#10031=SURFACE_STYLE_USAGE(.POSITIVE.,#10030);
#10032=PRESENTATION_STYLE_ASSIGNMENT((#10031));
#10033=STYLED_ITEM('',(#10032),#10026);
#10034=CARTESIAN_POINT('',(-2.471307267837E0,-1.15E0,1.283361669279E0));
#10035=DIRECTION('',(-2.972872405210E-1,0.E0,-9.547880899045E-1));
#10036=DIRECTION('',(9.547880899045E-1,0.E0,-2.972872405210E-1));
#10037=AXIS2_PLACEMENT_3D('',#10034,#10035,#10036);
#10038=PLANE('',#10037);
#10039=ORIENTED_EDGE('',*,*,#7941,.F.);
#10041=ORIENTED_EDGE('',*,*,#10040,.T.);
#10042=ORIENTED_EDGE('',*,*,#8747,.T.);
#10043=ORIENTED_EDGE('',*,*,#10020,.F.);
#10044=EDGE_LOOP('',(#10039,#10041,#10042,#10043));
#10045=FACE_OUTER_BOUND('',#10044,.F.);
#10046=ADVANCED_FACE('',(#10045),#10038,.T.);
#10047=FILL_AREA_STYLE_COLOUR('',#5);
#10048=FILL_AREA_STYLE('',(#10047));
#10049=SURFACE_STYLE_FILL_AREA(#10048);
#10050=SURFACE_SIDE_STYLE('',(#10049));
#10051=SURFACE_STYLE_USAGE(.POSITIVE.,#10050);
#10052=PRESENTATION_STYLE_ASSIGNMENT((#10051));
#10053=STYLED_ITEM('',(#10052),#10046);
#10054=CARTESIAN_POINT('',(-2.544300969310E0,-1.15E0,1.328816983009E0));
#10055=DIRECTION('',(-5.286121300861E-1,0.E0,-8.488634848584E-1));
#10056=DIRECTION('',(8.488634848584E-1,0.E0,-5.286121300861E-1));
#10057=AXIS2_PLACEMENT_3D('',#10054,#10055,#10056);
#10058=PLANE('',#10057);
#10059=ORIENTED_EDGE('',*,*,#7939,.F.);
#10061=ORIENTED_EDGE('',*,*,#10060,.T.);
#10062=ORIENTED_EDGE('',*,*,#8749,.T.);
#10063=ORIENTED_EDGE('',*,*,#10040,.F.);
#10064=EDGE_LOOP('',(#10059,#10061,#10062,#10063));
#10065=FACE_OUTER_BOUND('',#10064,.F.);
#10066=ADVANCED_FACE('',(#10065),#10058,.T.);
#10067=FILL_AREA_STYLE_COLOUR('',#5);
#10068=FILL_AREA_STYLE('',(#10067));
#10069=SURFACE_STYLE_FILL_AREA(#10068);
#10070=SURFACE_SIDE_STYLE('',(#10069));
#10071=SURFACE_STYLE_USAGE(.POSITIVE.,#10070);
#10072=PRESENTATION_STYLE_ASSIGNMENT((#10071));
#10073=STYLED_ITEM('',(#10072),#10066);
#10074=CARTESIAN_POINT('',(-2.617294566364E0,-1.15E0,1.419727610470E0));
#10075=DIRECTION('',(-7.797584210735E-1,0.E0,-6.260805098108E-1));
#10076=DIRECTION('',(6.260805098108E-1,0.E0,-7.797584210735E-1));
#10077=AXIS2_PLACEMENT_3D('',#10074,#10075,#10076);
#10078=PLANE('',#10077);
#10079=ORIENTED_EDGE('',*,*,#7937,.F.);
#10081=ORIENTED_EDGE('',*,*,#10080,.T.);
#10082=ORIENTED_EDGE('',*,*,#8751,.T.);
#10083=ORIENTED_EDGE('',*,*,#10060,.F.);
#10084=EDGE_LOOP('',(#10079,#10081,#10082,#10083));
#10085=FACE_OUTER_BOUND('',#10084,.F.);
#10086=ADVANCED_FACE('',(#10085),#10078,.T.);
#10087=FILL_AREA_STYLE_COLOUR('',#5);
#10088=FILL_AREA_STYLE('',(#10087));
#10089=SURFACE_STYLE_FILL_AREA(#10088);
#10090=SURFACE_SIDE_STYLE('',(#10089));
#10091=SURFACE_STYLE_USAGE(.POSITIVE.,#10090);
#10092=PRESENTATION_STYLE_ASSIGNMENT((#10091));
#10093=STYLED_ITEM('',(#10092),#10086);
#10094=CARTESIAN_POINT('',(-2.635543017837E0,-1.15E0,1.510638237930E0));
#10095=DIRECTION('',(-9.804428758043E-1,0.E0,-1.968038802582E-1));
#10096=DIRECTION('',(1.968038802582E-1,0.E0,-9.804428758043E-1));
#10097=AXIS2_PLACEMENT_3D('',#10094,#10095,#10096);
#10098=PLANE('',#10097);
#10099=ORIENTED_EDGE('',*,*,#7935,.F.);
#10101=ORIENTED_EDGE('',*,*,#10100,.T.);
#10102=ORIENTED_EDGE('',*,*,#8753,.T.);
#10103=ORIENTED_EDGE('',*,*,#10080,.F.);
#10104=EDGE_LOOP('',(#10099,#10101,#10102,#10103));
#10105=FACE_OUTER_BOUND('',#10104,.F.);
#10106=ADVANCED_FACE('',(#10105),#10098,.T.);
#10107=FILL_AREA_STYLE_COLOUR('',#5);
#10108=FILL_AREA_STYLE('',(#10107));
#10109=SURFACE_STYLE_FILL_AREA(#10108);
#10110=SURFACE_SIDE_STYLE('',(#10109));
#10111=SURFACE_STYLE_USAGE(.POSITIVE.,#10110);
#10112=PRESENTATION_STYLE_ASSIGNMENT((#10111));
#10113=STYLED_ITEM('',(#10112),#10106);
#10114=CARTESIAN_POINT('',(-2.635543017837E0,-1.15E0,1.601548929060E0));
#10115=DIRECTION('',(-1.E0,0.E0,0.E0));
#10116=DIRECTION('',(0.E0,0.E0,-1.E0));
#10117=AXIS2_PLACEMENT_3D('',#10114,#10115,#10116);
#10118=PLANE('',#10117);
#10119=ORIENTED_EDGE('',*,*,#7933,.F.);
#10121=ORIENTED_EDGE('',*,*,#10120,.T.);
#10122=ORIENTED_EDGE('',*,*,#8755,.T.);
#10123=ORIENTED_EDGE('',*,*,#10100,.F.);
#10124=EDGE_LOOP('',(#10119,#10121,#10122,#10123));
#10125=FACE_OUTER_BOUND('',#10124,.F.);
#10126=ADVANCED_FACE('',(#10125),#10118,.T.);
#10127=FILL_AREA_STYLE_COLOUR('',#5);
#10128=FILL_AREA_STYLE('',(#10127));
#10129=SURFACE_STYLE_FILL_AREA(#10128);
#10130=SURFACE_SIDE_STYLE('',(#10129));
#10131=SURFACE_STYLE_USAGE(.POSITIVE.,#10130);
#10132=PRESENTATION_STYLE_ASSIGNMENT((#10131));
#10133=STYLED_ITEM('',(#10132),#10126);
#10134=CARTESIAN_POINT('',(-2.617294566364E0,-1.15E0,1.692459556521E0));
#10135=DIRECTION('',(-9.804428758043E-1,0.E0,1.968038802582E-1));
#10136=DIRECTION('',(-1.968038802582E-1,0.E0,-9.804428758043E-1));
#10137=AXIS2_PLACEMENT_3D('',#10134,#10135,#10136);
#10138=PLANE('',#10137);
#10139=ORIENTED_EDGE('',*,*,#7931,.F.);
#10141=ORIENTED_EDGE('',*,*,#10140,.T.);
#10142=ORIENTED_EDGE('',*,*,#8757,.T.);
#10143=ORIENTED_EDGE('',*,*,#10120,.F.);
#10144=EDGE_LOOP('',(#10139,#10141,#10142,#10143));
#10145=FACE_OUTER_BOUND('',#10144,.F.);
#10146=ADVANCED_FACE('',(#10145),#10138,.T.);
#10147=FILL_AREA_STYLE_COLOUR('',#5);
#10148=FILL_AREA_STYLE('',(#10147));
#10149=SURFACE_STYLE_FILL_AREA(#10148);
#10150=SURFACE_SIDE_STYLE('',(#10149));
#10151=SURFACE_STYLE_USAGE(.POSITIVE.,#10150);
#10152=PRESENTATION_STYLE_ASSIGNMENT((#10151));
#10153=STYLED_ITEM('',(#10152),#10146);
#10154=CARTESIAN_POINT('',(-2.544300969310E0,-1.15E0,1.783370183981E0));
#10155=DIRECTION('',(-7.797584210735E-1,0.E0,6.260805098108E-1));
#10156=DIRECTION('',(-6.260805098108E-1,0.E0,-7.797584210735E-1));
#10157=AXIS2_PLACEMENT_3D('',#10154,#10155,#10156);
#10158=PLANE('',#10157);
#10159=ORIENTED_EDGE('',*,*,#7929,.F.);
#10161=ORIENTED_EDGE('',*,*,#10160,.T.);
#10162=ORIENTED_EDGE('',*,*,#8759,.T.);
#10163=ORIENTED_EDGE('',*,*,#10140,.F.);
#10164=EDGE_LOOP('',(#10159,#10161,#10162,#10163));
#10165=FACE_OUTER_BOUND('',#10164,.F.);
#10166=ADVANCED_FACE('',(#10165),#10158,.T.);
#10167=FILL_AREA_STYLE_COLOUR('',#5);
#10168=FILL_AREA_STYLE('',(#10167));
#10169=SURFACE_STYLE_FILL_AREA(#10168);
#10170=SURFACE_SIDE_STYLE('',(#10169));
#10171=SURFACE_STYLE_USAGE(.POSITIVE.,#10170);
#10172=PRESENTATION_STYLE_ASSIGNMENT((#10171));
#10173=STYLED_ITEM('',(#10172),#10166);
#10174=CARTESIAN_POINT('',(-2.471307267837E0,-1.15E0,1.828825497712E0));
#10175=DIRECTION('',(-5.286121300861E-1,0.E0,8.488634848584E-1));
#10176=DIRECTION('',(-8.488634848584E-1,0.E0,-5.286121300861E-1));
#10177=AXIS2_PLACEMENT_3D('',#10174,#10175,#10176);
#10178=PLANE('',#10177);
#10179=ORIENTED_EDGE('',*,*,#7927,.F.);
#10181=ORIENTED_EDGE('',*,*,#10180,.T.);
#10182=ORIENTED_EDGE('',*,*,#8761,.T.);
#10183=ORIENTED_EDGE('',*,*,#10160,.F.);
#10184=EDGE_LOOP('',(#10179,#10181,#10182,#10183));
#10185=FACE_OUTER_BOUND('',#10184,.F.);
#10186=ADVANCED_FACE('',(#10185),#10178,.T.);
#10187=FILL_AREA_STYLE_COLOUR('',#5);
#10188=FILL_AREA_STYLE('',(#10187));
#10189=SURFACE_STYLE_FILL_AREA(#10188);
#10190=SURFACE_SIDE_STYLE('',(#10189));
#10191=SURFACE_STYLE_USAGE(.POSITIVE.,#10190);
#10192=PRESENTATION_STYLE_ASSIGNMENT((#10191));
#10193=STYLED_ITEM('',(#10192),#10186);
#10194=CARTESIAN_POINT('',(-2.398313566364E0,-1.15E0,1.851553154577E0));
#10195=DIRECTION('',(-2.972872405210E-1,0.E0,9.547880899045E-1));
#10196=DIRECTION('',(-9.547880899045E-1,0.E0,-2.972872405210E-1));
#10197=AXIS2_PLACEMENT_3D('',#10194,#10195,#10196);
#10198=PLANE('',#10197);
#10199=ORIENTED_EDGE('',*,*,#7925,.F.);
#10201=ORIENTED_EDGE('',*,*,#10200,.T.);
#10202=ORIENTED_EDGE('',*,*,#8763,.T.);
#10203=ORIENTED_EDGE('',*,*,#10180,.F.);
#10204=EDGE_LOOP('',(#10199,#10201,#10202,#10203));
#10205=FACE_OUTER_BOUND('',#10204,.F.);
#10206=ADVANCED_FACE('',(#10205),#10198,.T.);
#10207=FILL_AREA_STYLE_COLOUR('',#5);
#10208=FILL_AREA_STYLE('',(#10207));
#10209=SURFACE_STYLE_FILL_AREA(#10208);
#10210=SURFACE_SIDE_STYLE('',(#10209));
#10211=SURFACE_STYLE_USAGE(.POSITIVE.,#10210);
#10212=PRESENTATION_STYLE_ASSIGNMENT((#10211));
#10213=STYLED_ITEM('',(#10212),#10206);
#10214=CARTESIAN_POINT('',(-2.307071517837E0,-1.15E0,1.851553154577E0));
#10215=DIRECTION('',(0.E0,0.E0,1.E0));
#10216=DIRECTION('',(-1.E0,0.E0,0.E0));
#10217=AXIS2_PLACEMENT_3D('',#10214,#10215,#10216);
#10218=PLANE('',#10217);
#10219=ORIENTED_EDGE('',*,*,#7923,.F.);
#10221=ORIENTED_EDGE('',*,*,#10220,.T.);
#10222=ORIENTED_EDGE('',*,*,#8765,.T.);
#10223=ORIENTED_EDGE('',*,*,#10200,.F.);
#10224=EDGE_LOOP('',(#10219,#10221,#10222,#10223));
#10225=FACE_OUTER_BOUND('',#10224,.F.);
#10226=ADVANCED_FACE('',(#10225),#10218,.T.);
#10227=FILL_AREA_STYLE_COLOUR('',#5);
#10228=FILL_AREA_STYLE('',(#10227));
#10229=SURFACE_STYLE_FILL_AREA(#10228);
#10230=SURFACE_SIDE_STYLE('',(#10229));
#10231=SURFACE_STYLE_USAGE(.POSITIVE.,#10230);
#10232=PRESENTATION_STYLE_ASSIGNMENT((#10231));
#10233=STYLED_ITEM('',(#10232),#10226);
#10234=CARTESIAN_POINT('',(-2.215829469310E0,-1.15E0,1.828825497712E0));
#10235=DIRECTION('',(2.417062122352E-1,0.E0,9.703494767180E-1));
#10236=DIRECTION('',(-9.703494767180E-1,0.E0,2.417062122352E-1));
#10237=AXIS2_PLACEMENT_3D('',#10234,#10235,#10236);
#10238=PLANE('',#10237);
#10239=ORIENTED_EDGE('',*,*,#7921,.F.);
#10241=ORIENTED_EDGE('',*,*,#10240,.T.);
#10242=ORIENTED_EDGE('',*,*,#8767,.T.);
#10243=ORIENTED_EDGE('',*,*,#10220,.F.);
#10244=EDGE_LOOP('',(#10239,#10241,#10242,#10243));
#10245=FACE_OUTER_BOUND('',#10244,.F.);
#10246=ADVANCED_FACE('',(#10245),#10238,.T.);
#10247=FILL_AREA_STYLE_COLOUR('',#5);
#10248=FILL_AREA_STYLE('',(#10247));
#10249=SURFACE_STYLE_FILL_AREA(#10248);
#10250=SURFACE_SIDE_STYLE('',(#10249));
#10251=SURFACE_STYLE_USAGE(.POSITIVE.,#10250);
#10252=PRESENTATION_STYLE_ASSIGNMENT((#10251));
#10253=STYLED_ITEM('',(#10252),#10246);
#10254=CARTESIAN_POINT('',(-2.142835767837E0,-1.15E0,1.760642527116E0));
#10255=DIRECTION('',(6.826152359729E-1,0.E0,7.307779687550E-1));
#10256=DIRECTION('',(-7.307779687550E-1,0.E0,6.826152359729E-1));
#10257=AXIS2_PLACEMENT_3D('',#10254,#10255,#10256);
#10258=PLANE('',#10257);
#10259=ORIENTED_EDGE('',*,*,#7919,.F.);
#10261=ORIENTED_EDGE('',*,*,#10260,.T.);
#10262=ORIENTED_EDGE('',*,*,#8769,.T.);
#10263=ORIENTED_EDGE('',*,*,#10240,.F.);
#10264=EDGE_LOOP('',(#10259,#10261,#10262,#10263));
#10265=FACE_OUTER_BOUND('',#10264,.F.);
#10266=ADVANCED_FACE('',(#10265),#10258,.T.);
#10267=FILL_AREA_STYLE_COLOUR('',#5);
#10268=FILL_AREA_STYLE('',(#10267));
#10269=SURFACE_STYLE_FILL_AREA(#10268);
#10270=SURFACE_SIDE_STYLE('',(#10269));
#10271=SURFACE_STYLE_USAGE(.POSITIVE.,#10270);
#10272=PRESENTATION_STYLE_ASSIGNMENT((#10271));
#10273=STYLED_ITEM('',(#10272),#10266);
#10274=CARTESIAN_POINT('',(-2.088090517837E0,-1.15E0,1.669731899656E0));
#10275=DIRECTION('',(8.566650466659E-1,0.E0,5.158730442860E-1));
#10276=DIRECTION('',(-5.158730442860E-1,0.E0,8.566650466659E-1));
#10277=AXIS2_PLACEMENT_3D('',#10274,#10275,#10276);
#10278=PLANE('',#10277);
#10279=ORIENTED_EDGE('',*,*,#7917,.F.);
#10281=ORIENTED_EDGE('',*,*,#10280,.T.);
#10282=ORIENTED_EDGE('',*,*,#8771,.T.);
#10283=ORIENTED_EDGE('',*,*,#10260,.F.);
#10284=EDGE_LOOP('',(#10279,#10281,#10282,#10283));
#10285=FACE_OUTER_BOUND('',#10284,.F.);
#10286=ADVANCED_FACE('',(#10285),#10278,.T.);
#10287=FILL_AREA_STYLE_COLOUR('',#5);
#10288=FILL_AREA_STYLE('',(#10287));
#10289=SURFACE_STYLE_FILL_AREA(#10288);
#10290=SURFACE_SIDE_STYLE('',(#10289));
#10291=SURFACE_STYLE_USAGE(.POSITIVE.,#10290);
#10292=PRESENTATION_STYLE_ASSIGNMENT((#10291));
#10293=STYLED_ITEM('',(#10292),#10286);
#10294=CARTESIAN_POINT('',(-2.069842066364E0,-1.15E0,1.601548929060E0));
#10295=DIRECTION('',(9.660005933074E-1,0.E0,2.585398494038E-1));
#10296=DIRECTION('',(-2.585398494038E-1,0.E0,9.660005933074E-1));
#10297=AXIS2_PLACEMENT_3D('',#10294,#10295,#10296);
#10298=PLANE('',#10297);
#10299=ORIENTED_EDGE('',*,*,#7915,.F.);
#10300=ORIENTED_EDGE('',*,*,#9242,.T.);
#10301=ORIENTED_EDGE('',*,*,#8773,.T.);
#10302=ORIENTED_EDGE('',*,*,#10280,.F.);
#10303=EDGE_LOOP('',(#10299,#10300,#10301,#10302));
#10304=FACE_OUTER_BOUND('',#10303,.F.);
#10305=ADVANCED_FACE('',(#10304),#10298,.T.);
#10306=FILL_AREA_STYLE_COLOUR('',#5);
#10307=FILL_AREA_STYLE('',(#10306));
#10308=SURFACE_STYLE_FILL_AREA(#10307);
#10309=SURFACE_SIDE_STYLE('',(#10308));
#10310=SURFACE_STYLE_USAGE(.POSITIVE.,#10309);
#10311=PRESENTATION_STYLE_ASSIGNMENT((#10310));
#10312=STYLED_ITEM('',(#10311),#10305);
#10313=CARTESIAN_POINT('',(-1.759619017837E0,-1.15E0,7.833531545766E-1));
#10314=DIRECTION('',(1.E0,0.E0,0.E0));
#10315=DIRECTION('',(0.E0,0.E0,1.E0));
#10316=AXIS2_PLACEMENT_3D('',#10313,#10314,#10315);
#10317=PLANE('',#10316);
#10318=ORIENTED_EDGE('',*,*,#8023,.F.);
#10320=ORIENTED_EDGE('',*,*,#10319,.T.);
#10321=ORIENTED_EDGE('',*,*,#8790,.T.);
#10323=ORIENTED_EDGE('',*,*,#10322,.F.);
#10324=EDGE_LOOP('',(#10318,#10320,#10321,#10323));
#10325=FACE_OUTER_BOUND('',#10324,.F.);
#10326=ADVANCED_FACE('',(#10325),#10317,.T.);
#10327=FILL_AREA_STYLE_COLOUR('',#5);
#10328=FILL_AREA_STYLE('',(#10327));
#10329=SURFACE_STYLE_FILL_AREA(#10328);
#10330=SURFACE_SIDE_STYLE('',(#10329));
#10331=SURFACE_STYLE_USAGE(.POSITIVE.,#10330);
#10332=PRESENTATION_STYLE_ASSIGNMENT((#10331));
#10333=STYLED_ITEM('',(#10332),#10326);
#10334=CARTESIAN_POINT('',(-1.869109517837E0,-1.15E0,7.833531545766E-1));
#10335=DIRECTION('',(0.E0,0.E0,-1.E0));
#10336=DIRECTION('',(1.E0,0.E0,0.E0));
#10337=AXIS2_PLACEMENT_3D('',#10334,#10335,#10336);
#10338=PLANE('',#10337);
#10339=ORIENTED_EDGE('',*,*,#8029,.F.);
#10341=ORIENTED_EDGE('',*,*,#10340,.T.);
#10342=ORIENTED_EDGE('',*,*,#8792,.T.);
#10343=ORIENTED_EDGE('',*,*,#10319,.F.);
#10344=EDGE_LOOP('',(#10339,#10341,#10342,#10343));
#10345=FACE_OUTER_BOUND('',#10344,.F.);
#10346=ADVANCED_FACE('',(#10345),#10338,.T.);
#10347=FILL_AREA_STYLE_COLOUR('',#5);
#10348=FILL_AREA_STYLE('',(#10347));
#10349=SURFACE_STYLE_FILL_AREA(#10348);
#10350=SURFACE_SIDE_STYLE('',(#10349));
#10351=SURFACE_STYLE_USAGE(.POSITIVE.,#10350);
#10352=PRESENTATION_STYLE_ASSIGNMENT((#10351));
#10353=STYLED_ITEM('',(#10352),#10346);
#10354=CARTESIAN_POINT('',(-1.869109517837E0,-1.15E0,1.851553154577E0));
#10355=DIRECTION('',(-1.E0,0.E0,0.E0));
#10356=DIRECTION('',(0.E0,0.E0,-1.E0));
#10357=AXIS2_PLACEMENT_3D('',#10354,#10355,#10356);
#10358=PLANE('',#10357);
#10359=ORIENTED_EDGE('',*,*,#8027,.F.);
#10361=ORIENTED_EDGE('',*,*,#10360,.T.);
#10362=ORIENTED_EDGE('',*,*,#8794,.T.);
#10363=ORIENTED_EDGE('',*,*,#10340,.F.);
#10364=EDGE_LOOP('',(#10359,#10361,#10362,#10363));
#10365=FACE_OUTER_BOUND('',#10364,.F.);
#10366=ADVANCED_FACE('',(#10365),#10358,.T.);
#10367=FILL_AREA_STYLE_COLOUR('',#5);
#10368=FILL_AREA_STYLE('',(#10367));
#10369=SURFACE_STYLE_FILL_AREA(#10368);
#10370=SURFACE_SIDE_STYLE('',(#10369));
#10371=SURFACE_STYLE_USAGE(.POSITIVE.,#10370);
#10372=PRESENTATION_STYLE_ASSIGNMENT((#10371));
#10373=STYLED_ITEM('',(#10372),#10366);
#10374=CARTESIAN_POINT('',(-1.759619017837E0,-1.15E0,1.851553154577E0));
#10375=DIRECTION('',(0.E0,0.E0,1.E0));
#10376=DIRECTION('',(-1.E0,0.E0,0.E0));
#10377=AXIS2_PLACEMENT_3D('',#10374,#10375,#10376);
#10378=PLANE('',#10377);
#10379=ORIENTED_EDGE('',*,*,#8025,.F.);
#10380=ORIENTED_EDGE('',*,*,#10322,.T.);
#10381=ORIENTED_EDGE('',*,*,#8796,.T.);
#10382=ORIENTED_EDGE('',*,*,#10360,.F.);
#10383=EDGE_LOOP('',(#10379,#10380,#10381,#10382));
#10384=FACE_OUTER_BOUND('',#10383,.F.);
#10385=ADVANCED_FACE('',(#10384),#10378,.T.);
#10386=FILL_AREA_STYLE_COLOUR('',#5);
#10387=FILL_AREA_STYLE('',(#10386));
#10388=SURFACE_STYLE_FILL_AREA(#10387);
#10389=SURFACE_SIDE_STYLE('',(#10388));
#10390=SURFACE_STYLE_USAGE(.POSITIVE.,#10389);
#10391=PRESENTATION_STYLE_ASSIGNMENT((#10390));
#10392=STYLED_ITEM('',(#10391),#10385);
#10393=CARTESIAN_POINT('',(-1.394650614892E0,-1.15E0,7.833531545766E-1));
#10394=DIRECTION('',(1.E0,0.E0,0.E0));
#10395=DIRECTION('',(0.E0,0.E0,1.E0));
#10396=AXIS2_PLACEMENT_3D('',#10393,#10394,#10395);
#10397=PLANE('',#10396);
#10398=ORIENTED_EDGE('',*,*,#8033,.F.);
#10400=ORIENTED_EDGE('',*,*,#10399,.T.);
#10401=ORIENTED_EDGE('',*,*,#8813,.T.);
#10403=ORIENTED_EDGE('',*,*,#10402,.F.);
#10404=EDGE_LOOP('',(#10398,#10400,#10401,#10403));
#10405=FACE_OUTER_BOUND('',#10404,.F.);
#10406=ADVANCED_FACE('',(#10405),#10397,.T.);
#10407=FILL_AREA_STYLE_COLOUR('',#5);
#10408=FILL_AREA_STYLE('',(#10407));
#10409=SURFACE_STYLE_FILL_AREA(#10408);
#10410=SURFACE_SIDE_STYLE('',(#10409));
#10411=SURFACE_STYLE_USAGE(.POSITIVE.,#10410);
#10412=PRESENTATION_STYLE_ASSIGNMENT((#10411));
#10413=STYLED_ITEM('',(#10412),#10406);
#10414=CARTESIAN_POINT('',(-1.504141114892E0,-1.15E0,7.833531545766E-1));
#10415=DIRECTION('',(0.E0,0.E0,-1.E0));
#10416=DIRECTION('',(1.E0,0.E0,0.E0));
#10417=AXIS2_PLACEMENT_3D('',#10414,#10415,#10416);
#10418=PLANE('',#10417);
#10419=ORIENTED_EDGE('',*,*,#8045,.F.);
#10421=ORIENTED_EDGE('',*,*,#10420,.T.);
#10422=ORIENTED_EDGE('',*,*,#8815,.T.);
#10423=ORIENTED_EDGE('',*,*,#10399,.F.);
#10424=EDGE_LOOP('',(#10419,#10421,#10422,#10423));
#10425=FACE_OUTER_BOUND('',#10424,.F.);
#10426=ADVANCED_FACE('',(#10425),#10418,.T.);
#10427=FILL_AREA_STYLE_COLOUR('',#5);
#10428=FILL_AREA_STYLE('',(#10427));
#10429=SURFACE_STYLE_FILL_AREA(#10428);
#10430=SURFACE_SIDE_STYLE('',(#10429));
#10431=SURFACE_STYLE_USAGE(.POSITIVE.,#10430);
#10432=PRESENTATION_STYLE_ASSIGNMENT((#10431));
#10433=STYLED_ITEM('',(#10432),#10426);
#10434=CARTESIAN_POINT('',(-1.504141114892E0,-1.15E0,1.669731899656E0));
#10435=DIRECTION('',(-1.E0,0.E0,0.E0));
#10436=DIRECTION('',(0.E0,0.E0,-1.E0));
#10437=AXIS2_PLACEMENT_3D('',#10434,#10435,#10436);
#10438=PLANE('',#10437);
#10439=ORIENTED_EDGE('',*,*,#8043,.F.);
#10441=ORIENTED_EDGE('',*,*,#10440,.T.);
#10442=ORIENTED_EDGE('',*,*,#8817,.T.);
#10443=ORIENTED_EDGE('',*,*,#10420,.F.);
#10444=EDGE_LOOP('',(#10439,#10441,#10442,#10443));
#10445=FACE_OUTER_BOUND('',#10444,.F.);
#10446=ADVANCED_FACE('',(#10445),#10438,.T.);
#10447=FILL_AREA_STYLE_COLOUR('',#5);
#10448=FILL_AREA_STYLE('',(#10447));
#10449=SURFACE_STYLE_FILL_AREA(#10448);
#10450=SURFACE_SIDE_STYLE('',(#10449));
#10451=SURFACE_STYLE_USAGE(.POSITIVE.,#10450);
#10452=PRESENTATION_STYLE_ASSIGNMENT((#10451));
#10453=STYLED_ITEM('',(#10452),#10446);
#10454=CARTESIAN_POINT('',(-1.613631614892E0,-1.15E0,1.510638237930E0));
#10455=DIRECTION('',(8.237672086355E-1,0.E0,-5.669282017829E-1));
#10456=DIRECTION('',(5.669282017829E-1,0.E0,8.237672086355E-1));
#10457=AXIS2_PLACEMENT_3D('',#10454,#10455,#10456);
#10458=PLANE('',#10457);
#10459=ORIENTED_EDGE('',*,*,#8041,.F.);
#10461=ORIENTED_EDGE('',*,*,#10460,.T.);
#10462=ORIENTED_EDGE('',*,*,#8819,.T.);
#10463=ORIENTED_EDGE('',*,*,#10440,.F.);
#10464=EDGE_LOOP('',(#10459,#10461,#10462,#10463));
#10465=FACE_OUTER_BOUND('',#10464,.F.);
#10466=ADVANCED_FACE('',(#10465),#10458,.T.);
#10467=FILL_AREA_STYLE_COLOUR('',#5);
#10468=FILL_AREA_STYLE('',(#10467));
#10469=SURFACE_STYLE_FILL_AREA(#10468);
#10470=SURFACE_SIDE_STYLE('',(#10469));
#10471=SURFACE_STYLE_USAGE(.POSITIVE.,#10470);
#10472=PRESENTATION_STYLE_ASSIGNMENT((#10471));
#10473=STYLED_ITEM('',(#10472),#10466);
#10474=CARTESIAN_POINT('',(-1.613631614892E0,-1.15E0,1.692459556521E0));
#10475=DIRECTION('',(-1.E0,0.E0,0.E0));
#10476=DIRECTION('',(0.E0,0.E0,-1.E0));
#10477=AXIS2_PLACEMENT_3D('',#10474,#10475,#10476);
#10478=PLANE('',#10477);
#10479=ORIENTED_EDGE('',*,*,#8039,.F.);
#10481=ORIENTED_EDGE('',*,*,#10480,.T.);
#10482=ORIENTED_EDGE('',*,*,#8821,.T.);
#10483=ORIENTED_EDGE('',*,*,#10460,.F.);
#10484=EDGE_LOOP('',(#10479,#10481,#10482,#10483));
#10485=FACE_OUTER_BOUND('',#10484,.F.);
#10486=ADVANCED_FACE('',(#10485),#10478,.T.);
#10487=FILL_AREA_STYLE_COLOUR('',#5);
#10488=FILL_AREA_STYLE('',(#10487));
#10489=SURFACE_STYLE_FILL_AREA(#10488);
#10490=SURFACE_SIDE_STYLE('',(#10489));
#10491=SURFACE_STYLE_USAGE(.POSITIVE.,#10490);
#10492=PRESENTATION_STYLE_ASSIGNMENT((#10491));
#10493=STYLED_ITEM('',(#10492),#10486);
#10494=CARTESIAN_POINT('',(-1.504141114892E0,-1.15E0,1.851553154577E0));
#10495=DIRECTION('',(-8.237671026759E-1,0.E0,5.669283557461E-1));
#10496=DIRECTION('',(-5.669283557461E-1,0.E0,-8.237671026759E-1));
#10497=AXIS2_PLACEMENT_3D('',#10494,#10495,#10496);
#10498=PLANE('',#10497);
#10499=ORIENTED_EDGE('',*,*,#8037,.F.);
#10501=ORIENTED_EDGE('',*,*,#10500,.T.);
#10502=ORIENTED_EDGE('',*,*,#8823,.T.);
#10503=ORIENTED_EDGE('',*,*,#10480,.F.);
#10504=EDGE_LOOP('',(#10499,#10501,#10502,#10503));
#10505=FACE_OUTER_BOUND('',#10504,.F.);
#10506=ADVANCED_FACE('',(#10505),#10498,.T.);
#10507=FILL_AREA_STYLE_COLOUR('',#5);
#10508=FILL_AREA_STYLE('',(#10507));
#10509=SURFACE_STYLE_FILL_AREA(#10508);
#10510=SURFACE_SIDE_STYLE('',(#10509));
#10511=SURFACE_STYLE_USAGE(.POSITIVE.,#10510);
#10512=PRESENTATION_STYLE_ASSIGNMENT((#10511));
#10513=STYLED_ITEM('',(#10512),#10506);
#10514=CARTESIAN_POINT('',(-1.394650614892E0,-1.15E0,1.851553154577E0));
#10515=DIRECTION('',(0.E0,0.E0,1.E0));
#10516=DIRECTION('',(-1.E0,0.E0,0.E0));
#10517=AXIS2_PLACEMENT_3D('',#10514,#10515,#10516);
#10518=PLANE('',#10517);
#10519=ORIENTED_EDGE('',*,*,#8035,.F.);
#10520=ORIENTED_EDGE('',*,*,#10402,.T.);
#10521=ORIENTED_EDGE('',*,*,#8825,.T.);
#10522=ORIENTED_EDGE('',*,*,#10500,.F.);
#10523=EDGE_LOOP('',(#10519,#10520,#10521,#10522));
#10524=FACE_OUTER_BOUND('',#10523,.F.);
#10525=ADVANCED_FACE('',(#10524),#10518,.T.);
#10526=FILL_AREA_STYLE_COLOUR('',#5);
#10527=FILL_AREA_STYLE('',(#10526));
#10528=SURFACE_STYLE_FILL_AREA(#10527);
#10529=SURFACE_SIDE_STYLE('',(#10528));
#10530=SURFACE_STYLE_USAGE(.POSITIVE.,#10529);
#10531=PRESENTATION_STYLE_ASSIGNMENT((#10530));
#10532=STYLED_ITEM('',(#10531),#10525);
#10533=CARTESIAN_POINT('',(-1.248663420783E0,-1.15E0,1.419727610470E0));
#10534=DIRECTION('',(-1.E0,0.E0,0.E0));
#10535=DIRECTION('',(0.E0,0.E0,-1.E0));
#10536=AXIS2_PLACEMENT_3D('',#10533,#10534,#10535);
#10537=PLANE('',#10536);
#10538=ORIENTED_EDGE('',*,*,#8049,.F.);
#10540=ORIENTED_EDGE('',*,*,#10539,.T.);
#10541=ORIENTED_EDGE('',*,*,#8842,.T.);
#10543=ORIENTED_EDGE('',*,*,#10542,.F.);
#10544=EDGE_LOOP('',(#10538,#10540,#10541,#10543));
#10545=FACE_OUTER_BOUND('',#10544,.F.);
#10546=ADVANCED_FACE('',(#10545),#10537,.T.);
#10547=FILL_AREA_STYLE_COLOUR('',#5);
#10548=FILL_AREA_STYLE('',(#10547));
#10549=SURFACE_STYLE_FILL_AREA(#10548);
#10550=SURFACE_SIDE_STYLE('',(#10549));
#10551=SURFACE_STYLE_USAGE(.POSITIVE.,#10550);
#10552=PRESENTATION_STYLE_ASSIGNMENT((#10551));
#10553=STYLED_ITEM('',(#10552),#10546);
#10554=CARTESIAN_POINT('',(-1.230414864892E0,-1.15E0,1.533365894795E0));
#10555=DIRECTION('',(-9.873504273986E-1,0.E0,1.585532513567E-1));
#10556=DIRECTION('',(-1.585532513567E-1,0.E0,-9.873504273986E-1));
#10557=AXIS2_PLACEMENT_3D('',#10554,#10555,#10556);
#10558=PLANE('',#10557);
#10559=ORIENTED_EDGE('',*,*,#8099,.F.);
#10561=ORIENTED_EDGE('',*,*,#10560,.T.);
#10562=ORIENTED_EDGE('',*,*,#8844,.T.);
#10563=ORIENTED_EDGE('',*,*,#10539,.F.);
#10564=EDGE_LOOP('',(#10559,#10561,#10562,#10563));
#10565=FACE_OUTER_BOUND('',#10564,.F.);
#10566=ADVANCED_FACE('',(#10565),#10558,.T.);
#10567=FILL_AREA_STYLE_COLOUR('',#5);
#10568=FILL_AREA_STYLE('',(#10567));
#10569=SURFACE_STYLE_FILL_AREA(#10568);
#10570=SURFACE_SIDE_STYLE('',(#10569));
#10571=SURFACE_STYLE_USAGE(.POSITIVE.,#10570);
#10572=PRESENTATION_STYLE_ASSIGNMENT((#10571));
#10573=STYLED_ITEM('',(#10572),#10566);
#10574=CARTESIAN_POINT('',(-1.212166517837E0,-1.15E0,1.601548929060E0));
#10575=DIRECTION('',(-9.660010230751E-1,0.E0,2.585382436272E-1));
#10576=DIRECTION('',(-2.585382436272E-1,0.E0,-9.660010230751E-1));
#10577=AXIS2_PLACEMENT_3D('',#10574,#10575,#10576);
#10578=PLANE('',#10577);
#10579=ORIENTED_EDGE('',*,*,#8097,.F.);
#10581=ORIENTED_EDGE('',*,*,#10580,.T.);
#10582=ORIENTED_EDGE('',*,*,#8846,.T.);
#10583=ORIENTED_EDGE('',*,*,#10560,.F.);
#10584=EDGE_LOOP('',(#10579,#10581,#10582,#10583));
#10585=FACE_OUTER_BOUND('',#10584,.F.);
#10586=ADVANCED_FACE('',(#10585),#10578,.T.);
#10587=FILL_AREA_STYLE_COLOUR('',#5);
#10588=FILL_AREA_STYLE('',(#10587));
#10589=SURFACE_STYLE_FILL_AREA(#10588);
#10590=SURFACE_SIDE_STYLE('',(#10589));
#10591=SURFACE_STYLE_USAGE(.POSITIVE.,#10590);
#10592=PRESENTATION_STYLE_ASSIGNMENT((#10591));
#10593=STYLED_ITEM('',(#10592),#10586);
#10594=CARTESIAN_POINT('',(-1.175669614892E0,-1.15E0,1.692459556521E0));
#10595=DIRECTION('',(-9.280090255188E-1,0.E0,3.725577117114E-1));
#10596=DIRECTION('',(-3.725577117114E-1,0.E0,-9.280090255188E-1));
#10597=AXIS2_PLACEMENT_3D('',#10594,#10595,#10596);
#10598=PLANE('',#10597);
#10599=ORIENTED_EDGE('',*,*,#8095,.F.);
#10601=ORIENTED_EDGE('',*,*,#10600,.T.);
#10602=ORIENTED_EDGE('',*,*,#8848,.T.);
#10603=ORIENTED_EDGE('',*,*,#10580,.F.);
#10604=EDGE_LOOP('',(#10599,#10601,#10602,#10603));
#10605=FACE_OUTER_BOUND('',#10604,.F.);
#10606=ADVANCED_FACE('',(#10605),#10598,.T.);
#10607=FILL_AREA_STYLE_COLOUR('',#5);
#10608=FILL_AREA_STYLE('',(#10607));
#10609=SURFACE_STYLE_FILL_AREA(#10608);
#10610=SURFACE_SIDE_STYLE('',(#10609));
#10611=SURFACE_STYLE_USAGE(.POSITIVE.,#10610);
#10612=PRESENTATION_STYLE_ASSIGNMENT((#10611));
#10613=STYLED_ITEM('',(#10612),#10606);
#10614=CARTESIAN_POINT('',(-1.120924364892E0,-1.15E0,1.760642527116E0));
#10615=DIRECTION('',(-7.797581295853E-1,0.E0,6.260808728476E-1));
#10616=DIRECTION('',(-6.260808728476E-1,0.E0,-7.797581295853E-1));
#10617=AXIS2_PLACEMENT_3D('',#10614,#10615,#10616);
#10618=PLANE('',#10617);
#10619=ORIENTED_EDGE('',*,*,#8093,.F.);
#10621=ORIENTED_EDGE('',*,*,#10620,.T.);
#10622=ORIENTED_EDGE('',*,*,#8850,.T.);
#10623=ORIENTED_EDGE('',*,*,#10600,.F.);
#10624=EDGE_LOOP('',(#10619,#10621,#10622,#10623));
#10625=FACE_OUTER_BOUND('',#10624,.F.);
#10626=ADVANCED_FACE('',(#10625),#10618,.T.);
#10627=FILL_AREA_STYLE_COLOUR('',#5);
#10628=FILL_AREA_STYLE('',(#10627));
#10629=SURFACE_STYLE_FILL_AREA(#10628);
#10630=SURFACE_SIDE_STYLE('',(#10629));
#10631=SURFACE_STYLE_USAGE(.POSITIVE.,#10630);
#10632=PRESENTATION_STYLE_ASSIGNMENT((#10631));
#10633=STYLED_ITEM('',(#10632),#10626);
#10634=CARTESIAN_POINT('',(-1.029682420783E0,-1.15E0,1.828825497712E0));
#10635=DIRECTION('',(-5.986028870295E-1,0.E0,8.010459310426E-1));
#10636=DIRECTION('',(-8.010459310426E-1,0.E0,-5.986028870295E-1));
#10637=AXIS2_PLACEMENT_3D('',#10634,#10635,#10636);
#10638=PLANE('',#10637);
#10639=ORIENTED_EDGE('',*,*,#8091,.F.);
#10641=ORIENTED_EDGE('',*,*,#10640,.T.);
#10642=ORIENTED_EDGE('',*,*,#8852,.T.);
#10643=ORIENTED_EDGE('',*,*,#10620,.F.);
#10644=EDGE_LOOP('',(#10639,#10641,#10642,#10643));
#10645=FACE_OUTER_BOUND('',#10644,.F.);
#10646=ADVANCED_FACE('',(#10645),#10638,.T.);
#10647=FILL_AREA_STYLE_COLOUR('',#5);
#10648=FILL_AREA_STYLE('',(#10647));
#10649=SURFACE_STYLE_FILL_AREA(#10648);
#10650=SURFACE_SIDE_STYLE('',(#10649));
#10651=SURFACE_STYLE_USAGE(.POSITIVE.,#10650);
#10652=PRESENTATION_STYLE_ASSIGNMENT((#10651));
#10653=STYLED_ITEM('',(#10652),#10646);
#10654=CARTESIAN_POINT('',(-9.201919207826E-1,-1.15E0,1.851553154577E0));
#10655=DIRECTION('',(-2.032440067332E-1,0.E0,9.791281191586E-1));
#10656=DIRECTION('',(-9.791281191586E-1,0.E0,-2.032440067332E-1));
#10657=AXIS2_PLACEMENT_3D('',#10654,#10655,#10656);
#10658=PLANE('',#10657);
#10659=ORIENTED_EDGE('',*,*,#8089,.F.);
#10661=ORIENTED_EDGE('',*,*,#10660,.T.);
#10662=ORIENTED_EDGE('',*,*,#8854,.T.);
#10663=ORIENTED_EDGE('',*,*,#10640,.F.);
#10664=EDGE_LOOP('',(#10659,#10661,#10662,#10663));
#10665=FACE_OUTER_BOUND('',#10664,.F.);
#10666=ADVANCED_FACE('',(#10665),#10658,.T.);
#10667=FILL_AREA_STYLE_COLOUR('',#5);
#10668=FILL_AREA_STYLE('',(#10667));
#10669=SURFACE_STYLE_FILL_AREA(#10668);
#10670=SURFACE_SIDE_STYLE('',(#10669));
#10671=SURFACE_STYLE_USAGE(.POSITIVE.,#10670);
#10672=PRESENTATION_STYLE_ASSIGNMENT((#10671));
#10673=STYLED_ITEM('',(#10672),#10666);
#10674=CARTESIAN_POINT('',(-8.107014207826E-1,-1.15E0,1.828825497712E0));
#10675=DIRECTION('',(2.032440067332E-1,0.E0,9.791281191586E-1));
#10676=DIRECTION('',(-9.791281191586E-1,0.E0,2.032440067332E-1));
#10677=AXIS2_PLACEMENT_3D('',#10674,#10675,#10676);
#10678=PLANE('',#10677);
#10679=ORIENTED_EDGE('',*,*,#8087,.F.);
#10681=ORIENTED_EDGE('',*,*,#10680,.T.);
#10682=ORIENTED_EDGE('',*,*,#8856,.T.);
#10683=ORIENTED_EDGE('',*,*,#10660,.F.);
#10684=EDGE_LOOP('',(#10679,#10681,#10682,#10683));
#10685=FACE_OUTER_BOUND('',#10684,.F.);
#10686=ADVANCED_FACE('',(#10685),#10678,.T.);
#10687=FILL_AREA_STYLE_COLOUR('',#5);
#10688=FILL_AREA_STYLE('',(#10687));
#10689=SURFACE_STYLE_FILL_AREA(#10688);
#10690=SURFACE_SIDE_STYLE('',(#10689));
#10691=SURFACE_STYLE_USAGE(.POSITIVE.,#10690);
#10692=PRESENTATION_STYLE_ASSIGNMENT((#10691));
#10693=STYLED_ITEM('',(#10692),#10686);
#10694=CARTESIAN_POINT('',(-7.194592678371E-1,-1.15E0,1.760642527116E0));
#10695=DIRECTION('',(5.986020078751E-1,0.E0,8.010465880134E-1));
#10696=DIRECTION('',(-8.010465880134E-1,0.E0,5.986020078751E-1));
#10697=AXIS2_PLACEMENT_3D('',#10694,#10695,#10696);
#10698=PLANE('',#10697);
#10699=ORIENTED_EDGE('',*,*,#8085,.F.);
#10701=ORIENTED_EDGE('',*,*,#10700,.T.);
#10702=ORIENTED_EDGE('',*,*,#8858,.T.);
#10703=ORIENTED_EDGE('',*,*,#10680,.F.);
#10704=EDGE_LOOP('',(#10699,#10701,#10702,#10703));
#10705=FACE_OUTER_BOUND('',#10704,.F.);
#10706=ADVANCED_FACE('',(#10705),#10698,.T.);
#10707=FILL_AREA_STYLE_COLOUR('',#5);
#10708=FILL_AREA_STYLE('',(#10707));
#10709=SURFACE_STYLE_FILL_AREA(#10708);
#10710=SURFACE_SIDE_STYLE('',(#10709));
#10711=SURFACE_STYLE_USAGE(.POSITIVE.,#10710);
#10712=PRESENTATION_STYLE_ASSIGNMENT((#10711));
#10713=STYLED_ITEM('',(#10712),#10706);
#10714=CARTESIAN_POINT('',(-6.647140178371E-1,-1.15E0,1.692459556521E0));
#10715=DIRECTION('',(7.797581295853E-1,0.E0,6.260808728476E-1));
#10716=DIRECTION('',(-6.260808728476E-1,0.E0,7.797581295853E-1));
#10717=AXIS2_PLACEMENT_3D('',#10714,#10715,#10716);
#10718=PLANE('',#10717);
#10719=ORIENTED_EDGE('',*,*,#8083,.F.);
#10721=ORIENTED_EDGE('',*,*,#10720,.T.);
#10722=ORIENTED_EDGE('',*,*,#8860,.T.);
#10723=ORIENTED_EDGE('',*,*,#10700,.F.);
#10724=EDGE_LOOP('',(#10719,#10721,#10722,#10723));
#10725=FACE_OUTER_BOUND('',#10724,.F.);
#10726=ADVANCED_FACE('',(#10725),#10718,.T.);
#10727=FILL_AREA_STYLE_COLOUR('',#5);
#10728=FILL_AREA_STYLE('',(#10727));
#10729=SURFACE_STYLE_FILL_AREA(#10728);
#10730=SURFACE_SIDE_STYLE('',(#10729));
#10731=SURFACE_STYLE_USAGE(.POSITIVE.,#10730);
#10732=PRESENTATION_STYLE_ASSIGNMENT((#10731));
#10733=STYLED_ITEM('',(#10732),#10726);
#10734=CARTESIAN_POINT('',(-6.282171148916E-1,-1.15E0,1.601548929060E0));
#10735=DIRECTION('',(9.280090255188E-1,0.E0,3.725577117114E-1));
#10736=DIRECTION('',(-3.725577117114E-1,0.E0,9.280090255188E-1));
#10737=AXIS2_PLACEMENT_3D('',#10734,#10735,#10736);
#10738=PLANE('',#10737);
#10739=ORIENTED_EDGE('',*,*,#8081,.F.);
#10741=ORIENTED_EDGE('',*,*,#10740,.T.);
#10742=ORIENTED_EDGE('',*,*,#8862,.T.);
#10743=ORIENTED_EDGE('',*,*,#10720,.F.);
#10744=EDGE_LOOP('',(#10739,#10741,#10742,#10743));
#10745=FACE_OUTER_BOUND('',#10744,.F.);
#10746=ADVANCED_FACE('',(#10745),#10738,.T.);
#10747=FILL_AREA_STYLE_COLOUR('',#5);
#10748=FILL_AREA_STYLE('',(#10747));
#10749=SURFACE_STYLE_FILL_AREA(#10748);
#10750=SURFACE_SIDE_STYLE('',(#10749));
#10751=SURFACE_STYLE_USAGE(.POSITIVE.,#10750);
#10752=PRESENTATION_STYLE_ASSIGNMENT((#10751));
#10753=STYLED_ITEM('',(#10752),#10746);
#10754=CARTESIAN_POINT('',(-6.099687678371E-1,-1.15E0,1.533365894795E0));
#10755=DIRECTION('',(9.660010230751E-1,0.E0,2.585382436272E-1));
#10756=DIRECTION('',(-2.585382436272E-1,0.E0,9.660010230751E-1));
#10757=AXIS2_PLACEMENT_3D('',#10754,#10755,#10756);
#10758=PLANE('',#10757);
#10759=ORIENTED_EDGE('',*,*,#8079,.F.);
#10761=ORIENTED_EDGE('',*,*,#10760,.T.);
#10762=ORIENTED_EDGE('',*,*,#8864,.T.);
#10763=ORIENTED_EDGE('',*,*,#10740,.F.);
#10764=EDGE_LOOP('',(#10759,#10761,#10762,#10763));
#10765=FACE_OUTER_BOUND('',#10764,.F.);
#10766=ADVANCED_FACE('',(#10765),#10758,.T.);
#10767=FILL_AREA_STYLE_COLOUR('',#5);
#10768=FILL_AREA_STYLE('',(#10767));
#10769=SURFACE_STYLE_FILL_AREA(#10768);
#10770=SURFACE_SIDE_STYLE('',(#10769));
#10771=SURFACE_STYLE_USAGE(.POSITIVE.,#10770);
#10772=PRESENTATION_STYLE_ASSIGNMENT((#10771));
#10773=STYLED_ITEM('',(#10772),#10766);
#10774=CARTESIAN_POINT('',(-5.917204207826E-1,-1.15E0,1.419727610470E0));
#10775=DIRECTION('',(9.873507114503E-1,0.E0,1.585514824864E-1));
#10776=DIRECTION('',(-1.585514824864E-1,0.E0,9.873507114503E-1));
#10777=AXIS2_PLACEMENT_3D('',#10774,#10775,#10776);
#10778=PLANE('',#10777);
#10779=ORIENTED_EDGE('',*,*,#8077,.F.);
#10781=ORIENTED_EDGE('',*,*,#10780,.T.);
#10782=ORIENTED_EDGE('',*,*,#8866,.T.);
#10783=ORIENTED_EDGE('',*,*,#10760,.F.);
#10784=EDGE_LOOP('',(#10779,#10781,#10782,#10783));
#10785=FACE_OUTER_BOUND('',#10784,.F.);
#10786=ADVANCED_FACE('',(#10785),#10778,.T.);
#10787=FILL_AREA_STYLE_COLOUR('',#5);
#10788=FILL_AREA_STYLE('',(#10787));
#10789=SURFACE_STYLE_FILL_AREA(#10788);
#10790=SURFACE_SIDE_STYLE('',(#10789));
#10791=SURFACE_STYLE_USAGE(.POSITIVE.,#10790);
#10792=PRESENTATION_STYLE_ASSIGNMENT((#10791));
#10793=STYLED_ITEM('',(#10792),#10786);
#10794=CARTESIAN_POINT('',(-5.917204207826E-1,-1.15E0,1.215178698684E0));
#10795=DIRECTION('',(1.E0,0.E0,0.E0));
#10796=DIRECTION('',(0.E0,0.E0,1.E0));
#10797=AXIS2_PLACEMENT_3D('',#10794,#10795,#10796);
#10798=PLANE('',#10797);
#10799=ORIENTED_EDGE('',*,*,#8075,.F.);
#10801=ORIENTED_EDGE('',*,*,#10800,.T.);
#10802=ORIENTED_EDGE('',*,*,#8868,.T.);
#10803=ORIENTED_EDGE('',*,*,#10780,.F.);
#10804=EDGE_LOOP('',(#10799,#10801,#10802,#10803));
#10805=FACE_OUTER_BOUND('',#10804,.F.);
#10806=ADVANCED_FACE('',(#10805),#10798,.T.);
#10807=FILL_AREA_STYLE_COLOUR('',#5);
#10808=FILL_AREA_STYLE('',(#10807));
#10809=SURFACE_STYLE_FILL_AREA(#10808);
#10810=SURFACE_SIDE_STYLE('',(#10809));
#10811=SURFACE_STYLE_USAGE(.POSITIVE.,#10810);
#10812=PRESENTATION_STYLE_ASSIGNMENT((#10811));
#10813=STYLED_ITEM('',(#10812),#10806);
#10814=CARTESIAN_POINT('',(-6.099687678371E-1,-1.15E0,1.101540382523E0));
#10815=DIRECTION('',(9.873507184036E-1,0.E0,-1.585514391861E-1));
#10816=DIRECTION('',(1.585514391861E-1,0.E0,9.873507184036E-1));
#10817=AXIS2_PLACEMENT_3D('',#10814,#10815,#10816);
#10818=PLANE('',#10817);
#10819=ORIENTED_EDGE('',*,*,#8073,.F.);
#10821=ORIENTED_EDGE('',*,*,#10820,.T.);
#10822=ORIENTED_EDGE('',*,*,#8870,.T.);
#10823=ORIENTED_EDGE('',*,*,#10800,.F.);
#10824=EDGE_LOOP('',(#10819,#10821,#10822,#10823));
#10825=FACE_OUTER_BOUND('',#10824,.F.);
#10826=ADVANCED_FACE('',(#10825),#10818,.T.);
#10827=FILL_AREA_STYLE_COLOUR('',#5);
#10828=FILL_AREA_STYLE('',(#10827));
#10829=SURFACE_STYLE_FILL_AREA(#10828);
#10830=SURFACE_SIDE_STYLE('',(#10829));
#10831=SURFACE_STYLE_USAGE(.POSITIVE.,#10830);
#10832=PRESENTATION_STYLE_ASSIGNMENT((#10831));
#10833=STYLED_ITEM('',(#10832),#10826);
#10834=CARTESIAN_POINT('',(-6.282171148916E-1,-1.15E0,1.033357411928E0));
#10835=DIRECTION('',(9.660009627797E-1,0.E0,-2.585384689145E-1));
#10836=DIRECTION('',(2.585384689145E-1,0.E0,9.660009627797E-1));
#10837=AXIS2_PLACEMENT_3D('',#10834,#10835,#10836);
#10838=PLANE('',#10837);
#10839=ORIENTED_EDGE('',*,*,#8071,.F.);
#10841=ORIENTED_EDGE('',*,*,#10840,.T.);
#10842=ORIENTED_EDGE('',*,*,#8872,.T.);
#10843=ORIENTED_EDGE('',*,*,#10820,.F.);
#10844=EDGE_LOOP('',(#10839,#10841,#10842,#10843));
#10845=FACE_OUTER_BOUND('',#10844,.F.);
#10846=ADVANCED_FACE('',(#10845),#10838,.T.);
#10847=FILL_AREA_STYLE_COLOUR('',#5);
#10848=FILL_AREA_STYLE('',(#10847));
#10849=SURFACE_STYLE_FILL_AREA(#10848);
#10850=SURFACE_SIDE_STYLE('',(#10849));
#10851=SURFACE_STYLE_USAGE(.POSITIVE.,#10850);
#10852=PRESENTATION_STYLE_ASSIGNMENT((#10851));
#10853=STYLED_ITEM('',(#10852),#10846);
#10854=CARTESIAN_POINT('',(-6.647140178371E-1,-1.15E0,9.424467685499E-1));
#10855=DIRECTION('',(9.280090480714E-1,0.E0,-3.725576555347E-1));
#10856=DIRECTION('',(3.725576555347E-1,0.E0,9.280090480714E-1));
#10857=AXIS2_PLACEMENT_3D('',#10854,#10855,#10856);
#10858=PLANE('',#10857);
#10859=ORIENTED_EDGE('',*,*,#8069,.F.);
#10861=ORIENTED_EDGE('',*,*,#10860,.T.);
#10862=ORIENTED_EDGE('',*,*,#8874,.T.);
#10863=ORIENTED_EDGE('',*,*,#10840,.F.);
#10864=EDGE_LOOP('',(#10859,#10861,#10862,#10863));
#10865=FACE_OUTER_BOUND('',#10864,.F.);
#10866=ADVANCED_FACE('',(#10865),#10858,.T.);
#10867=FILL_AREA_STYLE_COLOUR('',#5);
#10868=FILL_AREA_STYLE('',(#10867));
#10869=SURFACE_STYLE_FILL_AREA(#10868);
#10870=SURFACE_SIDE_STYLE('',(#10869));
#10871=SURFACE_STYLE_USAGE(.POSITIVE.,#10870);
#10872=PRESENTATION_STYLE_ASSIGNMENT((#10871));
#10873=STYLED_ITEM('',(#10872),#10866);
#10874=CARTESIAN_POINT('',(-7.194592678371E-1,-1.15E0,8.742637899958E-1));
#10875=DIRECTION('',(7.797581652623E-1,0.E0,-6.260808284134E-1));
#10876=DIRECTION('',(6.260808284134E-1,0.E0,7.797581652623E-1));
#10877=AXIS2_PLACEMENT_3D('',#10874,#10875,#10876);
#10878=PLANE('',#10877);
#10879=ORIENTED_EDGE('',*,*,#8067,.F.);
#10881=ORIENTED_EDGE('',*,*,#10880,.T.);
#10882=ORIENTED_EDGE('',*,*,#8876,.T.);
#10883=ORIENTED_EDGE('',*,*,#10860,.F.);
#10884=EDGE_LOOP('',(#10879,#10881,#10882,#10883));
#10885=FACE_OUTER_BOUND('',#10884,.F.);
#10886=ADVANCED_FACE('',(#10885),#10878,.T.);
#10887=FILL_AREA_STYLE_COLOUR('',#5);
#10888=FILL_AREA_STYLE('',(#10887));
#10889=SURFACE_STYLE_FILL_AREA(#10888);
#10890=SURFACE_SIDE_STYLE('',(#10889));
#10891=SURFACE_STYLE_USAGE(.POSITIVE.,#10890);
#10892=PRESENTATION_STYLE_ASSIGNMENT((#10891));
#10893=STYLED_ITEM('',(#10892),#10886);
#10894=CARTESIAN_POINT('',(-8.107014207826E-1,-1.15E0,8.060808134314E-1));
#10895=DIRECTION('',(5.986020415016E-1,0.E0,-8.010465628852E-1));
#10896=DIRECTION('',(8.010465628852E-1,0.E0,5.986020415016E-1));
#10897=AXIS2_PLACEMENT_3D('',#10894,#10895,#10896);
#10898=PLANE('',#10897);
#10899=ORIENTED_EDGE('',*,*,#8065,.F.);
#10901=ORIENTED_EDGE('',*,*,#10900,.T.);
#10902=ORIENTED_EDGE('',*,*,#8878,.T.);
#10903=ORIENTED_EDGE('',*,*,#10880,.F.);
#10904=EDGE_LOOP('',(#10899,#10901,#10902,#10903));
#10905=FACE_OUTER_BOUND('',#10904,.F.);
#10906=ADVANCED_FACE('',(#10905),#10898,.T.);
#10907=FILL_AREA_STYLE_COLOUR('',#5);
#10908=FILL_AREA_STYLE('',(#10907));
#10909=SURFACE_STYLE_FILL_AREA(#10908);
#10910=SURFACE_SIDE_STYLE('',(#10909));
#10911=SURFACE_STYLE_USAGE(.POSITIVE.,#10910);
#10912=PRESENTATION_STYLE_ASSIGNMENT((#10911));
#10913=STYLED_ITEM('',(#10912),#10906);
#10914=CARTESIAN_POINT('',(-9.201919207826E-1,-1.15E0,7.833531545766E-1));
#10915=DIRECTION('',(2.032440237911E-1,0.E0,-9.791281156178E-1));
#10916=DIRECTION('',(9.791281156178E-1,0.E0,2.032440237911E-1));
#10917=AXIS2_PLACEMENT_3D('',#10914,#10915,#10916);
#10918=PLANE('',#10917);
#10919=ORIENTED_EDGE('',*,*,#8063,.F.);
#10921=ORIENTED_EDGE('',*,*,#10920,.T.);
#10922=ORIENTED_EDGE('',*,*,#8880,.T.);
#10923=ORIENTED_EDGE('',*,*,#10900,.F.);
#10924=EDGE_LOOP('',(#10919,#10921,#10922,#10923));
#10925=FACE_OUTER_BOUND('',#10924,.F.);
#10926=ADVANCED_FACE('',(#10925),#10918,.T.);
#10927=FILL_AREA_STYLE_COLOUR('',#5);
#10928=FILL_AREA_STYLE('',(#10927));
#10929=SURFACE_STYLE_FILL_AREA(#10928);
#10930=SURFACE_SIDE_STYLE('',(#10929));
#10931=SURFACE_STYLE_USAGE(.POSITIVE.,#10930);
#10932=PRESENTATION_STYLE_ASSIGNMENT((#10931));
#10933=STYLED_ITEM('',(#10932),#10926);
#10934=CARTESIAN_POINT('',(-1.029682420783E0,-1.15E0,8.060808134314E-1));
#10935=DIRECTION('',(-2.032440237911E-1,0.E0,-9.791281156178E-1));
#10936=DIRECTION('',(9.791281156178E-1,0.E0,-2.032440237911E-1));
#10937=AXIS2_PLACEMENT_3D('',#10934,#10935,#10936);
#10938=PLANE('',#10937);
#10939=ORIENTED_EDGE('',*,*,#8061,.F.);
#10941=ORIENTED_EDGE('',*,*,#10940,.T.);
#10942=ORIENTED_EDGE('',*,*,#8882,.T.);
#10943=ORIENTED_EDGE('',*,*,#10920,.F.);
#10944=EDGE_LOOP('',(#10939,#10941,#10942,#10943));
#10945=FACE_OUTER_BOUND('',#10944,.F.);
#10946=ADVANCED_FACE('',(#10945),#10938,.T.);
#10947=FILL_AREA_STYLE_COLOUR('',#5);
#10948=FILL_AREA_STYLE('',(#10947));
#10949=SURFACE_STYLE_FILL_AREA(#10948);
#10950=SURFACE_SIDE_STYLE('',(#10949));
#10951=SURFACE_STYLE_USAGE(.POSITIVE.,#10950);
#10952=PRESENTATION_STYLE_ASSIGNMENT((#10951));
#10953=STYLED_ITEM('',(#10952),#10946);
#10954=CARTESIAN_POINT('',(-1.120924364892E0,-1.15E0,8.742637899958E-1));
#10955=DIRECTION('',(-5.986029206560E-1,0.E0,-8.010459059143E-1));
#10956=DIRECTION('',(8.010459059143E-1,0.E0,-5.986029206560E-1));
#10957=AXIS2_PLACEMENT_3D('',#10954,#10955,#10956);
#10958=PLANE('',#10957);
#10959=ORIENTED_EDGE('',*,*,#8059,.F.);
#10961=ORIENTED_EDGE('',*,*,#10960,.T.);
#10962=ORIENTED_EDGE('',*,*,#8884,.T.);
#10963=ORIENTED_EDGE('',*,*,#10940,.F.);
#10964=EDGE_LOOP('',(#10959,#10961,#10962,#10963));
#10965=FACE_OUTER_BOUND('',#10964,.F.);
#10966=ADVANCED_FACE('',(#10965),#10958,.T.);
#10967=FILL_AREA_STYLE_COLOUR('',#5);
#10968=FILL_AREA_STYLE('',(#10967));
#10969=SURFACE_STYLE_FILL_AREA(#10968);
#10970=SURFACE_SIDE_STYLE('',(#10969));
#10971=SURFACE_STYLE_USAGE(.POSITIVE.,#10970);
#10972=PRESENTATION_STYLE_ASSIGNMENT((#10971));
#10973=STYLED_ITEM('',(#10972),#10966);
#10974=CARTESIAN_POINT('',(-1.175669614892E0,-1.15E0,9.424467685499E-1));
#10975=DIRECTION('',(-7.797581652623E-1,0.E0,-6.260808284134E-1));
#10976=DIRECTION('',(6.260808284134E-1,0.E0,-7.797581652623E-1));
#10977=AXIS2_PLACEMENT_3D('',#10974,#10975,#10976);
#10978=PLANE('',#10977);
#10979=ORIENTED_EDGE('',*,*,#8057,.F.);
#10981=ORIENTED_EDGE('',*,*,#10980,.T.);
#10982=ORIENTED_EDGE('',*,*,#8886,.T.);
#10983=ORIENTED_EDGE('',*,*,#10960,.F.);
#10984=EDGE_LOOP('',(#10979,#10981,#10982,#10983));
#10985=FACE_OUTER_BOUND('',#10984,.F.);
#10986=ADVANCED_FACE('',(#10985),#10978,.T.);
#10987=FILL_AREA_STYLE_COLOUR('',#5);
#10988=FILL_AREA_STYLE('',(#10987));
#10989=SURFACE_STYLE_FILL_AREA(#10988);
#10990=SURFACE_SIDE_STYLE('',(#10989));
#10991=SURFACE_STYLE_USAGE(.POSITIVE.,#10990);
#10992=PRESENTATION_STYLE_ASSIGNMENT((#10991));
#10993=STYLED_ITEM('',(#10992),#10986);
#10994=CARTESIAN_POINT('',(-1.212166517837E0,-1.15E0,1.033357411928E0));
#10995=DIRECTION('',(-9.280090480714E-1,0.E0,-3.725576555348E-1));
#10996=DIRECTION('',(3.725576555348E-1,0.E0,-9.280090480714E-1));
#10997=AXIS2_PLACEMENT_3D('',#10994,#10995,#10996);
#10998=PLANE('',#10997);
#10999=ORIENTED_EDGE('',*,*,#8055,.F.);
#11001=ORIENTED_EDGE('',*,*,#11000,.T.);
#11002=ORIENTED_EDGE('',*,*,#8888,.T.);
#11003=ORIENTED_EDGE('',*,*,#10980,.F.);
#11004=EDGE_LOOP('',(#10999,#11001,#11002,#11003));
#11005=FACE_OUTER_BOUND('',#11004,.F.);
#11006=ADVANCED_FACE('',(#11005),#10998,.T.);
#11007=FILL_AREA_STYLE_COLOUR('',#5);
#11008=FILL_AREA_STYLE('',(#11007));
#11009=SURFACE_STYLE_FILL_AREA(#11008);
#11010=SURFACE_SIDE_STYLE('',(#11009));
#11011=SURFACE_STYLE_USAGE(.POSITIVE.,#11010);
#11012=PRESENTATION_STYLE_ASSIGNMENT((#11011));
#11013=STYLED_ITEM('',(#11012),#11006);
#11014=CARTESIAN_POINT('',(-1.230414864892E0,-1.15E0,1.101540382523E0));
#11015=DIRECTION('',(-9.660009627797E-1,0.E0,-2.585384689145E-1));
#11016=DIRECTION('',(2.585384689145E-1,0.E0,-9.660009627797E-1));
#11017=AXIS2_PLACEMENT_3D('',#11014,#11015,#11016);
#11018=PLANE('',#11017);
#11019=ORIENTED_EDGE('',*,*,#8053,.F.);
#11021=ORIENTED_EDGE('',*,*,#11020,.T.);
#11022=ORIENTED_EDGE('',*,*,#8890,.T.);
#11023=ORIENTED_EDGE('',*,*,#11000,.F.);
#11024=EDGE_LOOP('',(#11019,#11021,#11022,#11023));
#11025=FACE_OUTER_BOUND('',#11024,.F.);
#11026=ADVANCED_FACE('',(#11025),#11018,.T.);
#11027=FILL_AREA_STYLE_COLOUR('',#5);
#11028=FILL_AREA_STYLE('',(#11027));
#11029=SURFACE_STYLE_FILL_AREA(#11028);
#11030=SURFACE_SIDE_STYLE('',(#11029));
#11031=SURFACE_STYLE_USAGE(.POSITIVE.,#11030);
#11032=PRESENTATION_STYLE_ASSIGNMENT((#11031));
#11033=STYLED_ITEM('',(#11032),#11026);
#11034=CARTESIAN_POINT('',(-1.248663420783E0,-1.15E0,1.215178698684E0));
#11035=DIRECTION('',(-9.873504343520E-1,0.E0,-1.585532080559E-1));
#11036=DIRECTION('',(1.585532080559E-1,0.E0,-9.873504343520E-1));
#11037=AXIS2_PLACEMENT_3D('',#11034,#11035,#11036);
#11038=PLANE('',#11037);
#11039=ORIENTED_EDGE('',*,*,#8051,.F.);
#11040=ORIENTED_EDGE('',*,*,#10542,.T.);
#11041=ORIENTED_EDGE('',*,*,#8892,.T.);
#11042=ORIENTED_EDGE('',*,*,#11020,.F.);
#11043=EDGE_LOOP('',(#11039,#11040,#11041,#11042));
#11044=FACE_OUTER_BOUND('',#11043,.F.);
#11045=ADVANCED_FACE('',(#11044),#11038,.T.);
#11046=FILL_AREA_STYLE_COLOUR('',#5);
#11047=FILL_AREA_STYLE('',(#11046));
#11048=SURFACE_STYLE_FILL_AREA(#11047);
#11049=SURFACE_SIDE_STYLE('',(#11048));
#11050=SURFACE_STYLE_USAGE(.POSITIVE.,#11049);
#11051=PRESENTATION_STYLE_ASSIGNMENT((#11050));
#11052=STYLED_ITEM('',(#11051),#11045);
#11053=CARTESIAN_POINT('',(-1.157421267837E0,-1.15E0,1.396999953605E0));
#11054=DIRECTION('',(9.911647320552E-1,0.E0,-1.326366236376E-1));
#11055=DIRECTION('',(1.326366236376E-1,0.E0,9.911647320552E-1));
#11056=AXIS2_PLACEMENT_3D('',#11053,#11054,#11055);
#11057=PLANE('',#11056);
#11058=ORIENTED_EDGE('',*,*,#8270,.F.);
#11060=ORIENTED_EDGE('',*,*,#11059,.T.);
#11061=ORIENTED_EDGE('',*,*,#8896,.T.);
#11063=ORIENTED_EDGE('',*,*,#11062,.F.);
#11064=EDGE_LOOP('',(#11058,#11060,#11061,#11063));
#11065=FACE_OUTER_BOUND('',#11064,.F.);
#11066=ADVANCED_FACE('',(#11065),#11057,.T.);
#11067=FILL_AREA_STYLE_COLOUR('',#5);
#11068=FILL_AREA_STYLE('',(#11067));
#11069=SURFACE_STYLE_FILL_AREA(#11068);
#11070=SURFACE_SIDE_STYLE('',(#11069));
#11071=SURFACE_STYLE_USAGE(.POSITIVE.,#11070);
#11072=PRESENTATION_STYLE_ASSIGNMENT((#11071));
#11073=STYLED_ITEM('',(#11072),#11066);
#11074=CARTESIAN_POINT('',(-1.157421267837E0,-1.15E0,1.237906355549E0));
#11075=DIRECTION('',(1.E0,0.E0,0.E0));
#11076=DIRECTION('',(0.E0,0.E0,1.E0));
#11077=AXIS2_PLACEMENT_3D('',#11074,#11075,#11076);
#11078=PLANE('',#11077);
#11079=ORIENTED_EDGE('',*,*,#8304,.F.);
#11081=ORIENTED_EDGE('',*,*,#11080,.T.);
#11082=ORIENTED_EDGE('',*,*,#8898,.T.);
#11083=ORIENTED_EDGE('',*,*,#11059,.F.);
#11084=EDGE_LOOP('',(#11079,#11081,#11082,#11083));
#11085=FACE_OUTER_BOUND('',#11084,.F.);
#11086=ADVANCED_FACE('',(#11085),#11078,.T.);
#11087=FILL_AREA_STYLE_COLOUR('',#5);
#11088=FILL_AREA_STYLE('',(#11087));
#11089=SURFACE_STYLE_FILL_AREA(#11088);
#11090=SURFACE_SIDE_STYLE('',(#11089));
#11091=SURFACE_STYLE_USAGE(.POSITIVE.,#11090);
#11092=PRESENTATION_STYLE_ASSIGNMENT((#11091));
#11093=STYLED_ITEM('',(#11092),#11086);
#11094=CARTESIAN_POINT('',(-1.139172920783E0,-1.15E0,1.101540382523E0));
#11095=DIRECTION('',(9.911647361259E-1,0.E0,1.326365932182E-1));
#11096=DIRECTION('',(-1.326365932182E-1,0.E0,9.911647361259E-1));
#11097=AXIS2_PLACEMENT_3D('',#11094,#11095,#11096);
#11098=PLANE('',#11097);
#11099=ORIENTED_EDGE('',*,*,#8302,.F.);
#11101=ORIENTED_EDGE('',*,*,#11100,.T.);
#11102=ORIENTED_EDGE('',*,*,#8900,.T.);
#11103=ORIENTED_EDGE('',*,*,#11080,.F.);
#11104=EDGE_LOOP('',(#11099,#11101,#11102,#11103));
#11105=FACE_OUTER_BOUND('',#11104,.F.);
#11106=ADVANCED_FACE('',(#11105),#11098,.T.);
#11107=FILL_AREA_STYLE_COLOUR('',#5);
#11108=FILL_AREA_STYLE('',(#11107));
#11109=SURFACE_STYLE_FILL_AREA(#11108);
#11110=SURFACE_SIDE_STYLE('',(#11109));
#11111=SURFACE_STYLE_USAGE(.POSITIVE.,#11110);
#11112=PRESENTATION_STYLE_ASSIGNMENT((#11111));
#11113=STYLED_ITEM('',(#11112),#11106);
#11114=CARTESIAN_POINT('',(-1.066179114892E0,-1.15E0,9.651744254150E-1));
#11115=DIRECTION('',(8.816397366022E-1,0.E0,4.719230603011E-1));
#11116=DIRECTION('',(-4.719230603011E-1,0.E0,8.816397366022E-1));
#11117=AXIS2_PLACEMENT_3D('',#11114,#11115,#11116);
#11118=PLANE('',#11117);
#11119=ORIENTED_EDGE('',*,*,#8300,.F.);
#11121=ORIENTED_EDGE('',*,*,#11120,.T.);
#11122=ORIENTED_EDGE('',*,*,#8902,.T.);
#11123=ORIENTED_EDGE('',*,*,#11100,.F.);
#11124=EDGE_LOOP('',(#11119,#11121,#11122,#11123));
#11125=FACE_OUTER_BOUND('',#11124,.F.);
#11126=ADVANCED_FACE('',(#11125),#11118,.T.);
#11127=FILL_AREA_STYLE_COLOUR('',#5);
#11128=FILL_AREA_STYLE('',(#11127));
#11129=SURFACE_STYLE_FILL_AREA(#11128);
#11130=SURFACE_SIDE_STYLE('',(#11129));
#11131=SURFACE_STYLE_USAGE(.POSITIVE.,#11130);
#11132=PRESENTATION_STYLE_ASSIGNMENT((#11131));
#11133=STYLED_ITEM('',(#11132),#11126);
#11134=CARTESIAN_POINT('',(-1.011433864892E0,-1.15E0,9.197191116848E-1));
#11135=DIRECTION('',(6.388088435810E-1,0.E0,7.693654927034E-1));
#11136=DIRECTION('',(-7.693654927034E-1,0.E0,6.388088435810E-1));
#11137=AXIS2_PLACEMENT_3D('',#11134,#11135,#11136);
#11138=PLANE('',#11137);
#11139=ORIENTED_EDGE('',*,*,#8298,.F.);
#11141=ORIENTED_EDGE('',*,*,#11140,.T.);
#11142=ORIENTED_EDGE('',*,*,#8904,.T.);
#11143=ORIENTED_EDGE('',*,*,#11120,.F.);
#11144=EDGE_LOOP('',(#11139,#11141,#11142,#11143));
#11145=FACE_OUTER_BOUND('',#11144,.F.);
#11146=ADVANCED_FACE('',(#11145),#11138,.T.);
#11147=FILL_AREA_STYLE_COLOUR('',#5);
#11148=FILL_AREA_STYLE('',(#11147));
#11149=SURFACE_STYLE_FILL_AREA(#11148);
#11150=SURFACE_SIDE_STYLE('',(#11149));
#11151=SURFACE_STYLE_USAGE(.POSITIVE.,#11150);
#11152=PRESENTATION_STYLE_ASSIGNMENT((#11151));
#11153=STYLED_ITEM('',(#11152),#11146);
#11154=CARTESIAN_POINT('',(-9.201919207826E-1,-1.15E0,8.969914548196E-1));
#11155=DIRECTION('',(2.417064726862E-1,0.E0,9.703494118417E-1));
#11156=DIRECTION('',(-9.703494118417E-1,0.E0,2.417064726862E-1));
#11157=AXIS2_PLACEMENT_3D('',#11154,#11155,#11156);
#11158=PLANE('',#11157);
#11159=ORIENTED_EDGE('',*,*,#8296,.F.);
#11161=ORIENTED_EDGE('',*,*,#11160,.T.);
#11162=ORIENTED_EDGE('',*,*,#8906,.T.);
#11163=ORIENTED_EDGE('',*,*,#11140,.F.);
#11164=EDGE_LOOP('',(#11159,#11161,#11162,#11163));
#11165=FACE_OUTER_BOUND('',#11164,.F.);
#11166=ADVANCED_FACE('',(#11165),#11158,.T.);
#11167=FILL_AREA_STYLE_COLOUR('',#5);
#11168=FILL_AREA_STYLE('',(#11167));
#11169=SURFACE_STYLE_FILL_AREA(#11168);
#11170=SURFACE_SIDE_STYLE('',(#11169));
#11171=SURFACE_STYLE_USAGE(.POSITIVE.,#11170);
#11172=PRESENTATION_STYLE_ASSIGNMENT((#11171));
#11173=STYLED_ITEM('',(#11172),#11166);
#11174=CARTESIAN_POINT('',(-8.289497678371E-1,-1.15E0,9.197191116848E-1));
#11175=DIRECTION('',(-2.417059517846E-1,0.E0,9.703495415941E-1));
#11176=DIRECTION('',(-9.703495415941E-1,0.E0,-2.417059517846E-1));
#11177=AXIS2_PLACEMENT_3D('',#11174,#11175,#11176);
#11178=PLANE('',#11177);
#11179=ORIENTED_EDGE('',*,*,#8294,.F.);
#11181=ORIENTED_EDGE('',*,*,#11180,.T.);
#11182=ORIENTED_EDGE('',*,*,#8908,.T.);
#11183=ORIENTED_EDGE('',*,*,#11160,.F.);
#11184=EDGE_LOOP('',(#11179,#11181,#11182,#11183));
#11185=FACE_OUTER_BOUND('',#11184,.F.);
#11186=ADVANCED_FACE('',(#11185),#11178,.T.);
#11187=FILL_AREA_STYLE_COLOUR('',#5);
#11188=FILL_AREA_STYLE('',(#11187));
#11189=SURFACE_STYLE_FILL_AREA(#11188);
#11190=SURFACE_SIDE_STYLE('',(#11189));
#11191=SURFACE_STYLE_USAGE(.POSITIVE.,#11190);
#11192=PRESENTATION_STYLE_ASSIGNMENT((#11191));
#11193=STYLED_ITEM('',(#11192),#11186);
#11194=CARTESIAN_POINT('',(-7.742045178371E-1,-1.15E0,9.651744254150E-1));
#11195=DIRECTION('',(-6.388088435810E-1,0.E0,7.693654927034E-1));
#11196=DIRECTION('',(-7.693654927034E-1,0.E0,-6.388088435810E-1));
#11197=AXIS2_PLACEMENT_3D('',#11194,#11195,#11196);
#11198=PLANE('',#11197);
#11199=ORIENTED_EDGE('',*,*,#8292,.F.);
#11201=ORIENTED_EDGE('',*,*,#11200,.T.);
#11202=ORIENTED_EDGE('',*,*,#8910,.T.);
#11203=ORIENTED_EDGE('',*,*,#11180,.F.);
#11204=EDGE_LOOP('',(#11199,#11201,#11202,#11203));
#11205=FACE_OUTER_BOUND('',#11204,.F.);
#11206=ADVANCED_FACE('',(#11205),#11198,.T.);
#11207=FILL_AREA_STYLE_COLOUR('',#5);
#11208=FILL_AREA_STYLE('',(#11207));
#11209=SURFACE_STYLE_FILL_AREA(#11208);
#11210=SURFACE_SIDE_STYLE('',(#11209));
#11211=SURFACE_STYLE_USAGE(.POSITIVE.,#11210);
#11212=PRESENTATION_STYLE_ASSIGNMENT((#11211));
#11213=STYLED_ITEM('',(#11212),#11206);
#11214=CARTESIAN_POINT('',(-7.012109207826E-1,-1.15E0,1.101540382523E0));
#11215=DIRECTION('',(-8.816402983662E-1,0.E0,4.719220108205E-1));
#11216=DIRECTION('',(-4.719220108205E-1,0.E0,-8.816402983662E-1));
#11217=AXIS2_PLACEMENT_3D('',#11214,#11215,#11216);
#11218=PLANE('',#11217);
#11219=ORIENTED_EDGE('',*,*,#8290,.F.);
#11221=ORIENTED_EDGE('',*,*,#11220,.T.);
#11222=ORIENTED_EDGE('',*,*,#8912,.T.);
#11223=ORIENTED_EDGE('',*,*,#11200,.F.);
#11224=EDGE_LOOP('',(#11219,#11221,#11222,#11223));
#11225=FACE_OUTER_BOUND('',#11224,.F.);
#11226=ADVANCED_FACE('',(#11225),#11218,.T.);
#11227=FILL_AREA_STYLE_COLOUR('',#5);
#11228=FILL_AREA_STYLE('',(#11227));
#11229=SURFACE_STYLE_FILL_AREA(#11228);
#11230=SURFACE_SIDE_STYLE('',(#11229));
#11231=SURFACE_STYLE_USAGE(.POSITIVE.,#11230);
#11232=PRESENTATION_STYLE_ASSIGNMENT((#11231));
#11233=STYLED_ITEM('',(#11232),#11226);
#11234=CARTESIAN_POINT('',(-6.829623648916E-1,-1.15E0,1.237906355549E0));
#11235=DIRECTION('',(-9.911645365730E-1,0.E0,1.326380844250E-1));
#11236=DIRECTION('',(-1.326380844250E-1,0.E0,-9.911645365730E-1));
#11237=AXIS2_PLACEMENT_3D('',#11234,#11235,#11236);
#11238=PLANE('',#11237);
#11239=ORIENTED_EDGE('',*,*,#8288,.F.);
#11241=ORIENTED_EDGE('',*,*,#11240,.T.);
#11242=ORIENTED_EDGE('',*,*,#8914,.T.);
#11243=ORIENTED_EDGE('',*,*,#11220,.F.);
#11244=EDGE_LOOP('',(#11239,#11241,#11242,#11243));
#11245=FACE_OUTER_BOUND('',#11244,.F.);
#11246=ADVANCED_FACE('',(#11245),#11238,.T.);
#11247=FILL_AREA_STYLE_COLOUR('',#5);
#11248=FILL_AREA_STYLE('',(#11247));
#11249=SURFACE_STYLE_FILL_AREA(#11248);
#11250=SURFACE_SIDE_STYLE('',(#11249));
#11251=SURFACE_STYLE_USAGE(.POSITIVE.,#11250);
#11252=PRESENTATION_STYLE_ASSIGNMENT((#11251));
#11253=STYLED_ITEM('',(#11252),#11246);
#11254=CARTESIAN_POINT('',(-6.829623648916E-1,-1.15E0,1.396999953605E0));
#11255=DIRECTION('',(-1.E0,0.E0,0.E0));
#11256=DIRECTION('',(0.E0,0.E0,-1.E0));
#11257=AXIS2_PLACEMENT_3D('',#11254,#11255,#11256);
#11258=PLANE('',#11257);
#11259=ORIENTED_EDGE('',*,*,#8286,.F.);
#11261=ORIENTED_EDGE('',*,*,#11260,.T.);
#11262=ORIENTED_EDGE('',*,*,#8916,.T.);
#11263=ORIENTED_EDGE('',*,*,#11240,.F.);
#11264=EDGE_LOOP('',(#11259,#11261,#11262,#11263));
#11265=FACE_OUTER_BOUND('',#11264,.F.);
#11266=ADVANCED_FACE('',(#11265),#11258,.T.);
#11267=FILL_AREA_STYLE_COLOUR('',#5);
#11268=FILL_AREA_STYLE('',(#11267));
#11269=SURFACE_STYLE_FILL_AREA(#11268);
#11270=SURFACE_SIDE_STYLE('',(#11269));
#11271=SURFACE_STYLE_USAGE(.POSITIVE.,#11270);
#11272=PRESENTATION_STYLE_ASSIGNMENT((#11271));
#11273=STYLED_ITEM('',(#11272),#11266);
#11274=CARTESIAN_POINT('',(-7.012109207826E-1,-1.15E0,1.533365894795E0));
#11275=DIRECTION('',(-9.911645325022E-1,0.E0,-1.326381148449E-1));
#11276=DIRECTION('',(1.326381148449E-1,0.E0,-9.911645325022E-1));
#11277=AXIS2_PLACEMENT_3D('',#11274,#11275,#11276);
#11278=PLANE('',#11277);
#11279=ORIENTED_EDGE('',*,*,#8284,.F.);
#11281=ORIENTED_EDGE('',*,*,#11280,.T.);
#11282=ORIENTED_EDGE('',*,*,#8918,.T.);
#11283=ORIENTED_EDGE('',*,*,#11260,.F.);
#11284=EDGE_LOOP('',(#11279,#11281,#11282,#11283));
#11285=FACE_OUTER_BOUND('',#11284,.F.);
#11286=ADVANCED_FACE('',(#11285),#11278,.T.);
#11287=FILL_AREA_STYLE_COLOUR('',#5);
#11288=FILL_AREA_STYLE('',(#11287));
#11289=SURFACE_STYLE_FILL_AREA(#11288);
#11290=SURFACE_SIDE_STYLE('',(#11289));
#11291=SURFACE_STYLE_USAGE(.POSITIVE.,#11290);
#11292=PRESENTATION_STYLE_ASSIGNMENT((#11291));
#11293=STYLED_ITEM('',(#11292),#11286);
#11294=CARTESIAN_POINT('',(-7.742045178371E-1,-1.15E0,1.669731899656E0));
#11295=DIRECTION('',(-8.816403671236E-1,0.E0,-4.719218823684E-1));
#11296=DIRECTION('',(4.719218823684E-1,0.E0,-8.816403671236E-1));
#11297=AXIS2_PLACEMENT_3D('',#11294,#11295,#11296);
#11298=PLANE('',#11297);
#11299=ORIENTED_EDGE('',*,*,#8282,.F.);
#11301=ORIENTED_EDGE('',*,*,#11300,.T.);
#11302=ORIENTED_EDGE('',*,*,#8920,.T.);
#11303=ORIENTED_EDGE('',*,*,#11280,.F.);
#11304=EDGE_LOOP('',(#11299,#11301,#11302,#11303));
#11305=FACE_OUTER_BOUND('',#11304,.F.);
#11306=ADVANCED_FACE('',(#11305),#11298,.T.);
#11307=FILL_AREA_STYLE_COLOUR('',#5);
#11308=FILL_AREA_STYLE('',(#11307));
#11309=SURFACE_STYLE_FILL_AREA(#11308);
#11310=SURFACE_SIDE_STYLE('',(#11309));
#11311=SURFACE_STYLE_USAGE(.POSITIVE.,#11310);
#11312=PRESENTATION_STYLE_ASSIGNMENT((#11311));
#11313=STYLED_ITEM('',(#11312),#11306);
#11314=CARTESIAN_POINT('',(-8.289497678371E-1,-1.15E0,1.715187213386E0));
#11315=DIRECTION('',(-6.388088435810E-1,0.E0,-7.693654927034E-1));
#11316=DIRECTION('',(7.693654927034E-1,0.E0,-6.388088435810E-1));
#11317=AXIS2_PLACEMENT_3D('',#11314,#11315,#11316);
#11318=PLANE('',#11317);
#11319=ORIENTED_EDGE('',*,*,#8280,.F.);
#11321=ORIENTED_EDGE('',*,*,#11320,.T.);
#11322=ORIENTED_EDGE('',*,*,#8922,.T.);
#11323=ORIENTED_EDGE('',*,*,#11300,.F.);
#11324=EDGE_LOOP('',(#11319,#11321,#11322,#11323));
#11325=FACE_OUTER_BOUND('',#11324,.F.);
#11326=ADVANCED_FACE('',(#11325),#11318,.T.);
#11327=FILL_AREA_STYLE_COLOUR('',#5);
#11328=FILL_AREA_STYLE('',(#11327));
#11329=SURFACE_STYLE_FILL_AREA(#11328);
#11330=SURFACE_SIDE_STYLE('',(#11329));
#11331=SURFACE_STYLE_USAGE(.POSITIVE.,#11330);
#11332=PRESENTATION_STYLE_ASSIGNMENT((#11331));
#11333=STYLED_ITEM('',(#11332),#11326);
#11334=CARTESIAN_POINT('',(-9.201919207826E-1,-1.15E0,1.737914870251E0));
#11335=DIRECTION('',(-2.417059517847E-1,0.E0,-9.703495415941E-1));
#11336=DIRECTION('',(9.703495415941E-1,0.E0,-2.417059517847E-1));
#11337=AXIS2_PLACEMENT_3D('',#11334,#11335,#11336);
#11338=PLANE('',#11337);
#11339=ORIENTED_EDGE('',*,*,#8278,.F.);
#11341=ORIENTED_EDGE('',*,*,#11340,.T.);
#11342=ORIENTED_EDGE('',*,*,#8924,.T.);
#11343=ORIENTED_EDGE('',*,*,#11320,.F.);
#11344=EDGE_LOOP('',(#11339,#11341,#11342,#11343));
#11345=FACE_OUTER_BOUND('',#11344,.F.);
#11346=ADVANCED_FACE('',(#11345),#11338,.T.);
#11347=FILL_AREA_STYLE_COLOUR('',#5);
#11348=FILL_AREA_STYLE('',(#11347));
#11349=SURFACE_STYLE_FILL_AREA(#11348);
#11350=SURFACE_SIDE_STYLE('',(#11349));
#11351=SURFACE_STYLE_USAGE(.POSITIVE.,#11350);
#11352=PRESENTATION_STYLE_ASSIGNMENT((#11351));
#11353=STYLED_ITEM('',(#11352),#11346);
#11354=CARTESIAN_POINT('',(-1.011433864892E0,-1.15E0,1.715187213386E0));
#11355=DIRECTION('',(2.417064726862E-1,0.E0,-9.703494118417E-1));
#11356=DIRECTION('',(9.703494118417E-1,0.E0,2.417064726862E-1));
#11357=AXIS2_PLACEMENT_3D('',#11354,#11355,#11356);
#11358=PLANE('',#11357);
#11359=ORIENTED_EDGE('',*,*,#8276,.F.);
#11361=ORIENTED_EDGE('',*,*,#11360,.T.);
#11362=ORIENTED_EDGE('',*,*,#8926,.T.);
#11363=ORIENTED_EDGE('',*,*,#11340,.F.);
#11364=EDGE_LOOP('',(#11359,#11361,#11362,#11363));
#11365=FACE_OUTER_BOUND('',#11364,.F.);
#11366=ADVANCED_FACE('',(#11365),#11358,.T.);
#11367=FILL_AREA_STYLE_COLOUR('',#5);
#11368=FILL_AREA_STYLE('',(#11367));
#11369=SURFACE_STYLE_FILL_AREA(#11368);
#11370=SURFACE_SIDE_STYLE('',(#11369));
#11371=SURFACE_STYLE_USAGE(.POSITIVE.,#11370);
#11372=PRESENTATION_STYLE_ASSIGNMENT((#11371));
#11373=STYLED_ITEM('',(#11372),#11366);
#11374=CARTESIAN_POINT('',(-1.066179114892E0,-1.15E0,1.669731899656E0));
#11375=DIRECTION('',(6.388088435810E-1,0.E0,-7.693654927034E-1));
#11376=DIRECTION('',(7.693654927034E-1,0.E0,6.388088435810E-1));
#11377=AXIS2_PLACEMENT_3D('',#11374,#11375,#11376);
#11378=PLANE('',#11377);
#11379=ORIENTED_EDGE('',*,*,#8274,.F.);
#11381=ORIENTED_EDGE('',*,*,#11380,.T.);
#11382=ORIENTED_EDGE('',*,*,#8928,.T.);
#11383=ORIENTED_EDGE('',*,*,#11360,.F.);
#11384=EDGE_LOOP('',(#11379,#11381,#11382,#11383));
#11385=FACE_OUTER_BOUND('',#11384,.F.);
#11386=ADVANCED_FACE('',(#11385),#11378,.T.);
#11387=FILL_AREA_STYLE_COLOUR('',#5);
#11388=FILL_AREA_STYLE('',(#11387));
#11389=SURFACE_STYLE_FILL_AREA(#11388);
#11390=SURFACE_SIDE_STYLE('',(#11389));
#11391=SURFACE_STYLE_USAGE(.POSITIVE.,#11390);
#11392=PRESENTATION_STYLE_ASSIGNMENT((#11391));
#11393=STYLED_ITEM('',(#11392),#11386);
#11394=CARTESIAN_POINT('',(-1.139172920783E0,-1.15E0,1.533365894795E0));
#11395=DIRECTION('',(8.816398053599E-1,0.E0,-4.719229318490E-1));
#11396=DIRECTION('',(4.719229318490E-1,0.E0,8.816398053599E-1));
#11397=AXIS2_PLACEMENT_3D('',#11394,#11395,#11396);
#11398=PLANE('',#11397);
#11399=ORIENTED_EDGE('',*,*,#8272,.F.);
#11400=ORIENTED_EDGE('',*,*,#11062,.T.);
#11401=ORIENTED_EDGE('',*,*,#8930,.T.);
#11402=ORIENTED_EDGE('',*,*,#11380,.F.);
#11403=EDGE_LOOP('',(#11399,#11400,#11401,#11402));
#11404=FACE_OUTER_BOUND('',#11403,.F.);
#11405=ADVANCED_FACE('',(#11404),#11398,.T.);
#11406=FILL_AREA_STYLE_COLOUR('',#5);
#11407=FILL_AREA_STYLE('',(#11406));
#11408=SURFACE_STYLE_FILL_AREA(#11407);
#11409=SURFACE_SIDE_STYLE('',(#11408));
#11410=SURFACE_STYLE_USAGE(.POSITIVE.,#11409);
#11411=PRESENTATION_STYLE_ASSIGNMENT((#11410));
#11412=STYLED_ITEM('',(#11411),#11405);
#11413=CARTESIAN_POINT('',(-3.362425178371E-1,-1.15E0,7.833531545766E-1));
#11414=DIRECTION('',(1.E0,0.E0,0.E0));
#11415=DIRECTION('',(0.E0,0.E0,1.E0));
#11416=AXIS2_PLACEMENT_3D('',#11413,#11414,#11415);
#11417=PLANE('',#11416);
#11418=ORIENTED_EDGE('',*,*,#8103,.F.);
#11420=ORIENTED_EDGE('',*,*,#11419,.T.);
#11421=ORIENTED_EDGE('',*,*,#8947,.T.);
#11423=ORIENTED_EDGE('',*,*,#11422,.F.);
#11424=EDGE_LOOP('',(#11418,#11420,#11421,#11423));
#11425=FACE_OUTER_BOUND('',#11424,.F.);
#11426=ADVANCED_FACE('',(#11425),#11417,.T.);
#11427=FILL_AREA_STYLE_COLOUR('',#5);
#11428=FILL_AREA_STYLE('',(#11427));
#11429=SURFACE_STYLE_FILL_AREA(#11428);
#11430=SURFACE_SIDE_STYLE('',(#11429));
#11431=SURFACE_STYLE_USAGE(.POSITIVE.,#11430);
#11432=PRESENTATION_STYLE_ASSIGNMENT((#11431));
#11433=STYLED_ITEM('',(#11432),#11426);
#11434=CARTESIAN_POINT('',(-4.457330178371E-1,-1.15E0,7.833531545766E-1));
#11435=DIRECTION('',(0.E0,0.E0,-1.E0));
#11436=DIRECTION('',(1.E0,0.E0,0.E0));
#11437=AXIS2_PLACEMENT_3D('',#11434,#11435,#11436);
#11438=PLANE('',#11437);
#11439=ORIENTED_EDGE('',*,*,#8125,.F.);
#11441=ORIENTED_EDGE('',*,*,#11440,.T.);
#11442=ORIENTED_EDGE('',*,*,#8949,.T.);
#11443=ORIENTED_EDGE('',*,*,#11419,.F.);
#11444=EDGE_LOOP('',(#11439,#11441,#11442,#11443));
#11445=FACE_OUTER_BOUND('',#11444,.F.);
#11446=ADVANCED_FACE('',(#11445),#11438,.T.);
#11447=FILL_AREA_STYLE_COLOUR('',#5);
#11448=FILL_AREA_STYLE('',(#11447));
#11449=SURFACE_STYLE_FILL_AREA(#11448);
#11450=SURFACE_SIDE_STYLE('',(#11449));
#11451=SURFACE_STYLE_USAGE(.POSITIVE.,#11450);
#11452=PRESENTATION_STYLE_ASSIGNMENT((#11451));
#11453=STYLED_ITEM('',(#11452),#11446);
#11454=CARTESIAN_POINT('',(-4.457330178371E-1,-1.15E0,1.851553154577E0));
#11455=DIRECTION('',(-1.E0,0.E0,0.E0));
#11456=DIRECTION('',(0.E0,0.E0,-1.E0));
#11457=AXIS2_PLACEMENT_3D('',#11454,#11455,#11456);
#11458=PLANE('',#11457);
#11459=ORIENTED_EDGE('',*,*,#8123,.F.);
#11461=ORIENTED_EDGE('',*,*,#11460,.T.);
#11462=ORIENTED_EDGE('',*,*,#8951,.T.);
#11463=ORIENTED_EDGE('',*,*,#11440,.F.);
#11464=EDGE_LOOP('',(#11459,#11461,#11462,#11463));
#11465=FACE_OUTER_BOUND('',#11464,.F.);
#11466=ADVANCED_FACE('',(#11465),#11458,.T.);
#11467=FILL_AREA_STYLE_COLOUR('',#5);
#11468=FILL_AREA_STYLE('',(#11467));
#11469=SURFACE_STYLE_FILL_AREA(#11468);
#11470=SURFACE_SIDE_STYLE('',(#11469));
#11471=SURFACE_STYLE_USAGE(.POSITIVE.,#11470);
#11472=PRESENTATION_STYLE_ASSIGNMENT((#11471));
#11473=STYLED_ITEM('',(#11472),#11466);
#11474=CARTESIAN_POINT('',(-3.362425178371E-1,-1.15E0,1.851553154577E0));
#11475=DIRECTION('',(0.E0,0.E0,1.E0));
#11476=DIRECTION('',(-1.E0,0.E0,0.E0));
#11477=AXIS2_PLACEMENT_3D('',#11474,#11475,#11476);
#11478=PLANE('',#11477);
#11479=ORIENTED_EDGE('',*,*,#8121,.F.);
#11481=ORIENTED_EDGE('',*,*,#11480,.T.);
#11482=ORIENTED_EDGE('',*,*,#8953,.T.);
#11483=ORIENTED_EDGE('',*,*,#11460,.F.);
#11484=EDGE_LOOP('',(#11479,#11481,#11482,#11483));
#11485=FACE_OUTER_BOUND('',#11484,.F.);
#11486=ADVANCED_FACE('',(#11485),#11478,.T.);
#11487=FILL_AREA_STYLE_COLOUR('',#5);
#11488=FILL_AREA_STYLE('',(#11487));
#11489=SURFACE_STYLE_FILL_AREA(#11488);
#11490=SURFACE_SIDE_STYLE('',(#11489));
#11491=SURFACE_STYLE_USAGE(.POSITIVE.,#11490);
#11492=PRESENTATION_STYLE_ASSIGNMENT((#11491));
#11493=STYLED_ITEM('',(#11492),#11486);
#11494=CARTESIAN_POINT('',(-3.362425178371E-1,-1.15E0,1.328816983009E0));
#11495=DIRECTION('',(1.E0,0.E0,0.E0));
#11496=DIRECTION('',(0.E0,0.E0,1.E0));
#11497=AXIS2_PLACEMENT_3D('',#11494,#11495,#11496);
#11498=PLANE('',#11497);
#11499=ORIENTED_EDGE('',*,*,#8119,.F.);
#11501=ORIENTED_EDGE('',*,*,#11500,.T.);
#11502=ORIENTED_EDGE('',*,*,#8955,.T.);
#11503=ORIENTED_EDGE('',*,*,#11480,.F.);
#11504=EDGE_LOOP('',(#11499,#11501,#11502,#11503));
#11505=FACE_OUTER_BOUND('',#11504,.F.);
#11506=ADVANCED_FACE('',(#11505),#11498,.T.);
#11507=FILL_AREA_STYLE_COLOUR('',#5);
#11508=FILL_AREA_STYLE('',(#11507));
#11509=SURFACE_STYLE_FILL_AREA(#11508);
#11510=SURFACE_SIDE_STYLE('',(#11509));
#11511=SURFACE_STYLE_USAGE(.POSITIVE.,#11510);
#11512=PRESENTATION_STYLE_ASSIGNMENT((#11511));
#11513=STYLED_ITEM('',(#11512),#11506);
#11514=CARTESIAN_POINT('',(6.522278805396E-2,-1.15E0,1.851553154577E0));
#11515=DIRECTION('',(-7.930926039998E-1,0.E0,6.091010765717E-1));
#11516=DIRECTION('',(-6.091010765717E-1,0.E0,-7.930926039998E-1));
#11517=AXIS2_PLACEMENT_3D('',#11514,#11515,#11516);
#11518=PLANE('',#11517);
#11519=ORIENTED_EDGE('',*,*,#8117,.F.);
#11521=ORIENTED_EDGE('',*,*,#11520,.T.);
#11522=ORIENTED_EDGE('',*,*,#8957,.T.);
#11523=ORIENTED_EDGE('',*,*,#11500,.F.);
#11524=EDGE_LOOP('',(#11519,#11521,#11522,#11523));
#11525=FACE_OUTER_BOUND('',#11524,.F.);
#11526=ADVANCED_FACE('',(#11525),#11518,.T.);
#11527=FILL_AREA_STYLE_COLOUR('',#5);
#11528=FILL_AREA_STYLE('',(#11527));
#11529=SURFACE_STYLE_FILL_AREA(#11528);
#11530=SURFACE_SIDE_STYLE('',(#11529));
#11531=SURFACE_STYLE_USAGE(.POSITIVE.,#11530);
#11532=PRESENTATION_STYLE_ASSIGNMENT((#11531));
#11533=STYLED_ITEM('',(#11532),#11526);
#11534=CARTESIAN_POINT('',(2.112099821629E-1,-1.15E0,1.851553154577E0));
#11535=DIRECTION('',(0.E0,0.E0,1.E0));
#11536=DIRECTION('',(-1.E0,0.E0,0.E0));
#11537=AXIS2_PLACEMENT_3D('',#11534,#11535,#11536);
#11538=PLANE('',#11537);
#11539=ORIENTED_EDGE('',*,*,#8115,.F.);
#11541=ORIENTED_EDGE('',*,*,#11540,.T.);
#11542=ORIENTED_EDGE('',*,*,#8959,.T.);
#11543=ORIENTED_EDGE('',*,*,#11520,.F.);
#11544=EDGE_LOOP('',(#11539,#11541,#11542,#11543));
#11545=FACE_OUTER_BOUND('',#11544,.F.);
#11546=ADVANCED_FACE('',(#11545),#11538,.T.);
#11547=FILL_AREA_STYLE_COLOUR('',#5);
#11548=FILL_AREA_STYLE('',(#11547));
#11549=SURFACE_STYLE_FILL_AREA(#11548);
#11550=SURFACE_SIDE_STYLE('',(#11549));
#11551=SURFACE_STYLE_USAGE(.POSITIVE.,#11550);
#11552=PRESENTATION_STYLE_ASSIGNMENT((#11551));
#11553=STYLED_ITEM('',(#11552),#11546);
#11554=CARTESIAN_POINT('',(-1.172615178371E-1,-1.15E0,1.419727610470E0));
#11555=DIRECTION('',(7.959098797918E-1,0.E0,-6.054151164695E-1));
#11556=DIRECTION('',(6.054151164695E-1,0.E0,7.959098797918E-1));
#11557=AXIS2_PLACEMENT_3D('',#11554,#11555,#11556);
#11558=PLANE('',#11557);
#11559=ORIENTED_EDGE('',*,*,#8113,.F.);
#11561=ORIENTED_EDGE('',*,*,#11560,.T.);
#11562=ORIENTED_EDGE('',*,*,#8961,.T.);
#11563=ORIENTED_EDGE('',*,*,#11540,.F.);
#11564=EDGE_LOOP('',(#11559,#11561,#11562,#11563));
#11565=FACE_OUTER_BOUND('',#11564,.F.);
#11566=ADVANCED_FACE('',(#11565),#11558,.T.);
#11567=FILL_AREA_STYLE_COLOUR('',#5);
#11568=FILL_AREA_STYLE('',(#11567));
#11569=SURFACE_STYLE_FILL_AREA(#11568);
#11570=SURFACE_SIDE_STYLE('',(#11569));
#11571=SURFACE_STYLE_USAGE(.POSITIVE.,#11570);
#11572=PRESENTATION_STYLE_ASSIGNMENT((#11571));
#11573=STYLED_ITEM('',(#11572),#11566);
#11574=CARTESIAN_POINT('',(2.112099821629E-1,-1.15E0,7.833531545766E-1));
#11575=DIRECTION('',(8.886091791948E-1,0.E0,4.586651574414E-1));
#11576=DIRECTION('',(-4.586651574414E-1,0.E0,8.886091791948E-1));
#11577=AXIS2_PLACEMENT_3D('',#11574,#11575,#11576);
#11578=PLANE('',#11577);
#11579=ORIENTED_EDGE('',*,*,#8111,.F.);
#11581=ORIENTED_EDGE('',*,*,#11580,.T.);
#11582=ORIENTED_EDGE('',*,*,#8963,.T.);
#11583=ORIENTED_EDGE('',*,*,#11560,.F.);
#11584=EDGE_LOOP('',(#11579,#11581,#11582,#11583));
#11585=FACE_OUTER_BOUND('',#11584,.F.);
#11586=ADVANCED_FACE('',(#11585),#11578,.T.);
#11587=FILL_AREA_STYLE_COLOUR('',#5);
#11588=FILL_AREA_STYLE('',(#11587));
#11589=SURFACE_STYLE_FILL_AREA(#11588);
#11590=SURFACE_SIDE_STYLE('',(#11589));
#11591=SURFACE_STYLE_USAGE(.POSITIVE.,#11590);
#11592=PRESENTATION_STYLE_ASSIGNMENT((#11591));
#11593=STYLED_ITEM('',(#11592),#11586);
#11594=CARTESIAN_POINT('',(6.522278805396E-2,-1.15E0,7.833531545766E-1));
#11595=DIRECTION('',(0.E0,0.E0,-1.E0));
#11596=DIRECTION('',(1.E0,0.E0,0.E0));
#11597=AXIS2_PLACEMENT_3D('',#11594,#11595,#11596);
#11598=PLANE('',#11597);
#11599=ORIENTED_EDGE('',*,*,#8109,.F.);
#11601=ORIENTED_EDGE('',*,*,#11600,.T.);
#11602=ORIENTED_EDGE('',*,*,#8965,.T.);
#11603=ORIENTED_EDGE('',*,*,#11580,.F.);
#11604=EDGE_LOOP('',(#11599,#11601,#11602,#11603));
#11605=FACE_OUTER_BOUND('',#11604,.F.);
#11606=ADVANCED_FACE('',(#11605),#11598,.T.);
#11607=FILL_AREA_STYLE_COLOUR('',#5);
#11608=FILL_AREA_STYLE('',(#11607));
#11609=SURFACE_STYLE_FILL_AREA(#11608);
#11610=SURFACE_SIDE_STYLE('',(#11609));
#11611=SURFACE_STYLE_USAGE(.POSITIVE.,#11610);
#11612=PRESENTATION_STYLE_ASSIGNMENT((#11611));
#11613=STYLED_ITEM('',(#11612),#11606);
#11614=CARTESIAN_POINT('',(-2.085036707826E-1,-1.15E0,1.306089326144E0));
#11615=DIRECTION('',(-8.858926364139E-1,0.E0,-4.638903283617E-1));
#11616=DIRECTION('',(4.638903283617E-1,0.E0,-8.858926364139E-1));
#11617=AXIS2_PLACEMENT_3D('',#11614,#11615,#11616);
#11618=PLANE('',#11617);
#11619=ORIENTED_EDGE('',*,*,#8107,.F.);
#11621=ORIENTED_EDGE('',*,*,#11620,.T.);
#11622=ORIENTED_EDGE('',*,*,#8967,.T.);
#11623=ORIENTED_EDGE('',*,*,#11600,.F.);
#11624=EDGE_LOOP('',(#11619,#11621,#11622,#11623));
#11625=FACE_OUTER_BOUND('',#11624,.F.);
#11626=ADVANCED_FACE('',(#11625),#11618,.T.);
#11627=FILL_AREA_STYLE_COLOUR('',#5);
#11628=FILL_AREA_STYLE('',(#11627));
#11629=SURFACE_STYLE_FILL_AREA(#11628);
#11630=SURFACE_SIDE_STYLE('',(#11629));
#11631=SURFACE_STYLE_USAGE(.POSITIVE.,#11630);
#11632=PRESENTATION_STYLE_ASSIGNMENT((#11631));
#11633=STYLED_ITEM('',(#11632),#11626);
#11634=CARTESIAN_POINT('',(-3.362425178371E-1,-1.15E0,1.146995696253E0));
#11635=DIRECTION('',(7.797583573104E-1,0.E0,-6.260805892252E-1));
#11636=DIRECTION('',(6.260805892252E-1,0.E0,7.797583573104E-1));
#11637=AXIS2_PLACEMENT_3D('',#11634,#11635,#11636);
#11638=PLANE('',#11637);
#11639=ORIENTED_EDGE('',*,*,#8105,.F.);
#11640=ORIENTED_EDGE('',*,*,#11422,.T.);
#11641=ORIENTED_EDGE('',*,*,#8969,.T.);
#11642=ORIENTED_EDGE('',*,*,#11620,.F.);
#11643=EDGE_LOOP('',(#11639,#11640,#11641,#11642));
#11644=FACE_OUTER_BOUND('',#11643,.F.);
#11645=ADVANCED_FACE('',(#11644),#11638,.T.);
#11646=FILL_AREA_STYLE_COLOUR('',#5);
#11647=FILL_AREA_STYLE('',(#11646));
#11648=SURFACE_STYLE_FILL_AREA(#11647);
#11649=SURFACE_SIDE_STYLE('',(#11648));
#11650=SURFACE_STYLE_USAGE(.POSITIVE.,#11649);
#11651=PRESENTATION_STYLE_ASSIGNMENT((#11650));
#11652=STYLED_ITEM('',(#11651),#11645);
#11653=CARTESIAN_POINT('',(6.491719821629E-1,-1.15E0,1.851553154577E0));
#11654=DIRECTION('',(-2.417064726862E-1,0.E0,9.703494118417E-1));
#11655=DIRECTION('',(-9.703494118417E-1,0.E0,-2.417064726862E-1));
#11656=AXIS2_PLACEMENT_3D('',#11653,#11654,#11655);
#11657=PLANE('',#11656);
#11658=ORIENTED_EDGE('',*,*,#8129,.F.);
#11660=ORIENTED_EDGE('',*,*,#11659,.T.);
#11661=ORIENTED_EDGE('',*,*,#8986,.T.);
#11663=ORIENTED_EDGE('',*,*,#11662,.F.);
#11664=EDGE_LOOP('',(#11658,#11660,#11661,#11663));
#11665=FACE_OUTER_BOUND('',#11664,.F.);
#11666=ADVANCED_FACE('',(#11665),#11657,.T.);
#11667=FILL_AREA_STYLE_COLOUR('',#5);
#11668=FILL_AREA_STYLE('',(#11667));
#11669=SURFACE_STYLE_FILL_AREA(#11668);
#11670=SURFACE_SIDE_STYLE('',(#11669));
#11671=SURFACE_STYLE_USAGE(.POSITIVE.,#11670);
#11672=PRESENTATION_STYLE_ASSIGNMENT((#11671));
#11673=STYLED_ITEM('',(#11672),#11666);
#11674=CARTESIAN_POINT('',(7.951591762719E-1,-1.15E0,1.851553154577E0));
#11675=DIRECTION('',(0.E0,0.E0,1.E0));
#11676=DIRECTION('',(-1.E0,0.E0,0.E0));
#11677=AXIS2_PLACEMENT_3D('',#11674,#11675,#11676);
#11678=PLANE('',#11677);
#11679=ORIENTED_EDGE('',*,*,#8175,.F.);
#11681=ORIENTED_EDGE('',*,*,#11680,.T.);
#11682=ORIENTED_EDGE('',*,*,#8988,.T.);
#11683=ORIENTED_EDGE('',*,*,#11659,.F.);
#11684=EDGE_LOOP('',(#11679,#11681,#11682,#11683));
#11685=FACE_OUTER_BOUND('',#11684,.F.);
#11686=ADVANCED_FACE('',(#11685),#11678,.T.);
#11687=FILL_AREA_STYLE_COLOUR('',#5);
#11688=FILL_AREA_STYLE('',(#11687));
#11689=SURFACE_STYLE_FILL_AREA(#11688);
#11690=SURFACE_SIDE_STYLE('',(#11689));
#11691=SURFACE_STYLE_USAGE(.POSITIVE.,#11690);
#11692=PRESENTATION_STYLE_ASSIGNMENT((#11691));
#11693=STYLED_ITEM('',(#11692),#11686);
#11694=CARTESIAN_POINT('',(8.864015380540E-1,-1.15E0,1.828825497712E0));
#11695=DIRECTION('',(2.417054308853E-1,0.E0,9.703496713456E-1));
#11696=DIRECTION('',(-9.703496713456E-1,0.E0,2.417054308853E-1));
#11697=AXIS2_PLACEMENT_3D('',#11694,#11695,#11696);
#11698=PLANE('',#11697);
#11699=ORIENTED_EDGE('',*,*,#8173,.F.);
#11701=ORIENTED_EDGE('',*,*,#11700,.T.);
#11702=ORIENTED_EDGE('',*,*,#8990,.T.);
#11703=ORIENTED_EDGE('',*,*,#11680,.F.);
#11704=EDGE_LOOP('',(#11699,#11701,#11702,#11703));
#11705=FACE_OUTER_BOUND('',#11704,.F.);
#11706=ADVANCED_FACE('',(#11705),#11698,.T.);
#11707=FILL_AREA_STYLE_COLOUR('',#5);
#11708=FILL_AREA_STYLE('',(#11707));
#11709=SURFACE_STYLE_FILL_AREA(#11708);
#11710=SURFACE_SIDE_STYLE('',(#11709));
#11711=SURFACE_STYLE_USAGE(.POSITIVE.,#11710);
#11712=PRESENTATION_STYLE_ASSIGNMENT((#11711));
#11713=STYLED_ITEM('',(#11712),#11706);
#11714=CARTESIAN_POINT('',(9.593949262719E-1,-1.15E0,1.783370183981E0));
#11715=DIRECTION('',(5.286137647418E-1,0.E0,8.488624669082E-1));
#11716=DIRECTION('',(-8.488624669082E-1,0.E0,5.286137647418E-1));
#11717=AXIS2_PLACEMENT_3D('',#11714,#11715,#11716);
#11718=PLANE('',#11717);
#11719=ORIENTED_EDGE('',*,*,#8171,.F.);
#11721=ORIENTED_EDGE('',*,*,#11720,.T.);
#11722=ORIENTED_EDGE('',*,*,#8992,.T.);
#11723=ORIENTED_EDGE('',*,*,#11700,.F.);
#11724=EDGE_LOOP('',(#11719,#11721,#11722,#11723));
#11725=FACE_OUTER_BOUND('',#11724,.F.);
#11726=ADVANCED_FACE('',(#11725),#11718,.T.);
#11727=FILL_AREA_STYLE_COLOUR('',#5);
#11728=FILL_AREA_STYLE('',(#11727));
#11729=SURFACE_STYLE_FILL_AREA(#11728);
#11730=SURFACE_SIDE_STYLE('',(#11729));
#11731=SURFACE_STYLE_USAGE(.POSITIVE.,#11730);
#11732=PRESENTATION_STYLE_ASSIGNMENT((#11731));
#11733=STYLED_ITEM('',(#11732),#11726);
#11734=CARTESIAN_POINT('',(1.032388732163E0,-1.15E0,1.692459556521E0));
#11735=DIRECTION('',(7.797575466092E-1,0.E0,6.260815989198E-1));
#11736=DIRECTION('',(-6.260815989198E-1,0.E0,7.797575466092E-1));
#11737=AXIS2_PLACEMENT_3D('',#11734,#11735,#11736);
#11738=PLANE('',#11737);
#11739=ORIENTED_EDGE('',*,*,#8169,.F.);
#11741=ORIENTED_EDGE('',*,*,#11740,.T.);
#11742=ORIENTED_EDGE('',*,*,#8994,.T.);
#11743=ORIENTED_EDGE('',*,*,#11720,.F.);
#11744=EDGE_LOOP('',(#11739,#11741,#11742,#11743));
#11745=FACE_OUTER_BOUND('',#11744,.F.);
#11746=ADVANCED_FACE('',(#11745),#11738,.T.);
#11747=FILL_AREA_STYLE_COLOUR('',#5);
#11748=FILL_AREA_STYLE('',(#11747));
#11749=SURFACE_STYLE_FILL_AREA(#11748);
#11750=SURFACE_SIDE_STYLE('',(#11749));
#11751=SURFACE_STYLE_USAGE(.POSITIVE.,#11750);
#11752=PRESENTATION_STYLE_ASSIGNMENT((#11751));
#11753=STYLED_ITEM('',(#11752),#11746);
#11754=CARTESIAN_POINT('',(1.068885426272E0,-1.15E0,1.601548929060E0));
#11755=DIRECTION('',(9.280097625555E-1,0.E0,3.725558758116E-1));
#11756=DIRECTION('',(-3.725558758116E-1,0.E0,9.280097625555E-1));
#11757=AXIS2_PLACEMENT_3D('',#11754,#11755,#11756);
#11758=PLANE('',#11757);
#11759=ORIENTED_EDGE('',*,*,#8167,.F.);
#11761=ORIENTED_EDGE('',*,*,#11760,.T.);
#11762=ORIENTED_EDGE('',*,*,#8996,.T.);
#11763=ORIENTED_EDGE('',*,*,#11740,.F.);
#11764=EDGE_LOOP('',(#11759,#11761,#11762,#11763));
#11765=FACE_OUTER_BOUND('',#11764,.F.);
#11766=ADVANCED_FACE('',(#11765),#11758,.T.);
#11767=FILL_AREA_STYLE_COLOUR('',#5);
#11768=FILL_AREA_STYLE('',(#11767));
#11769=SURFACE_STYLE_FILL_AREA(#11768);
#11770=SURFACE_SIDE_STYLE('',(#11769));
#11771=SURFACE_STYLE_USAGE(.POSITIVE.,#11770);
#11772=PRESENTATION_STYLE_ASSIGNMENT((#11771));
#11773=STYLED_ITEM('',(#11772),#11766);
#11774=CARTESIAN_POINT('',(1.087133982163E0,-1.15E0,1.487910581065E0));
#11775=DIRECTION('',(9.873504413055E-1,0.E0,1.585531647552E-1));
#11776=DIRECTION('',(-1.585531647552E-1,0.E0,9.873504413055E-1));
#11777=AXIS2_PLACEMENT_3D('',#11774,#11775,#11776);
#11778=PLANE('',#11777);
#11779=ORIENTED_EDGE('',*,*,#8165,.F.);
#11781=ORIENTED_EDGE('',*,*,#11780,.T.);
#11782=ORIENTED_EDGE('',*,*,#8998,.T.);
#11783=ORIENTED_EDGE('',*,*,#11760,.F.);
#11784=EDGE_LOOP('',(#11779,#11781,#11782,#11783));
#11785=FACE_OUTER_BOUND('',#11784,.F.);
#11786=ADVANCED_FACE('',(#11785),#11778,.T.);
#11787=FILL_AREA_STYLE_COLOUR('',#5);
#11788=FILL_AREA_STYLE('',(#11787));
#11789=SURFACE_STYLE_FILL_AREA(#11788);
#11790=SURFACE_SIDE_STYLE('',(#11789));
#11791=SURFACE_STYLE_USAGE(.POSITIVE.,#11790);
#11792=PRESENTATION_STYLE_ASSIGNMENT((#11791));
#11793=STYLED_ITEM('',(#11792),#11786);
#11794=CARTESIAN_POINT('',(1.087133982163E0,-1.15E0,1.146995696253E0));
#11795=DIRECTION('',(1.E0,0.E0,0.E0));
#11796=DIRECTION('',(0.E0,0.E0,1.E0));
#11797=AXIS2_PLACEMENT_3D('',#11794,#11795,#11796);
#11798=PLANE('',#11797);
#11799=ORIENTED_EDGE('',*,*,#8163,.F.);
#11801=ORIENTED_EDGE('',*,*,#11800,.T.);
#11802=ORIENTED_EDGE('',*,*,#9000,.T.);
#11803=ORIENTED_EDGE('',*,*,#11780,.F.);
#11804=EDGE_LOOP('',(#11799,#11801,#11802,#11803));
#11805=FACE_OUTER_BOUND('',#11804,.F.);
#11806=ADVANCED_FACE('',(#11805),#11798,.T.);
#11807=FILL_AREA_STYLE_COLOUR('',#5);
#11808=FILL_AREA_STYLE('',(#11807));
#11809=SURFACE_STYLE_FILL_AREA(#11808);
#11810=SURFACE_SIDE_STYLE('',(#11809));
#11811=SURFACE_STYLE_USAGE(.POSITIVE.,#11810);
#11812=PRESENTATION_STYLE_ASSIGNMENT((#11811));
#11813=STYLED_ITEM('',(#11812),#11806);
#11814=CARTESIAN_POINT('',(1.068885426272E0,-1.15E0,1.033357411928E0));
#11815=DIRECTION('',(9.873504273986E-1,0.E0,-1.585532513567E-1));
#11816=DIRECTION('',(1.585532513567E-1,0.E0,9.873504273986E-1));
#11817=AXIS2_PLACEMENT_3D('',#11814,#11815,#11816);
#11818=PLANE('',#11817);
#11819=ORIENTED_EDGE('',*,*,#8161,.F.);
#11821=ORIENTED_EDGE('',*,*,#11820,.T.);
#11822=ORIENTED_EDGE('',*,*,#9002,.T.);
#11823=ORIENTED_EDGE('',*,*,#11800,.F.);
#11824=EDGE_LOOP('',(#11819,#11821,#11822,#11823));
#11825=FACE_OUTER_BOUND('',#11824,.F.);
#11826=ADVANCED_FACE('',(#11825),#11818,.T.);
#11827=FILL_AREA_STYLE_COLOUR('',#5);
#11828=FILL_AREA_STYLE('',(#11827));
#11829=SURFACE_STYLE_FILL_AREA(#11828);
#11830=SURFACE_SIDE_STYLE('',(#11829));
#11831=SURFACE_STYLE_USAGE(.POSITIVE.,#11830);
#11832=PRESENTATION_STYLE_ASSIGNMENT((#11831));
#11833=STYLED_ITEM('',(#11832),#11826);
#11834=CARTESIAN_POINT('',(1.032388732163E0,-1.15E0,9.424467685499E-1));
#11835=DIRECTION('',(9.280097851079E-1,0.E0,-3.725558196351E-1));
#11836=DIRECTION('',(3.725558196351E-1,0.E0,9.280097851079E-1));
#11837=AXIS2_PLACEMENT_3D('',#11834,#11835,#11836);
#11838=PLANE('',#11837);
#11839=ORIENTED_EDGE('',*,*,#8159,.F.);
#11841=ORIENTED_EDGE('',*,*,#11840,.T.);
#11842=ORIENTED_EDGE('',*,*,#9004,.T.);
#11843=ORIENTED_EDGE('',*,*,#11820,.F.);
#11844=EDGE_LOOP('',(#11839,#11841,#11842,#11843));
#11845=FACE_OUTER_BOUND('',#11844,.F.);
#11846=ADVANCED_FACE('',(#11845),#11838,.T.);
#11847=FILL_AREA_STYLE_COLOUR('',#5);
#11848=FILL_AREA_STYLE('',(#11847));
#11849=SURFACE_STYLE_FILL_AREA(#11848);
#11850=SURFACE_SIDE_STYLE('',(#11849));
#11851=SURFACE_STYLE_USAGE(.POSITIVE.,#11850);
#11852=PRESENTATION_STYLE_ASSIGNMENT((#11851));
#11853=STYLED_ITEM('',(#11852),#11846);
#11854=CARTESIAN_POINT('',(9.593949262719E-1,-1.15E0,8.515361331307E-1));
#11855=DIRECTION('',(7.797575733669E-1,0.E0,-6.260815655942E-1));
#11856=DIRECTION('',(6.260815655942E-1,0.E0,7.797575733669E-1));
#11857=AXIS2_PLACEMENT_3D('',#11854,#11855,#11856);
#11858=PLANE('',#11857);
#11859=ORIENTED_EDGE('',*,*,#8157,.F.);
#11861=ORIENTED_EDGE('',*,*,#11860,.T.);
#11862=ORIENTED_EDGE('',*,*,#9006,.T.);
#11863=ORIENTED_EDGE('',*,*,#11840,.F.);
#11864=EDGE_LOOP('',(#11859,#11861,#11862,#11863));
#11865=FACE_OUTER_BOUND('',#11864,.F.);
#11866=ADVANCED_FACE('',(#11865),#11858,.T.);
#11867=FILL_AREA_STYLE_COLOUR('',#5);
#11868=FILL_AREA_STYLE('',(#11867));
#11869=SURFACE_STYLE_FILL_AREA(#11868);
#11870=SURFACE_SIDE_STYLE('',(#11869));
#11871=SURFACE_STYLE_USAGE(.POSITIVE.,#11870);
#11872=PRESENTATION_STYLE_ASSIGNMENT((#11871));
#11873=STYLED_ITEM('',(#11872),#11866);
#11874=CARTESIAN_POINT('',(8.864015380540E-1,-1.15E0,8.060808134314E-1));
#11875=DIRECTION('',(5.286138147605E-1,0.E0,-8.488624357600E-1));
#11876=DIRECTION('',(8.488624357600E-1,0.E0,5.286138147605E-1));
#11877=AXIS2_PLACEMENT_3D('',#11874,#11875,#11876);
#11878=PLANE('',#11877);
#11879=ORIENTED_EDGE('',*,*,#8155,.F.);
#11881=ORIENTED_EDGE('',*,*,#11880,.T.);
#11882=ORIENTED_EDGE('',*,*,#9008,.T.);
#11883=ORIENTED_EDGE('',*,*,#11860,.F.);
#11884=EDGE_LOOP('',(#11879,#11881,#11882,#11883));
#11885=FACE_OUTER_BOUND('',#11884,.F.);
#11886=ADVANCED_FACE('',(#11885),#11878,.T.);
#11887=FILL_AREA_STYLE_COLOUR('',#5);
#11888=FILL_AREA_STYLE('',(#11887));
#11889=SURFACE_STYLE_FILL_AREA(#11888);
#11890=SURFACE_SIDE_STYLE('',(#11889));
#11891=SURFACE_STYLE_USAGE(.POSITIVE.,#11890);
#11892=PRESENTATION_STYLE_ASSIGNMENT((#11891));
#11893=STYLED_ITEM('',(#11892),#11886);
#11894=CARTESIAN_POINT('',(7.951591762719E-1,-1.15E0,7.833531545766E-1));
#11895=DIRECTION('',(2.417054508090E-1,0.E0,-9.703496663828E-1));
#11896=DIRECTION('',(9.703496663828E-1,0.E0,2.417054508090E-1));
#11897=AXIS2_PLACEMENT_3D('',#11894,#11895,#11896);
#11898=PLANE('',#11897);
#11899=ORIENTED_EDGE('',*,*,#8153,.F.);
#11901=ORIENTED_EDGE('',*,*,#11900,.T.);
#11902=ORIENTED_EDGE('',*,*,#9010,.T.);
#11903=ORIENTED_EDGE('',*,*,#11880,.F.);
#11904=EDGE_LOOP('',(#11899,#11901,#11902,#11903));
#11905=FACE_OUTER_BOUND('',#11904,.F.);
#11906=ADVANCED_FACE('',(#11905),#11898,.T.);
#11907=FILL_AREA_STYLE_COLOUR('',#5);
#11908=FILL_AREA_STYLE('',(#11907));
#11909=SURFACE_STYLE_FILL_AREA(#11908);
#11910=SURFACE_SIDE_STYLE('',(#11909));
#11911=SURFACE_STYLE_USAGE(.POSITIVE.,#11910);
#11912=PRESENTATION_STYLE_ASSIGNMENT((#11911));
#11913=STYLED_ITEM('',(#11912),#11906);
#11914=CARTESIAN_POINT('',(6.491719821629E-1,-1.15E0,7.833531545766E-1));
#11915=DIRECTION('',(0.E0,0.E0,-1.E0));
#11916=DIRECTION('',(1.E0,0.E0,0.E0));
#11917=AXIS2_PLACEMENT_3D('',#11914,#11915,#11916);
#11918=PLANE('',#11917);
#11919=ORIENTED_EDGE('',*,*,#8151,.F.);
#11921=ORIENTED_EDGE('',*,*,#11920,.T.);
#11922=ORIENTED_EDGE('',*,*,#9012,.T.);
#11923=ORIENTED_EDGE('',*,*,#11900,.F.);
#11924=EDGE_LOOP('',(#11919,#11921,#11922,#11923));
#11925=FACE_OUTER_BOUND('',#11924,.F.);
#11926=ADVANCED_FACE('',(#11925),#11918,.T.);
#11927=FILL_AREA_STYLE_COLOUR('',#5);
#11928=FILL_AREA_STYLE('',(#11927));
#11929=SURFACE_STYLE_FILL_AREA(#11928);
#11930=SURFACE_SIDE_STYLE('',(#11929));
#11931=SURFACE_STYLE_USAGE(.POSITIVE.,#11930);
#11932=PRESENTATION_STYLE_ASSIGNMENT((#11931));
#11933=STYLED_ITEM('',(#11932),#11926);
#11934=CARTESIAN_POINT('',(5.579300380540E-1,-1.15E0,8.060808134314E-1));
#11935=DIRECTION('',(-2.417064926100E-1,0.E0,-9.703494068789E-1));
#11936=DIRECTION('',(9.703494068789E-1,0.E0,-2.417064926100E-1));
#11937=AXIS2_PLACEMENT_3D('',#11934,#11935,#11936);
#11938=PLANE('',#11937);
#11939=ORIENTED_EDGE('',*,*,#8149,.F.);
#11941=ORIENTED_EDGE('',*,*,#11940,.T.);
#11942=ORIENTED_EDGE('',*,*,#9014,.T.);
#11943=ORIENTED_EDGE('',*,*,#11920,.F.);
#11944=EDGE_LOOP('',(#11939,#11941,#11942,#11943));
#11945=FACE_OUTER_BOUND('',#11944,.F.);
#11946=ADVANCED_FACE('',(#11945),#11938,.T.);
#11947=FILL_AREA_STYLE_COLOUR('',#5);
#11948=FILL_AREA_STYLE('',(#11947));
#11949=SURFACE_STYLE_FILL_AREA(#11948);
#11950=SURFACE_SIDE_STYLE('',(#11949));
#11951=SURFACE_STYLE_USAGE(.POSITIVE.,#11950);
#11952=PRESENTATION_STYLE_ASSIGNMENT((#11951));
#11953=STYLED_ITEM('',(#11952),#11946);
#11954=CARTESIAN_POINT('',(4.849362321629E-1,-1.15E0,8.515361331307E-1));
#11955=DIRECTION('',(-5.286116352213E-1,0.E0,-8.488637930249E-1));
#11956=DIRECTION('',(8.488637930249E-1,0.E0,-5.286116352213E-1));
#11957=AXIS2_PLACEMENT_3D('',#11954,#11955,#11956);
#11958=PLANE('',#11957);
#11959=ORIENTED_EDGE('',*,*,#8147,.F.);
#11961=ORIENTED_EDGE('',*,*,#11960,.T.);
#11962=ORIENTED_EDGE('',*,*,#9016,.T.);
#11963=ORIENTED_EDGE('',*,*,#11940,.F.);
#11964=EDGE_LOOP('',(#11959,#11961,#11962,#11963));
#11965=FACE_OUTER_BOUND('',#11964,.F.);
#11966=ADVANCED_FACE('',(#11965),#11958,.T.);
#11967=FILL_AREA_STYLE_COLOUR('',#5);
#11968=FILL_AREA_STYLE('',(#11967));
#11969=SURFACE_STYLE_FILL_AREA(#11968);
#11970=SURFACE_SIDE_STYLE('',(#11969));
#11971=SURFACE_STYLE_USAGE(.POSITIVE.,#11970);
#11972=PRESENTATION_STYLE_ASSIGNMENT((#11971));
#11973=STYLED_ITEM('',(#11972),#11966);
#11974=CARTESIAN_POINT('',(4.119424262719E-1,-1.15E0,9.424467685499E-1));
#11975=DIRECTION('',(-7.797575733669E-1,0.E0,-6.260815655942E-1));
#11976=DIRECTION('',(6.260815655942E-1,0.E0,-7.797575733669E-1));
#11977=AXIS2_PLACEMENT_3D('',#11974,#11975,#11976);
#11978=PLANE('',#11977);
#11979=ORIENTED_EDGE('',*,*,#8145,.F.);
#11981=ORIENTED_EDGE('',*,*,#11980,.T.);
#11982=ORIENTED_EDGE('',*,*,#9018,.T.);
#11983=ORIENTED_EDGE('',*,*,#11960,.F.);
#11984=EDGE_LOOP('',(#11979,#11981,#11982,#11983));
#11985=FACE_OUTER_BOUND('',#11984,.F.);
#11986=ADVANCED_FACE('',(#11985),#11978,.T.);
#11987=FILL_AREA_STYLE_COLOUR('',#5);
#11988=FILL_AREA_STYLE('',(#11987));
#11989=SURFACE_STYLE_FILL_AREA(#11988);
#11990=SURFACE_SIDE_STYLE('',(#11989));
#11991=SURFACE_STYLE_USAGE(.POSITIVE.,#11990);
#11992=PRESENTATION_STYLE_ASSIGNMENT((#11991));
#11993=STYLED_ITEM('',(#11992),#11986);
#11994=CARTESIAN_POINT('',(3.754457321629E-1,-1.15E0,1.033357411928E0));
#11995=DIRECTION('',(-9.280097851079E-1,0.E0,-3.725558196351E-1));
#11996=DIRECTION('',(3.725558196351E-1,0.E0,-9.280097851079E-1));
#11997=AXIS2_PLACEMENT_3D('',#11994,#11995,#11996);
#11998=PLANE('',#11997);
#11999=ORIENTED_EDGE('',*,*,#8143,.F.);
#12001=ORIENTED_EDGE('',*,*,#12000,.T.);
#12002=ORIENTED_EDGE('',*,*,#9020,.T.);
#12003=ORIENTED_EDGE('',*,*,#11980,.F.);
#12004=EDGE_LOOP('',(#11999,#12001,#12002,#12003));
#12005=FACE_OUTER_BOUND('',#12004,.F.);
#12006=ADVANCED_FACE('',(#12005),#11998,.T.);
#12007=FILL_AREA_STYLE_COLOUR('',#5);
#12008=FILL_AREA_STYLE('',(#12007));
#12009=SURFACE_STYLE_FILL_AREA(#12008);
#12010=SURFACE_SIDE_STYLE('',(#12009));
#12011=SURFACE_STYLE_USAGE(.POSITIVE.,#12010);
#12012=PRESENTATION_STYLE_ASSIGNMENT((#12011));
#12013=STYLED_ITEM('',(#12012),#12006);
#12014=CARTESIAN_POINT('',(3.571971762719E-1,-1.15E0,1.146995696253E0));
#12015=DIRECTION('',(-9.873504273986E-1,0.E0,-1.585532513567E-1));
#12016=DIRECTION('',(1.585532513567E-1,0.E0,-9.873504273986E-1));
#12017=AXIS2_PLACEMENT_3D('',#12014,#12015,#12016);
#12018=PLANE('',#12017);
#12019=ORIENTED_EDGE('',*,*,#8141,.F.);
#12021=ORIENTED_EDGE('',*,*,#12020,.T.);
#12022=ORIENTED_EDGE('',*,*,#9022,.T.);
#12023=ORIENTED_EDGE('',*,*,#12000,.F.);
#12024=EDGE_LOOP('',(#12019,#12021,#12022,#12023));
#12025=FACE_OUTER_BOUND('',#12024,.F.);
#12026=ADVANCED_FACE('',(#12025),#12018,.T.);
#12027=FILL_AREA_STYLE_COLOUR('',#5);
#12028=FILL_AREA_STYLE('',(#12027));
#12029=SURFACE_STYLE_FILL_AREA(#12028);
#12030=SURFACE_SIDE_STYLE('',(#12029));
#12031=SURFACE_STYLE_USAGE(.POSITIVE.,#12030);
#12032=PRESENTATION_STYLE_ASSIGNMENT((#12031));
#12033=STYLED_ITEM('',(#12032),#12026);
#12034=CARTESIAN_POINT('',(3.571971762719E-1,-1.15E0,1.487910581065E0));
#12035=DIRECTION('',(-1.E0,0.E0,0.E0));
#12036=DIRECTION('',(0.E0,0.E0,-1.E0));
#12037=AXIS2_PLACEMENT_3D('',#12034,#12035,#12036);
#12038=PLANE('',#12037);
#12039=ORIENTED_EDGE('',*,*,#8139,.F.);
#12041=ORIENTED_EDGE('',*,*,#12040,.T.);
#12042=ORIENTED_EDGE('',*,*,#9024,.T.);
#12043=ORIENTED_EDGE('',*,*,#12020,.F.);
#12044=EDGE_LOOP('',(#12039,#12041,#12042,#12043));
#12045=FACE_OUTER_BOUND('',#12044,.F.);
#12046=ADVANCED_FACE('',(#12045),#12038,.T.);
#12047=FILL_AREA_STYLE_COLOUR('',#5);
#12048=FILL_AREA_STYLE('',(#12047));
#12049=SURFACE_STYLE_FILL_AREA(#12048);
#12050=SURFACE_SIDE_STYLE('',(#12049));
#12051=SURFACE_STYLE_USAGE(.POSITIVE.,#12050);
#12052=PRESENTATION_STYLE_ASSIGNMENT((#12051));
#12053=STYLED_ITEM('',(#12052),#12046);
#12054=CARTESIAN_POINT('',(3.754457321629E-1,-1.15E0,1.601548929060E0));
#12055=DIRECTION('',(-9.873504413055E-1,0.E0,1.585531647552E-1));
#12056=DIRECTION('',(-1.585531647552E-1,0.E0,-9.873504413055E-1));
#12057=AXIS2_PLACEMENT_3D('',#12054,#12055,#12056);
#12058=PLANE('',#12057);
#12059=ORIENTED_EDGE('',*,*,#8137,.F.);
#12061=ORIENTED_EDGE('',*,*,#12060,.T.);
#12062=ORIENTED_EDGE('',*,*,#9026,.T.);
#12063=ORIENTED_EDGE('',*,*,#12040,.F.);
#12064=EDGE_LOOP('',(#12059,#12061,#12062,#12063));
#12065=FACE_OUTER_BOUND('',#12064,.F.);
#12066=ADVANCED_FACE('',(#12065),#12058,.T.);
#12067=FILL_AREA_STYLE_COLOUR('',#5);
#12068=FILL_AREA_STYLE('',(#12067));
#12069=SURFACE_STYLE_FILL_AREA(#12068);
#12070=SURFACE_SIDE_STYLE('',(#12069));
#12071=SURFACE_STYLE_USAGE(.POSITIVE.,#12070);
#12072=PRESENTATION_STYLE_ASSIGNMENT((#12071));
#12073=STYLED_ITEM('',(#12072),#12066);
#12074=CARTESIAN_POINT('',(4.119424262719E-1,-1.15E0,1.692459556521E0));
#12075=DIRECTION('',(-9.280097625555E-1,0.E0,3.725558758116E-1));
#12076=DIRECTION('',(-3.725558758116E-1,0.E0,-9.280097625555E-1));
#12077=AXIS2_PLACEMENT_3D('',#12074,#12075,#12076);
#12078=PLANE('',#12077);
#12079=ORIENTED_EDGE('',*,*,#8135,.F.);
#12081=ORIENTED_EDGE('',*,*,#12080,.T.);
#12082=ORIENTED_EDGE('',*,*,#9028,.T.);
#12083=ORIENTED_EDGE('',*,*,#12060,.F.);
#12084=EDGE_LOOP('',(#12079,#12081,#12082,#12083));
#12085=FACE_OUTER_BOUND('',#12084,.F.);
#12086=ADVANCED_FACE('',(#12085),#12078,.T.);
#12087=FILL_AREA_STYLE_COLOUR('',#5);
#12088=FILL_AREA_STYLE('',(#12087));
#12089=SURFACE_STYLE_FILL_AREA(#12088);
#12090=SURFACE_SIDE_STYLE('',(#12089));
#12091=SURFACE_STYLE_USAGE(.POSITIVE.,#12090);
#12092=PRESENTATION_STYLE_ASSIGNMENT((#12091));
#12093=STYLED_ITEM('',(#12092),#12086);
#12094=CARTESIAN_POINT('',(4.849362321629E-1,-1.15E0,1.783370183981E0));
#12095=DIRECTION('',(-7.797575466092E-1,0.E0,6.260815989198E-1));
#12096=DIRECTION('',(-6.260815989198E-1,0.E0,-7.797575466092E-1));
#12097=AXIS2_PLACEMENT_3D('',#12094,#12095,#12096);
#12098=PLANE('',#12097);
#12099=ORIENTED_EDGE('',*,*,#8133,.F.);
#12101=ORIENTED_EDGE('',*,*,#12100,.T.);
#12102=ORIENTED_EDGE('',*,*,#9030,.T.);
#12103=ORIENTED_EDGE('',*,*,#12080,.F.);
#12104=EDGE_LOOP('',(#12099,#12101,#12102,#12103));
#12105=FACE_OUTER_BOUND('',#12104,.F.);
#12106=ADVANCED_FACE('',(#12105),#12098,.T.);
#12107=FILL_AREA_STYLE_COLOUR('',#5);
#12108=FILL_AREA_STYLE('',(#12107));
#12109=SURFACE_STYLE_FILL_AREA(#12108);
#12110=SURFACE_SIDE_STYLE('',(#12109));
#12111=SURFACE_STYLE_USAGE(.POSITIVE.,#12110);
#12112=PRESENTATION_STYLE_ASSIGNMENT((#12111));
#12113=STYLED_ITEM('',(#12112),#12106);
#12114=CARTESIAN_POINT('',(5.579300380540E-1,-1.15E0,1.828825497712E0));
#12115=DIRECTION('',(-5.286115852026E-1,0.E0,8.488638241730E-1));
#12116=DIRECTION('',(-8.488638241730E-1,0.E0,-5.286115852026E-1));
#12117=AXIS2_PLACEMENT_3D('',#12114,#12115,#12116);
#12118=PLANE('',#12117);
#12119=ORIENTED_EDGE('',*,*,#8131,.F.);
#12120=ORIENTED_EDGE('',*,*,#11662,.T.);
#12121=ORIENTED_EDGE('',*,*,#9032,.T.);
#12122=ORIENTED_EDGE('',*,*,#12100,.F.);
#12123=EDGE_LOOP('',(#12119,#12120,#12121,#12122));
#12124=FACE_OUTER_BOUND('',#12123,.F.);
#12125=ADVANCED_FACE('',(#12124),#12118,.T.);
#12126=FILL_AREA_STYLE_COLOUR('',#5);
#12127=FILL_AREA_STYLE('',(#12126));
#12128=SURFACE_STYLE_FILL_AREA(#12127);
#12129=SURFACE_SIDE_STYLE('',(#12128));
#12130=SURFACE_STYLE_USAGE(.POSITIVE.,#12129);
#12131=PRESENTATION_STYLE_ASSIGNMENT((#12130));
#12132=STYLED_ITEM('',(#12131),#12125);
#12133=CARTESIAN_POINT('',(6.491719821629E-1,-1.15E0,1.715187213386E0));
#12134=DIRECTION('',(0.E0,0.E0,-1.E0));
#12135=DIRECTION('',(1.E0,0.E0,0.E0));
#12136=AXIS2_PLACEMENT_3D('',#12133,#12134,#12135);
#12137=PLANE('',#12136);
#12138=ORIENTED_EDGE('',*,*,#8321,.F.);
#12140=ORIENTED_EDGE('',*,*,#12139,.T.);
#12141=ORIENTED_EDGE('',*,*,#9036,.T.);
#12143=ORIENTED_EDGE('',*,*,#12142,.F.);
#12144=EDGE_LOOP('',(#12138,#12140,#12141,#12143));
#12145=FACE_OUTER_BOUND('',#12144,.F.);
#12146=ADVANCED_FACE('',(#12145),#12137,.T.);
#12147=FILL_AREA_STYLE_COLOUR('',#5);
#12148=FILL_AREA_STYLE('',(#12147));
#12149=SURFACE_STYLE_FILL_AREA(#12148);
#12150=SURFACE_SIDE_STYLE('',(#12149));
#12151=SURFACE_STYLE_USAGE(.POSITIVE.,#12150);
#12152=PRESENTATION_STYLE_ASSIGNMENT((#12151));
#12153=STYLED_ITEM('',(#12152),#12146);
#12154=CARTESIAN_POINT('',(5.761781762719E-1,-1.15E0,1.692459556521E0));
#12155=DIRECTION('',(2.972868528344E-1,0.E0,-9.547882106163E-1));
#12156=DIRECTION('',(9.547882106163E-1,0.E0,2.972868528344E-1));
#12157=AXIS2_PLACEMENT_3D('',#12154,#12155,#12156);
#12158=PLANE('',#12157);
#12159=ORIENTED_EDGE('',*,*,#8359,.F.);
#12161=ORIENTED_EDGE('',*,*,#12160,.T.);
#12162=ORIENTED_EDGE('',*,*,#9038,.T.);
#12163=ORIENTED_EDGE('',*,*,#12139,.F.);
#12164=EDGE_LOOP('',(#12159,#12161,#12162,#12163));
#12165=FACE_OUTER_BOUND('',#12164,.F.);
#12166=ADVANCED_FACE('',(#12165),#12158,.T.);
#12167=FILL_AREA_STYLE_COLOUR('',#5);
#12168=FILL_AREA_STYLE('',(#12167));
#12169=SURFACE_STYLE_FILL_AREA(#12168);
#12170=SURFACE_SIDE_STYLE('',(#12169));
#12171=SURFACE_STYLE_USAGE(.POSITIVE.,#12170);
#12172=PRESENTATION_STYLE_ASSIGNMENT((#12171));
#12173=STYLED_ITEM('',(#12172),#12166);
#12174=CARTESIAN_POINT('',(5.214329262719E-1,-1.15E0,1.647004242791E0));
#12175=DIRECTION('',(6.388088435810E-1,0.E0,-7.693654927034E-1));
#12176=DIRECTION('',(7.693654927034E-1,0.E0,6.388088435810E-1));
#12177=AXIS2_PLACEMENT_3D('',#12174,#12175,#12176);
#12178=PLANE('',#12177);
#12179=ORIENTED_EDGE('',*,*,#8357,.F.);
#12181=ORIENTED_EDGE('',*,*,#12180,.T.);
#12182=ORIENTED_EDGE('',*,*,#9040,.T.);
#12183=ORIENTED_EDGE('',*,*,#12160,.F.);
#12184=EDGE_LOOP('',(#12179,#12181,#12182,#12183));
#12185=FACE_OUTER_BOUND('',#12184,.F.);
#12186=ADVANCED_FACE('',(#12185),#12178,.T.);
#12187=FILL_AREA_STYLE_COLOUR('',#5);
#12188=FILL_AREA_STYLE('',(#12187));
#12189=SURFACE_STYLE_FILL_AREA(#12188);
#12190=SURFACE_SIDE_STYLE('',(#12189));
#12191=SURFACE_STYLE_USAGE(.POSITIVE.,#12190);
#12192=PRESENTATION_STYLE_ASSIGNMENT((#12191));
#12193=STYLED_ITEM('',(#12192),#12186);
#12194=CARTESIAN_POINT('',(4.849362321629E-1,-1.15E0,1.578821208525E0));
#12195=DIRECTION('',(8.816410205629E-1,0.E0,-4.719206616168E-1));
#12196=DIRECTION('',(4.719206616168E-1,0.E0,8.816410205629E-1));
#12197=AXIS2_PLACEMENT_3D('',#12194,#12195,#12196);
#12198=PLANE('',#12197);
#12199=ORIENTED_EDGE('',*,*,#8355,.F.);
#12201=ORIENTED_EDGE('',*,*,#12200,.T.);
#12202=ORIENTED_EDGE('',*,*,#9042,.T.);
#12203=ORIENTED_EDGE('',*,*,#12180,.F.);
#12204=EDGE_LOOP('',(#12199,#12201,#12202,#12203));
#12205=FACE_OUTER_BOUND('',#12204,.F.);
#12206=ADVANCED_FACE('',(#12205),#12198,.T.);
#12207=FILL_AREA_STYLE_COLOUR('',#5);
#12208=FILL_AREA_STYLE('',(#12207));
#12209=SURFACE_STYLE_FILL_AREA(#12208);
#12210=SURFACE_SIDE_STYLE('',(#12209));
#12211=SURFACE_STYLE_USAGE(.POSITIVE.,#12210);
#12212=PRESENTATION_STYLE_ASSIGNMENT((#12211));
#12213=STYLED_ITEM('',(#12212),#12206);
#12214=CARTESIAN_POINT('',(4.666876762719E-1,-1.15E0,1.487910581065E0));
#12215=DIRECTION('',(9.804426585135E-1,0.E0,-1.968049627599E-1));
#12216=DIRECTION('',(1.968049627599E-1,0.E0,9.804426585135E-1));
#12217=AXIS2_PLACEMENT_3D('',#12214,#12215,#12216);
#12218=PLANE('',#12217);
#12219=ORIENTED_EDGE('',*,*,#8353,.F.);
#12221=ORIENTED_EDGE('',*,*,#12220,.T.);
#12222=ORIENTED_EDGE('',*,*,#9044,.T.);
#12223=ORIENTED_EDGE('',*,*,#12200,.F.);
#12224=EDGE_LOOP('',(#12219,#12221,#12222,#12223));
#12225=FACE_OUTER_BOUND('',#12224,.F.);
#12226=ADVANCED_FACE('',(#12225),#12218,.T.);
#12227=FILL_AREA_STYLE_COLOUR('',#5);
#12228=FILL_AREA_STYLE('',(#12227));
#12229=SURFACE_STYLE_FILL_AREA(#12228);
#12230=SURFACE_SIDE_STYLE('',(#12229));
#12231=SURFACE_STYLE_USAGE(.POSITIVE.,#12230);
#12232=PRESENTATION_STYLE_ASSIGNMENT((#12231));
#12233=STYLED_ITEM('',(#12232),#12226);
#12234=CARTESIAN_POINT('',(4.666876762719E-1,-1.15E0,1.146995696253E0));
#12235=DIRECTION('',(1.E0,0.E0,0.E0));
#12236=DIRECTION('',(0.E0,0.E0,1.E0));
#12237=AXIS2_PLACEMENT_3D('',#12234,#12235,#12236);
#12238=PLANE('',#12237);
#12239=ORIENTED_EDGE('',*,*,#8351,.F.);
#12241=ORIENTED_EDGE('',*,*,#12240,.T.);
#12242=ORIENTED_EDGE('',*,*,#9046,.T.);
#12243=ORIENTED_EDGE('',*,*,#12220,.F.);
#12244=EDGE_LOOP('',(#12239,#12241,#12242,#12243));
#12245=FACE_OUTER_BOUND('',#12244,.F.);
#12246=ADVANCED_FACE('',(#12245),#12238,.T.);
#12247=FILL_AREA_STYLE_COLOUR('',#5);
#12248=FILL_AREA_STYLE('',(#12247));
#12249=SURFACE_STYLE_FILL_AREA(#12248);
#12250=SURFACE_SIDE_STYLE('',(#12249));
#12251=SURFACE_STYLE_USAGE(.POSITIVE.,#12250);
#12252=PRESENTATION_STYLE_ASSIGNMENT((#12251));
#12253=STYLED_ITEM('',(#12252),#12246);
#12254=CARTESIAN_POINT('',(4.849362321629E-1,-1.15E0,1.056085068793E0));
#12255=DIRECTION('',(9.804426585135E-1,0.E0,1.968049627599E-1));
#12256=DIRECTION('',(-1.968049627599E-1,0.E0,9.804426585135E-1));
#12257=AXIS2_PLACEMENT_3D('',#12254,#12255,#12256);
#12258=PLANE('',#12257);
#12259=ORIENTED_EDGE('',*,*,#8349,.F.);
#12261=ORIENTED_EDGE('',*,*,#12260,.T.);
#12262=ORIENTED_EDGE('',*,*,#9048,.T.);
#12263=ORIENTED_EDGE('',*,*,#12240,.F.);
#12264=EDGE_LOOP('',(#12259,#12261,#12262,#12263));
#12265=FACE_OUTER_BOUND('',#12264,.F.);
#12266=ADVANCED_FACE('',(#12265),#12258,.T.);
#12267=FILL_AREA_STYLE_COLOUR('',#5);
#12268=FILL_AREA_STYLE('',(#12267));
#12269=SURFACE_STYLE_FILL_AREA(#12268);
#12270=SURFACE_SIDE_STYLE('',(#12269));
#12271=SURFACE_STYLE_USAGE(.POSITIVE.,#12270);
#12272=PRESENTATION_STYLE_ASSIGNMENT((#12271));
#12273=STYLED_ITEM('',(#12272),#12266);
#12274=CARTESIAN_POINT('',(5.214329262719E-1,-1.15E0,9.879020981975E-1));
#12275=DIRECTION('',(8.816408372105E-1,0.E0,4.719210041551E-1));
#12276=DIRECTION('',(-4.719210041551E-1,0.E0,8.816408372105E-1));
#12277=AXIS2_PLACEMENT_3D('',#12274,#12275,#12276);
#12278=PLANE('',#12277);
#12279=ORIENTED_EDGE('',*,*,#8347,.F.);
#12281=ORIENTED_EDGE('',*,*,#12280,.T.);
#12282=ORIENTED_EDGE('',*,*,#9050,.T.);
#12283=ORIENTED_EDGE('',*,*,#12260,.F.);
#12284=EDGE_LOOP('',(#12279,#12281,#12282,#12283));
#12285=FACE_OUTER_BOUND('',#12284,.F.);
#12286=ADVANCED_FACE('',(#12285),#12278,.T.);
#12287=FILL_AREA_STYLE_COLOUR('',#5);
#12288=FILL_AREA_STYLE('',(#12287));
#12289=SURFACE_STYLE_FILL_AREA(#12288);
#12290=SURFACE_SIDE_STYLE('',(#12289));
#12291=SURFACE_STYLE_USAGE(.POSITIVE.,#12290);
#12292=PRESENTATION_STYLE_ASSIGNMENT((#12291));
#12293=STYLED_ITEM('',(#12292),#12286);
#12294=CARTESIAN_POINT('',(5.761781762719E-1,-1.15E0,9.424467685499E-1));
#12295=DIRECTION('',(6.388089759921E-1,0.E0,7.693653827616E-1));
#12296=DIRECTION('',(-7.693653827616E-1,0.E0,6.388089759921E-1));
#12297=AXIS2_PLACEMENT_3D('',#12294,#12295,#12296);
#12298=PLANE('',#12297);
#12299=ORIENTED_EDGE('',*,*,#8345,.F.);
#12301=ORIENTED_EDGE('',*,*,#12300,.T.);
#12302=ORIENTED_EDGE('',*,*,#9052,.T.);
#12303=ORIENTED_EDGE('',*,*,#12280,.F.);
#12304=EDGE_LOOP('',(#12299,#12301,#12302,#12303));
#12305=FACE_OUTER_BOUND('',#12304,.F.);
#12306=ADVANCED_FACE('',(#12305),#12298,.T.);
#12307=FILL_AREA_STYLE_COLOUR('',#5);
#12308=FILL_AREA_STYLE('',(#12307));
#12309=SURFACE_STYLE_FILL_AREA(#12308);
#12310=SURFACE_SIDE_STYLE('',(#12309));
#12311=SURFACE_STYLE_USAGE(.POSITIVE.,#12310);
#12312=PRESENTATION_STYLE_ASSIGNMENT((#12311));
#12313=STYLED_ITEM('',(#12312),#12306);
#12314=CARTESIAN_POINT('',(6.491719821629E-1,-1.15E0,9.197191116848E-1));
#12315=DIRECTION('',(2.972868528344E-1,0.E0,9.547882106163E-1));
#12316=DIRECTION('',(-9.547882106163E-1,0.E0,2.972868528344E-1));
#12317=AXIS2_PLACEMENT_3D('',#12314,#12315,#12316);
#12318=PLANE('',#12317);
#12319=ORIENTED_EDGE('',*,*,#8343,.F.);
#12321=ORIENTED_EDGE('',*,*,#12320,.T.);
#12322=ORIENTED_EDGE('',*,*,#9054,.T.);
#12323=ORIENTED_EDGE('',*,*,#12300,.F.);
#12324=EDGE_LOOP('',(#12319,#12321,#12322,#12323));
#12325=FACE_OUTER_BOUND('',#12324,.F.);
#12326=ADVANCED_FACE('',(#12325),#12318,.T.);
#12327=FILL_AREA_STYLE_COLOUR('',#5);
#12328=FILL_AREA_STYLE('',(#12327));
#12329=SURFACE_STYLE_FILL_AREA(#12328);
#12330=SURFACE_SIDE_STYLE('',(#12329));
#12331=SURFACE_STYLE_USAGE(.POSITIVE.,#12330);
#12332=PRESENTATION_STYLE_ASSIGNMENT((#12331));
#12333=STYLED_ITEM('',(#12332),#12326);
#12334=CARTESIAN_POINT('',(7.951591762719E-1,-1.15E0,9.197191116848E-1));
#12335=DIRECTION('',(0.E0,0.E0,1.E0));
#12336=DIRECTION('',(-1.E0,0.E0,0.E0));
#12337=AXIS2_PLACEMENT_3D('',#12334,#12335,#12336);
#12338=PLANE('',#12337);
#12339=ORIENTED_EDGE('',*,*,#8341,.F.);
#12341=ORIENTED_EDGE('',*,*,#12340,.T.);
#12342=ORIENTED_EDGE('',*,*,#9056,.T.);
#12343=ORIENTED_EDGE('',*,*,#12320,.F.);
#12344=EDGE_LOOP('',(#12339,#12341,#12342,#12343));
#12345=FACE_OUTER_BOUND('',#12344,.F.);
#12346=ADVANCED_FACE('',(#12345),#12338,.T.);
#12347=FILL_AREA_STYLE_COLOUR('',#5);
#12348=FILL_AREA_STYLE('',(#12347));
#12349=SURFACE_STYLE_FILL_AREA(#12348);
#12350=SURFACE_SIDE_STYLE('',(#12349));
#12351=SURFACE_STYLE_USAGE(.POSITIVE.,#12350);
#12352=PRESENTATION_STYLE_ASSIGNMENT((#12351));
#12353=STYLED_ITEM('',(#12352),#12346);
#12354=CARTESIAN_POINT('',(8.681529821629E-1,-1.15E0,9.424467685499E-1));
#12355=DIRECTION('',(-2.972868528344E-1,0.E0,9.547882106163E-1));
#12356=DIRECTION('',(-9.547882106163E-1,0.E0,-2.972868528344E-1));
#12357=AXIS2_PLACEMENT_3D('',#12354,#12355,#12356);
#12358=PLANE('',#12357);
#12359=ORIENTED_EDGE('',*,*,#8339,.F.);
#12361=ORIENTED_EDGE('',*,*,#12360,.T.);
#12362=ORIENTED_EDGE('',*,*,#9058,.T.);
#12363=ORIENTED_EDGE('',*,*,#12340,.F.);
#12364=EDGE_LOOP('',(#12359,#12361,#12362,#12363));
#12365=FACE_OUTER_BOUND('',#12364,.F.);
#12366=ADVANCED_FACE('',(#12365),#12358,.T.);
#12367=FILL_AREA_STYLE_COLOUR('',#5);
#12368=FILL_AREA_STYLE('',(#12367));
#12369=SURFACE_STYLE_FILL_AREA(#12368);
#12370=SURFACE_SIDE_STYLE('',(#12369));
#12371=SURFACE_STYLE_USAGE(.POSITIVE.,#12370);
#12372=PRESENTATION_STYLE_ASSIGNMENT((#12371));
#12373=STYLED_ITEM('',(#12372),#12366);
#12374=CARTESIAN_POINT('',(9.228982321629E-1,-1.15E0,9.879020981975E-1));
#12375=DIRECTION('',(-6.388089759921E-1,0.E0,7.693653827616E-1));
#12376=DIRECTION('',(-7.693653827616E-1,0.E0,-6.388089759921E-1));
#12377=AXIS2_PLACEMENT_3D('',#12374,#12375,#12376);
#12378=PLANE('',#12377);
#12379=ORIENTED_EDGE('',*,*,#8337,.F.);
#12381=ORIENTED_EDGE('',*,*,#12380,.T.);
#12382=ORIENTED_EDGE('',*,*,#9060,.T.);
#12383=ORIENTED_EDGE('',*,*,#12360,.F.);
#12384=EDGE_LOOP('',(#12379,#12381,#12382,#12383));
#12385=FACE_OUTER_BOUND('',#12384,.F.);
#12386=ADVANCED_FACE('',(#12385),#12378,.T.);
#12387=FILL_AREA_STYLE_COLOUR('',#5);
#12388=FILL_AREA_STYLE('',(#12387));
#12389=SURFACE_STYLE_FILL_AREA(#12388);
#12390=SURFACE_SIDE_STYLE('',(#12389));
#12391=SURFACE_STYLE_USAGE(.POSITIVE.,#12390);
#12392=PRESENTATION_STYLE_ASSIGNMENT((#12391));
#12393=STYLED_ITEM('',(#12392),#12386);
#12394=CARTESIAN_POINT('',(9.593949262719E-1,-1.15E0,1.056085068793E0));
#12395=DIRECTION('',(-8.816408372105E-1,0.E0,4.719210041551E-1));
#12396=DIRECTION('',(-4.719210041551E-1,0.E0,-8.816408372105E-1));
#12397=AXIS2_PLACEMENT_3D('',#12394,#12395,#12396);
#12398=PLANE('',#12397);
#12399=ORIENTED_EDGE('',*,*,#8335,.F.);
#12401=ORIENTED_EDGE('',*,*,#12400,.T.);
#12402=ORIENTED_EDGE('',*,*,#9062,.T.);
#12403=ORIENTED_EDGE('',*,*,#12380,.F.);
#12404=EDGE_LOOP('',(#12399,#12401,#12402,#12403));
#12405=FACE_OUTER_BOUND('',#12404,.F.);
#12406=ADVANCED_FACE('',(#12405),#12398,.T.);
#12407=FILL_AREA_STYLE_COLOUR('',#5);
#12408=FILL_AREA_STYLE('',(#12407));
#12409=SURFACE_STYLE_FILL_AREA(#12408);
#12410=SURFACE_SIDE_STYLE('',(#12409));
#12411=SURFACE_STYLE_USAGE(.POSITIVE.,#12410);
#12412=PRESENTATION_STYLE_ASSIGNMENT((#12411));
#12413=STYLED_ITEM('',(#12412),#12406);
#12414=CARTESIAN_POINT('',(9.776434821629E-1,-1.15E0,1.146995696253E0));
#12415=DIRECTION('',(-9.804426585135E-1,0.E0,1.968049627599E-1));
#12416=DIRECTION('',(-1.968049627599E-1,0.E0,-9.804426585135E-1));
#12417=AXIS2_PLACEMENT_3D('',#12414,#12415,#12416);
#12418=PLANE('',#12417);
#12419=ORIENTED_EDGE('',*,*,#8333,.F.);
#12421=ORIENTED_EDGE('',*,*,#12420,.T.);
#12422=ORIENTED_EDGE('',*,*,#9064,.T.);
#12423=ORIENTED_EDGE('',*,*,#12400,.F.);
#12424=EDGE_LOOP('',(#12419,#12421,#12422,#12423));
#12425=FACE_OUTER_BOUND('',#12424,.F.);
#12426=ADVANCED_FACE('',(#12425),#12418,.T.);
#12427=FILL_AREA_STYLE_COLOUR('',#5);
#12428=FILL_AREA_STYLE('',(#12427));
#12429=SURFACE_STYLE_FILL_AREA(#12428);
#12430=SURFACE_SIDE_STYLE('',(#12429));
#12431=SURFACE_STYLE_USAGE(.POSITIVE.,#12430);
#12432=PRESENTATION_STYLE_ASSIGNMENT((#12431));
#12433=STYLED_ITEM('',(#12432),#12426);
#12434=CARTESIAN_POINT('',(9.776434821629E-1,-1.15E0,1.487910581065E0));
#12435=DIRECTION('',(-1.E0,0.E0,0.E0));
#12436=DIRECTION('',(0.E0,0.E0,-1.E0));
#12437=AXIS2_PLACEMENT_3D('',#12434,#12435,#12436);
#12438=PLANE('',#12437);
#12439=ORIENTED_EDGE('',*,*,#8331,.F.);
#12441=ORIENTED_EDGE('',*,*,#12440,.T.);
#12442=ORIENTED_EDGE('',*,*,#9066,.T.);
#12443=ORIENTED_EDGE('',*,*,#12420,.F.);
#12444=EDGE_LOOP('',(#12439,#12441,#12442,#12443));
#12445=FACE_OUTER_BOUND('',#12444,.F.);
#12446=ADVANCED_FACE('',(#12445),#12438,.T.);
#12447=FILL_AREA_STYLE_COLOUR('',#5);
#12448=FILL_AREA_STYLE('',(#12447));
#12449=SURFACE_STYLE_FILL_AREA(#12448);
#12450=SURFACE_SIDE_STYLE('',(#12449));
#12451=SURFACE_STYLE_USAGE(.POSITIVE.,#12450);
#12452=PRESENTATION_STYLE_ASSIGNMENT((#12451));
#12453=STYLED_ITEM('',(#12452),#12446);
#12454=CARTESIAN_POINT('',(9.593949262719E-1,-1.15E0,1.578821208525E0));
#12455=DIRECTION('',(-9.804426585135E-1,0.E0,-1.968049627599E-1));
#12456=DIRECTION('',(1.968049627599E-1,0.E0,-9.804426585135E-1));
#12457=AXIS2_PLACEMENT_3D('',#12454,#12455,#12456);
#12458=PLANE('',#12457);
#12459=ORIENTED_EDGE('',*,*,#8329,.F.);
#12461=ORIENTED_EDGE('',*,*,#12460,.T.);
#12462=ORIENTED_EDGE('',*,*,#9068,.T.);
#12463=ORIENTED_EDGE('',*,*,#12440,.F.);
#12464=EDGE_LOOP('',(#12459,#12461,#12462,#12463));
#12465=FACE_OUTER_BOUND('',#12464,.F.);
#12466=ADVANCED_FACE('',(#12465),#12458,.T.);
#12467=FILL_AREA_STYLE_COLOUR('',#5);
#12468=FILL_AREA_STYLE('',(#12467));
#12469=SURFACE_STYLE_FILL_AREA(#12468);
#12470=SURFACE_SIDE_STYLE('',(#12469));
#12471=SURFACE_STYLE_USAGE(.POSITIVE.,#12470);
#12472=PRESENTATION_STYLE_ASSIGNMENT((#12471));
#12473=STYLED_ITEM('',(#12472),#12466);
#12474=CARTESIAN_POINT('',(9.228982321629E-1,-1.15E0,1.647004242791E0));
#12475=DIRECTION('',(-8.816410205629E-1,0.E0,-4.719206616168E-1));
#12476=DIRECTION('',(4.719206616168E-1,0.E0,-8.816410205629E-1));
#12477=AXIS2_PLACEMENT_3D('',#12474,#12475,#12476);
#12478=PLANE('',#12477);
#12479=ORIENTED_EDGE('',*,*,#8327,.F.);
#12481=ORIENTED_EDGE('',*,*,#12480,.T.);
#12482=ORIENTED_EDGE('',*,*,#9070,.T.);
#12483=ORIENTED_EDGE('',*,*,#12460,.F.);
#12484=EDGE_LOOP('',(#12479,#12481,#12482,#12483));
#12485=FACE_OUTER_BOUND('',#12484,.F.);
#12486=ADVANCED_FACE('',(#12485),#12478,.T.);
#12487=FILL_AREA_STYLE_COLOUR('',#5);
#12488=FILL_AREA_STYLE('',(#12487));
#12489=SURFACE_STYLE_FILL_AREA(#12488);
#12490=SURFACE_SIDE_STYLE('',(#12489));
#12491=SURFACE_STYLE_USAGE(.POSITIVE.,#12490);
#12492=PRESENTATION_STYLE_ASSIGNMENT((#12491));
#12493=STYLED_ITEM('',(#12492),#12486);
#12494=CARTESIAN_POINT('',(8.681529821629E-1,-1.15E0,1.692459556521E0));
#12495=DIRECTION('',(-6.388088435810E-1,0.E0,-7.693654927034E-1));
#12496=DIRECTION('',(7.693654927034E-1,0.E0,-6.388088435810E-1));
#12497=AXIS2_PLACEMENT_3D('',#12494,#12495,#12496);
#12498=PLANE('',#12497);
#12499=ORIENTED_EDGE('',*,*,#8325,.F.);
#12501=ORIENTED_EDGE('',*,*,#12500,.T.);
#12502=ORIENTED_EDGE('',*,*,#9072,.T.);
#12503=ORIENTED_EDGE('',*,*,#12480,.F.);
#12504=EDGE_LOOP('',(#12499,#12501,#12502,#12503));
#12505=FACE_OUTER_BOUND('',#12504,.F.);
#12506=ADVANCED_FACE('',(#12505),#12498,.T.);
#12507=FILL_AREA_STYLE_COLOUR('',#5);
#12508=FILL_AREA_STYLE('',(#12507));
#12509=SURFACE_STYLE_FILL_AREA(#12508);
#12510=SURFACE_SIDE_STYLE('',(#12509));
#12511=SURFACE_STYLE_USAGE(.POSITIVE.,#12510);
#12512=PRESENTATION_STYLE_ASSIGNMENT((#12511));
#12513=STYLED_ITEM('',(#12512),#12506);
#12514=CARTESIAN_POINT('',(7.951591762719E-1,-1.15E0,1.715187213386E0));
#12515=DIRECTION('',(-2.972868528344E-1,0.E0,-9.547882106163E-1));
#12516=DIRECTION('',(9.547882106163E-1,0.E0,-2.972868528344E-1));
#12517=AXIS2_PLACEMENT_3D('',#12514,#12515,#12516);
#12518=PLANE('',#12517);
#12519=ORIENTED_EDGE('',*,*,#8323,.F.);
#12520=ORIENTED_EDGE('',*,*,#12142,.T.);
#12521=ORIENTED_EDGE('',*,*,#9074,.T.);
#12522=ORIENTED_EDGE('',*,*,#12500,.F.);
#12523=EDGE_LOOP('',(#12519,#12520,#12521,#12522));
#12524=FACE_OUTER_BOUND('',#12523,.F.);
#12525=ADVANCED_FACE('',(#12524),#12518,.T.);
#12526=FILL_AREA_STYLE_COLOUR('',#5);
#12527=FILL_AREA_STYLE('',(#12526));
#12528=SURFACE_STYLE_FILL_AREA(#12527);
#12529=SURFACE_SIDE_STYLE('',(#12528));
#12530=SURFACE_STYLE_USAGE(.POSITIVE.,#12529);
#12531=PRESENTATION_STYLE_ASSIGNMENT((#12530));
#12532=STYLED_ITEM('',(#12531),#12525);
#12533=CARTESIAN_POINT('',(1.342611676272E0,-1.15E0,1.260634012414E0));
#12534=DIRECTION('',(0.E0,0.E0,-1.E0));
#12535=DIRECTION('',(1.E0,0.E0,0.E0));
#12536=AXIS2_PLACEMENT_3D('',#12533,#12534,#12535);
#12537=PLANE('',#12536);
#12538=ORIENTED_EDGE('',*,*,#8179,.F.);
#12540=ORIENTED_EDGE('',*,*,#12539,.T.);
#12541=ORIENTED_EDGE('',*,*,#9091,.T.);
#12543=ORIENTED_EDGE('',*,*,#12542,.F.);
#12544=EDGE_LOOP('',(#12538,#12540,#12541,#12543));
#12545=FACE_OUTER_BOUND('',#12544,.F.);
#12546=ADVANCED_FACE('',(#12545),#12537,.T.);
#12547=FILL_AREA_STYLE_COLOUR('',#5);
#12548=FILL_AREA_STYLE('',(#12547));
#12549=SURFACE_STYLE_FILL_AREA(#12548);
#12550=SURFACE_SIDE_STYLE('',(#12549));
#12551=SURFACE_STYLE_USAGE(.POSITIVE.,#12550);
#12552=PRESENTATION_STYLE_ASSIGNMENT((#12551));
#12553=STYLED_ITEM('',(#12552),#12546);
#12554=CARTESIAN_POINT('',(1.342611676272E0,-1.15E0,7.833531545766E-1));
#12555=DIRECTION('',(1.E0,0.E0,0.E0));
#12556=DIRECTION('',(0.E0,0.E0,1.E0));
#12557=AXIS2_PLACEMENT_3D('',#12554,#12555,#12556);
#12558=PLANE('',#12557);
#12559=ORIENTED_EDGE('',*,*,#8209,.F.);
#12561=ORIENTED_EDGE('',*,*,#12560,.T.);
#12562=ORIENTED_EDGE('',*,*,#9093,.T.);
#12563=ORIENTED_EDGE('',*,*,#12539,.F.);
#12564=EDGE_LOOP('',(#12559,#12561,#12562,#12563));
#12565=FACE_OUTER_BOUND('',#12564,.F.);
#12566=ADVANCED_FACE('',(#12565),#12558,.T.);
#12567=FILL_AREA_STYLE_COLOUR('',#5);
#12568=FILL_AREA_STYLE('',(#12567));
#12569=SURFACE_STYLE_FILL_AREA(#12568);
#12570=SURFACE_SIDE_STYLE('',(#12569));
#12571=SURFACE_STYLE_USAGE(.POSITIVE.,#12570);
#12572=PRESENTATION_STYLE_ASSIGNMENT((#12571));
#12573=STYLED_ITEM('',(#12572),#12566);
#12574=CARTESIAN_POINT('',(1.233121176272E0,-1.15E0,7.833531545766E-1));
#12575=DIRECTION('',(0.E0,0.E0,-1.E0));
#12576=DIRECTION('',(1.E0,0.E0,0.E0));
#12577=AXIS2_PLACEMENT_3D('',#12574,#12575,#12576);
#12578=PLANE('',#12577);
#12579=ORIENTED_EDGE('',*,*,#8207,.F.);
#12581=ORIENTED_EDGE('',*,*,#12580,.T.);
#12582=ORIENTED_EDGE('',*,*,#9095,.T.);
#12583=ORIENTED_EDGE('',*,*,#12560,.F.);
#12584=EDGE_LOOP('',(#12579,#12581,#12582,#12583));
#12585=FACE_OUTER_BOUND('',#12584,.F.);
#12586=ADVANCED_FACE('',(#12585),#12578,.T.);
#12587=FILL_AREA_STYLE_COLOUR('',#5);
#12588=FILL_AREA_STYLE('',(#12587));
#12589=SURFACE_STYLE_FILL_AREA(#12588);
#12590=SURFACE_SIDE_STYLE('',(#12589));
#12591=SURFACE_STYLE_USAGE(.POSITIVE.,#12590);
#12592=PRESENTATION_STYLE_ASSIGNMENT((#12591));
#12593=STYLED_ITEM('',(#12592),#12586);
#12594=CARTESIAN_POINT('',(1.233121176272E0,-1.15E0,1.851553154577E0));
#12595=DIRECTION('',(-1.E0,0.E0,0.E0));
#12596=DIRECTION('',(0.E0,0.E0,-1.E0));
#12597=AXIS2_PLACEMENT_3D('',#12594,#12595,#12596);
#12598=PLANE('',#12597);
#12599=ORIENTED_EDGE('',*,*,#8205,.F.);
#12601=ORIENTED_EDGE('',*,*,#12600,.T.);
#12602=ORIENTED_EDGE('',*,*,#9097,.T.);
#12603=ORIENTED_EDGE('',*,*,#12580,.F.);
#12604=EDGE_LOOP('',(#12599,#12601,#12602,#12603));
#12605=FACE_OUTER_BOUND('',#12604,.F.);
#12606=ADVANCED_FACE('',(#12605),#12598,.T.);
#12607=FILL_AREA_STYLE_COLOUR('',#5);
#12608=FILL_AREA_STYLE('',(#12607));
#12609=SURFACE_STYLE_FILL_AREA(#12608);
#12610=SURFACE_SIDE_STYLE('',(#12609));
#12611=SURFACE_STYLE_USAGE(.POSITIVE.,#12610);
#12612=PRESENTATION_STYLE_ASSIGNMENT((#12611));
#12613=STYLED_ITEM('',(#12612),#12606);
#12614=CARTESIAN_POINT('',(1.671083176272E0,-1.15E0,1.851553154577E0));
#12615=DIRECTION('',(0.E0,0.E0,1.E0));
#12616=DIRECTION('',(-1.E0,0.E0,0.E0));
#12617=AXIS2_PLACEMENT_3D('',#12614,#12615,#12616);
#12618=PLANE('',#12617);
#12619=ORIENTED_EDGE('',*,*,#8203,.F.);
#12621=ORIENTED_EDGE('',*,*,#12620,.T.);
#12622=ORIENTED_EDGE('',*,*,#9099,.T.);
#12623=ORIENTED_EDGE('',*,*,#12600,.F.);
#12624=EDGE_LOOP('',(#12619,#12621,#12622,#12623));
#12625=FACE_OUTER_BOUND('',#12624,.F.);
#12626=ADVANCED_FACE('',(#12625),#12618,.T.);
#12627=FILL_AREA_STYLE_COLOUR('',#5);
#12628=FILL_AREA_STYLE('',(#12627));
#12629=SURFACE_STYLE_FILL_AREA(#12628);
#12630=SURFACE_SIDE_STYLE('',(#12629));
#12631=SURFACE_STYLE_USAGE(.POSITIVE.,#12630);
#12632=PRESENTATION_STYLE_ASSIGNMENT((#12631));
#12633=STYLED_ITEM('',(#12632),#12626);
#12634=CARTESIAN_POINT('',(1.762325538054E0,-1.15E0,1.828825497712E0));
#12635=DIRECTION('',(2.417054308853E-1,0.E0,9.703496713456E-1));
#12636=DIRECTION('',(-9.703496713456E-1,0.E0,2.417054308853E-1));
#12637=AXIS2_PLACEMENT_3D('',#12634,#12635,#12636);
#12638=PLANE('',#12637);
#12639=ORIENTED_EDGE('',*,*,#8201,.F.);
#12641=ORIENTED_EDGE('',*,*,#12640,.T.);
#12642=ORIENTED_EDGE('',*,*,#9101,.T.);
#12643=ORIENTED_EDGE('',*,*,#12620,.F.);
#12644=EDGE_LOOP('',(#12639,#12641,#12642,#12643));
#12645=FACE_OUTER_BOUND('',#12644,.F.);
#12646=ADVANCED_FACE('',(#12645),#12638,.T.);
#12647=FILL_AREA_STYLE_COLOUR('',#5);
#12648=FILL_AREA_STYLE('',(#12647));
#12649=SURFACE_STYLE_FILL_AREA(#12648);
#12650=SURFACE_SIDE_STYLE('',(#12649));
#12651=SURFACE_STYLE_USAGE(.POSITIVE.,#12650);
#12652=PRESENTATION_STYLE_ASSIGNMENT((#12651));
#12653=STYLED_ITEM('',(#12652),#12646);
#12654=CARTESIAN_POINT('',(1.835318926272E0,-1.15E0,1.760642527116E0));
#12655=DIRECTION('',(6.826168004161E-1,0.E0,7.307765074150E-1));
#12656=DIRECTION('',(-7.307765074150E-1,0.E0,6.826168004161E-1));
#12657=AXIS2_PLACEMENT_3D('',#12654,#12655,#12656);
#12658=PLANE('',#12657);
#12659=ORIENTED_EDGE('',*,*,#8199,.F.);
#12661=ORIENTED_EDGE('',*,*,#12660,.T.);
#12662=ORIENTED_EDGE('',*,*,#9103,.T.);
#12663=ORIENTED_EDGE('',*,*,#12640,.F.);
#12664=EDGE_LOOP('',(#12659,#12661,#12662,#12663));
#12665=FACE_OUTER_BOUND('',#12664,.F.);
#12666=ADVANCED_FACE('',(#12665),#12658,.T.);
#12667=FILL_AREA_STYLE_COLOUR('',#5);
#12668=FILL_AREA_STYLE('',(#12667));
#12669=SURFACE_STYLE_FILL_AREA(#12668);
#12670=SURFACE_SIDE_STYLE('',(#12669));
#12671=SURFACE_STYLE_USAGE(.POSITIVE.,#12670);
#12672=PRESENTATION_STYLE_ASSIGNMENT((#12671));
#12673=STYLED_ITEM('',(#12672),#12666);
#12674=CARTESIAN_POINT('',(1.890064176272E0,-1.15E0,1.669731899656E0));
#12675=DIRECTION('',(8.566650466659E-1,0.E0,5.158730442860E-1));
#12676=DIRECTION('',(-5.158730442860E-1,0.E0,8.566650466659E-1));
#12677=AXIS2_PLACEMENT_3D('',#12674,#12675,#12676);
#12678=PLANE('',#12677);
#12679=ORIENTED_EDGE('',*,*,#8197,.F.);
#12681=ORIENTED_EDGE('',*,*,#12680,.T.);
#12682=ORIENTED_EDGE('',*,*,#9105,.T.);
#12683=ORIENTED_EDGE('',*,*,#12660,.F.);
#12684=EDGE_LOOP('',(#12679,#12681,#12682,#12683));
#12685=FACE_OUTER_BOUND('',#12684,.F.);
#12686=ADVANCED_FACE('',(#12685),#12678,.T.);
#12687=FILL_AREA_STYLE_COLOUR('',#5);
#12688=FILL_AREA_STYLE('',(#12687));
#12689=SURFACE_STYLE_FILL_AREA(#12688);
#12690=SURFACE_SIDE_STYLE('',(#12689));
#12691=SURFACE_STYLE_USAGE(.POSITIVE.,#12690);
#12692=PRESENTATION_STYLE_ASSIGNMENT((#12691));
#12693=STYLED_ITEM('',(#12692),#12686);
#12694=CARTESIAN_POINT('',(1.908312732163E0,-1.15E0,1.601548929060E0));
#12695=DIRECTION('',(9.660002238334E-1,0.E0,2.585412298915E-1));
#12696=DIRECTION('',(-2.585412298915E-1,0.E0,9.660002238334E-1));
#12697=AXIS2_PLACEMENT_3D('',#12694,#12695,#12696);
#12698=PLANE('',#12697);
#12699=ORIENTED_EDGE('',*,*,#8195,.F.);
#12701=ORIENTED_EDGE('',*,*,#12700,.T.);
#12702=ORIENTED_EDGE('',*,*,#9107,.T.);
#12703=ORIENTED_EDGE('',*,*,#12680,.F.);
#12704=EDGE_LOOP('',(#12699,#12701,#12702,#12703));
#12705=FACE_OUTER_BOUND('',#12704,.F.);
#12706=ADVANCED_FACE('',(#12705),#12698,.T.);
#12707=FILL_AREA_STYLE_COLOUR('',#5);
#12708=FILL_AREA_STYLE('',(#12707));
#12709=SURFACE_STYLE_FILL_AREA(#12708);
#12710=SURFACE_SIDE_STYLE('',(#12709));
#12711=SURFACE_STYLE_USAGE(.POSITIVE.,#12710);
#12712=PRESENTATION_STYLE_ASSIGNMENT((#12711));
#12713=STYLED_ITEM('',(#12712),#12706);
#12714=CARTESIAN_POINT('',(1.908312732163E0,-1.15E0,1.510638237930E0));
#12715=DIRECTION('',(1.E0,0.E0,0.E0));
#12716=DIRECTION('',(0.E0,0.E0,1.E0));
#12717=AXIS2_PLACEMENT_3D('',#12714,#12715,#12716);
#12718=PLANE('',#12717);
#12719=ORIENTED_EDGE('',*,*,#8193,.F.);
#12721=ORIENTED_EDGE('',*,*,#12720,.T.);
#12722=ORIENTED_EDGE('',*,*,#9109,.T.);
#12723=ORIENTED_EDGE('',*,*,#12700,.F.);
#12724=EDGE_LOOP('',(#12719,#12721,#12722,#12723));
#12725=FACE_OUTER_BOUND('',#12724,.F.);
#12726=ADVANCED_FACE('',(#12725),#12718,.T.);
#12727=FILL_AREA_STYLE_COLOUR('',#5);
#12728=FILL_AREA_STYLE('',(#12727));
#12729=SURFACE_STYLE_FILL_AREA(#12728);
#12730=SURFACE_SIDE_STYLE('',(#12729));
#12731=SURFACE_STYLE_USAGE(.POSITIVE.,#12730);
#12732=PRESENTATION_STYLE_ASSIGNMENT((#12731));
#12733=STYLED_ITEM('',(#12732),#12726);
#12734=CARTESIAN_POINT('',(1.890064176272E0,-1.15E0,1.442455267335E0));
#12735=DIRECTION('',(9.660002238334E-1,0.E0,-2.585412298915E-1));
#12736=DIRECTION('',(2.585412298915E-1,0.E0,9.660002238334E-1));
#12737=AXIS2_PLACEMENT_3D('',#12734,#12735,#12736);
#12738=PLANE('',#12737);
#12739=ORIENTED_EDGE('',*,*,#8191,.F.);
#12741=ORIENTED_EDGE('',*,*,#12740,.T.);
#12742=ORIENTED_EDGE('',*,*,#9111,.T.);
#12743=ORIENTED_EDGE('',*,*,#12720,.F.);
#12744=EDGE_LOOP('',(#12739,#12741,#12742,#12743));
#12745=FACE_OUTER_BOUND('',#12744,.F.);
#12746=ADVANCED_FACE('',(#12745),#12738,.T.);
#12747=FILL_AREA_STYLE_COLOUR('',#5);
#12748=FILL_AREA_STYLE('',(#12747));
#12749=SURFACE_STYLE_FILL_AREA(#12748);
#12750=SURFACE_SIDE_STYLE('',(#12749));
#12751=SURFACE_STYLE_USAGE(.POSITIVE.,#12750);
#12752=PRESENTATION_STYLE_ASSIGNMENT((#12751));
#12753=STYLED_ITEM('',(#12752),#12746);
#12754=CARTESIAN_POINT('',(1.835318926272E0,-1.15E0,1.351544639874E0));
#12755=DIRECTION('',(8.566650466659E-1,0.E0,-5.158730442860E-1));
#12756=DIRECTION('',(5.158730442860E-1,0.E0,8.566650466659E-1));
#12757=AXIS2_PLACEMENT_3D('',#12754,#12755,#12756);
#12758=PLANE('',#12757);
#12759=ORIENTED_EDGE('',*,*,#8189,.F.);
#12761=ORIENTED_EDGE('',*,*,#12760,.T.);
#12762=ORIENTED_EDGE('',*,*,#9113,.T.);
#12763=ORIENTED_EDGE('',*,*,#12740,.F.);
#12764=EDGE_LOOP('',(#12759,#12761,#12762,#12763));
#12765=FACE_OUTER_BOUND('',#12764,.F.);
#12766=ADVANCED_FACE('',(#12765),#12758,.T.);
#12767=FILL_AREA_STYLE_COLOUR('',#5);
#12768=FILL_AREA_STYLE('',(#12767));
#12769=SURFACE_STYLE_FILL_AREA(#12768);
#12770=SURFACE_SIDE_STYLE('',(#12769));
#12771=SURFACE_STYLE_USAGE(.POSITIVE.,#12770);
#12772=PRESENTATION_STYLE_ASSIGNMENT((#12771));
#12773=STYLED_ITEM('',(#12772),#12766);
#12774=CARTESIAN_POINT('',(1.762325538054E0,-1.15E0,1.306089326144E0));
#12775=DIRECTION('',(5.286137647418E-1,0.E0,-8.488624669082E-1));
#12776=DIRECTION('',(8.488624669082E-1,0.E0,5.286137647418E-1));
#12777=AXIS2_PLACEMENT_3D('',#12774,#12775,#12776);
#12778=PLANE('',#12777);
#12779=ORIENTED_EDGE('',*,*,#8187,.F.);
#12781=ORIENTED_EDGE('',*,*,#12780,.T.);
#12782=ORIENTED_EDGE('',*,*,#9115,.T.);
#12783=ORIENTED_EDGE('',*,*,#12760,.F.);
#12784=EDGE_LOOP('',(#12779,#12781,#12782,#12783));
#12785=FACE_OUTER_BOUND('',#12784,.F.);
#12786=ADVANCED_FACE('',(#12785),#12778,.T.);
#12787=FILL_AREA_STYLE_COLOUR('',#5);
#12788=FILL_AREA_STYLE('',(#12787));
#12789=SURFACE_STYLE_FILL_AREA(#12788);
#12790=SURFACE_SIDE_STYLE('',(#12789));
#12791=SURFACE_STYLE_USAGE(.POSITIVE.,#12790);
#12792=PRESENTATION_STYLE_ASSIGNMENT((#12791));
#12793=STYLED_ITEM('',(#12792),#12786);
#12794=CARTESIAN_POINT('',(1.926561288054E0,-1.15E0,7.833531545766E-1));
#12795=DIRECTION('',(9.540212554620E-1,0.E0,2.997389599746E-1));
#12796=DIRECTION('',(-2.997389599746E-1,0.E0,9.540212554620E-1));
#12797=AXIS2_PLACEMENT_3D('',#12794,#12795,#12796);
#12798=PLANE('',#12797);
#12799=ORIENTED_EDGE('',*,*,#8185,.F.);
#12801=ORIENTED_EDGE('',*,*,#12800,.T.);
#12802=ORIENTED_EDGE('',*,*,#9117,.T.);
#12803=ORIENTED_EDGE('',*,*,#12780,.F.);
#12804=EDGE_LOOP('',(#12799,#12801,#12802,#12803));
#12805=FACE_OUTER_BOUND('',#12804,.F.);
#12806=ADVANCED_FACE('',(#12805),#12798,.T.);
#12807=FILL_AREA_STYLE_COLOUR('',#5);
#12808=FILL_AREA_STYLE('',(#12807));
#12809=SURFACE_STYLE_FILL_AREA(#12808);
#12810=SURFACE_SIDE_STYLE('',(#12809));
#12811=SURFACE_STYLE_USAGE(.POSITIVE.,#12810);
#12812=PRESENTATION_STYLE_ASSIGNMENT((#12811));
#12813=STYLED_ITEM('',(#12812),#12806);
#12814=CARTESIAN_POINT('',(1.798822232163E0,-1.15E0,7.833531545766E-1));
#12815=DIRECTION('',(0.E0,0.E0,-1.E0));
#12816=DIRECTION('',(1.E0,0.E0,0.E0));
#12817=AXIS2_PLACEMENT_3D('',#12814,#12815,#12816);
#12818=PLANE('',#12817);
#12819=ORIENTED_EDGE('',*,*,#8183,.F.);
#12821=ORIENTED_EDGE('',*,*,#12820,.T.);
#12822=ORIENTED_EDGE('',*,*,#9119,.T.);
#12823=ORIENTED_EDGE('',*,*,#12800,.F.);
#12824=EDGE_LOOP('',(#12819,#12821,#12822,#12823));
#12825=FACE_OUTER_BOUND('',#12824,.F.);
#12826=ADVANCED_FACE('',(#12825),#12818,.T.);
#12827=FILL_AREA_STYLE_COLOUR('',#5);
#12828=FILL_AREA_STYLE('',(#12827));
#12829=SURFACE_STYLE_FILL_AREA(#12828);
#12830=SURFACE_SIDE_STYLE('',(#12829));
#12831=SURFACE_STYLE_USAGE(.POSITIVE.,#12830);
#12832=PRESENTATION_STYLE_ASSIGNMENT((#12831));
#12833=STYLED_ITEM('',(#12832),#12826);
#12834=CARTESIAN_POINT('',(1.652835038054E0,-1.15E0,1.260634012414E0));
#12835=DIRECTION('',(-9.562667712677E-1,0.E0,-2.924959182097E-1));
#12836=DIRECTION('',(2.924959182097E-1,0.E0,-9.562667712677E-1));
#12837=AXIS2_PLACEMENT_3D('',#12834,#12835,#12836);
#12838=PLANE('',#12837);
#12839=ORIENTED_EDGE('',*,*,#8181,.F.);
#12840=ORIENTED_EDGE('',*,*,#12542,.T.);
#12841=ORIENTED_EDGE('',*,*,#9121,.T.);
#12842=ORIENTED_EDGE('',*,*,#12820,.F.);
#12843=EDGE_LOOP('',(#12839,#12840,#12841,#12842));
#12844=FACE_OUTER_BOUND('',#12843,.F.);
#12845=ADVANCED_FACE('',(#12844),#12838,.T.);
#12846=FILL_AREA_STYLE_COLOUR('',#5);
#12847=FILL_AREA_STYLE('',(#12846));
#12848=SURFACE_STYLE_FILL_AREA(#12847);
#12849=SURFACE_SIDE_STYLE('',(#12848));
#12850=SURFACE_STYLE_USAGE(.POSITIVE.,#12849);
#12851=PRESENTATION_STYLE_ASSIGNMENT((#12850));
#12852=STYLED_ITEM('',(#12851),#12845);
#12853=CARTESIAN_POINT('',(1.689331732163E0,-1.15E0,1.396999953605E0));
#12854=DIRECTION('',(0.E0,0.E0,1.E0));
#12855=DIRECTION('',(-1.E0,0.E0,0.E0));
#12856=AXIS2_PLACEMENT_3D('',#12853,#12854,#12855);
#12857=PLANE('',#12856);
#12858=ORIENTED_EDGE('',*,*,#8376,.F.);
#12860=ORIENTED_EDGE('',*,*,#12859,.T.);
#12861=ORIENTED_EDGE('',*,*,#9125,.T.);
#12863=ORIENTED_EDGE('',*,*,#12862,.F.);
#12864=EDGE_LOOP('',(#12858,#12860,#12861,#12863));
#12865=FACE_OUTER_BOUND('',#12864,.F.);
#12866=ADVANCED_FACE('',(#12865),#12857,.T.);
#12867=FILL_AREA_STYLE_COLOUR('',#5);
#12868=FILL_AREA_STYLE('',(#12867));
#12869=SURFACE_STYLE_FILL_AREA(#12868);
#12870=SURFACE_SIDE_STYLE('',(#12869));
#12871=SURFACE_STYLE_USAGE(.POSITIVE.,#12870);
#12872=PRESENTATION_STYLE_ASSIGNMENT((#12871));
#12873=STYLED_ITEM('',(#12872),#12866);
#12874=CARTESIAN_POINT('',(1.744076982163E0,-1.15E0,1.419727610470E0));
#12875=DIRECTION('',(-3.834239155070E-1,0.E0,9.235724665760E-1));
#12876=DIRECTION('',(-9.235724665760E-1,0.E0,-3.834239155070E-1));
#12877=AXIS2_PLACEMENT_3D('',#12874,#12875,#12876);
#12878=PLANE('',#12877);
#12879=ORIENTED_EDGE('',*,*,#8394,.F.);
#12881=ORIENTED_EDGE('',*,*,#12880,.T.);
#12882=ORIENTED_EDGE('',*,*,#9127,.T.);
#12883=ORIENTED_EDGE('',*,*,#12859,.F.);
#12884=EDGE_LOOP('',(#12879,#12881,#12882,#12883));
#12885=FACE_OUTER_BOUND('',#12884,.F.);
#12886=ADVANCED_FACE('',(#12885),#12878,.T.);
#12887=FILL_AREA_STYLE_COLOUR('',#5);
#12888=FILL_AREA_STYLE('',(#12887));
#12889=SURFACE_STYLE_FILL_AREA(#12888);
#12890=SURFACE_SIDE_STYLE('',(#12889));
#12891=SURFACE_STYLE_USAGE(.POSITIVE.,#12890);
#12892=PRESENTATION_STYLE_ASSIGNMENT((#12891));
#12893=STYLED_ITEM('',(#12892),#12886);
#12894=CARTESIAN_POINT('',(1.780573676272E0,-1.15E0,1.465182924200E0));
#12895=DIRECTION('',(-7.797592955383E-1,0.E0,6.260794206981E-1));
#12896=DIRECTION('',(-6.260794206981E-1,0.E0,-7.797592955383E-1));
#12897=AXIS2_PLACEMENT_3D('',#12894,#12895,#12896);
#12898=PLANE('',#12897);
#12899=ORIENTED_EDGE('',*,*,#8392,.F.);
#12901=ORIENTED_EDGE('',*,*,#12900,.T.);
#12902=ORIENTED_EDGE('',*,*,#9129,.T.);
#12903=ORIENTED_EDGE('',*,*,#12880,.F.);
#12904=EDGE_LOOP('',(#12899,#12901,#12902,#12903));
#12905=FACE_OUTER_BOUND('',#12904,.F.);
#12906=ADVANCED_FACE('',(#12905),#12898,.T.);
#12907=FILL_AREA_STYLE_COLOUR('',#5);
#12908=FILL_AREA_STYLE('',(#12907));
#12909=SURFACE_STYLE_FILL_AREA(#12908);
#12910=SURFACE_SIDE_STYLE('',(#12909));
#12911=SURFACE_STYLE_USAGE(.POSITIVE.,#12910);
#12912=PRESENTATION_STYLE_ASSIGNMENT((#12911));
#12913=STYLED_ITEM('',(#12912),#12906);
#12914=CARTESIAN_POINT('',(1.798822232163E0,-1.15E0,1.533365894795E0));
#12915=DIRECTION('',(-9.660002238334E-1,0.E0,2.585412298915E-1));
#12916=DIRECTION('',(-2.585412298915E-1,0.E0,-9.660002238334E-1));
#12917=AXIS2_PLACEMENT_3D('',#12914,#12915,#12916);
#12918=PLANE('',#12917);
#12919=ORIENTED_EDGE('',*,*,#8390,.F.);
#12921=ORIENTED_EDGE('',*,*,#12920,.T.);
#12922=ORIENTED_EDGE('',*,*,#9131,.T.);
#12923=ORIENTED_EDGE('',*,*,#12900,.F.);
#12924=EDGE_LOOP('',(#12919,#12921,#12922,#12923));
#12925=FACE_OUTER_BOUND('',#12924,.F.);
#12926=ADVANCED_FACE('',(#12925),#12918,.T.);
#12927=FILL_AREA_STYLE_COLOUR('',#5);
#12928=FILL_AREA_STYLE('',(#12927));
#12929=SURFACE_STYLE_FILL_AREA(#12928);
#12930=SURFACE_SIDE_STYLE('',(#12929));
#12931=SURFACE_STYLE_USAGE(.POSITIVE.,#12930);
#12932=PRESENTATION_STYLE_ASSIGNMENT((#12931));
#12933=STYLED_ITEM('',(#12932),#12926);
#12934=CARTESIAN_POINT('',(1.798822232163E0,-1.15E0,1.601548929060E0));
#12935=DIRECTION('',(-1.E0,0.E0,0.E0));
#12936=DIRECTION('',(0.E0,0.E0,-1.E0));
#12937=AXIS2_PLACEMENT_3D('',#12934,#12935,#12936);
#12938=PLANE('',#12937);
#12939=ORIENTED_EDGE('',*,*,#8388,.F.);
#12941=ORIENTED_EDGE('',*,*,#12940,.T.);
#12942=ORIENTED_EDGE('',*,*,#9133,.T.);
#12943=ORIENTED_EDGE('',*,*,#12920,.F.);
#12944=EDGE_LOOP('',(#12939,#12941,#12942,#12943));
#12945=FACE_OUTER_BOUND('',#12944,.F.);
#12946=ADVANCED_FACE('',(#12945),#12938,.T.);
#12947=FILL_AREA_STYLE_COLOUR('',#5);
#12948=FILL_AREA_STYLE('',(#12947));
#12949=SURFACE_STYLE_FILL_AREA(#12948);
#12950=SURFACE_SIDE_STYLE('',(#12949));
#12951=SURFACE_STYLE_USAGE(.POSITIVE.,#12950);
#12952=PRESENTATION_STYLE_ASSIGNMENT((#12951));
#12953=STYLED_ITEM('',(#12952),#12946);
#12954=CARTESIAN_POINT('',(1.780573676272E0,-1.15E0,1.669731899656E0));
#12955=DIRECTION('',(-9.660002238334E-1,0.E0,-2.585412298915E-1));
#12956=DIRECTION('',(2.585412298915E-1,0.E0,-9.660002238334E-1));
#12957=AXIS2_PLACEMENT_3D('',#12954,#12955,#12956);
#12958=PLANE('',#12957);
#12959=ORIENTED_EDGE('',*,*,#8386,.F.);
#12961=ORIENTED_EDGE('',*,*,#12960,.T.);
#12962=ORIENTED_EDGE('',*,*,#9135,.T.);
#12963=ORIENTED_EDGE('',*,*,#12940,.F.);
#12964=EDGE_LOOP('',(#12959,#12961,#12962,#12963));
#12965=FACE_OUTER_BOUND('',#12964,.F.);
#12966=ADVANCED_FACE('',(#12965),#12958,.T.);
#12967=FILL_AREA_STYLE_COLOUR('',#5);
#12968=FILL_AREA_STYLE('',(#12967));
#12969=SURFACE_STYLE_FILL_AREA(#12968);
#12970=SURFACE_SIDE_STYLE('',(#12969));
#12971=SURFACE_STYLE_USAGE(.POSITIVE.,#12970);
#12972=PRESENTATION_STYLE_ASSIGNMENT((#12971));
#12973=STYLED_ITEM('',(#12972),#12966);
#12974=CARTESIAN_POINT('',(1.744076982163E0,-1.15E0,1.715187213386E0));
#12975=DIRECTION('',(-7.797592955382E-1,0.E0,-6.260794206981E-1));
#12976=DIRECTION('',(6.260794206981E-1,0.E0,-7.797592955382E-1));
#12977=AXIS2_PLACEMENT_3D('',#12974,#12975,#12976);
#12978=PLANE('',#12977);
#12979=ORIENTED_EDGE('',*,*,#8384,.F.);
#12981=ORIENTED_EDGE('',*,*,#12980,.T.);
#12982=ORIENTED_EDGE('',*,*,#9137,.T.);
#12983=ORIENTED_EDGE('',*,*,#12960,.F.);
#12984=EDGE_LOOP('',(#12979,#12981,#12982,#12983));
#12985=FACE_OUTER_BOUND('',#12984,.F.);
#12986=ADVANCED_FACE('',(#12985),#12978,.T.);
#12987=FILL_AREA_STYLE_COLOUR('',#5);
#12988=FILL_AREA_STYLE('',(#12987));
#12989=SURFACE_STYLE_FILL_AREA(#12988);
#12990=SURFACE_SIDE_STYLE('',(#12989));
#12991=SURFACE_STYLE_USAGE(.POSITIVE.,#12990);
#12992=PRESENTATION_STYLE_ASSIGNMENT((#12991));
#12993=STYLED_ITEM('',(#12992),#12986);
#12994=CARTESIAN_POINT('',(1.689331732163E0,-1.15E0,1.737914870251E0));
#12995=DIRECTION('',(-3.834239155070E-1,0.E0,-9.235724665760E-1));
#12996=DIRECTION('',(9.235724665760E-1,0.E0,-3.834239155070E-1));
#12997=AXIS2_PLACEMENT_3D('',#12994,#12995,#12996);
#12998=PLANE('',#12997);
#12999=ORIENTED_EDGE('',*,*,#8382,.F.);
#13001=ORIENTED_EDGE('',*,*,#13000,.T.);
#13002=ORIENTED_EDGE('',*,*,#9139,.T.);
#13003=ORIENTED_EDGE('',*,*,#12980,.F.);
#13004=EDGE_LOOP('',(#12999,#13001,#13002,#13003));
#13005=FACE_OUTER_BOUND('',#13004,.F.);
#13006=ADVANCED_FACE('',(#13005),#12998,.T.);
#13007=FILL_AREA_STYLE_COLOUR('',#5);
#13008=FILL_AREA_STYLE('',(#13007));
#13009=SURFACE_STYLE_FILL_AREA(#13008);
#13010=SURFACE_SIDE_STYLE('',(#13009));
#13011=SURFACE_STYLE_USAGE(.POSITIVE.,#13010);
#13012=PRESENTATION_STYLE_ASSIGNMENT((#13011));
#13013=STYLED_ITEM('',(#13012),#13006);
#13014=CARTESIAN_POINT('',(1.342611676272E0,-1.15E0,1.737914870251E0));
#13015=DIRECTION('',(0.E0,0.E0,-1.E0));
#13016=DIRECTION('',(1.E0,0.E0,0.E0));
#13017=AXIS2_PLACEMENT_3D('',#13014,#13015,#13016);
#13018=PLANE('',#13017);
#13019=ORIENTED_EDGE('',*,*,#8380,.F.);
#13021=ORIENTED_EDGE('',*,*,#13020,.T.);
#13022=ORIENTED_EDGE('',*,*,#9141,.T.);
#13023=ORIENTED_EDGE('',*,*,#13000,.F.);
#13024=EDGE_LOOP('',(#13019,#13021,#13022,#13023));
#13025=FACE_OUTER_BOUND('',#13024,.F.);
#13026=ADVANCED_FACE('',(#13025),#13018,.T.);
#13027=FILL_AREA_STYLE_COLOUR('',#5);
#13028=FILL_AREA_STYLE('',(#13027));
#13029=SURFACE_STYLE_FILL_AREA(#13028);
#13030=SURFACE_SIDE_STYLE('',(#13029));
#13031=SURFACE_STYLE_USAGE(.POSITIVE.,#13030);
#13032=PRESENTATION_STYLE_ASSIGNMENT((#13031));
#13033=STYLED_ITEM('',(#13032),#13026);
#13034=CARTESIAN_POINT('',(1.342611676272E0,-1.15E0,1.396999953605E0));
#13035=DIRECTION('',(1.E0,0.E0,0.E0));
#13036=DIRECTION('',(0.E0,0.E0,1.E0));
#13037=AXIS2_PLACEMENT_3D('',#13034,#13035,#13036);
#13038=PLANE('',#13037);
#13039=ORIENTED_EDGE('',*,*,#8378,.F.);
#13040=ORIENTED_EDGE('',*,*,#12862,.T.);
#13041=ORIENTED_EDGE('',*,*,#9143,.T.);
#13042=ORIENTED_EDGE('',*,*,#13020,.F.);
#13043=EDGE_LOOP('',(#13039,#13040,#13041,#13042));
#13044=FACE_OUTER_BOUND('',#13043,.F.);
#13045=ADVANCED_FACE('',(#13044),#13038,.T.);
#13046=FILL_AREA_STYLE_COLOUR('',#5);
#13047=FILL_AREA_STYLE('',(#13046));
#13048=SURFACE_STYLE_FILL_AREA(#13047);
#13049=SURFACE_SIDE_STYLE('',(#13048));
#13050=SURFACE_STYLE_USAGE(.POSITIVE.,#13049);
#13051=PRESENTATION_STYLE_ASSIGNMENT((#13050));
#13052=STYLED_ITEM('',(#13051),#13045);
#13053=CARTESIAN_POINT('',(2.729491482163E0,-1.15E0,9.197191116848E-1));
#13054=DIRECTION('',(0.E0,0.E0,1.E0));
#13055=DIRECTION('',(-1.E0,0.E0,0.E0));
#13056=AXIS2_PLACEMENT_3D('',#13053,#13054,#13055);
#13057=PLANE('',#13056);
#13058=ORIENTED_EDGE('',*,*,#8213,.F.);
#13060=ORIENTED_EDGE('',*,*,#13059,.T.);
#13061=ORIENTED_EDGE('',*,*,#9160,.T.);
#13063=ORIENTED_EDGE('',*,*,#13062,.F.);
#13064=EDGE_LOOP('',(#13058,#13060,#13061,#13063));
#13065=FACE_OUTER_BOUND('',#13064,.F.);
#13066=ADVANCED_FACE('',(#13065),#13057,.T.);
#13067=FILL_AREA_STYLE_COLOUR('',#5);
#13068=FILL_AREA_STYLE('',(#13067));
#13069=SURFACE_STYLE_FILL_AREA(#13068);
#13070=SURFACE_SIDE_STYLE('',(#13069));
#13071=SURFACE_STYLE_USAGE(.POSITIVE.,#13070);
#13072=PRESENTATION_STYLE_ASSIGNMENT((#13071));
#13073=STYLED_ITEM('',(#13072),#13066);
#13074=CARTESIAN_POINT('',(2.729491482163E0,-1.15E0,7.833531545766E-1));
#13075=DIRECTION('',(1.E0,0.E0,0.E0));
#13076=DIRECTION('',(0.E0,0.E0,1.E0));
#13077=AXIS2_PLACEMENT_3D('',#13074,#13075,#13076);
#13078=PLANE('',#13077);
#13079=ORIENTED_EDGE('',*,*,#8235,.F.);
#13081=ORIENTED_EDGE('',*,*,#13080,.T.);
#13082=ORIENTED_EDGE('',*,*,#9162,.T.);
#13083=ORIENTED_EDGE('',*,*,#13059,.F.);
#13084=EDGE_LOOP('',(#13079,#13081,#13082,#13083));
#13085=FACE_OUTER_BOUND('',#13084,.F.);
#13086=ADVANCED_FACE('',(#13085),#13078,.T.);
#13087=FILL_AREA_STYLE_COLOUR('',#5);
#13088=FILL_AREA_STYLE('',(#13087));
#13089=SURFACE_STYLE_FILL_AREA(#13088);
#13090=SURFACE_SIDE_STYLE('',(#13089));
#13091=SURFACE_STYLE_USAGE(.POSITIVE.,#13090);
#13092=PRESENTATION_STYLE_ASSIGNMENT((#13091));
#13093=STYLED_ITEM('',(#13092),#13086);
#13094=CARTESIAN_POINT('',(2.072548482163E0,-1.15E0,7.833531545766E-1));
#13095=DIRECTION('',(0.E0,0.E0,-1.E0));
#13096=DIRECTION('',(1.E0,0.E0,0.E0));
#13097=AXIS2_PLACEMENT_3D('',#13094,#13095,#13096);
#13098=PLANE('',#13097);
#13099=ORIENTED_EDGE('',*,*,#8233,.F.);
#13101=ORIENTED_EDGE('',*,*,#13100,.T.);
#13102=ORIENTED_EDGE('',*,*,#9164,.T.);
#13103=ORIENTED_EDGE('',*,*,#13080,.F.);
#13104=EDGE_LOOP('',(#13099,#13101,#13102,#13103));
#13105=FACE_OUTER_BOUND('',#13104,.F.);
#13106=ADVANCED_FACE('',(#13105),#13098,.T.);
#13107=FILL_AREA_STYLE_COLOUR('',#5);
#13108=FILL_AREA_STYLE('',(#13107));
#13109=SURFACE_STYLE_FILL_AREA(#13108);
#13110=SURFACE_SIDE_STYLE('',(#13109));
#13111=SURFACE_STYLE_USAGE(.POSITIVE.,#13110);
#13112=PRESENTATION_STYLE_ASSIGNMENT((#13111));
#13113=STYLED_ITEM('',(#13112),#13106);
#13114=CARTESIAN_POINT('',(2.072548482163E0,-1.15E0,1.851553154577E0));
#13115=DIRECTION('',(-1.E0,0.E0,0.E0));
#13116=DIRECTION('',(0.E0,0.E0,-1.E0));
#13117=AXIS2_PLACEMENT_3D('',#13114,#13115,#13116);
#13118=PLANE('',#13117);
#13119=ORIENTED_EDGE('',*,*,#8231,.F.);
#13121=ORIENTED_EDGE('',*,*,#13120,.T.);
#13122=ORIENTED_EDGE('',*,*,#9166,.T.);
#13123=ORIENTED_EDGE('',*,*,#13100,.F.);
#13124=EDGE_LOOP('',(#13119,#13121,#13122,#13123));
#13125=FACE_OUTER_BOUND('',#13124,.F.);
#13126=ADVANCED_FACE('',(#13125),#13118,.T.);
#13127=FILL_AREA_STYLE_COLOUR('',#5);
#13128=FILL_AREA_STYLE('',(#13127));
#13129=SURFACE_STYLE_FILL_AREA(#13128);
#13130=SURFACE_SIDE_STYLE('',(#13129));
#13131=SURFACE_STYLE_USAGE(.POSITIVE.,#13130);
#13132=PRESENTATION_STYLE_ASSIGNMENT((#13131));
#13133=STYLED_ITEM('',(#13132),#13126);
#13134=CARTESIAN_POINT('',(2.729491482163E0,-1.15E0,1.851553154577E0));
#13135=DIRECTION('',(0.E0,0.E0,1.E0));
#13136=DIRECTION('',(-1.E0,0.E0,0.E0));
#13137=AXIS2_PLACEMENT_3D('',#13134,#13135,#13136);
#13138=PLANE('',#13137);
#13139=ORIENTED_EDGE('',*,*,#8229,.F.);
#13141=ORIENTED_EDGE('',*,*,#13140,.T.);
#13142=ORIENTED_EDGE('',*,*,#9168,.T.);
#13143=ORIENTED_EDGE('',*,*,#13120,.F.);
#13144=EDGE_LOOP('',(#13139,#13141,#13142,#13143));
#13145=FACE_OUTER_BOUND('',#13144,.F.);
#13146=ADVANCED_FACE('',(#13145),#13138,.T.);
#13147=FILL_AREA_STYLE_COLOUR('',#5);
#13148=FILL_AREA_STYLE('',(#13147));
#13149=SURFACE_STYLE_FILL_AREA(#13148);
#13150=SURFACE_SIDE_STYLE('',(#13149));
#13151=SURFACE_STYLE_USAGE(.POSITIVE.,#13150);
#13152=PRESENTATION_STYLE_ASSIGNMENT((#13151));
#13153=STYLED_ITEM('',(#13152),#13146);
#13154=CARTESIAN_POINT('',(2.729491482163E0,-1.15E0,1.715187213386E0));
#13155=DIRECTION('',(1.E0,0.E0,0.E0));
#13156=DIRECTION('',(0.E0,0.E0,1.E0));
#13157=AXIS2_PLACEMENT_3D('',#13154,#13155,#13156);
#13158=PLANE('',#13157);
#13159=ORIENTED_EDGE('',*,*,#8227,.F.);
#13161=ORIENTED_EDGE('',*,*,#13160,.T.);
#13162=ORIENTED_EDGE('',*,*,#9170,.T.);
#13163=ORIENTED_EDGE('',*,*,#13140,.F.);
#13164=EDGE_LOOP('',(#13159,#13161,#13162,#13163));
#13165=FACE_OUTER_BOUND('',#13164,.F.);
#13166=ADVANCED_FACE('',(#13165),#13158,.T.);
#13167=FILL_AREA_STYLE_COLOUR('',#5);
#13168=FILL_AREA_STYLE('',(#13167));
#13169=SURFACE_STYLE_FILL_AREA(#13168);
#13170=SURFACE_SIDE_STYLE('',(#13169));
#13171=SURFACE_STYLE_USAGE(.POSITIVE.,#13170);
#13172=PRESENTATION_STYLE_ASSIGNMENT((#13171));
#13173=STYLED_ITEM('',(#13172),#13166);
#13174=CARTESIAN_POINT('',(2.182038982163E0,-1.15E0,1.715187213386E0));
#13175=DIRECTION('',(0.E0,0.E0,-1.E0));
#13176=DIRECTION('',(1.E0,0.E0,0.E0));
#13177=AXIS2_PLACEMENT_3D('',#13174,#13175,#13176);
#13178=PLANE('',#13177);
#13179=ORIENTED_EDGE('',*,*,#8225,.F.);
#13181=ORIENTED_EDGE('',*,*,#13180,.T.);
#13182=ORIENTED_EDGE('',*,*,#9172,.T.);
#13183=ORIENTED_EDGE('',*,*,#13160,.F.);
#13184=EDGE_LOOP('',(#13179,#13181,#13182,#13183));
#13185=FACE_OUTER_BOUND('',#13184,.F.);
#13186=ADVANCED_FACE('',(#13185),#13178,.T.);
#13187=FILL_AREA_STYLE_COLOUR('',#5);
#13188=FILL_AREA_STYLE('',(#13187));
#13189=SURFACE_STYLE_FILL_AREA(#13188);
#13190=SURFACE_SIDE_STYLE('',(#13189));
#13191=SURFACE_STYLE_USAGE(.POSITIVE.,#13190);
#13192=PRESENTATION_STYLE_ASSIGNMENT((#13191));
#13193=STYLED_ITEM('',(#13192),#13186);
#13194=CARTESIAN_POINT('',(2.182038982163E0,-1.15E0,1.419727610470E0));
#13195=DIRECTION('',(1.E0,0.E0,0.E0));
#13196=DIRECTION('',(0.E0,0.E0,1.E0));
#13197=AXIS2_PLACEMENT_3D('',#13194,#13195,#13196);
#13198=PLANE('',#13197);
#13199=ORIENTED_EDGE('',*,*,#8223,.F.);
#13201=ORIENTED_EDGE('',*,*,#13200,.T.);
#13202=ORIENTED_EDGE('',*,*,#9174,.T.);
#13203=ORIENTED_EDGE('',*,*,#13180,.F.);
#13204=EDGE_LOOP('',(#13199,#13201,#13202,#13203));
#13205=FACE_OUTER_BOUND('',#13204,.F.);
#13206=ADVANCED_FACE('',(#13205),#13198,.T.);
#13207=FILL_AREA_STYLE_COLOUR('',#5);
#13208=FILL_AREA_STYLE('',(#13207));
#13209=SURFACE_STYLE_FILL_AREA(#13208);
#13210=SURFACE_SIDE_STYLE('',(#13209));
#13211=SURFACE_STYLE_USAGE(.POSITIVE.,#13210);
#13212=PRESENTATION_STYLE_ASSIGNMENT((#13211));
#13213=STYLED_ITEM('',(#13212),#13206);
#13214=CARTESIAN_POINT('',(2.656497676272E0,-1.15E0,1.419727610470E0));
#13215=DIRECTION('',(0.E0,0.E0,1.E0));
#13216=DIRECTION('',(-1.E0,0.E0,0.E0));
#13217=AXIS2_PLACEMENT_3D('',#13214,#13215,#13216);
#13218=PLANE('',#13217);
#13219=ORIENTED_EDGE('',*,*,#8221,.F.);
#13221=ORIENTED_EDGE('',*,*,#13220,.T.);
#13222=ORIENTED_EDGE('',*,*,#9176,.T.);
#13223=ORIENTED_EDGE('',*,*,#13200,.F.);
#13224=EDGE_LOOP('',(#13219,#13221,#13222,#13223));
#13225=FACE_OUTER_BOUND('',#13224,.F.);
#13226=ADVANCED_FACE('',(#13225),#13218,.T.);
#13227=FILL_AREA_STYLE_COLOUR('',#5);
#13228=FILL_AREA_STYLE('',(#13227));
#13229=SURFACE_STYLE_FILL_AREA(#13228);
#13230=SURFACE_SIDE_STYLE('',(#13229));
#13231=SURFACE_STYLE_USAGE(.POSITIVE.,#13230);
#13232=PRESENTATION_STYLE_ASSIGNMENT((#13231));
#13233=STYLED_ITEM('',(#13232),#13226);
#13234=CARTESIAN_POINT('',(2.656497676272E0,-1.15E0,1.283361669279E0));
#13235=DIRECTION('',(1.E0,0.E0,0.E0));
#13236=DIRECTION('',(0.E0,0.E0,1.E0));
#13237=AXIS2_PLACEMENT_3D('',#13234,#13235,#13236);
#13238=PLANE('',#13237);
#13239=ORIENTED_EDGE('',*,*,#8219,.F.);
#13241=ORIENTED_EDGE('',*,*,#13240,.T.);
#13242=ORIENTED_EDGE('',*,*,#9178,.T.);
#13243=ORIENTED_EDGE('',*,*,#13220,.F.);
#13244=EDGE_LOOP('',(#13239,#13241,#13242,#13243));
#13245=FACE_OUTER_BOUND('',#13244,.F.);
#13246=ADVANCED_FACE('',(#13245),#13238,.T.);
#13247=FILL_AREA_STYLE_COLOUR('',#5);
#13248=FILL_AREA_STYLE('',(#13247));
#13249=SURFACE_STYLE_FILL_AREA(#13248);
#13250=SURFACE_SIDE_STYLE('',(#13249));
#13251=SURFACE_STYLE_USAGE(.POSITIVE.,#13250);
#13252=PRESENTATION_STYLE_ASSIGNMENT((#13251));
#13253=STYLED_ITEM('',(#13252),#13246);
#13254=CARTESIAN_POINT('',(2.182038982163E0,-1.15E0,1.283361669279E0));
#13255=DIRECTION('',(0.E0,0.E0,-1.E0));
#13256=DIRECTION('',(1.E0,0.E0,0.E0));
#13257=AXIS2_PLACEMENT_3D('',#13254,#13255,#13256);
#13258=PLANE('',#13257);
#13259=ORIENTED_EDGE('',*,*,#8217,.F.);
#13261=ORIENTED_EDGE('',*,*,#13260,.T.);
#13262=ORIENTED_EDGE('',*,*,#9180,.T.);
#13263=ORIENTED_EDGE('',*,*,#13240,.F.);
#13264=EDGE_LOOP('',(#13259,#13261,#13262,#13263));
#13265=FACE_OUTER_BOUND('',#13264,.F.);
#13266=ADVANCED_FACE('',(#13265),#13258,.T.);
#13267=FILL_AREA_STYLE_COLOUR('',#5);
#13268=FILL_AREA_STYLE('',(#13267));
#13269=SURFACE_STYLE_FILL_AREA(#13268);
#13270=SURFACE_SIDE_STYLE('',(#13269));
#13271=SURFACE_STYLE_USAGE(.POSITIVE.,#13270);
#13272=PRESENTATION_STYLE_ASSIGNMENT((#13271));
#13273=STYLED_ITEM('',(#13272),#13266);
#13274=CARTESIAN_POINT('',(2.182038982163E0,-1.15E0,9.197191116848E-1));
#13275=DIRECTION('',(1.E0,0.E0,0.E0));
#13276=DIRECTION('',(0.E0,0.E0,1.E0));
#13277=AXIS2_PLACEMENT_3D('',#13274,#13275,#13276);
#13278=PLANE('',#13277);
#13279=ORIENTED_EDGE('',*,*,#8215,.F.);
#13280=ORIENTED_EDGE('',*,*,#13062,.T.);
#13281=ORIENTED_EDGE('',*,*,#9182,.T.);
#13282=ORIENTED_EDGE('',*,*,#13260,.F.);
#13283=EDGE_LOOP('',(#13279,#13280,#13281,#13282));
#13284=FACE_OUTER_BOUND('',#13283,.F.);
#13285=ADVANCED_FACE('',(#13284),#13278,.T.);
#13286=FILL_AREA_STYLE_COLOUR('',#5);
#13287=FILL_AREA_STYLE('',(#13286));
#13288=SURFACE_STYLE_FILL_AREA(#13287);
#13289=SURFACE_SIDE_STYLE('',(#13288));
#13290=SURFACE_STYLE_USAGE(.POSITIVE.,#13289);
#13291=PRESENTATION_STYLE_ASSIGNMENT((#13290));
#13292=STYLED_ITEM('',(#13291),#13285);
#13293=CARTESIAN_POINT('',(3.313440676272E0,-1.15E0,1.851553154577E0));
#13294=DIRECTION('',(0.E0,0.E0,1.E0));
#13295=DIRECTION('',(-1.E0,0.E0,0.E0));
#13296=AXIS2_PLACEMENT_3D('',#13293,#13294,#13295);
#13297=PLANE('',#13296);
#13298=ORIENTED_EDGE('',*,*,#8239,.F.);
#13300=ORIENTED_EDGE('',*,*,#13299,.T.);
#13301=ORIENTED_EDGE('',*,*,#9199,.T.);
#13303=ORIENTED_EDGE('',*,*,#13302,.F.);
#13304=EDGE_LOOP('',(#13298,#13300,#13301,#13303));
#13305=FACE_OUTER_BOUND('',#13304,.F.);
#13306=ADVANCED_FACE('',(#13305),#13297,.T.);
#13307=FILL_AREA_STYLE_COLOUR('',#5);
#13308=FILL_AREA_STYLE('',(#13307));
#13309=SURFACE_STYLE_FILL_AREA(#13308);
#13310=SURFACE_SIDE_STYLE('',(#13309));
#13311=SURFACE_STYLE_USAGE(.POSITIVE.,#13310);
#13312=PRESENTATION_STYLE_ASSIGNMENT((#13311));
#13313=STYLED_ITEM('',(#13312),#13306);
#13314=CARTESIAN_POINT('',(3.605415482163E0,-1.15E0,7.833531545766E-1));
#13315=DIRECTION('',(9.646152334614E-1,0.E0,2.636616228697E-1));
#13316=DIRECTION('',(-2.636616228697E-1,0.E0,9.646152334614E-1));
#13317=AXIS2_PLACEMENT_3D('',#13314,#13315,#13316);
#13318=PLANE('',#13317);
#13319=ORIENTED_EDGE('',*,*,#8253,.F.);
#13321=ORIENTED_EDGE('',*,*,#13320,.T.);
#13322=ORIENTED_EDGE('',*,*,#9201,.T.);
#13323=ORIENTED_EDGE('',*,*,#13299,.F.);
#13324=EDGE_LOOP('',(#13319,#13321,#13322,#13323));
#13325=FACE_OUTER_BOUND('',#13324,.F.);
#13326=ADVANCED_FACE('',(#13325),#13318,.T.);
#13327=FILL_AREA_STYLE_COLOUR('',#5);
#13328=FILL_AREA_STYLE('',(#13327));
#13329=SURFACE_STYLE_FILL_AREA(#13328);
#13330=SURFACE_SIDE_STYLE('',(#13329));
#13331=SURFACE_STYLE_USAGE(.POSITIVE.,#13330);
#13332=PRESENTATION_STYLE_ASSIGNMENT((#13331));
#13333=STYLED_ITEM('',(#13332),#13326);
#13334=CARTESIAN_POINT('',(3.495924982163E0,-1.15E0,7.833531545766E-1));
#13335=DIRECTION('',(0.E0,0.E0,-1.E0));
#13336=DIRECTION('',(1.E0,0.E0,0.E0));
#13337=AXIS2_PLACEMENT_3D('',#13334,#13335,#13336);
#13338=PLANE('',#13337);
#13339=ORIENTED_EDGE('',*,*,#8251,.F.);
#13341=ORIENTED_EDGE('',*,*,#13340,.T.);
#13342=ORIENTED_EDGE('',*,*,#9203,.T.);
#13343=ORIENTED_EDGE('',*,*,#13320,.F.);
#13344=EDGE_LOOP('',(#13339,#13341,#13342,#13343));
#13345=FACE_OUTER_BOUND('',#13344,.F.);
#13346=ADVANCED_FACE('',(#13345),#13338,.T.);
#13347=FILL_AREA_STYLE_COLOUR('',#5);
#13348=FILL_AREA_STYLE('',(#13347));
#13349=SURFACE_STYLE_FILL_AREA(#13348);
#13350=SURFACE_SIDE_STYLE('',(#13349));
#13351=SURFACE_STYLE_USAGE(.POSITIVE.,#13350);
#13352=PRESENTATION_STYLE_ASSIGNMENT((#13351));
#13353=STYLED_ITEM('',(#13352),#13346);
#13354=CARTESIAN_POINT('',(3.422931176272E0,-1.15E0,1.056085068793E0));
#13355=DIRECTION('',(-9.660006008444E-1,0.E0,-2.585398212427E-1));
#13356=DIRECTION('',(2.585398212427E-1,0.E0,-9.660006008444E-1));
#13357=AXIS2_PLACEMENT_3D('',#13354,#13355,#13356);
#13358=PLANE('',#13357);
#13359=ORIENTED_EDGE('',*,*,#8249,.F.);
#13361=ORIENTED_EDGE('',*,*,#13360,.T.);
#13362=ORIENTED_EDGE('',*,*,#9205,.T.);
#13363=ORIENTED_EDGE('',*,*,#13340,.F.);
#13364=EDGE_LOOP('',(#13359,#13361,#13362,#13363));
#13365=FACE_OUTER_BOUND('',#13364,.F.);
#13366=ADVANCED_FACE('',(#13365),#13358,.T.);
#13367=FILL_AREA_STYLE_COLOUR('',#5);
#13368=FILL_AREA_STYLE('',(#13367));
#13369=SURFACE_STYLE_FILL_AREA(#13368);
#13370=SURFACE_SIDE_STYLE('',(#13369));
#13371=SURFACE_STYLE_USAGE(.POSITIVE.,#13370);
#13372=PRESENTATION_STYLE_ASSIGNMENT((#13371));
#13373=STYLED_ITEM('',(#13372),#13366);
#13374=CARTESIAN_POINT('',(3.057962982163E0,-1.15E0,1.056085068793E0));
#13375=DIRECTION('',(0.E0,0.E0,-1.E0));
#13376=DIRECTION('',(1.E0,0.E0,0.E0));
#13377=AXIS2_PLACEMENT_3D('',#13374,#13375,#13376);
#13378=PLANE('',#13377);
#13379=ORIENTED_EDGE('',*,*,#8247,.F.);
#13381=ORIENTED_EDGE('',*,*,#13380,.T.);
#13382=ORIENTED_EDGE('',*,*,#9207,.T.);
#13383=ORIENTED_EDGE('',*,*,#13360,.F.);
#13384=EDGE_LOOP('',(#13379,#13381,#13382,#13383));
#13385=FACE_OUTER_BOUND('',#13384,.F.);
#13386=ADVANCED_FACE('',(#13385),#13378,.T.);
#13387=FILL_AREA_STYLE_COLOUR('',#5);
#13388=FILL_AREA_STYLE('',(#13387));
#13389=SURFACE_STYLE_FILL_AREA(#13388);
#13390=SURFACE_SIDE_STYLE('',(#13389));
#13391=SURFACE_STYLE_USAGE(.POSITIVE.,#13390);
#13392=PRESENTATION_STYLE_ASSIGNMENT((#13391));
#13393=STYLED_ITEM('',(#13392),#13386);
#13394=CARTESIAN_POINT('',(2.984969176272E0,-1.15E0,7.833531545766E-1));
#13395=DIRECTION('',(9.660006008444E-1,0.E0,-2.585398212427E-1));
#13396=DIRECTION('',(2.585398212427E-1,0.E0,9.660006008444E-1));
#13397=AXIS2_PLACEMENT_3D('',#13394,#13395,#13396);
#13398=PLANE('',#13397);
#13399=ORIENTED_EDGE('',*,*,#8245,.F.);
#13401=ORIENTED_EDGE('',*,*,#13400,.T.);
#13402=ORIENTED_EDGE('',*,*,#9209,.T.);
#13403=ORIENTED_EDGE('',*,*,#13380,.F.);
#13404=EDGE_LOOP('',(#13399,#13401,#13402,#13403));
#13405=FACE_OUTER_BOUND('',#13404,.F.);
#13406=ADVANCED_FACE('',(#13405),#13398,.T.);
#13407=FILL_AREA_STYLE_COLOUR('',#5);
#13408=FILL_AREA_STYLE('',(#13407));
#13409=SURFACE_STYLE_FILL_AREA(#13408);
#13410=SURFACE_SIDE_STYLE('',(#13409));
#13411=SURFACE_STYLE_USAGE(.POSITIVE.,#13410);
#13412=PRESENTATION_STYLE_ASSIGNMENT((#13411));
#13413=STYLED_ITEM('',(#13412),#13406);
#13414=CARTESIAN_POINT('',(2.875478676272E0,-1.15E0,7.833531545766E-1));
#13415=DIRECTION('',(0.E0,0.E0,-1.E0));
#13416=DIRECTION('',(1.E0,0.E0,0.E0));
#13417=AXIS2_PLACEMENT_3D('',#13414,#13415,#13416);
#13418=PLANE('',#13417);
#13419=ORIENTED_EDGE('',*,*,#8243,.F.);
#13421=ORIENTED_EDGE('',*,*,#13420,.T.);
#13422=ORIENTED_EDGE('',*,*,#9211,.T.);
#13423=ORIENTED_EDGE('',*,*,#13400,.F.);
#13424=EDGE_LOOP('',(#13419,#13421,#13422,#13423));
#13425=FACE_OUTER_BOUND('',#13424,.F.);
#13426=ADVANCED_FACE('',(#13425),#13418,.T.);
#13427=FILL_AREA_STYLE_COLOUR('',#5);
#13428=FILL_AREA_STYLE('',(#13427));
#13429=SURFACE_STYLE_FILL_AREA(#13428);
#13430=SURFACE_SIDE_STYLE('',(#13429));
#13431=SURFACE_STYLE_USAGE(.POSITIVE.,#13430);
#13432=PRESENTATION_STYLE_ASSIGNMENT((#13431));
#13433=STYLED_ITEM('',(#13432),#13426);
#13434=CARTESIAN_POINT('',(3.167453482163E0,-1.15E0,1.851553154577E0));
#13435=DIRECTION('',(-9.646152334614E-1,0.E0,2.636616228697E-1));
#13436=DIRECTION('',(-2.636616228697E-1,0.E0,-9.646152334614E-1));
#13437=AXIS2_PLACEMENT_3D('',#13434,#13435,#13436);
#13438=PLANE('',#13437);
#13439=ORIENTED_EDGE('',*,*,#8241,.F.);
#13440=ORIENTED_EDGE('',*,*,#13302,.T.);
#13441=ORIENTED_EDGE('',*,*,#9213,.T.);
#13442=ORIENTED_EDGE('',*,*,#13420,.F.);
#13443=EDGE_LOOP('',(#13439,#13440,#13441,#13442));
#13444=FACE_OUTER_BOUND('',#13443,.F.);
#13445=ADVANCED_FACE('',(#13444),#13438,.T.);
#13446=FILL_AREA_STYLE_COLOUR('',#5);
#13447=FILL_AREA_STYLE('',(#13446));
#13448=SURFACE_STYLE_FILL_AREA(#13447);
#13449=SURFACE_SIDE_STYLE('',(#13448));
#13450=SURFACE_STYLE_USAGE(.POSITIVE.,#13449);
#13451=PRESENTATION_STYLE_ASSIGNMENT((#13450));
#13452=STYLED_ITEM('',(#13451),#13445);
#13453=CARTESIAN_POINT('',(3.240447288054E0,-1.15E0,1.760642527116E0));
#13454=DIRECTION('',(-9.660007265143E-1,0.E0,-2.585393516928E-1));
#13455=DIRECTION('',(2.585393516928E-1,0.E0,-9.660007265143E-1));
#13456=AXIS2_PLACEMENT_3D('',#13453,#13454,#13455);
#13457=PLANE('',#13456);
#13458=ORIENTED_EDGE('',*,*,#8411,.F.);
#13460=ORIENTED_EDGE('',*,*,#13459,.T.);
#13461=ORIENTED_EDGE('',*,*,#9217,.T.);
#13463=ORIENTED_EDGE('',*,*,#13462,.F.);
#13464=EDGE_LOOP('',(#13458,#13460,#13461,#13463));
#13465=FACE_OUTER_BOUND('',#13464,.F.);
#13466=ADVANCED_FACE('',(#13465),#13457,.T.);
#13467=FILL_AREA_STYLE_COLOUR('',#5);
#13468=FILL_AREA_STYLE('',(#13467));
#13469=SURFACE_STYLE_FILL_AREA(#13468);
#13470=SURFACE_SIDE_STYLE('',(#13469));
#13471=SURFACE_STYLE_USAGE(.POSITIVE.,#13470);
#13472=PRESENTATION_STYLE_ASSIGNMENT((#13471));
#13473=STYLED_ITEM('',(#13472),#13466);
#13474=CARTESIAN_POINT('',(3.076211538054E0,-1.15E0,1.146995696253E0));
#13475=DIRECTION('',(9.660007265143E-1,0.E0,-2.585393516928E-1));
#13476=DIRECTION('',(2.585393516928E-1,0.E0,9.660007265143E-1));
#13477=AXIS2_PLACEMENT_3D('',#13474,#13475,#13476);
#13478=PLANE('',#13477);
#13479=ORIENTED_EDGE('',*,*,#8415,.F.);
#13481=ORIENTED_EDGE('',*,*,#13480,.T.);
#13482=ORIENTED_EDGE('',*,*,#9219,.T.);
#13483=ORIENTED_EDGE('',*,*,#13459,.F.);
#13484=EDGE_LOOP('',(#13479,#13481,#13482,#13483));
#13485=FACE_OUTER_BOUND('',#13484,.F.);
#13486=ADVANCED_FACE('',(#13485),#13478,.T.);
#13487=FILL_AREA_STYLE_COLOUR('',#5);
#13488=FILL_AREA_STYLE('',(#13487));
#13489=SURFACE_STYLE_FILL_AREA(#13488);
#13490=SURFACE_SIDE_STYLE('',(#13489));
#13491=SURFACE_STYLE_USAGE(.POSITIVE.,#13490);
#13492=PRESENTATION_STYLE_ASSIGNMENT((#13491));
#13493=STYLED_ITEM('',(#13492),#13486);
#13494=CARTESIAN_POINT('',(3.404683038054E0,-1.15E0,1.146995696253E0));
#13495=DIRECTION('',(0.E0,0.E0,1.E0));
#13496=DIRECTION('',(-1.E0,0.E0,0.E0));
#13497=AXIS2_PLACEMENT_3D('',#13494,#13495,#13496);
#13498=PLANE('',#13497);
#13499=ORIENTED_EDGE('',*,*,#8413,.F.);
#13500=ORIENTED_EDGE('',*,*,#13462,.T.);
#13501=ORIENTED_EDGE('',*,*,#9221,.T.);
#13502=ORIENTED_EDGE('',*,*,#13480,.F.);
#13503=EDGE_LOOP('',(#13499,#13500,#13501,#13502));
#13504=FACE_OUTER_BOUND('',#13503,.F.);
#13505=ADVANCED_FACE('',(#13504),#13498,.T.);
#13506=FILL_AREA_STYLE_COLOUR('',#5);
#13507=FILL_AREA_STYLE('',(#13506));
#13508=SURFACE_STYLE_FILL_AREA(#13507);
#13509=SURFACE_SIDE_STYLE('',(#13508));
#13510=SURFACE_STYLE_USAGE(.POSITIVE.,#13509);
#13511=PRESENTATION_STYLE_ASSIGNMENT((#13510));
#13512=STYLED_ITEM('',(#13511),#13505);
#13513=CARTESIAN_POINT('',(-1.4911E0,-1.25E0,2.7238E0));
#13514=DIRECTION('',(0.E0,0.E0,-1.E0));
#13515=DIRECTION('',(1.E0,0.E0,0.E0));
#13516=AXIS2_PLACEMENT_3D('',#13513,#13514,#13515);
#13517=PLANE('',#13516);
#13518=ORIENTED_EDGE('',*,*,#7401,.F.);
#13520=ORIENTED_EDGE('',*,*,#13519,.T.);
#13522=ORIENTED_EDGE('',*,*,#13521,.T.);
#13524=ORIENTED_EDGE('',*,*,#13523,.F.);
#13525=EDGE_LOOP('',(#13518,#13520,#13522,#13524));
#13526=FACE_OUTER_BOUND('',#13525,.F.);
#13527=ADVANCED_FACE('',(#13526),#13517,.F.);
#13528=FILL_AREA_STYLE_COLOUR('',#5);
#13529=FILL_AREA_STYLE('',(#13528));
#13530=SURFACE_STYLE_FILL_AREA(#13529);
#13531=SURFACE_SIDE_STYLE('',(#13530));
#13532=SURFACE_STYLE_USAGE(.POSITIVE.,#13531);
#13533=PRESENTATION_STYLE_ASSIGNMENT((#13532));
#13534=STYLED_ITEM('',(#13533),#13527);
#13535=CARTESIAN_POINT('',(-1.4911E0,-1.25E0,3.6238E0));
#13536=DIRECTION('',(-1.E0,0.E0,0.E0));
#13537=DIRECTION('',(0.E0,0.E0,-1.E0));
#13538=AXIS2_PLACEMENT_3D('',#13535,#13536,#13537);
#13539=PLANE('',#13538);
#13540=ORIENTED_EDGE('',*,*,#7407,.F.);
#13542=ORIENTED_EDGE('',*,*,#13541,.T.);
#13544=ORIENTED_EDGE('',*,*,#13543,.T.);
#13545=ORIENTED_EDGE('',*,*,#13519,.F.);
#13546=EDGE_LOOP('',(#13540,#13542,#13544,#13545));
#13547=FACE_OUTER_BOUND('',#13546,.F.);
#13548=ADVANCED_FACE('',(#13547),#13539,.F.);
#13549=FILL_AREA_STYLE_COLOUR('',#5);
#13550=FILL_AREA_STYLE('',(#13549));
#13551=SURFACE_STYLE_FILL_AREA(#13550);
#13552=SURFACE_SIDE_STYLE('',(#13551));
#13553=SURFACE_STYLE_USAGE(.POSITIVE.,#13552);
#13554=PRESENTATION_STYLE_ASSIGNMENT((#13553));
#13555=STYLED_ITEM('',(#13554),#13548);
#13556=CARTESIAN_POINT('',(1.5089E0,-1.25E0,3.6238E0));
#13557=DIRECTION('',(0.E0,0.E0,1.E0));
#13558=DIRECTION('',(-1.E0,0.E0,0.E0));
#13559=AXIS2_PLACEMENT_3D('',#13556,#13557,#13558);
#13560=PLANE('',#13559);
#13561=ORIENTED_EDGE('',*,*,#7405,.F.);
#13563=ORIENTED_EDGE('',*,*,#13562,.T.);
#13565=ORIENTED_EDGE('',*,*,#13564,.T.);
#13566=ORIENTED_EDGE('',*,*,#13541,.F.);
#13567=EDGE_LOOP('',(#13561,#13563,#13565,#13566));
#13568=FACE_OUTER_BOUND('',#13567,.F.);
#13569=ADVANCED_FACE('',(#13568),#13560,.F.);
#13570=FILL_AREA_STYLE_COLOUR('',#5);
#13571=FILL_AREA_STYLE('',(#13570));
#13572=SURFACE_STYLE_FILL_AREA(#13571);
#13573=SURFACE_SIDE_STYLE('',(#13572));
#13574=SURFACE_STYLE_USAGE(.POSITIVE.,#13573);
#13575=PRESENTATION_STYLE_ASSIGNMENT((#13574));
#13576=STYLED_ITEM('',(#13575),#13569);
#13577=CARTESIAN_POINT('',(1.5089E0,-1.25E0,2.7238E0));
#13578=DIRECTION('',(1.E0,0.E0,0.E0));
#13579=DIRECTION('',(0.E0,0.E0,1.E0));
#13580=AXIS2_PLACEMENT_3D('',#13577,#13578,#13579);
#13581=PLANE('',#13580);
#13582=ORIENTED_EDGE('',*,*,#7403,.F.);
#13583=ORIENTED_EDGE('',*,*,#13523,.T.);
#13585=ORIENTED_EDGE('',*,*,#13584,.T.);
#13586=ORIENTED_EDGE('',*,*,#13562,.F.);
#13587=EDGE_LOOP('',(#13582,#13583,#13585,#13586));
#13588=FACE_OUTER_BOUND('',#13587,.F.);
#13589=ADVANCED_FACE('',(#13588),#13581,.F.);
#13590=FILL_AREA_STYLE_COLOUR('',#5);
#13591=FILL_AREA_STYLE('',(#13590));
#13592=SURFACE_STYLE_FILL_AREA(#13591);
#13593=SURFACE_SIDE_STYLE('',(#13592));
#13594=SURFACE_STYLE_USAGE(.POSITIVE.,#13593);
#13595=PRESENTATION_STYLE_ASSIGNMENT((#13594));
#13596=STYLED_ITEM('',(#13595),#13589);
#13597=CARTESIAN_POINT('',(0.E0,-8.5E-1,0.E0));
#13598=DIRECTION('',(0.E0,-1.E0,0.E0));
#13599=DIRECTION('',(1.E0,0.E0,0.E0));
#13600=AXIS2_PLACEMENT_3D('',#13597,#13598,#13599);
#13601=PLANE('',#13600);
#13602=ORIENTED_EDGE('',*,*,#13521,.F.);
#13603=ORIENTED_EDGE('',*,*,#13543,.F.);
#13604=ORIENTED_EDGE('',*,*,#13564,.F.);
#13605=ORIENTED_EDGE('',*,*,#13584,.F.);
#13606=EDGE_LOOP('',(#13602,#13603,#13604,#13605));
#13607=FACE_OUTER_BOUND('',#13606,.F.);
#13609=ORIENTED_EDGE('',*,*,#13608,.T.);
#13611=ORIENTED_EDGE('',*,*,#13610,.T.);
#13613=ORIENTED_EDGE('',*,*,#13612,.T.);
#13615=ORIENTED_EDGE('',*,*,#13614,.T.);
#13616=EDGE_LOOP('',(#13609,#13611,#13613,#13615));
#13617=FACE_BOUND('',#13616,.F.);
#13618=ADVANCED_FACE('',(#13607,#13617),#13601,.T.);
#13619=FILL_AREA_STYLE_COLOUR('',#19);
#13620=FILL_AREA_STYLE('',(#13619));
#13621=SURFACE_STYLE_FILL_AREA(#13620);
#13622=SURFACE_SIDE_STYLE('',(#13621));
#13623=SURFACE_STYLE_USAGE(.POSITIVE.,#13622);
#13624=PRESENTATION_STYLE_ASSIGNMENT((#13623));
#13625=STYLED_ITEM('',(#13624),#13618);
#13626=CARTESIAN_POINT('',(-1.4E0,-8.5E-1,3.578071610630E0));
#13627=DIRECTION('',(-1.E0,0.E0,0.E0));
#13628=DIRECTION('',(0.E0,0.E0,-1.E0));
#13629=AXIS2_PLACEMENT_3D('',#13626,#13627,#13628);
#13630=PLANE('',#13629);
#13632=ORIENTED_EDGE('',*,*,#13631,.F.);
#13634=ORIENTED_EDGE('',*,*,#13633,.F.);
#13635=ORIENTED_EDGE('',*,*,#13608,.F.);
#13637=ORIENTED_EDGE('',*,*,#13636,.T.);
#13639=ORIENTED_EDGE('',*,*,#13638,.T.);
#13640=EDGE_LOOP('',(#13632,#13634,#13635,#13637,#13639));
#13641=FACE_OUTER_BOUND('',#13640,.F.);
#13642=ADVANCED_FACE('',(#13641),#13630,.T.);
#13643=FILL_AREA_STYLE_COLOUR('',#19);
#13644=FILL_AREA_STYLE('',(#13643));
#13645=SURFACE_STYLE_FILL_AREA(#13644);
#13646=SURFACE_SIDE_STYLE('',(#13645));
#13647=SURFACE_STYLE_USAGE(.POSITIVE.,#13646);
#13648=PRESENTATION_STYLE_ASSIGNMENT((#13647));
#13649=STYLED_ITEM('',(#13648),#13642);
#13650=CARTESIAN_POINT('',(-8.E-1,-1.05E0,3.028071610630E0));
#13651=DIRECTION('',(0.E0,-8.574929257125E-1,-5.144957554275E-1));
#13652=DIRECTION('',(0.E0,5.144957554275E-1,-8.574929257125E-1));
#13653=AXIS2_PLACEMENT_3D('',#13650,#13651,#13652);
#13654=PLANE('',#13653);
#13656=ORIENTED_EDGE('',*,*,#13655,.T.);
#13658=ORIENTED_EDGE('',*,*,#13657,.F.);
#13659=ORIENTED_EDGE('',*,*,#13631,.T.);
#13661=ORIENTED_EDGE('',*,*,#13660,.T.);
#13662=EDGE_LOOP('',(#13656,#13658,#13659,#13661));
#13663=FACE_OUTER_BOUND('',#13662,.F.);
#13664=ADVANCED_FACE('',(#13663),#13654,.T.);
#13665=FILL_AREA_STYLE_COLOUR('',#19);
#13666=FILL_AREA_STYLE('',(#13665));
#13667=SURFACE_STYLE_FILL_AREA(#13666);
#13668=SURFACE_SIDE_STYLE('',(#13667));
#13669=SURFACE_STYLE_USAGE(.POSITIVE.,#13668);
#13670=PRESENTATION_STYLE_ASSIGNMENT((#13669));
#13671=STYLED_ITEM('',(#13670),#13664);
#13672=CARTESIAN_POINT('',(-2.E-1,-8.5E-1,2.778071610630E0));
#13673=DIRECTION('',(1.E0,0.E0,0.E0));
#13674=DIRECTION('',(0.E0,0.E0,1.E0));
#13675=AXIS2_PLACEMENT_3D('',#13672,#13673,#13674);
#13676=PLANE('',#13675);
#13677=ORIENTED_EDGE('',*,*,#13655,.F.);
#13679=ORIENTED_EDGE('',*,*,#13678,.T.);
#13681=ORIENTED_EDGE('',*,*,#13680,.F.);
#13682=ORIENTED_EDGE('',*,*,#13612,.F.);
#13684=ORIENTED_EDGE('',*,*,#13683,.T.);
#13685=EDGE_LOOP('',(#13677,#13679,#13681,#13682,#13684));
#13686=FACE_OUTER_BOUND('',#13685,.F.);
#13687=ADVANCED_FACE('',(#13686),#13676,.T.);
#13688=FILL_AREA_STYLE_COLOUR('',#19);
#13689=FILL_AREA_STYLE('',(#13688));
#13690=SURFACE_STYLE_FILL_AREA(#13689);
#13691=SURFACE_SIDE_STYLE('',(#13690));
#13692=SURFACE_STYLE_USAGE(.POSITIVE.,#13691);
#13693=PRESENTATION_STYLE_ASSIGNMENT((#13692));
#13694=STYLED_ITEM('',(#13693),#13687);
#13695=CARTESIAN_POINT('',(0.E0,-1.2E0,0.E0));
#13696=DIRECTION('',(0.E0,-1.E0,0.E0));
#13697=DIRECTION('',(1.E0,0.E0,0.E0));
#13698=AXIS2_PLACEMENT_3D('',#13695,#13696,#13697);
#13699=PLANE('',#13698);
#13700=ORIENTED_EDGE('',*,*,#13660,.F.);
#13701=ORIENTED_EDGE('',*,*,#13638,.F.);
#13703=ORIENTED_EDGE('',*,*,#13702,.F.);
#13704=ORIENTED_EDGE('',*,*,#13678,.F.);
#13705=EDGE_LOOP('',(#13700,#13701,#13703,#13704));
#13706=FACE_OUTER_BOUND('',#13705,.F.);
#13707=ADVANCED_FACE('',(#13706),#13699,.T.);
#13708=FILL_AREA_STYLE_COLOUR('',#19);
#13709=FILL_AREA_STYLE('',(#13708));
#13710=SURFACE_STYLE_FILL_AREA(#13709);
#13711=SURFACE_SIDE_STYLE('',(#13710));
#13712=SURFACE_STYLE_USAGE(.POSITIVE.,#13711);
#13713=PRESENTATION_STYLE_ASSIGNMENT((#13712));
#13714=STYLED_ITEM('',(#13713),#13707);
#13715=CARTESIAN_POINT('',(-2.E-1,-8.5E-1,3.578071610630E0));
#13716=DIRECTION('',(0.E0,0.E0,1.E0));
#13717=DIRECTION('',(-1.E0,0.E0,0.E0));
#13718=AXIS2_PLACEMENT_3D('',#13715,#13716,#13717);
#13719=PLANE('',#13718);
#13720=ORIENTED_EDGE('',*,*,#13614,.F.);
#13721=ORIENTED_EDGE('',*,*,#13680,.T.);
#13722=ORIENTED_EDGE('',*,*,#13702,.T.);
#13723=ORIENTED_EDGE('',*,*,#13636,.F.);
#13724=EDGE_LOOP('',(#13720,#13721,#13722,#13723));
#13725=FACE_OUTER_BOUND('',#13724,.F.);
#13726=ADVANCED_FACE('',(#13725),#13719,.T.);
#13727=FILL_AREA_STYLE_COLOUR('',#19);
#13728=FILL_AREA_STYLE('',(#13727));
#13729=SURFACE_STYLE_FILL_AREA(#13728);
#13730=SURFACE_SIDE_STYLE('',(#13729));
#13731=SURFACE_STYLE_USAGE(.POSITIVE.,#13730);
#13732=PRESENTATION_STYLE_ASSIGNMENT((#13731));
#13733=STYLED_ITEM('',(#13732),#13726);
#13734=CARTESIAN_POINT('',(-1.4E0,-8.5E-1,2.778071610630E0));
#13735=DIRECTION('',(0.E0,0.E0,-1.E0));
#13736=DIRECTION('',(1.E0,0.E0,0.E0));
#13737=AXIS2_PLACEMENT_3D('',#13734,#13735,#13736);
#13738=PLANE('',#13737);
#13739=ORIENTED_EDGE('',*,*,#13657,.T.);
#13740=ORIENTED_EDGE('',*,*,#13683,.F.);
#13741=ORIENTED_EDGE('',*,*,#13610,.F.);
#13742=ORIENTED_EDGE('',*,*,#13633,.T.);
#13743=EDGE_LOOP('',(#13739,#13740,#13741,#13742));
#13744=FACE_OUTER_BOUND('',#13743,.F.);
#13745=ADVANCED_FACE('',(#13744),#13738,.T.);
#13746=FILL_AREA_STYLE_COLOUR('',#19);
#13747=FILL_AREA_STYLE('',(#13746));
#13748=SURFACE_STYLE_FILL_AREA(#13747);
#13749=SURFACE_SIDE_STYLE('',(#13748));
#13750=SURFACE_STYLE_USAGE(.POSITIVE.,#13749);
#13751=PRESENTATION_STYLE_ASSIGNMENT((#13750));
#13752=STYLED_ITEM('',(#13751),#13745);
#13753=CARTESIAN_POINT('',(-4.4863E0,9.632920596400E-1,0.E0));
#13754=DIRECTION('',(0.E0,1.E0,0.E0));
#13755=DIRECTION('',(1.E0,0.E0,0.E0));
#13756=AXIS2_PLACEMENT_3D('',#13753,#13754,#13755);
#13757=PLANE('',#13756);
#13759=ORIENTED_EDGE('',*,*,#13758,.T.);
#13760=ORIENTED_EDGE('',*,*,#6588,.F.);
#13762=ORIENTED_EDGE('',*,*,#13761,.T.);
#13764=ORIENTED_EDGE('',*,*,#13763,.T.);
#13765=EDGE_LOOP('',(#13759,#13760,#13762,#13764));
#13766=FACE_OUTER_BOUND('',#13765,.F.);
#13767=ADVANCED_FACE('',(#13766),#13757,.T.);
#13768=FILL_AREA_STYLE_COLOUR('',#5);
#13769=FILL_AREA_STYLE('',(#13768));
#13770=SURFACE_STYLE_FILL_AREA(#13769);
#13771=SURFACE_SIDE_STYLE('',(#13770));
#13772=SURFACE_STYLE_USAGE(.POSITIVE.,#13771);
#13773=PRESENTATION_STYLE_ASSIGNMENT((#13772));
#13774=STYLED_ITEM('',(#13773),#13767);
#13775=CARTESIAN_POINT('',(-4.1E0,8.632920596400E-1,-2.747763190372E-1));
#13776=DIRECTION('',(0.E0,0.E0,1.E0));
#13777=DIRECTION('',(1.E0,0.E0,0.E0));
#13778=AXIS2_PLACEMENT_3D('',#13775,#13776,#13777);
#13779=CYLINDRICAL_SURFACE('',#13778,1.E-1);
#13780=ORIENTED_EDGE('',*,*,#13758,.F.);
#13782=ORIENTED_EDGE('',*,*,#13781,.F.);
#13784=ORIENTED_EDGE('',*,*,#13783,.T.);
#13785=ORIENTED_EDGE('',*,*,#6590,.T.);
#13786=EDGE_LOOP('',(#13780,#13782,#13784,#13785));
#13787=FACE_OUTER_BOUND('',#13786,.F.);
#13788=ADVANCED_FACE('',(#13787),#13779,.T.);
#13789=FILL_AREA_STYLE_COLOUR('',#5);
#13790=FILL_AREA_STYLE('',(#13789));
#13791=SURFACE_STYLE_FILL_AREA(#13790);
#13792=SURFACE_SIDE_STYLE('',(#13791));
#13793=SURFACE_STYLE_USAGE(.POSITIVE.,#13792);
#13794=PRESENTATION_STYLE_ASSIGNMENT((#13793));
#13795=STYLED_ITEM('',(#13794),#13788);
#13796=CARTESIAN_POINT('',(-4.24315E0,8.632920596400E-1,-2.5685E-1));
#13797=DIRECTION('',(0.E0,-1.E0,0.E0));
#13798=DIRECTION('',(-9.971178196482E-1,0.E0,7.586866111966E-2));
#13799=AXIS2_PLACEMENT_3D('',#13796,#13797,#13798);
#13800=TOROIDAL_SURFACE('',#13799,1.4315E-1,1.E-1);
#13802=ORIENTED_EDGE('',*,*,#13801,.T.);
#13803=ORIENTED_EDGE('',*,*,#13781,.T.);
#13804=ORIENTED_EDGE('',*,*,#13763,.F.);
#13806=ORIENTED_EDGE('',*,*,#13805,.F.);
#13807=EDGE_LOOP('',(#13802,#13803,#13804,#13806));
#13808=FACE_OUTER_BOUND('',#13807,.F.);
#13809=ADVANCED_FACE('',(#13808),#13800,.T.);
#13810=FILL_AREA_STYLE_COLOUR('',#5);
#13811=FILL_AREA_STYLE('',(#13810));
#13812=SURFACE_STYLE_FILL_AREA(#13811);
#13813=SURFACE_SIDE_STYLE('',(#13812));
#13814=SURFACE_STYLE_USAGE(.POSITIVE.,#13813);
#13815=PRESENTATION_STYLE_ASSIGNMENT((#13814));
#13816=STYLED_ITEM('',(#13815),#13809);
#13817=CARTESIAN_POINT('',(-4.24315E0,4.509E0,-2.5685E-1));
#13818=DIRECTION('',(0.E0,-1.E0,0.E0));
#13819=DIRECTION('',(1.E0,0.E0,0.E0));
#13820=AXIS2_PLACEMENT_3D('',#13817,#13818,#13819);
#13821=CYLINDRICAL_SURFACE('',#13820,2.4315E-1);
#13822=ORIENTED_EDGE('',*,*,#13801,.F.);
#13824=ORIENTED_EDGE('',*,*,#13823,.T.);
#13826=ORIENTED_EDGE('',*,*,#13825,.F.);
#13828=ORIENTED_EDGE('',*,*,#13827,.F.);
#13829=EDGE_LOOP('',(#13822,#13824,#13826,#13828));
#13830=FACE_OUTER_BOUND('',#13829,.F.);
#13831=ADVANCED_FACE('',(#13830),#13821,.T.);
#13832=FILL_AREA_STYLE_COLOUR('',#5);
#13833=FILL_AREA_STYLE('',(#13832));
#13834=SURFACE_STYLE_FILL_AREA(#13833);
#13835=SURFACE_SIDE_STYLE('',(#13834));
#13836=SURFACE_STYLE_USAGE(.POSITIVE.,#13835);
#13837=PRESENTATION_STYLE_ASSIGNMENT((#13836));
#13838=STYLED_ITEM('',(#13837),#13831);
#13839=CARTESIAN_POINT('',(-4.4863E0,-7.874079403600E-1,0.E0));
#13840=DIRECTION('',(-1.E0,0.E0,0.E0));
#13841=DIRECTION('',(0.E0,1.E0,0.E0));
#13842=AXIS2_PLACEMENT_3D('',#13839,#13840,#13841);
#13843=PLANE('',#13842);
#13845=ORIENTED_EDGE('',*,*,#13844,.F.);
#13846=ORIENTED_EDGE('',*,*,#6600,.F.);
#13848=ORIENTED_EDGE('',*,*,#13847,.F.);
#13849=ORIENTED_EDGE('',*,*,#13823,.F.);
#13850=EDGE_LOOP('',(#13845,#13846,#13848,#13849));
#13851=FACE_OUTER_BOUND('',#13850,.F.);
#13852=ADVANCED_FACE('',(#13851),#13843,.T.);
#13853=FILL_AREA_STYLE_COLOUR('',#5);
#13854=FILL_AREA_STYLE('',(#13853));
#13855=SURFACE_STYLE_FILL_AREA(#13854);
#13856=SURFACE_SIDE_STYLE('',(#13855));
#13857=SURFACE_STYLE_USAGE(.POSITIVE.,#13856);
#13858=PRESENTATION_STYLE_ASSIGNMENT((#13857));
#13859=STYLED_ITEM('',(#13858),#13852);
#13860=CARTESIAN_POINT('',(-4.3863E0,8.632920596400E-1,1.1018E1));
#13861=DIRECTION('',(0.E0,0.E0,-1.E0));
#13862=DIRECTION('',(-1.E0,0.E0,0.E0));
#13863=AXIS2_PLACEMENT_3D('',#13860,#13861,#13862);
#13864=CYLINDRICAL_SURFACE('',#13863,1.E-1);
#13865=ORIENTED_EDGE('',*,*,#13844,.T.);
#13866=ORIENTED_EDGE('',*,*,#13805,.T.);
#13867=ORIENTED_EDGE('',*,*,#13761,.F.);
#13868=ORIENTED_EDGE('',*,*,#6602,.T.);
#13869=EDGE_LOOP('',(#13865,#13866,#13867,#13868));
#13870=FACE_OUTER_BOUND('',#13869,.F.);
#13871=ADVANCED_FACE('',(#13870),#13864,.T.);
#13872=FILL_AREA_STYLE_COLOUR('',#5);
#13873=FILL_AREA_STYLE('',(#13872));
#13874=SURFACE_STYLE_FILL_AREA(#13873);
#13875=SURFACE_SIDE_STYLE('',(#13874));
#13876=SURFACE_STYLE_USAGE(.POSITIVE.,#13875);
#13877=PRESENTATION_STYLE_ASSIGNMENT((#13876));
#13878=STYLED_ITEM('',(#13877),#13871);
#13879=CARTESIAN_POINT('',(-4.3863E0,-6.874079403600E-1,-2.747763190372E-1));
#13880=DIRECTION('',(0.E0,0.E0,1.E0));
#13881=DIRECTION('',(-1.E0,0.E0,0.E0));
#13882=AXIS2_PLACEMENT_3D('',#13879,#13880,#13881);
#13883=CYLINDRICAL_SURFACE('',#13882,1.E-1);
#13885=ORIENTED_EDGE('',*,*,#13884,.F.);
#13887=ORIENTED_EDGE('',*,*,#13886,.F.);
#13888=ORIENTED_EDGE('',*,*,#13847,.T.);
#13889=ORIENTED_EDGE('',*,*,#6598,.T.);
#13890=EDGE_LOOP('',(#13885,#13887,#13888,#13889));
#13891=FACE_OUTER_BOUND('',#13890,.F.);
#13892=ADVANCED_FACE('',(#13891),#13883,.T.);
#13893=FILL_AREA_STYLE_COLOUR('',#5);
#13894=FILL_AREA_STYLE('',(#13893));
#13895=SURFACE_STYLE_FILL_AREA(#13894);
#13896=SURFACE_SIDE_STYLE('',(#13895));
#13897=SURFACE_STYLE_USAGE(.POSITIVE.,#13896);
#13898=PRESENTATION_STYLE_ASSIGNMENT((#13897));
#13899=STYLED_ITEM('',(#13898),#13892);
#13900=CARTESIAN_POINT('',(-4.E0,-7.874079403600E-1,0.E0));
#13901=DIRECTION('',(0.E0,-1.E0,0.E0));
#13902=DIRECTION('',(-1.E0,0.E0,0.E0));
#13903=AXIS2_PLACEMENT_3D('',#13900,#13901,#13902);
#13904=PLANE('',#13903);
#13905=ORIENTED_EDGE('',*,*,#13884,.T.);
#13906=ORIENTED_EDGE('',*,*,#6596,.F.);
#13908=ORIENTED_EDGE('',*,*,#13907,.T.);
#13910=ORIENTED_EDGE('',*,*,#13909,.T.);
#13911=EDGE_LOOP('',(#13905,#13906,#13908,#13910));
#13912=FACE_OUTER_BOUND('',#13911,.F.);
#13913=ADVANCED_FACE('',(#13912),#13904,.T.);
#13914=FILL_AREA_STYLE_COLOUR('',#5);
#13915=FILL_AREA_STYLE('',(#13914));
#13916=SURFACE_STYLE_FILL_AREA(#13915);
#13917=SURFACE_SIDE_STYLE('',(#13916));
#13918=SURFACE_STYLE_USAGE(.POSITIVE.,#13917);
#13919=PRESENTATION_STYLE_ASSIGNMENT((#13918));
#13920=STYLED_ITEM('',(#13919),#13913);
#13921=CARTESIAN_POINT('',(-4.1E0,-6.874079403600E-1,1.1018E1));
#13922=DIRECTION('',(0.E0,0.E0,-1.E0));
#13923=DIRECTION('',(1.E0,0.E0,0.E0));
#13924=AXIS2_PLACEMENT_3D('',#13921,#13922,#13923);
#13925=CYLINDRICAL_SURFACE('',#13924,1.E-1);
#13927=ORIENTED_EDGE('',*,*,#13926,.T.);
#13929=ORIENTED_EDGE('',*,*,#13928,.T.);
#13930=ORIENTED_EDGE('',*,*,#13907,.F.);
#13931=ORIENTED_EDGE('',*,*,#6594,.T.);
#13932=EDGE_LOOP('',(#13927,#13929,#13930,#13931));
#13933=FACE_OUTER_BOUND('',#13932,.F.);
#13934=ADVANCED_FACE('',(#13933),#13925,.T.);
#13935=FILL_AREA_STYLE_COLOUR('',#5);
#13936=FILL_AREA_STYLE('',(#13935));
#13937=SURFACE_STYLE_FILL_AREA(#13936);
#13938=SURFACE_SIDE_STYLE('',(#13937));
#13939=SURFACE_STYLE_USAGE(.POSITIVE.,#13938);
#13940=PRESENTATION_STYLE_ASSIGNMENT((#13939));
#13941=STYLED_ITEM('',(#13940),#13934);
#13942=CARTESIAN_POINT('',(-4.E0,9.632920596400E-1,0.E0));
#13943=DIRECTION('',(1.E0,0.E0,0.E0));
#13944=DIRECTION('',(0.E0,-1.E0,0.E0));
#13945=AXIS2_PLACEMENT_3D('',#13942,#13943,#13944);
#13946=PLANE('',#13945);
#13947=ORIENTED_EDGE('',*,*,#13783,.F.);
#13948=ORIENTED_EDGE('',*,*,#13827,.T.);
#13949=ORIENTED_EDGE('',*,*,#13926,.F.);
#13950=ORIENTED_EDGE('',*,*,#6592,.F.);
#13951=EDGE_LOOP('',(#13947,#13948,#13949,#13950));
#13952=FACE_OUTER_BOUND('',#13951,.F.);
#13953=ADVANCED_FACE('',(#13952),#13946,.T.);
#13954=FILL_AREA_STYLE_COLOUR('',#5);
#13955=FILL_AREA_STYLE('',(#13954));
#13956=SURFACE_STYLE_FILL_AREA(#13955);
#13957=SURFACE_SIDE_STYLE('',(#13956));
#13958=SURFACE_STYLE_USAGE(.POSITIVE.,#13957);
#13959=PRESENTATION_STYLE_ASSIGNMENT((#13958));
#13960=STYLED_ITEM('',(#13959),#13953);
#13961=CARTESIAN_POINT('',(-4.24315E0,-6.874079403600E-1,-2.5685E-1));
#13962=DIRECTION('',(0.E0,-1.E0,0.E0));
#13963=DIRECTION('',(9.975747036974E-1,0.E0,6.960395493874E-2));
#13964=AXIS2_PLACEMENT_3D('',#13961,#13962,#13963);
#13965=TOROIDAL_SURFACE('',#13964,1.4315E-1,1.E-1);
#13966=ORIENTED_EDGE('',*,*,#13825,.T.);
#13967=ORIENTED_EDGE('',*,*,#13886,.T.);
#13968=ORIENTED_EDGE('',*,*,#13909,.F.);
#13969=ORIENTED_EDGE('',*,*,#13928,.F.);
#13970=EDGE_LOOP('',(#13966,#13967,#13968,#13969));
#13971=FACE_OUTER_BOUND('',#13970,.F.);
#13972=ADVANCED_FACE('',(#13971),#13965,.T.);
#13973=FILL_AREA_STYLE_COLOUR('',#5);
#13974=FILL_AREA_STYLE('',(#13973));
#13975=SURFACE_STYLE_FILL_AREA(#13974);
#13976=SURFACE_SIDE_STYLE('',(#13975));
#13977=SURFACE_STYLE_USAGE(.POSITIVE.,#13976);
#13978=PRESENTATION_STYLE_ASSIGNMENT((#13977));
#13979=STYLED_ITEM('',(#13978),#13972);
#13980=CARTESIAN_POINT('',(4.E0,9.632920596400E-1,0.E0));
#13981=DIRECTION('',(1.E0,0.E0,0.E0));
#13982=DIRECTION('',(0.E0,-1.E0,0.E0));
#13983=AXIS2_PLACEMENT_3D('',#13980,#13981,#13982);
#13984=PLANE('',#13983);
#13986=ORIENTED_EDGE('',*,*,#13985,.T.);
#13987=ORIENTED_EDGE('',*,*,#6606,.T.);
#13989=ORIENTED_EDGE('',*,*,#13988,.T.);
#13991=ORIENTED_EDGE('',*,*,#13990,.T.);
#13992=EDGE_LOOP('',(#13986,#13987,#13989,#13991));
#13993=FACE_OUTER_BOUND('',#13992,.F.);
#13994=ADVANCED_FACE('',(#13993),#13984,.F.);
#13995=FILL_AREA_STYLE_COLOUR('',#5);
#13996=FILL_AREA_STYLE('',(#13995));
#13997=SURFACE_STYLE_FILL_AREA(#13996);
#13998=SURFACE_SIDE_STYLE('',(#13997));
#13999=SURFACE_STYLE_USAGE(.POSITIVE.,#13998);
#14000=PRESENTATION_STYLE_ASSIGNMENT((#13999));
#14001=STYLED_ITEM('',(#14000),#13994);
#14002=CARTESIAN_POINT('',(4.1E0,8.632920596400E-1,-2.832913205799E-1));
#14003=DIRECTION('',(0.E0,0.E0,1.E0));
#14004=DIRECTION('',(0.E0,1.E0,0.E0));
#14005=AXIS2_PLACEMENT_3D('',#14002,#14003,#14004);
#14006=CYLINDRICAL_SURFACE('',#14005,1.E-1);
#14007=ORIENTED_EDGE('',*,*,#13985,.F.);
#14009=ORIENTED_EDGE('',*,*,#14008,.F.);
#14011=ORIENTED_EDGE('',*,*,#14010,.T.);
#14012=ORIENTED_EDGE('',*,*,#6608,.T.);
#14013=EDGE_LOOP('',(#14007,#14009,#14011,#14012));
#14014=FACE_OUTER_BOUND('',#14013,.F.);
#14015=ADVANCED_FACE('',(#14014),#14006,.T.);
#14016=FILL_AREA_STYLE_COLOUR('',#5);
#14017=FILL_AREA_STYLE('',(#14016));
#14018=SURFACE_STYLE_FILL_AREA(#14017);
#14019=SURFACE_SIDE_STYLE('',(#14018));
#14020=SURFACE_STYLE_USAGE(.POSITIVE.,#14019);
#14021=PRESENTATION_STYLE_ASSIGNMENT((#14020));
#14022=STYLED_ITEM('',(#14021),#14015);
#14023=CARTESIAN_POINT('',(4.24315E0,8.632920596400E-1,-2.5685E-1));
#14024=DIRECTION('',(0.E0,1.E0,0.E0));
#14025=DIRECTION('',(9.973768206049E-1,0.E0,7.238423668251E-2));
#14026=AXIS2_PLACEMENT_3D('',#14023,#14024,#14025);
#14027=TOROIDAL_SURFACE('',#14026,1.4315E-1,1.E-1);
#14029=ORIENTED_EDGE('',*,*,#14028,.T.);
#14030=ORIENTED_EDGE('',*,*,#14008,.T.);
#14032=ORIENTED_EDGE('',*,*,#14031,.F.);
#14034=ORIENTED_EDGE('',*,*,#14033,.F.);
#14035=EDGE_LOOP('',(#14029,#14030,#14032,#14034));
#14036=FACE_OUTER_BOUND('',#14035,.F.);
#14037=ADVANCED_FACE('',(#14036),#14027,.T.);
#14038=FILL_AREA_STYLE_COLOUR('',#5);
#14039=FILL_AREA_STYLE('',(#14038));
#14040=SURFACE_STYLE_FILL_AREA(#14039);
#14041=SURFACE_SIDE_STYLE('',(#14040));
#14042=SURFACE_STYLE_USAGE(.POSITIVE.,#14041);
#14043=PRESENTATION_STYLE_ASSIGNMENT((#14042));
#14044=STYLED_ITEM('',(#14043),#14037);
#14045=CARTESIAN_POINT('',(4.4863E0,9.632920596400E-1,0.E0));
#14046=DIRECTION('',(0.E0,-1.E0,0.E0));
#14047=DIRECTION('',(-1.E0,0.E0,0.E0));
#14048=AXIS2_PLACEMENT_3D('',#14045,#14046,#14047);
#14049=PLANE('',#14048);
#14050=ORIENTED_EDGE('',*,*,#14010,.F.);
#14051=ORIENTED_EDGE('',*,*,#14028,.F.);
#14053=ORIENTED_EDGE('',*,*,#14052,.F.);
#14054=ORIENTED_EDGE('',*,*,#6610,.T.);
#14055=EDGE_LOOP('',(#14050,#14051,#14053,#14054));
#14056=FACE_OUTER_BOUND('',#14055,.F.);
#14057=ADVANCED_FACE('',(#14056),#14049,.F.);
#14058=FILL_AREA_STYLE_COLOUR('',#5);
#14059=FILL_AREA_STYLE('',(#14058));
#14060=SURFACE_STYLE_FILL_AREA(#14059);
#14061=SURFACE_SIDE_STYLE('',(#14060));
#14062=SURFACE_STYLE_USAGE(.POSITIVE.,#14061);
#14063=PRESENTATION_STYLE_ASSIGNMENT((#14062));
#14064=STYLED_ITEM('',(#14063),#14057);
#14065=CARTESIAN_POINT('',(4.3863E0,8.632920596400E-1,1.1018E1));
#14066=DIRECTION('',(0.E0,0.E0,-1.E0));
#14067=DIRECTION('',(0.E0,1.E0,0.E0));
#14068=AXIS2_PLACEMENT_3D('',#14065,#14066,#14067);
#14069=CYLINDRICAL_SURFACE('',#14068,1.E-1);
#14070=ORIENTED_EDGE('',*,*,#14052,.T.);
#14071=ORIENTED_EDGE('',*,*,#14033,.T.);
#14073=ORIENTED_EDGE('',*,*,#14072,.F.);
#14074=ORIENTED_EDGE('',*,*,#6612,.T.);
#14075=EDGE_LOOP('',(#14070,#14071,#14073,#14074));
#14076=FACE_OUTER_BOUND('',#14075,.F.);
#14077=ADVANCED_FACE('',(#14076),#14069,.T.);
#14078=FILL_AREA_STYLE_COLOUR('',#5);
#14079=FILL_AREA_STYLE('',(#14078));
#14080=SURFACE_STYLE_FILL_AREA(#14079);
#14081=SURFACE_SIDE_STYLE('',(#14080));
#14082=SURFACE_STYLE_USAGE(.POSITIVE.,#14081);
#14083=PRESENTATION_STYLE_ASSIGNMENT((#14082));
#14084=STYLED_ITEM('',(#14083),#14077);
#14085=CARTESIAN_POINT('',(4.4863E0,-7.874079403600E-1,0.E0));
#14086=DIRECTION('',(-1.E0,0.E0,0.E0));
#14087=DIRECTION('',(0.E0,1.E0,0.E0));
#14088=AXIS2_PLACEMENT_3D('',#14085,#14086,#14087);
#14089=PLANE('',#14088);
#14090=ORIENTED_EDGE('',*,*,#14072,.T.);
#14092=ORIENTED_EDGE('',*,*,#14091,.F.);
#14094=ORIENTED_EDGE('',*,*,#14093,.T.);
#14095=ORIENTED_EDGE('',*,*,#6614,.T.);
#14096=EDGE_LOOP('',(#14090,#14092,#14094,#14095));
#14097=FACE_OUTER_BOUND('',#14096,.F.);
#14098=ADVANCED_FACE('',(#14097),#14089,.F.);
#14099=FILL_AREA_STYLE_COLOUR('',#5);
#14100=FILL_AREA_STYLE('',(#14099));
#14101=SURFACE_STYLE_FILL_AREA(#14100);
#14102=SURFACE_SIDE_STYLE('',(#14101));
#14103=SURFACE_STYLE_USAGE(.POSITIVE.,#14102);
#14104=PRESENTATION_STYLE_ASSIGNMENT((#14103));
#14105=STYLED_ITEM('',(#14104),#14098);
#14106=CARTESIAN_POINT('',(4.24315E0,-4.509E0,-2.5685E-1));
#14107=DIRECTION('',(0.E0,1.E0,0.E0));
#14108=DIRECTION('',(-1.E0,0.E0,0.E0));
#14109=AXIS2_PLACEMENT_3D('',#14106,#14107,#14108);
#14110=CYLINDRICAL_SURFACE('',#14109,2.4315E-1);
#14111=ORIENTED_EDGE('',*,*,#14031,.T.);
#14112=ORIENTED_EDGE('',*,*,#13990,.F.);
#14114=ORIENTED_EDGE('',*,*,#14113,.T.);
#14115=ORIENTED_EDGE('',*,*,#14091,.T.);
#14116=EDGE_LOOP('',(#14111,#14112,#14114,#14115));
#14117=FACE_OUTER_BOUND('',#14116,.F.);
#14118=ADVANCED_FACE('',(#14117),#14110,.T.);
#14119=FILL_AREA_STYLE_COLOUR('',#5);
#14120=FILL_AREA_STYLE('',(#14119));
#14121=SURFACE_STYLE_FILL_AREA(#14120);
#14122=SURFACE_SIDE_STYLE('',(#14121));
#14123=SURFACE_STYLE_USAGE(.POSITIVE.,#14122);
#14124=PRESENTATION_STYLE_ASSIGNMENT((#14123));
#14125=STYLED_ITEM('',(#14124),#14118);
#14126=CARTESIAN_POINT('',(4.24315E0,-6.874079403600E-1,-2.5685E-1));
#14127=DIRECTION('',(0.E0,1.E0,0.E0));
#14128=DIRECTION('',(-9.947088375506E-1,0.E0,1.027342615622E-1));
#14129=AXIS2_PLACEMENT_3D('',#14126,#14127,#14128);
#14130=TOROIDAL_SURFACE('',#14129,1.4315E-1,1.E-1);
#14132=ORIENTED_EDGE('',*,*,#14131,.T.);
#14134=ORIENTED_EDGE('',*,*,#14133,.T.);
#14135=ORIENTED_EDGE('',*,*,#14113,.F.);
#14137=ORIENTED_EDGE('',*,*,#14136,.F.);
#14138=EDGE_LOOP('',(#14132,#14134,#14135,#14137));
#14139=FACE_OUTER_BOUND('',#14138,.F.);
#14140=ADVANCED_FACE('',(#14139),#14130,.T.);
#14141=FILL_AREA_STYLE_COLOUR('',#5);
#14142=FILL_AREA_STYLE('',(#14141));
#14143=SURFACE_STYLE_FILL_AREA(#14142);
#14144=SURFACE_SIDE_STYLE('',(#14143));
#14145=SURFACE_STYLE_USAGE(.POSITIVE.,#14144);
#14146=PRESENTATION_STYLE_ASSIGNMENT((#14145));
#14147=STYLED_ITEM('',(#14146),#14140);
#14148=CARTESIAN_POINT('',(4.E0,-7.874079403600E-1,0.E0));
#14149=DIRECTION('',(0.E0,1.E0,0.E0));
#14150=DIRECTION('',(1.E0,0.E0,0.E0));
#14151=AXIS2_PLACEMENT_3D('',#14148,#14149,#14150);
#14152=PLANE('',#14151);
#14154=ORIENTED_EDGE('',*,*,#14153,.F.);
#14155=ORIENTED_EDGE('',*,*,#14131,.F.);
#14157=ORIENTED_EDGE('',*,*,#14156,.F.);
#14158=ORIENTED_EDGE('',*,*,#6618,.T.);
#14159=EDGE_LOOP('',(#14154,#14155,#14157,#14158));
#14160=FACE_OUTER_BOUND('',#14159,.F.);
#14161=ADVANCED_FACE('',(#14160),#14152,.F.);
#14162=FILL_AREA_STYLE_COLOUR('',#5);
#14163=FILL_AREA_STYLE('',(#14162));
#14164=SURFACE_STYLE_FILL_AREA(#14163);
#14165=SURFACE_SIDE_STYLE('',(#14164));
#14166=SURFACE_STYLE_USAGE(.POSITIVE.,#14165);
#14167=PRESENTATION_STYLE_ASSIGNMENT((#14166));
#14168=STYLED_ITEM('',(#14167),#14161);
#14169=CARTESIAN_POINT('',(4.3863E0,-6.874079403600E-1,-2.832913205799E-1));
#14170=DIRECTION('',(0.E0,0.E0,1.E0));
#14171=DIRECTION('',(0.E0,-1.E0,0.E0));
#14172=AXIS2_PLACEMENT_3D('',#14169,#14170,#14171);
#14173=CYLINDRICAL_SURFACE('',#14172,1.E-1);
#14174=ORIENTED_EDGE('',*,*,#14093,.F.);
#14175=ORIENTED_EDGE('',*,*,#14133,.F.);
#14176=ORIENTED_EDGE('',*,*,#14153,.T.);
#14177=ORIENTED_EDGE('',*,*,#6616,.T.);
#14178=EDGE_LOOP('',(#14174,#14175,#14176,#14177));
#14179=FACE_OUTER_BOUND('',#14178,.F.);
#14180=ADVANCED_FACE('',(#14179),#14173,.T.);
#14181=FILL_AREA_STYLE_COLOUR('',#5);
#14182=FILL_AREA_STYLE('',(#14181));
#14183=SURFACE_STYLE_FILL_AREA(#14182);
#14184=SURFACE_SIDE_STYLE('',(#14183));
#14185=SURFACE_STYLE_USAGE(.POSITIVE.,#14184);
#14186=PRESENTATION_STYLE_ASSIGNMENT((#14185));
#14187=STYLED_ITEM('',(#14186),#14180);
#14188=CARTESIAN_POINT('',(4.1E0,-6.874079403600E-1,1.1018E1));
#14189=DIRECTION('',(0.E0,0.E0,-1.E0));
#14190=DIRECTION('',(0.E0,-1.E0,0.E0));
#14191=AXIS2_PLACEMENT_3D('',#14188,#14189,#14190);
#14192=CYLINDRICAL_SURFACE('',#14191,1.E-1);
#14193=ORIENTED_EDGE('',*,*,#14156,.T.);
#14194=ORIENTED_EDGE('',*,*,#14136,.T.);
#14195=ORIENTED_EDGE('',*,*,#13988,.F.);
#14196=ORIENTED_EDGE('',*,*,#6620,.T.);
#14197=EDGE_LOOP('',(#14193,#14194,#14195,#14196));
#14198=FACE_OUTER_BOUND('',#14197,.F.);
#14199=ADVANCED_FACE('',(#14198),#14192,.T.);
#14200=FILL_AREA_STYLE_COLOUR('',#5);
#14201=FILL_AREA_STYLE('',(#14200));
#14202=SURFACE_STYLE_FILL_AREA(#14201);
#14203=SURFACE_SIDE_STYLE('',(#14202));
#14204=SURFACE_STYLE_USAGE(.POSITIVE.,#14203);
#14205=PRESENTATION_STYLE_ASSIGNMENT((#14204));
#14206=STYLED_ITEM('',(#14205),#14199);
#14207=CARTESIAN_POINT('',(-2.7E-1,0.E0,0.E0));
#14208=DIRECTION('',(1.E0,0.E0,0.E0));
#14209=DIRECTION('',(0.E0,1.E0,0.E0));
#14210=AXIS2_PLACEMENT_3D('',#14207,#14208,#14209);
#14211=PLANE('',#14210);
#14212=ORIENTED_EDGE('',*,*,#6624,.T.);
#14214=ORIENTED_EDGE('',*,*,#14213,.T.);
#14216=ORIENTED_EDGE('',*,*,#14215,.T.);
#14218=ORIENTED_EDGE('',*,*,#14217,.T.);
#14220=ORIENTED_EDGE('',*,*,#14219,.T.);
#14222=ORIENTED_EDGE('',*,*,#14221,.T.);
#14224=ORIENTED_EDGE('',*,*,#14223,.T.);
#14226=ORIENTED_EDGE('',*,*,#14225,.T.);
#14227=EDGE_LOOP('',(#14212,#14214,#14216,#14218,#14220,#14222,#14224,#14226));
#14228=FACE_OUTER_BOUND('',#14227,.F.);
#14229=ADVANCED_FACE('',(#14228),#14211,.F.);
#14230=FILL_AREA_STYLE_COLOUR('',#17);
#14231=FILL_AREA_STYLE('',(#14230));
#14232=SURFACE_STYLE_FILL_AREA(#14231);
#14233=SURFACE_SIDE_STYLE('',(#14232));
#14234=SURFACE_STYLE_USAGE(.POSITIVE.,#14233);
#14235=PRESENTATION_STYLE_ASSIGNMENT((#14234));
#14236=STYLED_ITEM('',(#14235),#14229);
#14237=CARTESIAN_POINT('',(-2.7E-1,-2.E-1,0.E0));
#14238=DIRECTION('',(0.E0,-1.E0,0.E0));
#14239=DIRECTION('',(0.E0,0.E0,-1.E0));
#14240=AXIS2_PLACEMENT_3D('',#14237,#14238,#14239);
#14241=PLANE('',#14240);
#14242=ORIENTED_EDGE('',*,*,#6630,.T.);
#14244=ORIENTED_EDGE('',*,*,#14243,.T.);
#14246=ORIENTED_EDGE('',*,*,#14245,.F.);
#14247=ORIENTED_EDGE('',*,*,#14213,.F.);
#14248=EDGE_LOOP('',(#14242,#14244,#14246,#14247));
#14249=FACE_OUTER_BOUND('',#14248,.F.);
#14250=ADVANCED_FACE('',(#14249),#14241,.T.);
#14251=FILL_AREA_STYLE_COLOUR('',#17);
#14252=FILL_AREA_STYLE('',(#14251));
#14253=SURFACE_STYLE_FILL_AREA(#14252);
#14254=SURFACE_SIDE_STYLE('',(#14253));
#14255=SURFACE_STYLE_USAGE(.POSITIVE.,#14254);
#14256=PRESENTATION_STYLE_ASSIGNMENT((#14255));
#14257=STYLED_ITEM('',(#14256),#14250);
#14258=CARTESIAN_POINT('',(2.7E-1,0.E0,0.E0));
#14259=DIRECTION('',(1.E0,0.E0,0.E0));
#14260=DIRECTION('',(0.E0,1.E0,0.E0));
#14261=AXIS2_PLACEMENT_3D('',#14258,#14259,#14260);
#14262=PLANE('',#14261);
#14263=ORIENTED_EDGE('',*,*,#6628,.F.);
#14265=ORIENTED_EDGE('',*,*,#14264,.F.);
#14267=ORIENTED_EDGE('',*,*,#14266,.F.);
#14269=ORIENTED_EDGE('',*,*,#14268,.F.);
#14271=ORIENTED_EDGE('',*,*,#14270,.F.);
#14273=ORIENTED_EDGE('',*,*,#14272,.F.);
#14275=ORIENTED_EDGE('',*,*,#14274,.F.);
#14276=ORIENTED_EDGE('',*,*,#14243,.F.);
#14277=EDGE_LOOP('',(#14263,#14265,#14267,#14269,#14271,#14273,#14275,#14276));
#14278=FACE_OUTER_BOUND('',#14277,.F.);
#14279=ADVANCED_FACE('',(#14278),#14262,.T.);
#14280=FILL_AREA_STYLE_COLOUR('',#17);
#14281=FILL_AREA_STYLE('',(#14280));
#14282=SURFACE_STYLE_FILL_AREA(#14281);
#14283=SURFACE_SIDE_STYLE('',(#14282));
#14284=SURFACE_STYLE_USAGE(.POSITIVE.,#14283);
#14285=PRESENTATION_STYLE_ASSIGNMENT((#14284));
#14286=STYLED_ITEM('',(#14285),#14279);
#14287=CARTESIAN_POINT('',(-2.7E-1,2.E-1,-5.144E-1));
#14288=DIRECTION('',(0.E0,1.E0,0.E0));
#14289=DIRECTION('',(0.E0,0.E0,1.E0));
#14290=AXIS2_PLACEMENT_3D('',#14287,#14288,#14289);
#14291=PLANE('',#14290);
#14292=ORIENTED_EDGE('',*,*,#6626,.F.);
#14293=ORIENTED_EDGE('',*,*,#14225,.F.);
#14295=ORIENTED_EDGE('',*,*,#14294,.T.);
#14296=ORIENTED_EDGE('',*,*,#14264,.T.);
#14297=EDGE_LOOP('',(#14292,#14293,#14295,#14296));
#14298=FACE_OUTER_BOUND('',#14297,.F.);
#14299=ADVANCED_FACE('',(#14298),#14291,.T.);
#14300=FILL_AREA_STYLE_COLOUR('',#17);
#14301=FILL_AREA_STYLE('',(#14300));
#14302=SURFACE_STYLE_FILL_AREA(#14301);
#14303=SURFACE_SIDE_STYLE('',(#14302));
#14304=SURFACE_STYLE_USAGE(.POSITIVE.,#14303);
#14305=PRESENTATION_STYLE_ASSIGNMENT((#14304));
#14306=STYLED_ITEM('',(#14305),#14299);
#14307=CARTESIAN_POINT('',(-2.7E-1,3.856E-1,-5.144E-1));
#14308=DIRECTION('',(1.E0,0.E0,0.E0));
#14309=DIRECTION('',(0.E0,1.E0,0.E0));
#14310=AXIS2_PLACEMENT_3D('',#14307,#14308,#14309);
#14311=CYLINDRICAL_SURFACE('',#14310,1.856E-1);
#14312=ORIENTED_EDGE('',*,*,#14223,.F.);
#14314=ORIENTED_EDGE('',*,*,#14313,.T.);
#14315=ORIENTED_EDGE('',*,*,#14266,.T.);
#14316=ORIENTED_EDGE('',*,*,#14294,.F.);
#14317=EDGE_LOOP('',(#14312,#14314,#14315,#14316));
#14318=FACE_OUTER_BOUND('',#14317,.F.);
#14319=ADVANCED_FACE('',(#14318),#14311,.F.);
#14320=FILL_AREA_STYLE_COLOUR('',#17);
#14321=FILL_AREA_STYLE('',(#14320));
#14322=SURFACE_STYLE_FILL_AREA(#14321);
#14323=SURFACE_SIDE_STYLE('',(#14322));
#14324=SURFACE_STYLE_USAGE(.POSITIVE.,#14323);
#14325=PRESENTATION_STYLE_ASSIGNMENT((#14324));
#14326=STYLED_ITEM('',(#14325),#14319);
#14327=CARTESIAN_POINT('',(-2.7E-1,2.35E0,-7.E-1));
#14328=DIRECTION('',(0.E0,0.E0,1.E0));
#14329=DIRECTION('',(0.E0,-1.E0,0.E0));
#14330=AXIS2_PLACEMENT_3D('',#14327,#14328,#14329);
#14331=PLANE('',#14330);
#14332=ORIENTED_EDGE('',*,*,#14221,.F.);
#14334=ORIENTED_EDGE('',*,*,#14333,.T.);
#14335=ORIENTED_EDGE('',*,*,#14268,.T.);
#14336=ORIENTED_EDGE('',*,*,#14313,.F.);
#14337=EDGE_LOOP('',(#14332,#14334,#14335,#14336));
#14338=FACE_OUTER_BOUND('',#14337,.F.);
#14339=ADVANCED_FACE('',(#14338),#14331,.T.);
#14340=FILL_AREA_STYLE_COLOUR('',#17);
#14341=FILL_AREA_STYLE('',(#14340));
#14342=SURFACE_STYLE_FILL_AREA(#14341);
#14343=SURFACE_SIDE_STYLE('',(#14342));
#14344=SURFACE_STYLE_USAGE(.POSITIVE.,#14343);
#14345=PRESENTATION_STYLE_ASSIGNMENT((#14344));
#14346=STYLED_ITEM('',(#14345),#14339);
#14347=CARTESIAN_POINT('',(-2.7E-1,2.35E0,-1.1E0));
#14348=DIRECTION('',(0.E0,1.E0,0.E0));
#14349=DIRECTION('',(0.E0,0.E0,1.E0));
#14350=AXIS2_PLACEMENT_3D('',#14347,#14348,#14349);
#14351=PLANE('',#14350);
#14352=ORIENTED_EDGE('',*,*,#14219,.F.);
#14354=ORIENTED_EDGE('',*,*,#14353,.T.);
#14355=ORIENTED_EDGE('',*,*,#14270,.T.);
#14356=ORIENTED_EDGE('',*,*,#14333,.F.);
#14357=EDGE_LOOP('',(#14352,#14354,#14355,#14356));
#14358=FACE_OUTER_BOUND('',#14357,.F.);
#14359=ADVANCED_FACE('',(#14358),#14351,.T.);
#14360=FILL_AREA_STYLE_COLOUR('',#17);
#14361=FILL_AREA_STYLE('',(#14360));
#14362=SURFACE_STYLE_FILL_AREA(#14361);
#14363=SURFACE_SIDE_STYLE('',(#14362));
#14364=SURFACE_STYLE_USAGE(.POSITIVE.,#14363);
#14365=PRESENTATION_STYLE_ASSIGNMENT((#14364));
#14366=STYLED_ITEM('',(#14365),#14359);
#14367=CARTESIAN_POINT('',(-2.7E-1,3.856E-1,-1.1E0));
#14368=DIRECTION('',(0.E0,0.E0,-1.E0));
#14369=DIRECTION('',(0.E0,1.E0,0.E0));
#14370=AXIS2_PLACEMENT_3D('',#14367,#14368,#14369);
#14371=PLANE('',#14370);
#14372=ORIENTED_EDGE('',*,*,#14217,.F.);
#14374=ORIENTED_EDGE('',*,*,#14373,.T.);
#14375=ORIENTED_EDGE('',*,*,#14272,.T.);
#14376=ORIENTED_EDGE('',*,*,#14353,.F.);
#14377=EDGE_LOOP('',(#14372,#14374,#14375,#14376));
#14378=FACE_OUTER_BOUND('',#14377,.F.);
#14379=ADVANCED_FACE('',(#14378),#14371,.T.);
#14380=FILL_AREA_STYLE_COLOUR('',#17);
#14381=FILL_AREA_STYLE('',(#14380));
#14382=SURFACE_STYLE_FILL_AREA(#14381);
#14383=SURFACE_SIDE_STYLE('',(#14382));
#14384=SURFACE_STYLE_USAGE(.POSITIVE.,#14383);
#14385=PRESENTATION_STYLE_ASSIGNMENT((#14384));
#14386=STYLED_ITEM('',(#14385),#14379);
#14387=CARTESIAN_POINT('',(-2.7E-1,3.856E-1,-5.144E-1));
#14388=DIRECTION('',(1.E0,0.E0,0.E0));
#14389=DIRECTION('',(0.E0,1.E0,0.E0));
#14390=AXIS2_PLACEMENT_3D('',#14387,#14388,#14389);
#14391=CYLINDRICAL_SURFACE('',#14390,5.856E-1);
#14392=ORIENTED_EDGE('',*,*,#14215,.F.);
#14393=ORIENTED_EDGE('',*,*,#14245,.T.);
#14394=ORIENTED_EDGE('',*,*,#14274,.T.);
#14395=ORIENTED_EDGE('',*,*,#14373,.F.);
#14396=EDGE_LOOP('',(#14392,#14393,#14394,#14395));
#14397=FACE_OUTER_BOUND('',#14396,.F.);
#14398=ADVANCED_FACE('',(#14397),#14391,.T.);
#14399=FILL_AREA_STYLE_COLOUR('',#17);
#14400=FILL_AREA_STYLE('',(#14399));
#14401=SURFACE_STYLE_FILL_AREA(#14400);
#14402=SURFACE_SIDE_STYLE('',(#14401));
#14403=SURFACE_STYLE_USAGE(.POSITIVE.,#14402);
#14404=PRESENTATION_STYLE_ASSIGNMENT((#14403));
#14405=STYLED_ITEM('',(#14404),#14398);
#14406=CARTESIAN_POINT('',(2.27E0,0.E0,0.E0));
#14407=DIRECTION('',(1.E0,0.E0,0.E0));
#14408=DIRECTION('',(0.E0,1.E0,0.E0));
#14409=AXIS2_PLACEMENT_3D('',#14406,#14407,#14408);
#14410=PLANE('',#14409);
#14411=ORIENTED_EDGE('',*,*,#6634,.F.);
#14413=ORIENTED_EDGE('',*,*,#14412,.T.);
#14415=ORIENTED_EDGE('',*,*,#14414,.T.);
#14417=ORIENTED_EDGE('',*,*,#14416,.T.);
#14419=ORIENTED_EDGE('',*,*,#14418,.T.);
#14421=ORIENTED_EDGE('',*,*,#14420,.T.);
#14423=ORIENTED_EDGE('',*,*,#14422,.T.);
#14425=ORIENTED_EDGE('',*,*,#14424,.T.);
#14426=EDGE_LOOP('',(#14411,#14413,#14415,#14417,#14419,#14421,#14423,#14425));
#14427=FACE_OUTER_BOUND('',#14426,.F.);
#14428=ADVANCED_FACE('',(#14427),#14410,.F.);
#14429=FILL_AREA_STYLE_COLOUR('',#17);
#14430=FILL_AREA_STYLE('',(#14429));
#14431=SURFACE_STYLE_FILL_AREA(#14430);
#14432=SURFACE_SIDE_STYLE('',(#14431));
#14433=SURFACE_STYLE_USAGE(.POSITIVE.,#14432);
#14434=PRESENTATION_STYLE_ASSIGNMENT((#14433));
#14435=STYLED_ITEM('',(#14434),#14428);
#14436=CARTESIAN_POINT('',(2.27E0,-2.E-1,0.E0));
#14437=DIRECTION('',(0.E0,-1.E0,0.E0));
#14438=DIRECTION('',(0.E0,0.E0,-1.E0));
#14439=AXIS2_PLACEMENT_3D('',#14436,#14437,#14438);
#14440=PLANE('',#14439);
#14441=ORIENTED_EDGE('',*,*,#6640,.T.);
#14443=ORIENTED_EDGE('',*,*,#14442,.T.);
#14445=ORIENTED_EDGE('',*,*,#14444,.F.);
#14446=ORIENTED_EDGE('',*,*,#14412,.F.);
#14447=EDGE_LOOP('',(#14441,#14443,#14445,#14446));
#14448=FACE_OUTER_BOUND('',#14447,.F.);
#14449=ADVANCED_FACE('',(#14448),#14440,.T.);
#14450=FILL_AREA_STYLE_COLOUR('',#17);
#14451=FILL_AREA_STYLE('',(#14450));
#14452=SURFACE_STYLE_FILL_AREA(#14451);
#14453=SURFACE_SIDE_STYLE('',(#14452));
#14454=SURFACE_STYLE_USAGE(.POSITIVE.,#14453);
#14455=PRESENTATION_STYLE_ASSIGNMENT((#14454));
#14456=STYLED_ITEM('',(#14455),#14449);
#14457=CARTESIAN_POINT('',(2.81E0,0.E0,0.E0));
#14458=DIRECTION('',(1.E0,0.E0,0.E0));
#14459=DIRECTION('',(0.E0,1.E0,0.E0));
#14460=AXIS2_PLACEMENT_3D('',#14457,#14458,#14459);
#14461=PLANE('',#14460);
#14462=ORIENTED_EDGE('',*,*,#6638,.T.);
#14464=ORIENTED_EDGE('',*,*,#14463,.F.);
#14466=ORIENTED_EDGE('',*,*,#14465,.F.);
#14468=ORIENTED_EDGE('',*,*,#14467,.F.);
#14470=ORIENTED_EDGE('',*,*,#14469,.F.);
#14472=ORIENTED_EDGE('',*,*,#14471,.F.);
#14474=ORIENTED_EDGE('',*,*,#14473,.F.);
#14475=ORIENTED_EDGE('',*,*,#14442,.F.);
#14476=EDGE_LOOP('',(#14462,#14464,#14466,#14468,#14470,#14472,#14474,#14475));
#14477=FACE_OUTER_BOUND('',#14476,.F.);
#14478=ADVANCED_FACE('',(#14477),#14461,.T.);
#14479=FILL_AREA_STYLE_COLOUR('',#17);
#14480=FILL_AREA_STYLE('',(#14479));
#14481=SURFACE_STYLE_FILL_AREA(#14480);
#14482=SURFACE_SIDE_STYLE('',(#14481));
#14483=SURFACE_STYLE_USAGE(.POSITIVE.,#14482);
#14484=PRESENTATION_STYLE_ASSIGNMENT((#14483));
#14485=STYLED_ITEM('',(#14484),#14478);
#14486=CARTESIAN_POINT('',(2.27E0,2.E-1,-4.172669518699E-1));
#14487=DIRECTION('',(0.E0,1.E0,0.E0));
#14488=DIRECTION('',(0.E0,0.E0,1.E0));
#14489=AXIS2_PLACEMENT_3D('',#14486,#14487,#14488);
#14490=PLANE('',#14489);
#14491=ORIENTED_EDGE('',*,*,#6636,.F.);
#14492=ORIENTED_EDGE('',*,*,#14424,.F.);
#14494=ORIENTED_EDGE('',*,*,#14493,.T.);
#14495=ORIENTED_EDGE('',*,*,#14463,.T.);
#14496=EDGE_LOOP('',(#14491,#14492,#14494,#14495));
#14497=FACE_OUTER_BOUND('',#14496,.F.);
#14498=ADVANCED_FACE('',(#14497),#14490,.T.);
#14499=FILL_AREA_STYLE_COLOUR('',#17);
#14500=FILL_AREA_STYLE('',(#14499));
#14501=SURFACE_STYLE_FILL_AREA(#14500);
#14502=SURFACE_SIDE_STYLE('',(#14501));
#14503=SURFACE_STYLE_USAGE(.POSITIVE.,#14502);
#14504=PRESENTATION_STYLE_ASSIGNMENT((#14503));
#14505=STYLED_ITEM('',(#14504),#14498);
#14506=CARTESIAN_POINT('',(2.27E0,-4.827330481301E-1,-4.172669518699E-1));
#14507=DIRECTION('',(1.E0,0.E0,0.E0));
#14508=DIRECTION('',(0.E0,1.E0,0.E0));
#14509=AXIS2_PLACEMENT_3D('',#14506,#14507,#14508);
#14510=CYLINDRICAL_SURFACE('',#14509,6.827330481301E-1);
#14511=ORIENTED_EDGE('',*,*,#14422,.F.);
#14513=ORIENTED_EDGE('',*,*,#14512,.T.);
#14514=ORIENTED_EDGE('',*,*,#14465,.T.);
#14515=ORIENTED_EDGE('',*,*,#14493,.F.);
#14516=EDGE_LOOP('',(#14511,#14513,#14514,#14515));
#14517=FACE_OUTER_BOUND('',#14516,.F.);
#14518=ADVANCED_FACE('',(#14517),#14510,.T.);
#14519=FILL_AREA_STYLE_COLOUR('',#17);
#14520=FILL_AREA_STYLE('',(#14519));
#14521=SURFACE_STYLE_FILL_AREA(#14520);
#14522=SURFACE_SIDE_STYLE('',(#14521));
#14523=SURFACE_STYLE_USAGE(.POSITIVE.,#14522);
#14524=PRESENTATION_STYLE_ASSIGNMENT((#14523));
#14525=STYLED_ITEM('',(#14524),#14518);
#14526=CARTESIAN_POINT('',(2.27E0,-2.35E0,-1.1E0));
#14527=DIRECTION('',(0.E0,0.E0,-1.E0));
#14528=DIRECTION('',(0.E0,1.E0,0.E0));
#14529=AXIS2_PLACEMENT_3D('',#14526,#14527,#14528);
#14530=PLANE('',#14529);
#14531=ORIENTED_EDGE('',*,*,#14420,.F.);
#14533=ORIENTED_EDGE('',*,*,#14532,.T.);
#14534=ORIENTED_EDGE('',*,*,#14467,.T.);
#14535=ORIENTED_EDGE('',*,*,#14512,.F.);
#14536=EDGE_LOOP('',(#14531,#14533,#14534,#14535));
#14537=FACE_OUTER_BOUND('',#14536,.F.);
#14538=ADVANCED_FACE('',(#14537),#14530,.T.);
#14539=FILL_AREA_STYLE_COLOUR('',#17);
#14540=FILL_AREA_STYLE('',(#14539));
#14541=SURFACE_STYLE_FILL_AREA(#14540);
#14542=SURFACE_SIDE_STYLE('',(#14541));
#14543=SURFACE_STYLE_USAGE(.POSITIVE.,#14542);
#14544=PRESENTATION_STYLE_ASSIGNMENT((#14543));
#14545=STYLED_ITEM('',(#14544),#14538);
#14546=CARTESIAN_POINT('',(2.27E0,-2.35E0,-7.E-1));
#14547=DIRECTION('',(0.E0,-1.E0,0.E0));
#14548=DIRECTION('',(0.E0,0.E0,-1.E0));
#14549=AXIS2_PLACEMENT_3D('',#14546,#14547,#14548);
#14550=PLANE('',#14549);
#14551=ORIENTED_EDGE('',*,*,#14418,.F.);
#14553=ORIENTED_EDGE('',*,*,#14552,.T.);
#14554=ORIENTED_EDGE('',*,*,#14469,.T.);
#14555=ORIENTED_EDGE('',*,*,#14532,.F.);
#14556=EDGE_LOOP('',(#14551,#14553,#14554,#14555));
#14557=FACE_OUTER_BOUND('',#14556,.F.);
#14558=ADVANCED_FACE('',(#14557),#14550,.T.);
#14559=FILL_AREA_STYLE_COLOUR('',#17);
#14560=FILL_AREA_STYLE('',(#14559));
#14561=SURFACE_STYLE_FILL_AREA(#14560);
#14562=SURFACE_SIDE_STYLE('',(#14561));
#14563=SURFACE_STYLE_USAGE(.POSITIVE.,#14562);
#14564=PRESENTATION_STYLE_ASSIGNMENT((#14563));
#14565=STYLED_ITEM('',(#14564),#14558);
#14566=CARTESIAN_POINT('',(2.27E0,-4.827330481301E-1,-7.E-1));
#14567=DIRECTION('',(0.E0,0.E0,1.E0));
#14568=DIRECTION('',(0.E0,-1.E0,0.E0));
#14569=AXIS2_PLACEMENT_3D('',#14566,#14567,#14568);
#14570=PLANE('',#14569);
#14571=ORIENTED_EDGE('',*,*,#14416,.F.);
#14573=ORIENTED_EDGE('',*,*,#14572,.T.);
#14574=ORIENTED_EDGE('',*,*,#14471,.T.);
#14575=ORIENTED_EDGE('',*,*,#14552,.F.);
#14576=EDGE_LOOP('',(#14571,#14573,#14574,#14575));
#14577=FACE_OUTER_BOUND('',#14576,.F.);
#14578=ADVANCED_FACE('',(#14577),#14570,.T.);
#14579=FILL_AREA_STYLE_COLOUR('',#17);
#14580=FILL_AREA_STYLE('',(#14579));
#14581=SURFACE_STYLE_FILL_AREA(#14580);
#14582=SURFACE_SIDE_STYLE('',(#14581));
#14583=SURFACE_STYLE_USAGE(.POSITIVE.,#14582);
#14584=PRESENTATION_STYLE_ASSIGNMENT((#14583));
#14585=STYLED_ITEM('',(#14584),#14578);
#14586=CARTESIAN_POINT('',(2.27E0,-4.827330481301E-1,-4.172669518699E-1));
#14587=DIRECTION('',(1.E0,0.E0,0.E0));
#14588=DIRECTION('',(0.E0,1.E0,0.E0));
#14589=AXIS2_PLACEMENT_3D('',#14586,#14587,#14588);
#14590=CYLINDRICAL_SURFACE('',#14589,2.827330481301E-1);
#14591=ORIENTED_EDGE('',*,*,#14414,.F.);
#14592=ORIENTED_EDGE('',*,*,#14444,.T.);
#14593=ORIENTED_EDGE('',*,*,#14473,.T.);
#14594=ORIENTED_EDGE('',*,*,#14572,.F.);
#14595=EDGE_LOOP('',(#14591,#14592,#14593,#14594));
#14596=FACE_OUTER_BOUND('',#14595,.F.);
#14597=ADVANCED_FACE('',(#14596),#14590,.F.);
#14598=FILL_AREA_STYLE_COLOUR('',#17);
#14599=FILL_AREA_STYLE('',(#14598));
#14600=SURFACE_STYLE_FILL_AREA(#14599);
#14601=SURFACE_SIDE_STYLE('',(#14600));
#14602=SURFACE_STYLE_USAGE(.POSITIVE.,#14601);
#14603=PRESENTATION_STYLE_ASSIGNMENT((#14602));
#14604=STYLED_ITEM('',(#14603),#14597);
#14605=CARTESIAN_POINT('',(-2.81E0,0.E0,0.E0));
#14606=DIRECTION('',(1.E0,0.E0,0.E0));
#14607=DIRECTION('',(0.E0,1.E0,0.E0));
#14608=AXIS2_PLACEMENT_3D('',#14605,#14606,#14607);
#14609=PLANE('',#14608);
#14610=ORIENTED_EDGE('',*,*,#6644,.F.);
#14612=ORIENTED_EDGE('',*,*,#14611,.T.);
#14614=ORIENTED_EDGE('',*,*,#14613,.T.);
#14616=ORIENTED_EDGE('',*,*,#14615,.T.);
#14618=ORIENTED_EDGE('',*,*,#14617,.T.);
#14620=ORIENTED_EDGE('',*,*,#14619,.T.);
#14622=ORIENTED_EDGE('',*,*,#14621,.T.);
#14624=ORIENTED_EDGE('',*,*,#14623,.T.);
#14625=EDGE_LOOP('',(#14610,#14612,#14614,#14616,#14618,#14620,#14622,#14624));
#14626=FACE_OUTER_BOUND('',#14625,.F.);
#14627=ADVANCED_FACE('',(#14626),#14609,.F.);
#14628=FILL_AREA_STYLE_COLOUR('',#17);
#14629=FILL_AREA_STYLE('',(#14628));
#14630=SURFACE_STYLE_FILL_AREA(#14629);
#14631=SURFACE_SIDE_STYLE('',(#14630));
#14632=SURFACE_STYLE_USAGE(.POSITIVE.,#14631);
#14633=PRESENTATION_STYLE_ASSIGNMENT((#14632));
#14634=STYLED_ITEM('',(#14633),#14627);
#14635=CARTESIAN_POINT('',(-2.81E0,-2.E-1,0.E0));
#14636=DIRECTION('',(0.E0,-1.E0,0.E0));
#14637=DIRECTION('',(0.E0,0.E0,-1.E0));
#14638=AXIS2_PLACEMENT_3D('',#14635,#14636,#14637);
#14639=PLANE('',#14638);
#14640=ORIENTED_EDGE('',*,*,#6650,.T.);
#14642=ORIENTED_EDGE('',*,*,#14641,.T.);
#14644=ORIENTED_EDGE('',*,*,#14643,.F.);
#14645=ORIENTED_EDGE('',*,*,#14611,.F.);
#14646=EDGE_LOOP('',(#14640,#14642,#14644,#14645));
#14647=FACE_OUTER_BOUND('',#14646,.F.);
#14648=ADVANCED_FACE('',(#14647),#14639,.T.);
#14649=FILL_AREA_STYLE_COLOUR('',#17);
#14650=FILL_AREA_STYLE('',(#14649));
#14651=SURFACE_STYLE_FILL_AREA(#14650);
#14652=SURFACE_SIDE_STYLE('',(#14651));
#14653=SURFACE_STYLE_USAGE(.POSITIVE.,#14652);
#14654=PRESENTATION_STYLE_ASSIGNMENT((#14653));
#14655=STYLED_ITEM('',(#14654),#14648);
#14656=CARTESIAN_POINT('',(-2.27E0,0.E0,0.E0));
#14657=DIRECTION('',(1.E0,0.E0,0.E0));
#14658=DIRECTION('',(0.E0,1.E0,0.E0));
#14659=AXIS2_PLACEMENT_3D('',#14656,#14657,#14658);
#14660=PLANE('',#14659);
#14661=ORIENTED_EDGE('',*,*,#6648,.T.);
#14663=ORIENTED_EDGE('',*,*,#14662,.F.);
#14665=ORIENTED_EDGE('',*,*,#14664,.F.);
#14667=ORIENTED_EDGE('',*,*,#14666,.F.);
#14669=ORIENTED_EDGE('',*,*,#14668,.F.);
#14671=ORIENTED_EDGE('',*,*,#14670,.F.);
#14673=ORIENTED_EDGE('',*,*,#14672,.F.);
#14674=ORIENTED_EDGE('',*,*,#14641,.F.);
#14675=EDGE_LOOP('',(#14661,#14663,#14665,#14667,#14669,#14671,#14673,#14674));
#14676=FACE_OUTER_BOUND('',#14675,.F.);
#14677=ADVANCED_FACE('',(#14676),#14660,.T.);
#14678=FILL_AREA_STYLE_COLOUR('',#17);
#14679=FILL_AREA_STYLE('',(#14678));
#14680=SURFACE_STYLE_FILL_AREA(#14679);
#14681=SURFACE_SIDE_STYLE('',(#14680));
#14682=SURFACE_STYLE_USAGE(.POSITIVE.,#14681);
#14683=PRESENTATION_STYLE_ASSIGNMENT((#14682));
#14684=STYLED_ITEM('',(#14683),#14677);
#14685=CARTESIAN_POINT('',(-2.81E0,2.E-1,-4.172669518699E-1));
#14686=DIRECTION('',(0.E0,1.E0,0.E0));
#14687=DIRECTION('',(0.E0,0.E0,1.E0));
#14688=AXIS2_PLACEMENT_3D('',#14685,#14686,#14687);
#14689=PLANE('',#14688);
#14690=ORIENTED_EDGE('',*,*,#6646,.F.);
#14691=ORIENTED_EDGE('',*,*,#14623,.F.);
#14693=ORIENTED_EDGE('',*,*,#14692,.T.);
#14694=ORIENTED_EDGE('',*,*,#14662,.T.);
#14695=EDGE_LOOP('',(#14690,#14691,#14693,#14694));
#14696=FACE_OUTER_BOUND('',#14695,.F.);
#14697=ADVANCED_FACE('',(#14696),#14689,.T.);
#14698=FILL_AREA_STYLE_COLOUR('',#17);
#14699=FILL_AREA_STYLE('',(#14698));
#14700=SURFACE_STYLE_FILL_AREA(#14699);
#14701=SURFACE_SIDE_STYLE('',(#14700));
#14702=SURFACE_STYLE_USAGE(.POSITIVE.,#14701);
#14703=PRESENTATION_STYLE_ASSIGNMENT((#14702));
#14704=STYLED_ITEM('',(#14703),#14697);
#14705=CARTESIAN_POINT('',(-2.81E0,-4.827330481301E-1,-4.172669518699E-1));
#14706=DIRECTION('',(1.E0,0.E0,0.E0));
#14707=DIRECTION('',(0.E0,1.E0,0.E0));
#14708=AXIS2_PLACEMENT_3D('',#14705,#14706,#14707);
#14709=CYLINDRICAL_SURFACE('',#14708,6.827330481301E-1);
#14710=ORIENTED_EDGE('',*,*,#14621,.F.);
#14712=ORIENTED_EDGE('',*,*,#14711,.T.);
#14713=ORIENTED_EDGE('',*,*,#14664,.T.);
#14714=ORIENTED_EDGE('',*,*,#14692,.F.);
#14715=EDGE_LOOP('',(#14710,#14712,#14713,#14714));
#14716=FACE_OUTER_BOUND('',#14715,.F.);
#14717=ADVANCED_FACE('',(#14716),#14709,.T.);
#14718=FILL_AREA_STYLE_COLOUR('',#17);
#14719=FILL_AREA_STYLE('',(#14718));
#14720=SURFACE_STYLE_FILL_AREA(#14719);
#14721=SURFACE_SIDE_STYLE('',(#14720));
#14722=SURFACE_STYLE_USAGE(.POSITIVE.,#14721);
#14723=PRESENTATION_STYLE_ASSIGNMENT((#14722));
#14724=STYLED_ITEM('',(#14723),#14717);
#14725=CARTESIAN_POINT('',(-2.81E0,-2.35E0,-1.1E0));
#14726=DIRECTION('',(0.E0,0.E0,-1.E0));
#14727=DIRECTION('',(0.E0,1.E0,0.E0));
#14728=AXIS2_PLACEMENT_3D('',#14725,#14726,#14727);
#14729=PLANE('',#14728);
#14730=ORIENTED_EDGE('',*,*,#14619,.F.);
#14732=ORIENTED_EDGE('',*,*,#14731,.T.);
#14733=ORIENTED_EDGE('',*,*,#14666,.T.);
#14734=ORIENTED_EDGE('',*,*,#14711,.F.);
#14735=EDGE_LOOP('',(#14730,#14732,#14733,#14734));
#14736=FACE_OUTER_BOUND('',#14735,.F.);
#14737=ADVANCED_FACE('',(#14736),#14729,.T.);
#14738=FILL_AREA_STYLE_COLOUR('',#17);
#14739=FILL_AREA_STYLE('',(#14738));
#14740=SURFACE_STYLE_FILL_AREA(#14739);
#14741=SURFACE_SIDE_STYLE('',(#14740));
#14742=SURFACE_STYLE_USAGE(.POSITIVE.,#14741);
#14743=PRESENTATION_STYLE_ASSIGNMENT((#14742));
#14744=STYLED_ITEM('',(#14743),#14737);
#14745=CARTESIAN_POINT('',(-2.81E0,-2.35E0,-7.E-1));
#14746=DIRECTION('',(0.E0,-1.E0,0.E0));
#14747=DIRECTION('',(0.E0,0.E0,-1.E0));
#14748=AXIS2_PLACEMENT_3D('',#14745,#14746,#14747);
#14749=PLANE('',#14748);
#14750=ORIENTED_EDGE('',*,*,#14617,.F.);
#14752=ORIENTED_EDGE('',*,*,#14751,.T.);
#14753=ORIENTED_EDGE('',*,*,#14668,.T.);
#14754=ORIENTED_EDGE('',*,*,#14731,.F.);
#14755=EDGE_LOOP('',(#14750,#14752,#14753,#14754));
#14756=FACE_OUTER_BOUND('',#14755,.F.);
#14757=ADVANCED_FACE('',(#14756),#14749,.T.);
#14758=FILL_AREA_STYLE_COLOUR('',#17);
#14759=FILL_AREA_STYLE('',(#14758));
#14760=SURFACE_STYLE_FILL_AREA(#14759);
#14761=SURFACE_SIDE_STYLE('',(#14760));
#14762=SURFACE_STYLE_USAGE(.POSITIVE.,#14761);
#14763=PRESENTATION_STYLE_ASSIGNMENT((#14762));
#14764=STYLED_ITEM('',(#14763),#14757);
#14765=CARTESIAN_POINT('',(-2.81E0,-4.827330481301E-1,-7.E-1));
#14766=DIRECTION('',(0.E0,0.E0,1.E0));
#14767=DIRECTION('',(0.E0,-1.E0,0.E0));
#14768=AXIS2_PLACEMENT_3D('',#14765,#14766,#14767);
#14769=PLANE('',#14768);
#14770=ORIENTED_EDGE('',*,*,#14615,.F.);
#14772=ORIENTED_EDGE('',*,*,#14771,.T.);
#14773=ORIENTED_EDGE('',*,*,#14670,.T.);
#14774=ORIENTED_EDGE('',*,*,#14751,.F.);
#14775=EDGE_LOOP('',(#14770,#14772,#14773,#14774));
#14776=FACE_OUTER_BOUND('',#14775,.F.);
#14777=ADVANCED_FACE('',(#14776),#14769,.T.);
#14778=FILL_AREA_STYLE_COLOUR('',#17);
#14779=FILL_AREA_STYLE('',(#14778));
#14780=SURFACE_STYLE_FILL_AREA(#14779);
#14781=SURFACE_SIDE_STYLE('',(#14780));
#14782=SURFACE_STYLE_USAGE(.POSITIVE.,#14781);
#14783=PRESENTATION_STYLE_ASSIGNMENT((#14782));
#14784=STYLED_ITEM('',(#14783),#14777);
#14785=CARTESIAN_POINT('',(-2.81E0,-4.827330481301E-1,-4.172669518699E-1));
#14786=DIRECTION('',(1.E0,0.E0,0.E0));
#14787=DIRECTION('',(0.E0,1.E0,0.E0));
#14788=AXIS2_PLACEMENT_3D('',#14785,#14786,#14787);
#14789=CYLINDRICAL_SURFACE('',#14788,2.827330481301E-1);
#14790=ORIENTED_EDGE('',*,*,#14613,.F.);
#14791=ORIENTED_EDGE('',*,*,#14643,.T.);
#14792=ORIENTED_EDGE('',*,*,#14672,.T.);
#14793=ORIENTED_EDGE('',*,*,#14771,.F.);
#14794=EDGE_LOOP('',(#14790,#14791,#14792,#14793));
#14795=FACE_OUTER_BOUND('',#14794,.F.);
#14796=ADVANCED_FACE('',(#14795),#14789,.F.);
#14797=FILL_AREA_STYLE_COLOUR('',#17);
#14798=FILL_AREA_STYLE('',(#14797));
#14799=SURFACE_STYLE_FILL_AREA(#14798);
#14800=SURFACE_SIDE_STYLE('',(#14799));
#14801=SURFACE_STYLE_USAGE(.POSITIVE.,#14800);
#14802=PRESENTATION_STYLE_ASSIGNMENT((#14801));
#14803=STYLED_ITEM('',(#14802),#14796);
#14804=CARTESIAN_POINT('',(-1.2365E0,-9.939E-1,0.E0));
#14805=DIRECTION('',(-1.E0,0.E0,0.E0));
#14806=DIRECTION('',(0.E0,1.E0,0.E0));
#14807=AXIS2_PLACEMENT_3D('',#14804,#14805,#14806);
#14808=PLANE('',#14807);
#14809=ORIENTED_EDGE('',*,*,#6654,.F.);
#14811=ORIENTED_EDGE('',*,*,#14810,.T.);
#14813=ORIENTED_EDGE('',*,*,#14812,.T.);
#14815=ORIENTED_EDGE('',*,*,#14814,.F.);
#14816=EDGE_LOOP('',(#14809,#14811,#14813,#14815));
#14817=FACE_OUTER_BOUND('',#14816,.F.);
#14818=ADVANCED_FACE('',(#14817),#14808,.T.);
#14819=FILL_AREA_STYLE_COLOUR('',#18);
#14820=FILL_AREA_STYLE('',(#14819));
#14821=SURFACE_STYLE_FILL_AREA(#14820);
#14822=SURFACE_SIDE_STYLE('',(#14821));
#14823=SURFACE_STYLE_USAGE(.POSITIVE.,#14822);
#14824=PRESENTATION_STYLE_ASSIGNMENT((#14823));
#14825=STYLED_ITEM('',(#14824),#14818);
#14826=CARTESIAN_POINT('',(-1.1697375E0,-9.939E-1,0.E0));
#14827=DIRECTION('',(0.E0,-1.E0,0.E0));
#14828=DIRECTION('',(-1.E0,0.E0,0.E0));
#14829=AXIS2_PLACEMENT_3D('',#14826,#14827,#14828);
#14830=PLANE('',#14829);
#14831=ORIENTED_EDGE('',*,*,#6664,.F.);
#14833=ORIENTED_EDGE('',*,*,#14832,.T.);
#14835=ORIENTED_EDGE('',*,*,#14834,.T.);
#14836=ORIENTED_EDGE('',*,*,#14810,.F.);
#14837=EDGE_LOOP('',(#14831,#14833,#14835,#14836));
#14838=FACE_OUTER_BOUND('',#14837,.F.);
#14839=ADVANCED_FACE('',(#14838),#14830,.T.);
#14840=FILL_AREA_STYLE_COLOUR('',#18);
#14841=FILL_AREA_STYLE('',(#14840));
#14842=SURFACE_STYLE_FILL_AREA(#14841);
#14843=SURFACE_SIDE_STYLE('',(#14842));
#14844=SURFACE_STYLE_USAGE(.POSITIVE.,#14843);
#14845=PRESENTATION_STYLE_ASSIGNMENT((#14844));
#14846=STYLED_ITEM('',(#14845),#14839);
#14847=CARTESIAN_POINT('',(-1.1697375E0,-5.279829785541E-1,0.E0));
#14848=DIRECTION('',(1.E0,0.E0,0.E0));
#14849=DIRECTION('',(0.E0,-1.E0,0.E0));
#14850=AXIS2_PLACEMENT_3D('',#14847,#14848,#14849);
#14851=PLANE('',#14850);
#14852=ORIENTED_EDGE('',*,*,#6662,.F.);
#14854=ORIENTED_EDGE('',*,*,#14853,.T.);
#14856=ORIENTED_EDGE('',*,*,#14855,.T.);
#14857=ORIENTED_EDGE('',*,*,#14832,.F.);
#14858=EDGE_LOOP('',(#14852,#14854,#14856,#14857));
#14859=FACE_OUTER_BOUND('',#14858,.F.);
#14860=ADVANCED_FACE('',(#14859),#14851,.T.);
#14861=FILL_AREA_STYLE_COLOUR('',#18);
#14862=FILL_AREA_STYLE('',(#14861));
#14863=SURFACE_STYLE_FILL_AREA(#14862);
#14864=SURFACE_SIDE_STYLE('',(#14863));
#14865=SURFACE_STYLE_USAGE(.POSITIVE.,#14864);
#14866=PRESENTATION_STYLE_ASSIGNMENT((#14865));
#14867=STYLED_ITEM('',(#14866),#14860);
#14868=CARTESIAN_POINT('',(-8.35925E-1,-5.279829785541E-1,0.E0));
#14869=DIRECTION('',(0.E0,-1.E0,0.E0));
#14870=DIRECTION('',(-1.E0,0.E0,0.E0));
#14871=AXIS2_PLACEMENT_3D('',#14868,#14869,#14870);
#14872=PLANE('',#14871);
#14873=ORIENTED_EDGE('',*,*,#6660,.F.);
#14875=ORIENTED_EDGE('',*,*,#14874,.T.);
#14877=ORIENTED_EDGE('',*,*,#14876,.T.);
#14878=ORIENTED_EDGE('',*,*,#14853,.F.);
#14879=EDGE_LOOP('',(#14873,#14875,#14877,#14878));
#14880=FACE_OUTER_BOUND('',#14879,.F.);
#14881=ADVANCED_FACE('',(#14880),#14872,.T.);
#14882=FILL_AREA_STYLE_COLOUR('',#18);
#14883=FILL_AREA_STYLE('',(#14882));
#14884=SURFACE_STYLE_FILL_AREA(#14883);
#14885=SURFACE_SIDE_STYLE('',(#14884));
#14886=SURFACE_STYLE_USAGE(.POSITIVE.,#14885);
#14887=PRESENTATION_STYLE_ASSIGNMENT((#14886));
#14888=STYLED_ITEM('',(#14887),#14881);
#14889=CARTESIAN_POINT('',(-8.35925E-1,-4.598E-1,0.E0));
#14890=DIRECTION('',(1.E0,0.E0,0.E0));
#14891=DIRECTION('',(0.E0,-1.E0,0.E0));
#14892=AXIS2_PLACEMENT_3D('',#14889,#14890,#14891);
#14893=PLANE('',#14892);
#14894=ORIENTED_EDGE('',*,*,#6658,.F.);
#14896=ORIENTED_EDGE('',*,*,#14895,.T.);
#14898=ORIENTED_EDGE('',*,*,#14897,.T.);
#14899=ORIENTED_EDGE('',*,*,#14874,.F.);
#14900=EDGE_LOOP('',(#14894,#14896,#14898,#14899));
#14901=FACE_OUTER_BOUND('',#14900,.F.);
#14902=ADVANCED_FACE('',(#14901),#14893,.T.);
#14903=FILL_AREA_STYLE_COLOUR('',#18);
#14904=FILL_AREA_STYLE('',(#14903));
#14905=SURFACE_STYLE_FILL_AREA(#14904);
#14906=SURFACE_SIDE_STYLE('',(#14905));
#14907=SURFACE_STYLE_USAGE(.POSITIVE.,#14906);
#14908=PRESENTATION_STYLE_ASSIGNMENT((#14907));
#14909=STYLED_ITEM('',(#14908),#14902);
#14910=CARTESIAN_POINT('',(-1.2365E0,-4.598E-1,0.E0));
#14911=DIRECTION('',(0.E0,1.E0,0.E0));
#14912=DIRECTION('',(1.E0,0.E0,0.E0));
#14913=AXIS2_PLACEMENT_3D('',#14910,#14911,#14912);
#14914=PLANE('',#14913);
#14915=ORIENTED_EDGE('',*,*,#6656,.F.);
#14916=ORIENTED_EDGE('',*,*,#14814,.T.);
#14918=ORIENTED_EDGE('',*,*,#14917,.T.);
#14919=ORIENTED_EDGE('',*,*,#14895,.F.);
#14920=EDGE_LOOP('',(#14915,#14916,#14918,#14919));
#14921=FACE_OUTER_BOUND('',#14920,.F.);
#14922=ADVANCED_FACE('',(#14921),#14914,.T.);
#14923=FILL_AREA_STYLE_COLOUR('',#18);
#14924=FILL_AREA_STYLE('',(#14923));
#14925=SURFACE_STYLE_FILL_AREA(#14924);
#14926=SURFACE_SIDE_STYLE('',(#14925));
#14927=SURFACE_STYLE_USAGE(.POSITIVE.,#14926);
#14928=PRESENTATION_STYLE_ASSIGNMENT((#14927));
#14929=STYLED_ITEM('',(#14928),#14922);
#14930=CARTESIAN_POINT('',(0.E0,0.E0,-2.E-2));
#14931=DIRECTION('',(0.E0,0.E0,-1.E0));
#14932=DIRECTION('',(1.E0,0.E0,0.E0));
#14933=AXIS2_PLACEMENT_3D('',#14930,#14931,#14932);
#14934=PLANE('',#14933);
#14935=ORIENTED_EDGE('',*,*,#14812,.F.);
#14936=ORIENTED_EDGE('',*,*,#14834,.F.);
#14937=ORIENTED_EDGE('',*,*,#14855,.F.);
#14938=ORIENTED_EDGE('',*,*,#14876,.F.);
#14939=ORIENTED_EDGE('',*,*,#14897,.F.);
#14940=ORIENTED_EDGE('',*,*,#14917,.F.);
#14941=EDGE_LOOP('',(#14935,#14936,#14937,#14938,#14939,#14940));
#14942=FACE_OUTER_BOUND('',#14941,.F.);
#14943=ADVANCED_FACE('',(#14942),#14934,.T.);
#14944=FILL_AREA_STYLE_COLOUR('',#18);
#14945=FILL_AREA_STYLE('',(#14944));
#14946=SURFACE_STYLE_FILL_AREA(#14945);
#14947=SURFACE_SIDE_STYLE('',(#14946));
#14948=SURFACE_STYLE_USAGE(.POSITIVE.,#14947);
#14949=PRESENTATION_STYLE_ASSIGNMENT((#14948));
#14950=STYLED_ITEM('',(#14949),#14943);
#14951=CARTESIAN_POINT('',(0.E0,0.E0,-2.E-2));
#14952=DIRECTION('',(0.E0,0.E0,-1.E0));
#14953=DIRECTION('',(1.E0,0.E0,0.E0));
#14954=AXIS2_PLACEMENT_3D('',#14951,#14952,#14953);
#14955=PLANE('',#14954);
#14957=ORIENTED_EDGE('',*,*,#14956,.F.);
#14959=ORIENTED_EDGE('',*,*,#14958,.F.);
#14961=ORIENTED_EDGE('',*,*,#14960,.F.);
#14963=ORIENTED_EDGE('',*,*,#14962,.F.);
#14965=ORIENTED_EDGE('',*,*,#14964,.F.);
#14967=ORIENTED_EDGE('',*,*,#14966,.F.);
#14969=ORIENTED_EDGE('',*,*,#14968,.F.);
#14971=ORIENTED_EDGE('',*,*,#14970,.F.);
#14973=ORIENTED_EDGE('',*,*,#14972,.F.);
#14975=ORIENTED_EDGE('',*,*,#14974,.F.);
#14977=ORIENTED_EDGE('',*,*,#14976,.F.);
#14979=ORIENTED_EDGE('',*,*,#14978,.F.);
#14981=ORIENTED_EDGE('',*,*,#14980,.F.);
#14983=ORIENTED_EDGE('',*,*,#14982,.F.);
#14985=ORIENTED_EDGE('',*,*,#14984,.F.);
#14987=ORIENTED_EDGE('',*,*,#14986,.F.);
#14989=ORIENTED_EDGE('',*,*,#14988,.F.);
#14991=ORIENTED_EDGE('',*,*,#14990,.F.);
#14993=ORIENTED_EDGE('',*,*,#14992,.F.);
#14995=ORIENTED_EDGE('',*,*,#14994,.F.);
#14997=ORIENTED_EDGE('',*,*,#14996,.F.);
#14999=ORIENTED_EDGE('',*,*,#14998,.F.);
#15001=ORIENTED_EDGE('',*,*,#15000,.F.);
#15003=ORIENTED_EDGE('',*,*,#15002,.F.);
#15005=ORIENTED_EDGE('',*,*,#15004,.F.);
#15007=ORIENTED_EDGE('',*,*,#15006,.F.);
#15009=ORIENTED_EDGE('',*,*,#15008,.F.);
#15011=ORIENTED_EDGE('',*,*,#15010,.F.);
#15013=ORIENTED_EDGE('',*,*,#15012,.F.);
#15015=ORIENTED_EDGE('',*,*,#15014,.F.);
#15017=ORIENTED_EDGE('',*,*,#15016,.F.);
#15019=ORIENTED_EDGE('',*,*,#15018,.F.);
#15021=ORIENTED_EDGE('',*,*,#15020,.F.);
#15023=ORIENTED_EDGE('',*,*,#15022,.F.);
#15025=ORIENTED_EDGE('',*,*,#15024,.F.);
#15027=ORIENTED_EDGE('',*,*,#15026,.F.);
#15029=ORIENTED_EDGE('',*,*,#15028,.F.);
#15031=ORIENTED_EDGE('',*,*,#15030,.F.);
#15033=ORIENTED_EDGE('',*,*,#15032,.F.);
#15035=ORIENTED_EDGE('',*,*,#15034,.F.);
#15036=EDGE_LOOP('',(#14957,#14959,#14961,#14963,#14965,#14967,#14969,#14971,
#14973,#14975,#14977,#14979,#14981,#14983,#14985,#14987,#14989,#14991,#14993,
#14995,#14997,#14999,#15001,#15003,#15005,#15007,#15009,#15011,#15013,#15015,
#15017,#15019,#15021,#15023,#15025,#15027,#15029,#15031,#15033,#15035));
#15037=FACE_OUTER_BOUND('',#15036,.F.);
#15038=ADVANCED_FACE('',(#15037),#14955,.T.);
#15039=FILL_AREA_STYLE_COLOUR('',#18);
#15040=FILL_AREA_STYLE('',(#15039));
#15041=SURFACE_STYLE_FILL_AREA(#15040);
#15042=SURFACE_SIDE_STYLE('',(#15041));
#15043=SURFACE_STYLE_USAGE(.POSITIVE.,#15042);
#15044=PRESENTATION_STYLE_ASSIGNMENT((#15043));
#15045=STYLED_ITEM('',(#15044),#15038);
#15046=CARTESIAN_POINT('',(0.E0,0.E0,-2.E-2));
#15047=DIRECTION('',(0.E0,0.E0,-1.E0));
#15048=DIRECTION('',(1.E0,0.E0,0.E0));
#15049=AXIS2_PLACEMENT_3D('',#15046,#15047,#15048);
#15050=PLANE('',#15049);
#15052=ORIENTED_EDGE('',*,*,#15051,.F.);
#15054=ORIENTED_EDGE('',*,*,#15053,.F.);
#15056=ORIENTED_EDGE('',*,*,#15055,.F.);
#15058=ORIENTED_EDGE('',*,*,#15057,.F.);
#15060=ORIENTED_EDGE('',*,*,#15059,.F.);
#15062=ORIENTED_EDGE('',*,*,#15061,.F.);
#15064=ORIENTED_EDGE('',*,*,#15063,.F.);
#15066=ORIENTED_EDGE('',*,*,#15065,.F.);
#15068=ORIENTED_EDGE('',*,*,#15067,.F.);
#15070=ORIENTED_EDGE('',*,*,#15069,.F.);
#15072=ORIENTED_EDGE('',*,*,#15071,.F.);
#15074=ORIENTED_EDGE('',*,*,#15073,.F.);
#15075=EDGE_LOOP('',(#15052,#15054,#15056,#15058,#15060,#15062,#15064,#15066,
#15068,#15070,#15072,#15074));
#15076=FACE_OUTER_BOUND('',#15075,.F.);
#15077=ADVANCED_FACE('',(#15076),#15050,.T.);
#15078=FILL_AREA_STYLE_COLOUR('',#18);
#15079=FILL_AREA_STYLE('',(#15078));
#15080=SURFACE_STYLE_FILL_AREA(#15079);
#15081=SURFACE_SIDE_STYLE('',(#15080));
#15082=SURFACE_STYLE_USAGE(.POSITIVE.,#15081);
#15083=PRESENTATION_STYLE_ASSIGNMENT((#15082));
#15084=STYLED_ITEM('',(#15083),#15077);
#15085=CARTESIAN_POINT('',(0.E0,0.E0,-2.E-2));
#15086=DIRECTION('',(0.E0,0.E0,-1.E0));
#15087=DIRECTION('',(1.E0,0.E0,0.E0));
#15088=AXIS2_PLACEMENT_3D('',#15085,#15086,#15087);
#15089=PLANE('',#15088);
#15091=ORIENTED_EDGE('',*,*,#15090,.F.);
#15093=ORIENTED_EDGE('',*,*,#15092,.F.);
#15095=ORIENTED_EDGE('',*,*,#15094,.F.);
#15097=ORIENTED_EDGE('',*,*,#15096,.F.);
#15099=ORIENTED_EDGE('',*,*,#15098,.F.);
#15101=ORIENTED_EDGE('',*,*,#15100,.F.);
#15103=ORIENTED_EDGE('',*,*,#15102,.F.);
#15105=ORIENTED_EDGE('',*,*,#15104,.F.);
#15107=ORIENTED_EDGE('',*,*,#15106,.F.);
#15109=ORIENTED_EDGE('',*,*,#15108,.F.);
#15111=ORIENTED_EDGE('',*,*,#15110,.F.);
#15113=ORIENTED_EDGE('',*,*,#15112,.F.);
#15115=ORIENTED_EDGE('',*,*,#15114,.F.);
#15117=ORIENTED_EDGE('',*,*,#15116,.F.);
#15118=EDGE_LOOP('',(#15091,#15093,#15095,#15097,#15099,#15101,#15103,#15105,
#15107,#15109,#15111,#15113,#15115,#15117));
#15119=FACE_OUTER_BOUND('',#15118,.F.);
#15121=ORIENTED_EDGE('',*,*,#15120,.F.);
#15123=ORIENTED_EDGE('',*,*,#15122,.F.);
#15125=ORIENTED_EDGE('',*,*,#15124,.F.);
#15127=ORIENTED_EDGE('',*,*,#15126,.F.);
#15129=ORIENTED_EDGE('',*,*,#15128,.F.);
#15131=ORIENTED_EDGE('',*,*,#15130,.F.);
#15133=ORIENTED_EDGE('',*,*,#15132,.F.);
#15135=ORIENTED_EDGE('',*,*,#15134,.F.);
#15137=ORIENTED_EDGE('',*,*,#15136,.F.);
#15139=ORIENTED_EDGE('',*,*,#15138,.F.);
#15141=ORIENTED_EDGE('',*,*,#15140,.F.);
#15143=ORIENTED_EDGE('',*,*,#15142,.F.);
#15144=EDGE_LOOP('',(#15121,#15123,#15125,#15127,#15129,#15131,#15133,#15135,
#15137,#15139,#15141,#15143));
#15145=FACE_BOUND('',#15144,.F.);
#15146=ADVANCED_FACE('',(#15119,#15145),#15089,.T.);
#15147=FILL_AREA_STYLE_COLOUR('',#18);
#15148=FILL_AREA_STYLE('',(#15147));
#15149=SURFACE_STYLE_FILL_AREA(#15148);
#15150=SURFACE_SIDE_STYLE('',(#15149));
#15151=SURFACE_STYLE_USAGE(.POSITIVE.,#15150);
#15152=PRESENTATION_STYLE_ASSIGNMENT((#15151));
#15153=STYLED_ITEM('',(#15152),#15146);
#15154=CARTESIAN_POINT('',(0.E0,0.E0,-2.E-2));
#15155=DIRECTION('',(0.E0,0.E0,-1.E0));
#15156=DIRECTION('',(1.E0,0.E0,0.E0));
#15157=AXIS2_PLACEMENT_3D('',#15154,#15155,#15156);
#15158=PLANE('',#15157);
#15160=ORIENTED_EDGE('',*,*,#15159,.F.);
#15162=ORIENTED_EDGE('',*,*,#15161,.F.);
#15164=ORIENTED_EDGE('',*,*,#15163,.F.);
#15166=ORIENTED_EDGE('',*,*,#15165,.F.);
#15168=ORIENTED_EDGE('',*,*,#15167,.F.);
#15170=ORIENTED_EDGE('',*,*,#15169,.F.);
#15172=ORIENTED_EDGE('',*,*,#15171,.F.);
#15174=ORIENTED_EDGE('',*,*,#15173,.F.);
#15175=EDGE_LOOP('',(#15160,#15162,#15164,#15166,#15168,#15170,#15172,#15174));
#15176=FACE_OUTER_BOUND('',#15175,.F.);
#15178=ORIENTED_EDGE('',*,*,#15177,.F.);
#15180=ORIENTED_EDGE('',*,*,#15179,.F.);
#15182=ORIENTED_EDGE('',*,*,#15181,.F.);
#15183=EDGE_LOOP('',(#15178,#15180,#15182));
#15184=FACE_BOUND('',#15183,.F.);
#15185=ADVANCED_FACE('',(#15176,#15184),#15158,.T.);
#15186=FILL_AREA_STYLE_COLOUR('',#18);
#15187=FILL_AREA_STYLE('',(#15186));
#15188=SURFACE_STYLE_FILL_AREA(#15187);
#15189=SURFACE_SIDE_STYLE('',(#15188));
#15190=SURFACE_STYLE_USAGE(.POSITIVE.,#15189);
#15191=PRESENTATION_STYLE_ASSIGNMENT((#15190));
#15192=STYLED_ITEM('',(#15191),#15185);
#15193=CARTESIAN_POINT('',(-3.129521045566E-1,-5.961659571081E-1,0.E0));
#15194=DIRECTION('',(0.E0,-1.E0,0.E0));
#15195=DIRECTION('',(-1.E0,0.E0,0.E0));
#15196=AXIS2_PLACEMENT_3D('',#15193,#15194,#15195);
#15197=PLANE('',#15196);
#15198=ORIENTED_EDGE('',*,*,#6668,.F.);
#15200=ORIENTED_EDGE('',*,*,#15199,.T.);
#15201=ORIENTED_EDGE('',*,*,#14956,.T.);
#15203=ORIENTED_EDGE('',*,*,#15202,.F.);
#15204=EDGE_LOOP('',(#15198,#15200,#15201,#15203));
#15205=FACE_OUTER_BOUND('',#15204,.F.);
#15206=ADVANCED_FACE('',(#15205),#15197,.T.);
#15207=FILL_AREA_STYLE_COLOUR('',#18);
#15208=FILL_AREA_STYLE('',(#15207));
#15209=SURFACE_STYLE_FILL_AREA(#15208);
#15210=SURFACE_SIDE_STYLE('',(#15209));
#15211=SURFACE_STYLE_USAGE(.POSITIVE.,#15210);
#15212=PRESENTATION_STYLE_ASSIGNMENT((#15211));
#15213=STYLED_ITEM('',(#15212),#15206);
#15214=CARTESIAN_POINT('',(-3.240791454434E-1,-5.393468069866E-1,0.E0));
#15215=DIRECTION('',(9.813592778365E-1,1.921821214477E-1,0.E0));
#15216=DIRECTION('',(1.921821214477E-1,-9.813592778365E-1,0.E0));
#15217=AXIS2_PLACEMENT_3D('',#15214,#15215,#15216);
#15218=PLANE('',#15217);
#15219=ORIENTED_EDGE('',*,*,#6746,.F.);
#15221=ORIENTED_EDGE('',*,*,#15220,.T.);
#15222=ORIENTED_EDGE('',*,*,#14958,.T.);
#15223=ORIENTED_EDGE('',*,*,#15199,.F.);
#15224=EDGE_LOOP('',(#15219,#15221,#15222,#15223));
#15225=FACE_OUTER_BOUND('',#15224,.F.);
#15226=ADVANCED_FACE('',(#15225),#15218,.T.);
#15227=FILL_AREA_STYLE_COLOUR('',#18);
#15228=FILL_AREA_STYLE('',(#15227));
#15229=SURFACE_STYLE_FILL_AREA(#15228);
#15230=SURFACE_SIDE_STYLE('',(#15229));
#15231=SURFACE_STYLE_USAGE(.POSITIVE.,#15230);
#15232=PRESENTATION_STYLE_ASSIGNMENT((#15231));
#15233=STYLED_ITEM('',(#15232),#15226);
#15234=CARTESIAN_POINT('',(-3.685875E-1,-4.938914892770E-1,0.E0));
#15235=DIRECTION('',(7.145102486526E-1,6.996249742329E-1,0.E0));
#15236=DIRECTION('',(6.996249742329E-1,-7.145102486526E-1,0.E0));
#15237=AXIS2_PLACEMENT_3D('',#15234,#15235,#15236);
#15238=PLANE('',#15237);
#15239=ORIENTED_EDGE('',*,*,#6744,.F.);
#15241=ORIENTED_EDGE('',*,*,#15240,.T.);
#15242=ORIENTED_EDGE('',*,*,#14960,.T.);
#15243=ORIENTED_EDGE('',*,*,#15220,.F.);
#15244=EDGE_LOOP('',(#15239,#15241,#15242,#15243));
#15245=FACE_OUTER_BOUND('',#15244,.F.);
#15246=ADVANCED_FACE('',(#15245),#15238,.T.);
#15247=FILL_AREA_STYLE_COLOUR('',#18);
#15248=FILL_AREA_STYLE('',(#15247));
#15249=SURFACE_STYLE_FILL_AREA(#15248);
#15250=SURFACE_SIDE_STYLE('',(#15249));
#15251=SURFACE_STYLE_USAGE(.POSITIVE.,#15250);
#15252=PRESENTATION_STYLE_ASSIGNMENT((#15251));
#15253=STYLED_ITEM('',(#15252),#15246);
#15254=CARTESIAN_POINT('',(-4.130958545566E-1,-4.711638294274E-1,0.E0));
#15255=DIRECTION('',(4.547769889117E-1,8.906053505096E-1,0.E0));
#15256=DIRECTION('',(8.906053505096E-1,-4.547769889117E-1,0.E0));
#15257=AXIS2_PLACEMENT_3D('',#15254,#15255,#15256);
#15258=PLANE('',#15257);
#15259=ORIENTED_EDGE('',*,*,#6742,.F.);
#15261=ORIENTED_EDGE('',*,*,#15260,.T.);
#15262=ORIENTED_EDGE('',*,*,#14962,.T.);
#15263=ORIENTED_EDGE('',*,*,#15240,.F.);
#15264=EDGE_LOOP('',(#15259,#15261,#15262,#15263));
#15265=FACE_OUTER_BOUND('',#15264,.F.);
#15266=ADVANCED_FACE('',(#15265),#15258,.T.);
#15267=FILL_AREA_STYLE_COLOUR('',#18);
#15268=FILL_AREA_STYLE('',(#15267));
#15269=SURFACE_STYLE_FILL_AREA(#15268);
#15270=SURFACE_SIDE_STYLE('',(#15269));
#15271=SURFACE_STYLE_USAGE(.POSITIVE.,#15270);
#15272=PRESENTATION_STYLE_ASSIGNMENT((#15271));
#15273=STYLED_ITEM('',(#15272),#15266);
#15274=CARTESIAN_POINT('',(-4.6873125E-1,-4.598E-1,0.E0));
#15275=DIRECTION('',(2.001234451615E-1,9.797706908745E-1,0.E0));
#15276=DIRECTION('',(9.797706908745E-1,-2.001234451615E-1,0.E0));
#15277=AXIS2_PLACEMENT_3D('',#15274,#15275,#15276);
#15278=PLANE('',#15277);
#15279=ORIENTED_EDGE('',*,*,#6740,.F.);
#15281=ORIENTED_EDGE('',*,*,#15280,.T.);
#15282=ORIENTED_EDGE('',*,*,#14964,.T.);
#15283=ORIENTED_EDGE('',*,*,#15260,.F.);
#15284=EDGE_LOOP('',(#15279,#15281,#15282,#15283));
#15285=FACE_OUTER_BOUND('',#15284,.F.);
#15286=ADVANCED_FACE('',(#15285),#15278,.T.);
#15287=FILL_AREA_STYLE_COLOUR('',#18);
#15288=FILL_AREA_STYLE('',(#15287));
#15289=SURFACE_STYLE_FILL_AREA(#15288);
#15290=SURFACE_SIDE_STYLE('',(#15289));
#15291=SURFACE_STYLE_USAGE(.POSITIVE.,#15290);
#15292=PRESENTATION_STYLE_ASSIGNMENT((#15291));
#15293=STYLED_ITEM('',(#15292),#15286);
#15294=CARTESIAN_POINT('',(-5.68875E-1,-4.598E-1,0.E0));
#15295=DIRECTION('',(0.E0,1.E0,0.E0));
#15296=DIRECTION('',(1.E0,0.E0,0.E0));
#15297=AXIS2_PLACEMENT_3D('',#15294,#15295,#15296);
#15298=PLANE('',#15297);
#15299=ORIENTED_EDGE('',*,*,#6738,.F.);
#15301=ORIENTED_EDGE('',*,*,#15300,.T.);
#15302=ORIENTED_EDGE('',*,*,#14966,.T.);
#15303=ORIENTED_EDGE('',*,*,#15280,.F.);
#15304=EDGE_LOOP('',(#15299,#15301,#15302,#15303));
#15305=FACE_OUTER_BOUND('',#15304,.F.);
#15306=ADVANCED_FACE('',(#15305),#15298,.T.);
#15307=FILL_AREA_STYLE_COLOUR('',#18);
#15308=FILL_AREA_STYLE('',(#15307));
#15309=SURFACE_STYLE_FILL_AREA(#15308);
#15310=SURFACE_SIDE_STYLE('',(#15309));
#15311=SURFACE_STYLE_USAGE(.POSITIVE.,#15310);
#15312=PRESENTATION_STYLE_ASSIGNMENT((#15311));
#15313=STYLED_ITEM('',(#15312),#15306);
#15314=CARTESIAN_POINT('',(-6.245103954434E-1,-4.711638294274E-1,0.E0));
#15315=DIRECTION('',(-2.001234451615E-1,9.797706908745E-1,0.E0));
#15316=DIRECTION('',(9.797706908745E-1,2.001234451615E-1,0.E0));
#15317=AXIS2_PLACEMENT_3D('',#15314,#15315,#15316);
#15318=PLANE('',#15317);
#15319=ORIENTED_EDGE('',*,*,#6736,.F.);
#15321=ORIENTED_EDGE('',*,*,#15320,.T.);
#15322=ORIENTED_EDGE('',*,*,#14968,.T.);
#15323=ORIENTED_EDGE('',*,*,#15300,.F.);
#15324=EDGE_LOOP('',(#15319,#15321,#15322,#15323));
#15325=FACE_OUTER_BOUND('',#15324,.F.);
#15326=ADVANCED_FACE('',(#15325),#15318,.T.);
#15327=FILL_AREA_STYLE_COLOUR('',#18);
#15328=FILL_AREA_STYLE('',(#15327));
#15329=SURFACE_STYLE_FILL_AREA(#15328);
#15330=SURFACE_SIDE_STYLE('',(#15329));
#15331=SURFACE_STYLE_USAGE(.POSITIVE.,#15330);
#15332=PRESENTATION_STYLE_ASSIGNMENT((#15331));
#15333=STYLED_ITEM('',(#15332),#15326);
#15334=CARTESIAN_POINT('',(-6.6901875E-1,-4.938914892770E-1,0.E0));
#15335=DIRECTION('',(-4.547769889117E-1,8.906053505096E-1,0.E0));
#15336=DIRECTION('',(8.906053505096E-1,4.547769889117E-1,0.E0));
#15337=AXIS2_PLACEMENT_3D('',#15334,#15335,#15336);
#15338=PLANE('',#15337);
#15339=ORIENTED_EDGE('',*,*,#6734,.F.);
#15341=ORIENTED_EDGE('',*,*,#15340,.T.);
#15342=ORIENTED_EDGE('',*,*,#14970,.T.);
#15343=ORIENTED_EDGE('',*,*,#15320,.F.);
#15344=EDGE_LOOP('',(#15339,#15341,#15342,#15343));
#15345=FACE_OUTER_BOUND('',#15344,.F.);
#15346=ADVANCED_FACE('',(#15345),#15338,.T.);
#15347=FILL_AREA_STYLE_COLOUR('',#18);
#15348=FILL_AREA_STYLE('',(#15347));
#15349=SURFACE_STYLE_FILL_AREA(#15348);
#15350=SURFACE_SIDE_STYLE('',(#15349));
#15351=SURFACE_STYLE_USAGE(.POSITIVE.,#15350);
#15352=PRESENTATION_STYLE_ASSIGNMENT((#15351));
#15353=STYLED_ITEM('',(#15352),#15346);
#15354=CARTESIAN_POINT('',(-7.135270727217E-1,-5.393468069866E-1,0.E0));
#15355=DIRECTION('',(-7.145104988025E-1,6.996247187608E-1,0.E0));
#15356=DIRECTION('',(6.996247187608E-1,7.145104988025E-1,0.E0));
#15357=AXIS2_PLACEMENT_3D('',#15354,#15355,#15356);
#15358=PLANE('',#15357);
#15359=ORIENTED_EDGE('',*,*,#6732,.F.);
#15361=ORIENTED_EDGE('',*,*,#15360,.T.);
#15362=ORIENTED_EDGE('',*,*,#14972,.T.);
#15363=ORIENTED_EDGE('',*,*,#15340,.F.);
#15364=EDGE_LOOP('',(#15359,#15361,#15362,#15363));
#15365=FACE_OUTER_BOUND('',#15364,.F.);
#15366=ADVANCED_FACE('',(#15365),#15358,.T.);
#15367=FILL_AREA_STYLE_COLOUR('',#18);
#15368=FILL_AREA_STYLE('',(#15367));
#15369=SURFACE_STYLE_FILL_AREA(#15368);
#15370=SURFACE_SIDE_STYLE('',(#15369));
#15371=SURFACE_STYLE_USAGE(.POSITIVE.,#15370);
#15372=PRESENTATION_STYLE_ASSIGNMENT((#15371));
#15373=STYLED_ITEM('',(#15372),#15366);
#15374=CARTESIAN_POINT('',(-7.3578125E-1,-5.848021286756E-1,0.E0));
#15375=DIRECTION('',(-8.981380447713E-1,4.397136028534E-1,0.E0));
#15376=DIRECTION('',(4.397136028534E-1,8.981380447713E-1,0.E0));
#15377=AXIS2_PLACEMENT_3D('',#15374,#15375,#15376);
#15378=PLANE('',#15377);
#15379=ORIENTED_EDGE('',*,*,#6730,.F.);
#15381=ORIENTED_EDGE('',*,*,#15380,.T.);
#15382=ORIENTED_EDGE('',*,*,#14974,.T.);
#15383=ORIENTED_EDGE('',*,*,#15360,.F.);
#15384=EDGE_LOOP('',(#15379,#15381,#15382,#15383));
#15385=FACE_OUTER_BOUND('',#15384,.F.);
#15386=ADVANCED_FACE('',(#15385),#15378,.T.);
#15387=FILL_AREA_STYLE_COLOUR('',#18);
#15388=FILL_AREA_STYLE('',(#15387));
#15389=SURFACE_STYLE_FILL_AREA(#15388);
#15390=SURFACE_SIDE_STYLE('',(#15389));
#15391=SURFACE_STYLE_USAGE(.POSITIVE.,#15390);
#15392=PRESENTATION_STYLE_ASSIGNMENT((#15391));
#15393=STYLED_ITEM('',(#15392),#15386);
#15394=CARTESIAN_POINT('',(-7.469083227217E-1,-6.416212708384E-1,0.E0));
#15395=DIRECTION('',(-9.813591690599E-1,1.921826769043E-1,0.E0));
#15396=DIRECTION('',(1.921826769043E-1,9.813591690599E-1,0.E0));
#15397=AXIS2_PLACEMENT_3D('',#15394,#15395,#15396);
#15398=PLANE('',#15397);
#15399=ORIENTED_EDGE('',*,*,#6728,.F.);
#15401=ORIENTED_EDGE('',*,*,#15400,.T.);
#15402=ORIENTED_EDGE('',*,*,#14976,.T.);
#15403=ORIENTED_EDGE('',*,*,#15380,.F.);
#15404=EDGE_LOOP('',(#15399,#15401,#15402,#15403));
#15405=FACE_OUTER_BOUND('',#15404,.F.);
#15406=ADVANCED_FACE('',(#15405),#15398,.T.);
#15407=FILL_AREA_STYLE_COLOUR('',#18);
#15408=FILL_AREA_STYLE('',(#15407));
#15409=SURFACE_STYLE_FILL_AREA(#15408);
#15410=SURFACE_SIDE_STYLE('',(#15409));
#15411=SURFACE_STYLE_USAGE(.POSITIVE.,#15410);
#15412=PRESENTATION_STYLE_ASSIGNMENT((#15411));
#15413=STYLED_ITEM('',(#15412),#15406);
#15414=CARTESIAN_POINT('',(-7.469083227217E-1,-8.120787132442E-1,0.E0));
#15415=DIRECTION('',(-1.E0,0.E0,0.E0));
#15416=DIRECTION('',(0.E0,1.E0,0.E0));
#15417=AXIS2_PLACEMENT_3D('',#15414,#15415,#15416);
#15418=PLANE('',#15417);
#15419=ORIENTED_EDGE('',*,*,#6726,.F.);
#15421=ORIENTED_EDGE('',*,*,#15420,.T.);
#15422=ORIENTED_EDGE('',*,*,#14978,.T.);
#15423=ORIENTED_EDGE('',*,*,#15400,.F.);
#15424=EDGE_LOOP('',(#15419,#15421,#15422,#15423));
#15425=FACE_OUTER_BOUND('',#15424,.F.);
#15426=ADVANCED_FACE('',(#15425),#15418,.T.);
#15427=FILL_AREA_STYLE_COLOUR('',#18);
#15428=FILL_AREA_STYLE('',(#15427));
#15429=SURFACE_STYLE_FILL_AREA(#15428);
#15430=SURFACE_SIDE_STYLE('',(#15429));
#15431=SURFACE_STYLE_USAGE(.POSITIVE.,#15430);
#15432=PRESENTATION_STYLE_ASSIGNMENT((#15431));
#15433=STYLED_ITEM('',(#15432),#15426);
#15434=CARTESIAN_POINT('',(-7.3578125E-1,-8.688978872418E-1,0.E0));
#15435=DIRECTION('',(-9.813591893677E-1,-1.921825732045E-1,0.E0));
#15436=DIRECTION('',(-1.921825732045E-1,9.813591893677E-1,0.E0));
#15437=AXIS2_PLACEMENT_3D('',#15434,#15435,#15436);
#15438=PLANE('',#15437);
#15439=ORIENTED_EDGE('',*,*,#6724,.F.);
#15441=ORIENTED_EDGE('',*,*,#15440,.T.);
#15442=ORIENTED_EDGE('',*,*,#14980,.T.);
#15443=ORIENTED_EDGE('',*,*,#15420,.F.);
#15444=EDGE_LOOP('',(#15439,#15441,#15442,#15443));
#15445=FACE_OUTER_BOUND('',#15444,.F.);
#15446=ADVANCED_FACE('',(#15445),#15438,.T.);
#15447=FILL_AREA_STYLE_COLOUR('',#18);
#15448=FILL_AREA_STYLE('',(#15447));
#15449=SURFACE_STYLE_FILL_AREA(#15448);
#15450=SURFACE_SIDE_STYLE('',(#15449));
#15451=SURFACE_STYLE_USAGE(.POSITIVE.,#15450);
#15452=PRESENTATION_STYLE_ASSIGNMENT((#15451));
#15453=STYLED_ITEM('',(#15452),#15446);
#15454=CARTESIAN_POINT('',(-7.135270727217E-1,-9.143532009721E-1,0.E0));
#15455=DIRECTION('',(-8.981380143666E-1,-4.397136649566E-1,0.E0));
#15456=DIRECTION('',(-4.397136649566E-1,8.981380143666E-1,0.E0));
#15457=AXIS2_PLACEMENT_3D('',#15454,#15455,#15456);
#15458=PLANE('',#15457);
#15459=ORIENTED_EDGE('',*,*,#6722,.F.);
#15461=ORIENTED_EDGE('',*,*,#15460,.T.);
#15462=ORIENTED_EDGE('',*,*,#14982,.T.);
#15463=ORIENTED_EDGE('',*,*,#15440,.F.);
#15464=EDGE_LOOP('',(#15459,#15461,#15462,#15463));
#15465=FACE_OUTER_BOUND('',#15464,.F.);
#15466=ADVANCED_FACE('',(#15465),#15458,.T.);
#15467=FILL_AREA_STYLE_COLOUR('',#18);
#15468=FILL_AREA_STYLE('',(#15467));
#15469=SURFACE_STYLE_FILL_AREA(#15468);
#15470=SURFACE_SIDE_STYLE('',(#15469));
#15471=SURFACE_STYLE_USAGE(.POSITIVE.,#15470);
#15472=PRESENTATION_STYLE_ASSIGNMENT((#15471));
#15473=STYLED_ITEM('',(#15472),#15466);
#15474=CARTESIAN_POINT('',(-6.6901875E-1,-9.598085147023E-1,0.E0));
#15475=DIRECTION('',(-7.145104681851E-1,-6.996247500295E-1,0.E0));
#15476=DIRECTION('',(-6.996247500295E-1,7.145104681851E-1,0.E0));
#15477=AXIS2_PLACEMENT_3D('',#15474,#15475,#15476);
#15478=PLANE('',#15477);
#15479=ORIENTED_EDGE('',*,*,#6720,.F.);
#15481=ORIENTED_EDGE('',*,*,#15480,.T.);
#15482=ORIENTED_EDGE('',*,*,#14984,.T.);
#15483=ORIENTED_EDGE('',*,*,#15460,.F.);
#15484=EDGE_LOOP('',(#15479,#15481,#15482,#15483));
#15485=FACE_OUTER_BOUND('',#15484,.F.);
#15486=ADVANCED_FACE('',(#15485),#15478,.T.);
#15487=FILL_AREA_STYLE_COLOUR('',#18);
#15488=FILL_AREA_STYLE('',(#15487));
#15489=SURFACE_STYLE_FILL_AREA(#15488);
#15490=SURFACE_SIDE_STYLE('',(#15489));
#15491=SURFACE_STYLE_USAGE(.POSITIVE.,#15490);
#15492=PRESENTATION_STYLE_ASSIGNMENT((#15491));
#15493=STYLED_ITEM('',(#15492),#15486);
#15494=CARTESIAN_POINT('',(-6.245103954434E-1,-9.825361715674E-1,0.E0));
#15495=DIRECTION('',(-4.547769415434E-1,-8.906053746977E-1,0.E0));
#15496=DIRECTION('',(-8.906053746977E-1,4.547769415434E-1,0.E0));
#15497=AXIS2_PLACEMENT_3D('',#15494,#15495,#15496);
#15498=PLANE('',#15497);
#15499=ORIENTED_EDGE('',*,*,#6718,.F.);
#15501=ORIENTED_EDGE('',*,*,#15500,.T.);
#15502=ORIENTED_EDGE('',*,*,#14986,.T.);
#15503=ORIENTED_EDGE('',*,*,#15480,.F.);
#15504=EDGE_LOOP('',(#15499,#15501,#15502,#15503));
#15505=FACE_OUTER_BOUND('',#15504,.F.);
#15506=ADVANCED_FACE('',(#15505),#15498,.T.);
#15507=FILL_AREA_STYLE_COLOUR('',#18);
#15508=FILL_AREA_STYLE('',(#15507));
#15509=SURFACE_STYLE_FILL_AREA(#15508);
#15510=SURFACE_SIDE_STYLE('',(#15509));
#15511=SURFACE_STYLE_USAGE(.POSITIVE.,#15510);
#15512=PRESENTATION_STYLE_ASSIGNMENT((#15511));
#15513=STYLED_ITEM('',(#15512),#15506);
#15514=CARTESIAN_POINT('',(-5.68875E-1,-9.939E-1,0.E0));
#15515=DIRECTION('',(-2.001234283435E-1,-9.797706943097E-1,0.E0));
#15516=DIRECTION('',(-9.797706943097E-1,2.001234283435E-1,0.E0));
#15517=AXIS2_PLACEMENT_3D('',#15514,#15515,#15516);
#15518=PLANE('',#15517);
#15519=ORIENTED_EDGE('',*,*,#6716,.F.);
#15521=ORIENTED_EDGE('',*,*,#15520,.T.);
#15522=ORIENTED_EDGE('',*,*,#14988,.T.);
#15523=ORIENTED_EDGE('',*,*,#15500,.F.);
#15524=EDGE_LOOP('',(#15519,#15521,#15522,#15523));
#15525=FACE_OUTER_BOUND('',#15524,.F.);
#15526=ADVANCED_FACE('',(#15525),#15518,.T.);
#15527=FILL_AREA_STYLE_COLOUR('',#18);
#15528=FILL_AREA_STYLE('',(#15527));
#15529=SURFACE_STYLE_FILL_AREA(#15528);
#15530=SURFACE_SIDE_STYLE('',(#15529));
#15531=SURFACE_STYLE_USAGE(.POSITIVE.,#15530);
#15532=PRESENTATION_STYLE_ASSIGNMENT((#15531));
#15533=STYLED_ITEM('',(#15532),#15526);
#15534=CARTESIAN_POINT('',(-4.6873125E-1,-9.939E-1,0.E0));
#15535=DIRECTION('',(0.E0,-1.E0,0.E0));
#15536=DIRECTION('',(-1.E0,0.E0,0.E0));
#15537=AXIS2_PLACEMENT_3D('',#15534,#15535,#15536);
#15538=PLANE('',#15537);
#15539=ORIENTED_EDGE('',*,*,#6714,.F.);
#15541=ORIENTED_EDGE('',*,*,#15540,.T.);
#15542=ORIENTED_EDGE('',*,*,#14990,.T.);
#15543=ORIENTED_EDGE('',*,*,#15520,.F.);
#15544=EDGE_LOOP('',(#15539,#15541,#15542,#15543));
#15545=FACE_OUTER_BOUND('',#15544,.F.);
#15546=ADVANCED_FACE('',(#15545),#15538,.T.);
#15547=FILL_AREA_STYLE_COLOUR('',#18);
#15548=FILL_AREA_STYLE('',(#15547));
#15549=SURFACE_STYLE_FILL_AREA(#15548);
#15550=SURFACE_SIDE_STYLE('',(#15549));
#15551=SURFACE_STYLE_USAGE(.POSITIVE.,#15550);
#15552=PRESENTATION_STYLE_ASSIGNMENT((#15551));
#15553=STYLED_ITEM('',(#15552),#15546);
#15554=CARTESIAN_POINT('',(-4.130958545566E-1,-9.825361715674E-1,0.E0));
#15555=DIRECTION('',(2.001234283435E-1,-9.797706943097E-1,0.E0));
#15556=DIRECTION('',(-9.797706943097E-1,-2.001234283435E-1,0.E0));
#15557=AXIS2_PLACEMENT_3D('',#15554,#15555,#15556);
#15558=PLANE('',#15557);
#15559=ORIENTED_EDGE('',*,*,#6712,.F.);
#15561=ORIENTED_EDGE('',*,*,#15560,.T.);
#15562=ORIENTED_EDGE('',*,*,#14992,.T.);
#15563=ORIENTED_EDGE('',*,*,#15540,.F.);
#15564=EDGE_LOOP('',(#15559,#15561,#15562,#15563));
#15565=FACE_OUTER_BOUND('',#15564,.F.);
#15566=ADVANCED_FACE('',(#15565),#15558,.T.);
#15567=FILL_AREA_STYLE_COLOUR('',#18);
#15568=FILL_AREA_STYLE('',(#15567));
#15569=SURFACE_STYLE_FILL_AREA(#15568);
#15570=SURFACE_SIDE_STYLE('',(#15569));
#15571=SURFACE_STYLE_USAGE(.POSITIVE.,#15570);
#15572=PRESENTATION_STYLE_ASSIGNMENT((#15571));
#15573=STYLED_ITEM('',(#15572),#15566);
#15574=CARTESIAN_POINT('',(-3.685875E-1,-9.598085147023E-1,0.E0));
#15575=DIRECTION('',(4.547769415434E-1,-8.906053746977E-1,0.E0));
#15576=DIRECTION('',(-8.906053746977E-1,-4.547769415434E-1,0.E0));
#15577=AXIS2_PLACEMENT_3D('',#15574,#15575,#15576);
#15578=PLANE('',#15577);
#15579=ORIENTED_EDGE('',*,*,#6710,.F.);
#15581=ORIENTED_EDGE('',*,*,#15580,.T.);
#15582=ORIENTED_EDGE('',*,*,#14994,.T.);
#15583=ORIENTED_EDGE('',*,*,#15560,.F.);
#15584=EDGE_LOOP('',(#15579,#15581,#15582,#15583));
#15585=FACE_OUTER_BOUND('',#15584,.F.);
#15586=ADVANCED_FACE('',(#15585),#15578,.T.);
#15587=FILL_AREA_STYLE_COLOUR('',#18);
#15588=FILL_AREA_STYLE('',(#15587));
#15589=SURFACE_STYLE_FILL_AREA(#15588);
#15590=SURFACE_SIDE_STYLE('',(#15589));
#15591=SURFACE_STYLE_USAGE(.POSITIVE.,#15590);
#15592=PRESENTATION_STYLE_ASSIGNMENT((#15591));
#15593=STYLED_ITEM('',(#15592),#15586);
#15594=CARTESIAN_POINT('',(-3.240791454434E-1,-9.143532009721E-1,0.E0));
#15595=DIRECTION('',(7.145102180353E-1,-6.996250055017E-1,0.E0));
#15596=DIRECTION('',(-6.996250055017E-1,-7.145102180353E-1,0.E0));
#15597=AXIS2_PLACEMENT_3D('',#15594,#15595,#15596);
#15598=PLANE('',#15597);
#15599=ORIENTED_EDGE('',*,*,#6708,.F.);
#15601=ORIENTED_EDGE('',*,*,#15600,.T.);
#15602=ORIENTED_EDGE('',*,*,#14996,.T.);
#15603=ORIENTED_EDGE('',*,*,#15580,.F.);
#15604=EDGE_LOOP('',(#15599,#15601,#15602,#15603));
#15605=FACE_OUTER_BOUND('',#15604,.F.);
#15606=ADVANCED_FACE('',(#15605),#15598,.T.);
#15607=FILL_AREA_STYLE_COLOUR('',#18);
#15608=FILL_AREA_STYLE('',(#15607));
#15609=SURFACE_STYLE_FILL_AREA(#15608);
#15610=SURFACE_SIDE_STYLE('',(#15609));
#15611=SURFACE_STYLE_USAGE(.POSITIVE.,#15610);
#15612=PRESENTATION_STYLE_ASSIGNMENT((#15611));
#15613=STYLED_ITEM('',(#15612),#15606);
#15614=CARTESIAN_POINT('',(-3.129521045566E-1,-8.575340269744E-1,0.E0));
#15615=DIRECTION('',(9.813592930674E-1,-1.921820436730E-1,0.E0));
#15616=DIRECTION('',(-1.921820436730E-1,-9.813592930674E-1,0.E0));
#15617=AXIS2_PLACEMENT_3D('',#15614,#15615,#15616);
#15618=PLANE('',#15617);
#15619=ORIENTED_EDGE('',*,*,#6706,.F.);
#15621=ORIENTED_EDGE('',*,*,#15620,.T.);
#15622=ORIENTED_EDGE('',*,*,#14998,.T.);
#15623=ORIENTED_EDGE('',*,*,#15600,.F.);
#15624=EDGE_LOOP('',(#15619,#15621,#15622,#15623));
#15625=FACE_OUTER_BOUND('',#15624,.F.);
#15626=ADVANCED_FACE('',(#15625),#15618,.T.);
#15627=FILL_AREA_STYLE_COLOUR('',#18);
#15628=FILL_AREA_STYLE('',(#15627));
#15629=SURFACE_STYLE_FILL_AREA(#15628);
#15630=SURFACE_SIDE_STYLE('',(#15629));
#15631=SURFACE_STYLE_USAGE(.POSITIVE.,#15630);
#15632=PRESENTATION_STYLE_ASSIGNMENT((#15631));
#15633=STYLED_ITEM('',(#15632),#15626);
#15634=CARTESIAN_POINT('',(-3.797146045566E-1,-8.575340269744E-1,0.E0));
#15635=DIRECTION('',(0.E0,1.E0,0.E0));
#15636=DIRECTION('',(1.E0,0.E0,0.E0));
#15637=AXIS2_PLACEMENT_3D('',#15634,#15635,#15636);
#15638=PLANE('',#15637);
#15639=ORIENTED_EDGE('',*,*,#6704,.F.);
#15641=ORIENTED_EDGE('',*,*,#15640,.T.);
#15642=ORIENTED_EDGE('',*,*,#15000,.T.);
#15643=ORIENTED_EDGE('',*,*,#15620,.F.);
#15644=EDGE_LOOP('',(#15639,#15641,#15642,#15643));
#15645=FACE_OUTER_BOUND('',#15644,.F.);
#15646=ADVANCED_FACE('',(#15645),#15638,.T.);
#15647=FILL_AREA_STYLE_COLOUR('',#18);
#15648=FILL_AREA_STYLE('',(#15647));
#15649=SURFACE_STYLE_FILL_AREA(#15648);
#15650=SURFACE_SIDE_STYLE('',(#15649));
#15651=SURFACE_STYLE_USAGE(.POSITIVE.,#15650);
#15652=PRESENTATION_STYLE_ASSIGNMENT((#15651));
#15653=STYLED_ITEM('',(#15652),#15646);
#15654=CARTESIAN_POINT('',(-3.908416454434E-1,-8.916255441070E-1,0.E0));
#15655=DIRECTION('',(-9.506456267027E-1,3.102787334496E-1,0.E0));
#15656=DIRECTION('',(3.102787334496E-1,9.506456267027E-1,0.E0));
#15657=AXIS2_PLACEMENT_3D('',#15654,#15655,#15656);
#15658=PLANE('',#15657);
#15659=ORIENTED_EDGE('',*,*,#6702,.F.);
#15661=ORIENTED_EDGE('',*,*,#15660,.T.);
#15662=ORIENTED_EDGE('',*,*,#15002,.T.);
#15663=ORIENTED_EDGE('',*,*,#15640,.F.);
#15664=EDGE_LOOP('',(#15659,#15661,#15662,#15663));
#15665=FACE_OUTER_BOUND('',#15664,.F.);
#15666=ADVANCED_FACE('',(#15665),#15658,.T.);
#15667=FILL_AREA_STYLE_COLOUR('',#18);
#15668=FILL_AREA_STYLE('',(#15667));
#15669=SURFACE_STYLE_FILL_AREA(#15668);
#15670=SURFACE_SIDE_STYLE('',(#15669));
#15671=SURFACE_STYLE_USAGE(.POSITIVE.,#15670);
#15672=PRESENTATION_STYLE_ASSIGNMENT((#15671));
#15673=STYLED_ITEM('',(#15672),#15666);
#15674=CARTESIAN_POINT('',(-4.242228954434E-1,-9.143532009721E-1,0.E0));
#15675=DIRECTION('',(-5.627909312417E-1,8.265992787996E-1,0.E0));
#15676=DIRECTION('',(8.265992787996E-1,5.627909312417E-1,0.E0));
#15677=AXIS2_PLACEMENT_3D('',#15674,#15675,#15676);
#15678=PLANE('',#15677);
#15679=ORIENTED_EDGE('',*,*,#6700,.F.);
#15681=ORIENTED_EDGE('',*,*,#15680,.T.);
#15682=ORIENTED_EDGE('',*,*,#15004,.T.);
#15683=ORIENTED_EDGE('',*,*,#15660,.F.);
#15684=EDGE_LOOP('',(#15679,#15681,#15682,#15683));
#15685=FACE_OUTER_BOUND('',#15684,.F.);
#15686=ADVANCED_FACE('',(#15685),#15678,.T.);
#15687=FILL_AREA_STYLE_COLOUR('',#18);
#15688=FILL_AREA_STYLE('',(#15687));
#15689=SURFACE_STYLE_FILL_AREA(#15688);
#15690=SURFACE_SIDE_STYLE('',(#15689));
#15691=SURFACE_STYLE_USAGE(.POSITIVE.,#15690);
#15692=PRESENTATION_STYLE_ASSIGNMENT((#15691));
#15693=STYLED_ITEM('',(#15692),#15686);
#15694=CARTESIAN_POINT('',(-4.6873125E-1,-9.257170294046E-1,0.E0));
#15695=DIRECTION('',(-2.473831068378E-1,9.689177459678E-1,0.E0));
#15696=DIRECTION('',(9.689177459678E-1,2.473831068378E-1,0.E0));
#15697=AXIS2_PLACEMENT_3D('',#15694,#15695,#15696);
#15698=PLANE('',#15697);
#15699=ORIENTED_EDGE('',*,*,#6698,.F.);
#15701=ORIENTED_EDGE('',*,*,#15700,.T.);
#15702=ORIENTED_EDGE('',*,*,#15006,.T.);
#15703=ORIENTED_EDGE('',*,*,#15680,.F.);
#15704=EDGE_LOOP('',(#15699,#15701,#15702,#15703));
#15705=FACE_OUTER_BOUND('',#15704,.F.);
#15706=ADVANCED_FACE('',(#15705),#15698,.T.);
#15707=FILL_AREA_STYLE_COLOUR('',#18);
#15708=FILL_AREA_STYLE('',(#15707));
#15709=SURFACE_STYLE_FILL_AREA(#15708);
#15710=SURFACE_SIDE_STYLE('',(#15709));
#15711=SURFACE_STYLE_USAGE(.POSITIVE.,#15710);
#15712=PRESENTATION_STYLE_ASSIGNMENT((#15711));
#15713=STYLED_ITEM('',(#15712),#15706);
#15714=CARTESIAN_POINT('',(-5.68875E-1,-9.257170294046E-1,0.E0));
#15715=DIRECTION('',(0.E0,1.E0,0.E0));
#15716=DIRECTION('',(1.E0,0.E0,0.E0));
#15717=AXIS2_PLACEMENT_3D('',#15714,#15715,#15716);
#15718=PLANE('',#15717);
#15719=ORIENTED_EDGE('',*,*,#6696,.F.);
#15721=ORIENTED_EDGE('',*,*,#15720,.T.);
#15722=ORIENTED_EDGE('',*,*,#15008,.T.);
#15723=ORIENTED_EDGE('',*,*,#15700,.F.);
#15724=EDGE_LOOP('',(#15719,#15721,#15722,#15723));
#15725=FACE_OUTER_BOUND('',#15724,.F.);
#15726=ADVANCED_FACE('',(#15725),#15718,.T.);
#15727=FILL_AREA_STYLE_COLOUR('',#18);
#15728=FILL_AREA_STYLE('',(#15727));
#15729=SURFACE_STYLE_FILL_AREA(#15728);
#15730=SURFACE_SIDE_STYLE('',(#15729));
#15731=SURFACE_STYLE_USAGE(.POSITIVE.,#15730);
#15732=PRESENTATION_STYLE_ASSIGNMENT((#15731));
#15733=STYLED_ITEM('',(#15732),#15726);
#15734=CARTESIAN_POINT('',(-6.133833545566E-1,-9.143532009721E-1,0.E0));
#15735=DIRECTION('',(2.473831068378E-1,9.689177459678E-1,0.E0));
#15736=DIRECTION('',(9.689177459678E-1,-2.473831068378E-1,0.E0));
#15737=AXIS2_PLACEMENT_3D('',#15734,#15735,#15736);
#15738=PLANE('',#15737);
#15739=ORIENTED_EDGE('',*,*,#6694,.F.);
#15741=ORIENTED_EDGE('',*,*,#15740,.T.);
#15742=ORIENTED_EDGE('',*,*,#15010,.T.);
#15743=ORIENTED_EDGE('',*,*,#15720,.F.);
#15744=EDGE_LOOP('',(#15739,#15741,#15742,#15743));
#15745=FACE_OUTER_BOUND('',#15744,.F.);
#15746=ADVANCED_FACE('',(#15745),#15738,.T.);
#15747=FILL_AREA_STYLE_COLOUR('',#18);
#15748=FILL_AREA_STYLE('',(#15747));
#15749=SURFACE_STYLE_FILL_AREA(#15748);
#15750=SURFACE_SIDE_STYLE('',(#15749));
#15751=SURFACE_STYLE_USAGE(.POSITIVE.,#15750);
#15752=PRESENTATION_STYLE_ASSIGNMENT((#15751));
#15753=STYLED_ITEM('',(#15752),#15746);
#15754=CARTESIAN_POINT('',(-6.467646045566E-1,-8.916255441070E-1,0.E0));
#15755=DIRECTION('',(5.627909312417E-1,8.265992787996E-1,0.E0));
#15756=DIRECTION('',(8.265992787996E-1,-5.627909312417E-1,0.E0));
#15757=AXIS2_PLACEMENT_3D('',#15754,#15755,#15756);
#15758=PLANE('',#15757);
#15759=ORIENTED_EDGE('',*,*,#6692,.F.);
#15761=ORIENTED_EDGE('',*,*,#15760,.T.);
#15762=ORIENTED_EDGE('',*,*,#15012,.T.);
#15763=ORIENTED_EDGE('',*,*,#15740,.F.);
#15764=EDGE_LOOP('',(#15759,#15761,#15762,#15763));
#15765=FACE_OUTER_BOUND('',#15764,.F.);
#15766=ADVANCED_FACE('',(#15765),#15758,.T.);
#15767=FILL_AREA_STYLE_COLOUR('',#18);
#15768=FILL_AREA_STYLE('',(#15767));
#15769=SURFACE_STYLE_FILL_AREA(#15768);
#15770=SURFACE_SIDE_STYLE('',(#15769));
#15771=SURFACE_STYLE_USAGE(.POSITIVE.,#15770);
#15772=PRESENTATION_STYLE_ASSIGNMENT((#15771));
#15773=STYLED_ITEM('',(#15772),#15766);
#15774=CARTESIAN_POINT('',(-6.6901875E-1,-8.575340269744E-1,0.E0));
#15775=DIRECTION('',(8.373795927994E-1,5.466218231676E-1,0.E0));
#15776=DIRECTION('',(5.466218231676E-1,-8.373795927994E-1,0.E0));
#15777=AXIS2_PLACEMENT_3D('',#15774,#15775,#15776);
#15778=PLANE('',#15777);
#15779=ORIENTED_EDGE('',*,*,#6690,.F.);
#15781=ORIENTED_EDGE('',*,*,#15780,.T.);
#15782=ORIENTED_EDGE('',*,*,#15014,.T.);
#15783=ORIENTED_EDGE('',*,*,#15760,.F.);
#15784=EDGE_LOOP('',(#15779,#15781,#15782,#15783));
#15785=FACE_OUTER_BOUND('',#15784,.F.);
#15786=ADVANCED_FACE('',(#15785),#15778,.T.);
#15787=FILL_AREA_STYLE_COLOUR('',#18);
#15788=FILL_AREA_STYLE('',(#15787));
#15789=SURFACE_STYLE_FILL_AREA(#15788);
#15790=SURFACE_SIDE_STYLE('',(#15789));
#15791=SURFACE_STYLE_USAGE(.POSITIVE.,#15790);
#15792=PRESENTATION_STYLE_ASSIGNMENT((#15791));
#15793=STYLED_ITEM('',(#15792),#15786);
#15794=CARTESIAN_POINT('',(-6.801458545566E-1,-8.120787132442E-1,0.E0));
#15795=DIRECTION('',(9.713210491251E-1,2.377717803411E-1,0.E0));
#15796=DIRECTION('',(2.377717803411E-1,-9.713210491251E-1,0.E0));
#15797=AXIS2_PLACEMENT_3D('',#15794,#15795,#15796);
#15798=PLANE('',#15797);
#15799=ORIENTED_EDGE('',*,*,#6688,.F.);
#15801=ORIENTED_EDGE('',*,*,#15800,.T.);
#15802=ORIENTED_EDGE('',*,*,#15016,.T.);
#15803=ORIENTED_EDGE('',*,*,#15780,.F.);
#15804=EDGE_LOOP('',(#15799,#15801,#15802,#15803));
#15805=FACE_OUTER_BOUND('',#15804,.F.);
#15806=ADVANCED_FACE('',(#15805),#15798,.T.);
#15807=FILL_AREA_STYLE_COLOUR('',#18);
#15808=FILL_AREA_STYLE('',(#15807));
#15809=SURFACE_STYLE_FILL_AREA(#15808);
#15810=SURFACE_SIDE_STYLE('',(#15809));
#15811=SURFACE_STYLE_USAGE(.POSITIVE.,#15810);
#15812=PRESENTATION_STYLE_ASSIGNMENT((#15811));
#15813=STYLED_ITEM('',(#15812),#15806);
#15814=CARTESIAN_POINT('',(-6.801458545566E-1,-6.416212708384E-1,0.E0));
#15815=DIRECTION('',(1.E0,0.E0,0.E0));
#15816=DIRECTION('',(0.E0,-1.E0,0.E0));
#15817=AXIS2_PLACEMENT_3D('',#15814,#15815,#15816);
#15818=PLANE('',#15817);
#15819=ORIENTED_EDGE('',*,*,#6686,.F.);
#15821=ORIENTED_EDGE('',*,*,#15820,.T.);
#15822=ORIENTED_EDGE('',*,*,#15018,.T.);
#15823=ORIENTED_EDGE('',*,*,#15800,.F.);
#15824=EDGE_LOOP('',(#15819,#15821,#15822,#15823));
#15825=FACE_OUTER_BOUND('',#15824,.F.);
#15826=ADVANCED_FACE('',(#15825),#15818,.T.);
#15827=FILL_AREA_STYLE_COLOUR('',#18);
#15828=FILL_AREA_STYLE('',(#15827));
#15829=SURFACE_STYLE_FILL_AREA(#15828);
#15830=SURFACE_SIDE_STYLE('',(#15829));
#15831=SURFACE_STYLE_USAGE(.POSITIVE.,#15830);
#15832=PRESENTATION_STYLE_ASSIGNMENT((#15831));
#15833=STYLED_ITEM('',(#15832),#15826);
#15834=CARTESIAN_POINT('',(-6.6901875E-1,-5.961659571081E-1,0.E0));
#15835=DIRECTION('',(9.713210491251E-1,-2.377717803411E-1,0.E0));
#15836=DIRECTION('',(-2.377717803411E-1,-9.713210491251E-1,0.E0));
#15837=AXIS2_PLACEMENT_3D('',#15834,#15835,#15836);
#15838=PLANE('',#15837);
#15839=ORIENTED_EDGE('',*,*,#6684,.F.);
#15841=ORIENTED_EDGE('',*,*,#15840,.T.);
#15842=ORIENTED_EDGE('',*,*,#15020,.T.);
#15843=ORIENTED_EDGE('',*,*,#15820,.F.);
#15844=EDGE_LOOP('',(#15839,#15841,#15842,#15843));
#15845=FACE_OUTER_BOUND('',#15844,.F.);
#15846=ADVANCED_FACE('',(#15845),#15838,.T.);
#15847=FILL_AREA_STYLE_COLOUR('',#18);
#15848=FILL_AREA_STYLE('',(#15847));
#15849=SURFACE_STYLE_FILL_AREA(#15848);
#15850=SURFACE_SIDE_STYLE('',(#15849));
#15851=SURFACE_STYLE_USAGE(.POSITIVE.,#15850);
#15852=PRESENTATION_STYLE_ASSIGNMENT((#15851));
#15853=STYLED_ITEM('',(#15852),#15846);
#15854=CARTESIAN_POINT('',(-6.467646045566E-1,-5.620744718105E-1,0.E0));
#15855=DIRECTION('',(8.373793591563E-1,-5.466221810895E-1,0.E0));
#15856=DIRECTION('',(-5.466221810895E-1,-8.373793591563E-1,0.E0));
#15857=AXIS2_PLACEMENT_3D('',#15854,#15855,#15856);
#15858=PLANE('',#15857);
#15859=ORIENTED_EDGE('',*,*,#6682,.F.);
#15861=ORIENTED_EDGE('',*,*,#15860,.T.);
#15862=ORIENTED_EDGE('',*,*,#15022,.T.);
#15863=ORIENTED_EDGE('',*,*,#15840,.F.);
#15864=EDGE_LOOP('',(#15859,#15861,#15862,#15863));
#15865=FACE_OUTER_BOUND('',#15864,.F.);
#15866=ADVANCED_FACE('',(#15865),#15858,.T.);
#15867=FILL_AREA_STYLE_COLOUR('',#18);
#15868=FILL_AREA_STYLE('',(#15867));
#15869=SURFACE_STYLE_FILL_AREA(#15868);
#15870=SURFACE_SIDE_STYLE('',(#15869));
#15871=SURFACE_STYLE_USAGE(.POSITIVE.,#15870);
#15872=PRESENTATION_STYLE_ASSIGNMENT((#15871));
#15873=STYLED_ITEM('',(#15872),#15866);
#15874=CARTESIAN_POINT('',(-6.133833545566E-1,-5.393468069866E-1,0.E0));
#15875=DIRECTION('',(5.627910658976E-1,-8.265991871191E-1,0.E0));
#15876=DIRECTION('',(-8.265991871191E-1,-5.627910658976E-1,0.E0));
#15877=AXIS2_PLACEMENT_3D('',#15874,#15875,#15876);
#15878=PLANE('',#15877);
#15879=ORIENTED_EDGE('',*,*,#6680,.F.);
#15881=ORIENTED_EDGE('',*,*,#15880,.T.);
#15882=ORIENTED_EDGE('',*,*,#15024,.T.);
#15883=ORIENTED_EDGE('',*,*,#15860,.F.);
#15884=EDGE_LOOP('',(#15879,#15881,#15882,#15883));
#15885=FACE_OUTER_BOUND('',#15884,.F.);
#15886=ADVANCED_FACE('',(#15885),#15878,.T.);
#15887=FILL_AREA_STYLE_COLOUR('',#18);
#15888=FILL_AREA_STYLE('',(#15887));
#15889=SURFACE_STYLE_FILL_AREA(#15888);
#15890=SURFACE_SIDE_STYLE('',(#15889));
#15891=SURFACE_STYLE_USAGE(.POSITIVE.,#15890);
#15892=PRESENTATION_STYLE_ASSIGNMENT((#15891));
#15893=STYLED_ITEM('',(#15892),#15886);
#15894=CARTESIAN_POINT('',(-5.68875E-1,-5.279829785541E-1,0.E0));
#15895=DIRECTION('',(2.473831068378E-1,-9.689177459678E-1,0.E0));
#15896=DIRECTION('',(-9.689177459678E-1,-2.473831068378E-1,0.E0));
#15897=AXIS2_PLACEMENT_3D('',#15894,#15895,#15896);
#15898=PLANE('',#15897);
#15899=ORIENTED_EDGE('',*,*,#6678,.F.);
#15901=ORIENTED_EDGE('',*,*,#15900,.T.);
#15902=ORIENTED_EDGE('',*,*,#15026,.T.);
#15903=ORIENTED_EDGE('',*,*,#15880,.F.);
#15904=EDGE_LOOP('',(#15899,#15901,#15902,#15903));
#15905=FACE_OUTER_BOUND('',#15904,.F.);
#15906=ADVANCED_FACE('',(#15905),#15898,.T.);
#15907=FILL_AREA_STYLE_COLOUR('',#18);
#15908=FILL_AREA_STYLE('',(#15907));
#15909=SURFACE_STYLE_FILL_AREA(#15908);
#15910=SURFACE_SIDE_STYLE('',(#15909));
#15911=SURFACE_STYLE_USAGE(.POSITIVE.,#15910);
#15912=PRESENTATION_STYLE_ASSIGNMENT((#15911));
#15913=STYLED_ITEM('',(#15912),#15906);
#15914=CARTESIAN_POINT('',(-4.6873125E-1,-5.279829785541E-1,0.E0));
#15915=DIRECTION('',(0.E0,-1.E0,0.E0));
#15916=DIRECTION('',(-1.E0,0.E0,0.E0));
#15917=AXIS2_PLACEMENT_3D('',#15914,#15915,#15916);
#15918=PLANE('',#15917);
#15919=ORIENTED_EDGE('',*,*,#6676,.F.);
#15921=ORIENTED_EDGE('',*,*,#15920,.T.);
#15922=ORIENTED_EDGE('',*,*,#15028,.T.);
#15923=ORIENTED_EDGE('',*,*,#15900,.F.);
#15924=EDGE_LOOP('',(#15919,#15921,#15922,#15923));
#15925=FACE_OUTER_BOUND('',#15924,.F.);
#15926=ADVANCED_FACE('',(#15925),#15918,.T.);
#15927=FILL_AREA_STYLE_COLOUR('',#18);
#15928=FILL_AREA_STYLE('',(#15927));
#15929=SURFACE_STYLE_FILL_AREA(#15928);
#15930=SURFACE_SIDE_STYLE('',(#15929));
#15931=SURFACE_STYLE_USAGE(.POSITIVE.,#15930);
#15932=PRESENTATION_STYLE_ASSIGNMENT((#15931));
#15933=STYLED_ITEM('',(#15932),#15926);
#15934=CARTESIAN_POINT('',(-4.242228954434E-1,-5.393468069866E-1,0.E0));
#15935=DIRECTION('',(-2.473831068378E-1,-9.689177459678E-1,0.E0));
#15936=DIRECTION('',(-9.689177459678E-1,2.473831068378E-1,0.E0));
#15937=AXIS2_PLACEMENT_3D('',#15934,#15935,#15936);
#15938=PLANE('',#15937);
#15939=ORIENTED_EDGE('',*,*,#6674,.F.);
#15941=ORIENTED_EDGE('',*,*,#15940,.T.);
#15942=ORIENTED_EDGE('',*,*,#15030,.T.);
#15943=ORIENTED_EDGE('',*,*,#15920,.F.);
#15944=EDGE_LOOP('',(#15939,#15941,#15942,#15943));
#15945=FACE_OUTER_BOUND('',#15944,.F.);
#15946=ADVANCED_FACE('',(#15945),#15938,.T.);
#15947=FILL_AREA_STYLE_COLOUR('',#18);
#15948=FILL_AREA_STYLE('',(#15947));
#15949=SURFACE_STYLE_FILL_AREA(#15948);
#15950=SURFACE_SIDE_STYLE('',(#15949));
#15951=SURFACE_STYLE_USAGE(.POSITIVE.,#15950);
#15952=PRESENTATION_STYLE_ASSIGNMENT((#15951));
#15953=STYLED_ITEM('',(#15952),#15946);
#15954=CARTESIAN_POINT('',(-3.908416454434E-1,-5.620744718105E-1,0.E0));
#15955=DIRECTION('',(-5.627910658975E-1,-8.265991871191E-1,0.E0));
#15956=DIRECTION('',(-8.265991871191E-1,5.627910658975E-1,0.E0));
#15957=AXIS2_PLACEMENT_3D('',#15954,#15955,#15956);
#15958=PLANE('',#15957);
#15959=ORIENTED_EDGE('',*,*,#6672,.F.);
#15961=ORIENTED_EDGE('',*,*,#15960,.T.);
#15962=ORIENTED_EDGE('',*,*,#15032,.T.);
#15963=ORIENTED_EDGE('',*,*,#15940,.F.);
#15964=EDGE_LOOP('',(#15959,#15961,#15962,#15963));
#15965=FACE_OUTER_BOUND('',#15964,.F.);
#15966=ADVANCED_FACE('',(#15965),#15958,.T.);
#15967=FILL_AREA_STYLE_COLOUR('',#18);
#15968=FILL_AREA_STYLE('',(#15967));
#15969=SURFACE_STYLE_FILL_AREA(#15968);
#15970=SURFACE_SIDE_STYLE('',(#15969));
#15971=SURFACE_STYLE_USAGE(.POSITIVE.,#15970);
#15972=PRESENTATION_STYLE_ASSIGNMENT((#15971));
#15973=STYLED_ITEM('',(#15972),#15966);
#15974=CARTESIAN_POINT('',(-3.797146045566E-1,-5.961659571081E-1,0.E0));
#15975=DIRECTION('',(-9.506455412394E-1,-3.102789952956E-1,0.E0));
#15976=DIRECTION('',(-3.102789952956E-1,9.506455412394E-1,0.E0));
#15977=AXIS2_PLACEMENT_3D('',#15974,#15975,#15976);
#15978=PLANE('',#15977);
#15979=ORIENTED_EDGE('',*,*,#6670,.F.);
#15980=ORIENTED_EDGE('',*,*,#15202,.T.);
#15981=ORIENTED_EDGE('',*,*,#15034,.T.);
#15982=ORIENTED_EDGE('',*,*,#15960,.F.);
#15983=EDGE_LOOP('',(#15979,#15980,#15981,#15982));
#15984=FACE_OUTER_BOUND('',#15983,.F.);
#15985=ADVANCED_FACE('',(#15984),#15978,.T.);
#15986=FILL_AREA_STYLE_COLOUR('',#18);
#15987=FILL_AREA_STYLE('',(#15986));
#15988=SURFACE_STYLE_FILL_AREA(#15987);
#15989=SURFACE_SIDE_STYLE('',(#15988));
#15990=SURFACE_STYLE_USAGE(.POSITIVE.,#15989);
#15991=PRESENTATION_STYLE_ASSIGNMENT((#15990));
#15992=STYLED_ITEM('',(#15991),#15985);
#15993=CARTESIAN_POINT('',(1.766395408869E-1,-5.279829785541E-1,0.E0));
#15994=DIRECTION('',(0.E0,-1.E0,0.E0));
#15995=DIRECTION('',(-1.E0,0.E0,0.E0));
#15996=AXIS2_PLACEMENT_3D('',#15993,#15994,#15995);
#15997=PLANE('',#15996);
#15998=ORIENTED_EDGE('',*,*,#6750,.F.);
#16000=ORIENTED_EDGE('',*,*,#15999,.T.);
#16001=ORIENTED_EDGE('',*,*,#15051,.T.);
#16003=ORIENTED_EDGE('',*,*,#16002,.F.);
#16004=EDGE_LOOP('',(#15998,#16000,#16001,#16003));
#16005=FACE_OUTER_BOUND('',#16004,.F.);
#16006=ADVANCED_FACE('',(#16005),#15997,.T.);
#16007=FILL_AREA_STYLE_COLOUR('',#18);
#16008=FILL_AREA_STYLE('',(#16007));
#16009=SURFACE_STYLE_FILL_AREA(#16008);
#16010=SURFACE_SIDE_STYLE('',(#16009));
#16011=SURFACE_STYLE_USAGE(.POSITIVE.,#16010);
#16012=PRESENTATION_STYLE_ASSIGNMENT((#16011));
#16013=STYLED_ITEM('',(#16012),#16006);
#16014=CARTESIAN_POINT('',(1.766395408869E-1,-4.598E-1,0.E0));
#16015=DIRECTION('',(1.E0,0.E0,0.E0));
#16016=DIRECTION('',(0.E0,-1.E0,0.E0));
#16017=AXIS2_PLACEMENT_3D('',#16014,#16015,#16016);
#16018=PLANE('',#16017);
#16019=ORIENTED_EDGE('',*,*,#6772,.F.);
#16021=ORIENTED_EDGE('',*,*,#16020,.T.);
#16022=ORIENTED_EDGE('',*,*,#15053,.T.);
#16023=ORIENTED_EDGE('',*,*,#15999,.F.);
#16024=EDGE_LOOP('',(#16019,#16021,#16022,#16023));
#16025=FACE_OUTER_BOUND('',#16024,.F.);
#16026=ADVANCED_FACE('',(#16025),#16018,.T.);
#16027=FILL_AREA_STYLE_COLOUR('',#18);
#16028=FILL_AREA_STYLE('',(#16027));
#16029=SURFACE_STYLE_FILL_AREA(#16028);
#16030=SURFACE_SIDE_STYLE('',(#16029));
#16031=SURFACE_STYLE_USAGE(.POSITIVE.,#16030);
#16032=PRESENTATION_STYLE_ASSIGNMENT((#16031));
#16033=STYLED_ITEM('',(#16032),#16026);
#16034=CARTESIAN_POINT('',(-2.239353954434E-1,-4.598E-1,0.E0));
#16035=DIRECTION('',(0.E0,1.E0,0.E0));
#16036=DIRECTION('',(1.E0,0.E0,0.E0));
#16037=AXIS2_PLACEMENT_3D('',#16034,#16035,#16036);
#16038=PLANE('',#16037);
#16039=ORIENTED_EDGE('',*,*,#6770,.F.);
#16041=ORIENTED_EDGE('',*,*,#16040,.T.);
#16042=ORIENTED_EDGE('',*,*,#15055,.T.);
#16043=ORIENTED_EDGE('',*,*,#16020,.F.);
#16044=EDGE_LOOP('',(#16039,#16041,#16042,#16043));
#16045=FACE_OUTER_BOUND('',#16044,.F.);
#16046=ADVANCED_FACE('',(#16045),#16038,.T.);
#16047=FILL_AREA_STYLE_COLOUR('',#18);
#16048=FILL_AREA_STYLE('',(#16047));
#16049=SURFACE_STYLE_FILL_AREA(#16048);
#16050=SURFACE_SIDE_STYLE('',(#16049));
#16051=SURFACE_STYLE_USAGE(.POSITIVE.,#16050);
#16052=PRESENTATION_STYLE_ASSIGNMENT((#16051));
#16053=STYLED_ITEM('',(#16052),#16046);
#16054=CARTESIAN_POINT('',(-2.239353954434E-1,-9.939E-1,0.E0));
#16055=DIRECTION('',(-1.E0,0.E0,0.E0));
#16056=DIRECTION('',(0.E0,1.E0,0.E0));
#16057=AXIS2_PLACEMENT_3D('',#16054,#16055,#16056);
#16058=PLANE('',#16057);
#16059=ORIENTED_EDGE('',*,*,#6768,.F.);
#16061=ORIENTED_EDGE('',*,*,#16060,.T.);
#16062=ORIENTED_EDGE('',*,*,#15057,.T.);
#16063=ORIENTED_EDGE('',*,*,#16040,.F.);
#16064=EDGE_LOOP('',(#16059,#16061,#16062,#16063));
#16065=FACE_OUTER_BOUND('',#16064,.F.);
#16066=ADVANCED_FACE('',(#16065),#16058,.T.);
#16067=FILL_AREA_STYLE_COLOUR('',#18);
#16068=FILL_AREA_STYLE('',(#16067));
#16069=SURFACE_STYLE_FILL_AREA(#16068);
#16070=SURFACE_SIDE_STYLE('',(#16069));
#16071=SURFACE_STYLE_USAGE(.POSITIVE.,#16070);
#16072=PRESENTATION_STYLE_ASSIGNMENT((#16071));
#16073=STYLED_ITEM('',(#16072),#16066);
#16074=CARTESIAN_POINT('',(1.766395408869E-1,-9.939E-1,0.E0));
#16075=DIRECTION('',(0.E0,-1.E0,0.E0));
#16076=DIRECTION('',(-1.E0,0.E0,0.E0));
#16077=AXIS2_PLACEMENT_3D('',#16074,#16075,#16076);
#16078=PLANE('',#16077);
#16079=ORIENTED_EDGE('',*,*,#6766,.F.);
#16081=ORIENTED_EDGE('',*,*,#16080,.T.);
#16082=ORIENTED_EDGE('',*,*,#15059,.T.);
#16083=ORIENTED_EDGE('',*,*,#16060,.F.);
#16084=EDGE_LOOP('',(#16079,#16081,#16082,#16083));
#16085=FACE_OUTER_BOUND('',#16084,.F.);
#16086=ADVANCED_FACE('',(#16085),#16078,.T.);
#16087=FILL_AREA_STYLE_COLOUR('',#18);
#16088=FILL_AREA_STYLE('',(#16087));
#16089=SURFACE_STYLE_FILL_AREA(#16088);
#16090=SURFACE_SIDE_STYLE('',(#16089));
#16091=SURFACE_STYLE_USAGE(.POSITIVE.,#16090);
#16092=PRESENTATION_STYLE_ASSIGNMENT((#16091));
#16093=STYLED_ITEM('',(#16092),#16086);
#16094=CARTESIAN_POINT('',(1.766395408869E-1,-9.257170294046E-1,0.E0));
#16095=DIRECTION('',(1.E0,0.E0,0.E0));
#16096=DIRECTION('',(0.E0,-1.E0,0.E0));
#16097=AXIS2_PLACEMENT_3D('',#16094,#16095,#16096);
#16098=PLANE('',#16097);
#16099=ORIENTED_EDGE('',*,*,#6764,.F.);
#16101=ORIENTED_EDGE('',*,*,#16100,.T.);
#16102=ORIENTED_EDGE('',*,*,#15061,.T.);
#16103=ORIENTED_EDGE('',*,*,#16080,.F.);
#16104=EDGE_LOOP('',(#16099,#16101,#16102,#16103));
#16105=FACE_OUTER_BOUND('',#16104,.F.);
#16106=ADVANCED_FACE('',(#16105),#16098,.T.);
#16107=FILL_AREA_STYLE_COLOUR('',#18);
#16108=FILL_AREA_STYLE('',(#16107));
#16109=SURFACE_STYLE_FILL_AREA(#16108);
#16110=SURFACE_SIDE_STYLE('',(#16109));
#16111=SURFACE_STYLE_USAGE(.POSITIVE.,#16110);
#16112=PRESENTATION_STYLE_ASSIGNMENT((#16111));
#16113=STYLED_ITEM('',(#16112),#16106);
#16114=CARTESIAN_POINT('',(-1.571729591131E-1,-9.257170294046E-1,0.E0));
#16115=DIRECTION('',(0.E0,1.E0,0.E0));
#16116=DIRECTION('',(1.E0,0.E0,0.E0));
#16117=AXIS2_PLACEMENT_3D('',#16114,#16115,#16116);
#16118=PLANE('',#16117);
#16119=ORIENTED_EDGE('',*,*,#6762,.F.);
#16121=ORIENTED_EDGE('',*,*,#16120,.T.);
#16122=ORIENTED_EDGE('',*,*,#15063,.T.);
#16123=ORIENTED_EDGE('',*,*,#16100,.F.);
#16124=EDGE_LOOP('',(#16119,#16121,#16122,#16123));
#16125=FACE_OUTER_BOUND('',#16124,.F.);
#16126=ADVANCED_FACE('',(#16125),#16118,.T.);
#16127=FILL_AREA_STYLE_COLOUR('',#18);
#16128=FILL_AREA_STYLE('',(#16127));
#16129=SURFACE_STYLE_FILL_AREA(#16128);
#16130=SURFACE_SIDE_STYLE('',(#16129));
#16131=SURFACE_STYLE_USAGE(.POSITIVE.,#16130);
#16132=PRESENTATION_STYLE_ASSIGNMENT((#16131));
#16133=STYLED_ITEM('',(#16132),#16126);
#16134=CARTESIAN_POINT('',(-1.571729591131E-1,-7.779872279465E-1,0.E0));
#16135=DIRECTION('',(1.E0,0.E0,0.E0));
#16136=DIRECTION('',(0.E0,-1.E0,0.E0));
#16137=AXIS2_PLACEMENT_3D('',#16134,#16135,#16136);
#16138=PLANE('',#16137);
#16139=ORIENTED_EDGE('',*,*,#6760,.F.);
#16141=ORIENTED_EDGE('',*,*,#16140,.T.);
#16142=ORIENTED_EDGE('',*,*,#15065,.T.);
#16143=ORIENTED_EDGE('',*,*,#16120,.F.);
#16144=EDGE_LOOP('',(#16139,#16141,#16142,#16143));
#16145=FACE_OUTER_BOUND('',#16144,.F.);
#16146=ADVANCED_FACE('',(#16145),#16138,.T.);
#16147=FILL_AREA_STYLE_COLOUR('',#18);
#16148=FILL_AREA_STYLE('',(#16147));
#16149=SURFACE_STYLE_FILL_AREA(#16148);
#16150=SURFACE_SIDE_STYLE('',(#16149));
#16151=SURFACE_STYLE_USAGE(.POSITIVE.,#16150);
#16152=PRESENTATION_STYLE_ASSIGNMENT((#16151));
#16153=STYLED_ITEM('',(#16152),#16146);
#16154=CARTESIAN_POINT('',(1.3213125E-1,-7.779872279465E-1,0.E0));
#16155=DIRECTION('',(0.E0,-1.E0,0.E0));
#16156=DIRECTION('',(-1.E0,0.E0,0.E0));
#16157=AXIS2_PLACEMENT_3D('',#16154,#16155,#16156);
#16158=PLANE('',#16157);
#16159=ORIENTED_EDGE('',*,*,#6758,.F.);
#16161=ORIENTED_EDGE('',*,*,#16160,.T.);
#16162=ORIENTED_EDGE('',*,*,#15067,.T.);
#16163=ORIENTED_EDGE('',*,*,#16140,.F.);
#16164=EDGE_LOOP('',(#16159,#16161,#16162,#16163));
#16165=FACE_OUTER_BOUND('',#16164,.F.);
#16166=ADVANCED_FACE('',(#16165),#16158,.T.);
#16167=FILL_AREA_STYLE_COLOUR('',#18);
#16168=FILL_AREA_STYLE('',(#16167));
#16169=SURFACE_STYLE_FILL_AREA(#16168);
#16170=SURFACE_SIDE_STYLE('',(#16169));
#16171=SURFACE_STYLE_USAGE(.POSITIVE.,#16170);
#16172=PRESENTATION_STYLE_ASSIGNMENT((#16171));
#16173=STYLED_ITEM('',(#16172),#16166);
#16174=CARTESIAN_POINT('',(1.3213125E-1,-7.098042573512E-1,0.E0));
#16175=DIRECTION('',(1.E0,0.E0,0.E0));
#16176=DIRECTION('',(0.E0,-1.E0,0.E0));
#16177=AXIS2_PLACEMENT_3D('',#16174,#16175,#16176);
#16178=PLANE('',#16177);
#16179=ORIENTED_EDGE('',*,*,#6756,.F.);
#16181=ORIENTED_EDGE('',*,*,#16180,.T.);
#16182=ORIENTED_EDGE('',*,*,#15069,.T.);
#16183=ORIENTED_EDGE('',*,*,#16160,.F.);
#16184=EDGE_LOOP('',(#16179,#16181,#16182,#16183));
#16185=FACE_OUTER_BOUND('',#16184,.F.);
#16186=ADVANCED_FACE('',(#16185),#16178,.T.);
#16187=FILL_AREA_STYLE_COLOUR('',#18);
#16188=FILL_AREA_STYLE('',(#16187));
#16189=SURFACE_STYLE_FILL_AREA(#16188);
#16190=SURFACE_SIDE_STYLE('',(#16189));
#16191=SURFACE_STYLE_USAGE(.POSITIVE.,#16190);
#16192=PRESENTATION_STYLE_ASSIGNMENT((#16191));
#16193=STYLED_ITEM('',(#16192),#16186);
#16194=CARTESIAN_POINT('',(-1.571729591131E-1,-7.098042573512E-1,0.E0));
#16195=DIRECTION('',(0.E0,1.E0,0.E0));
#16196=DIRECTION('',(1.E0,0.E0,0.E0));
#16197=AXIS2_PLACEMENT_3D('',#16194,#16195,#16196);
#16198=PLANE('',#16197);
#16199=ORIENTED_EDGE('',*,*,#6754,.F.);
#16201=ORIENTED_EDGE('',*,*,#16200,.T.);
#16202=ORIENTED_EDGE('',*,*,#15071,.T.);
#16203=ORIENTED_EDGE('',*,*,#16180,.F.);
#16204=EDGE_LOOP('',(#16199,#16201,#16202,#16203));
#16205=FACE_OUTER_BOUND('',#16204,.F.);
#16206=ADVANCED_FACE('',(#16205),#16198,.T.);
#16207=FILL_AREA_STYLE_COLOUR('',#18);
#16208=FILL_AREA_STYLE('',(#16207));
#16209=SURFACE_STYLE_FILL_AREA(#16208);
#16210=SURFACE_SIDE_STYLE('',(#16209));
#16211=SURFACE_STYLE_USAGE(.POSITIVE.,#16210);
#16212=PRESENTATION_STYLE_ASSIGNMENT((#16211));
#16213=STYLED_ITEM('',(#16212),#16206);
#16214=CARTESIAN_POINT('',(-1.571729591131E-1,-5.279829785541E-1,0.E0));
#16215=DIRECTION('',(1.E0,0.E0,0.E0));
#16216=DIRECTION('',(0.E0,-1.E0,0.E0));
#16217=AXIS2_PLACEMENT_3D('',#16214,#16215,#16216);
#16218=PLANE('',#16217);
#16219=ORIENTED_EDGE('',*,*,#6752,.F.);
#16220=ORIENTED_EDGE('',*,*,#16002,.T.);
#16221=ORIENTED_EDGE('',*,*,#15073,.T.);
#16222=ORIENTED_EDGE('',*,*,#16200,.F.);
#16223=EDGE_LOOP('',(#16219,#16220,#16221,#16222));
#16224=FACE_OUTER_BOUND('',#16223,.F.);
#16225=ADVANCED_FACE('',(#16224),#16218,.T.);
#16226=FILL_AREA_STYLE_COLOUR('',#18);
#16227=FILL_AREA_STYLE('',(#16226));
#16228=SURFACE_STYLE_FILL_AREA(#16227);
#16229=SURFACE_SIDE_STYLE('',(#16228));
#16230=SURFACE_STYLE_USAGE(.POSITIVE.,#16229);
#16231=PRESENTATION_STYLE_ASSIGNMENT((#16230));
#16232=STYLED_ITEM('',(#16231),#16225);
#16233=CARTESIAN_POINT('',(5.3270625E-1,-9.939E-1,0.E0));
#16234=DIRECTION('',(0.E0,-1.E0,0.E0));
#16235=DIRECTION('',(-1.E0,0.E0,0.E0));
#16236=AXIS2_PLACEMENT_3D('',#16233,#16234,#16235);
#16237=PLANE('',#16236);
#16238=ORIENTED_EDGE('',*,*,#6776,.F.);
#16240=ORIENTED_EDGE('',*,*,#16239,.T.);
#16241=ORIENTED_EDGE('',*,*,#15090,.T.);
#16243=ORIENTED_EDGE('',*,*,#16242,.F.);
#16244=EDGE_LOOP('',(#16238,#16240,#16241,#16243));
#16245=FACE_OUTER_BOUND('',#16244,.F.);
#16246=ADVANCED_FACE('',(#16245),#16237,.T.);
#16247=FILL_AREA_STYLE_COLOUR('',#18);
#16248=FILL_AREA_STYLE('',(#16247));
#16249=SURFACE_STYLE_FILL_AREA(#16248);
#16250=SURFACE_SIDE_STYLE('',(#16249));
#16251=SURFACE_STYLE_USAGE(.POSITIVE.,#16250);
#16252=PRESENTATION_STYLE_ASSIGNMENT((#16251));
#16253=STYLED_ITEM('',(#16252),#16246);
#16254=CARTESIAN_POINT('',(5.883417091131E-1,-9.825361715674E-1,0.E0));
#16255=DIRECTION('',(2.001232084928E-1,-9.797707392153E-1,0.E0));
#16256=DIRECTION('',(-9.797707392153E-1,-2.001232084928E-1,0.E0));
#16257=AXIS2_PLACEMENT_3D('',#16254,#16255,#16256);
#16258=PLANE('',#16257);
#16259=ORIENTED_EDGE('',*,*,#6802,.F.);
#16261=ORIENTED_EDGE('',*,*,#16260,.T.);
#16262=ORIENTED_EDGE('',*,*,#15092,.T.);
#16263=ORIENTED_EDGE('',*,*,#16239,.F.);
#16264=EDGE_LOOP('',(#16259,#16261,#16262,#16263));
#16265=FACE_OUTER_BOUND('',#16264,.F.);
#16266=ADVANCED_FACE('',(#16265),#16258,.T.);
#16267=FILL_AREA_STYLE_COLOUR('',#18);
#16268=FILL_AREA_STYLE('',(#16267));
#16269=SURFACE_STYLE_FILL_AREA(#16268);
#16270=SURFACE_SIDE_STYLE('',(#16269));
#16271=SURFACE_STYLE_USAGE(.POSITIVE.,#16270);
#16272=PRESENTATION_STYLE_ASSIGNMENT((#16271));
#16273=STYLED_ITEM('',(#16272),#16266);
#16274=CARTESIAN_POINT('',(6.3285E-1,-9.598085147023E-1,0.E0));
#16275=DIRECTION('',(4.547774575564E-1,-8.906051112017E-1,0.E0));
#16276=DIRECTION('',(-8.906051112017E-1,-4.547774575564E-1,0.E0));
#16277=AXIS2_PLACEMENT_3D('',#16274,#16275,#16276);
#16278=PLANE('',#16277);
#16279=ORIENTED_EDGE('',*,*,#6800,.F.);
#16281=ORIENTED_EDGE('',*,*,#16280,.T.);
#16282=ORIENTED_EDGE('',*,*,#15094,.T.);
#16283=ORIENTED_EDGE('',*,*,#16260,.F.);
#16284=EDGE_LOOP('',(#16279,#16281,#16282,#16283));
#16285=FACE_OUTER_BOUND('',#16284,.F.);
#16286=ADVANCED_FACE('',(#16285),#16278,.T.);
#16287=FILL_AREA_STYLE_COLOUR('',#18);
#16288=FILL_AREA_STYLE('',(#16287));
#16289=SURFACE_STYLE_FILL_AREA(#16288);
#16290=SURFACE_SIDE_STYLE('',(#16289));
#16291=SURFACE_STYLE_USAGE(.POSITIVE.,#16290);
#16292=PRESENTATION_STYLE_ASSIGNMENT((#16291));
#16293=STYLED_ITEM('',(#16292),#16286);
#16294=CARTESIAN_POINT('',(6.773582908869E-1,-9.143532009721E-1,0.E0));
#16295=DIRECTION('',(7.145107183351E-1,-6.996244945571E-1,0.E0));
#16296=DIRECTION('',(-6.996244945571E-1,-7.145107183351E-1,0.E0));
#16297=AXIS2_PLACEMENT_3D('',#16294,#16295,#16296);
#16298=PLANE('',#16297);
#16299=ORIENTED_EDGE('',*,*,#6798,.F.);
#16301=ORIENTED_EDGE('',*,*,#16300,.T.);
#16302=ORIENTED_EDGE('',*,*,#15096,.T.);
#16303=ORIENTED_EDGE('',*,*,#16280,.F.);
#16304=EDGE_LOOP('',(#16299,#16301,#16302,#16303));
#16305=FACE_OUTER_BOUND('',#16304,.F.);
#16306=ADVANCED_FACE('',(#16305),#16298,.T.);
#16307=FILL_AREA_STYLE_COLOUR('',#18);
#16308=FILL_AREA_STYLE('',(#16307));
#16309=SURFACE_STYLE_FILL_AREA(#16308);
#16310=SURFACE_SIDE_STYLE('',(#16309));
#16311=SURFACE_STYLE_USAGE(.POSITIVE.,#16310);
#16312=PRESENTATION_STYLE_ASSIGNMENT((#16311));
#16313=STYLED_ITEM('',(#16312),#16306);
#16314=CARTESIAN_POINT('',(6.996125E-1,-8.688978872418E-1,0.E0));
#16315=DIRECTION('',(8.981377659536E-1,-4.397141723527E-1,0.E0));
#16316=DIRECTION('',(-4.397141723527E-1,-8.981377659536E-1,0.E0));
#16317=AXIS2_PLACEMENT_3D('',#16314,#16315,#16316);
#16318=PLANE('',#16317);
#16319=ORIENTED_EDGE('',*,*,#6796,.F.);
#16321=ORIENTED_EDGE('',*,*,#16320,.T.);
#16322=ORIENTED_EDGE('',*,*,#15098,.T.);
#16323=ORIENTED_EDGE('',*,*,#16300,.F.);
#16324=EDGE_LOOP('',(#16319,#16321,#16322,#16323));
#16325=FACE_OUTER_BOUND('',#16324,.F.);
#16326=ADVANCED_FACE('',(#16325),#16318,.T.);
#16327=FILL_AREA_STYLE_COLOUR('',#18);
#16328=FILL_AREA_STYLE('',(#16327));
#16329=SURFACE_STYLE_FILL_AREA(#16328);
#16330=SURFACE_SIDE_STYLE('',(#16329));
#16331=SURFACE_STYLE_USAGE(.POSITIVE.,#16330);
#16332=PRESENTATION_STYLE_ASSIGNMENT((#16331));
#16333=STYLED_ITEM('',(#16332),#16326);
#16334=CARTESIAN_POINT('',(7.107395408869E-1,-8.120787132442E-1,0.E0));
#16335=DIRECTION('',(9.813592930674E-1,-1.921820436730E-1,0.E0));
#16336=DIRECTION('',(-1.921820436730E-1,-9.813592930674E-1,0.E0));
#16337=AXIS2_PLACEMENT_3D('',#16334,#16335,#16336);
#16338=PLANE('',#16337);
#16339=ORIENTED_EDGE('',*,*,#6794,.F.);
#16341=ORIENTED_EDGE('',*,*,#16340,.T.);
#16342=ORIENTED_EDGE('',*,*,#15100,.T.);
#16343=ORIENTED_EDGE('',*,*,#16320,.F.);
#16344=EDGE_LOOP('',(#16339,#16341,#16342,#16343));
#16345=FACE_OUTER_BOUND('',#16344,.F.);
#16346=ADVANCED_FACE('',(#16345),#16338,.T.);
#16347=FILL_AREA_STYLE_COLOUR('',#18);
#16348=FILL_AREA_STYLE('',(#16347));
#16349=SURFACE_STYLE_FILL_AREA(#16348);
#16350=SURFACE_SIDE_STYLE('',(#16349));
#16351=SURFACE_STYLE_USAGE(.POSITIVE.,#16350);
#16352=PRESENTATION_STYLE_ASSIGNMENT((#16351));
#16353=STYLED_ITEM('',(#16352),#16346);
#16354=CARTESIAN_POINT('',(7.107395408869E-1,-6.416212708384E-1,0.E0));
#16355=DIRECTION('',(1.E0,0.E0,0.E0));
#16356=DIRECTION('',(0.E0,-1.E0,0.E0));
#16357=AXIS2_PLACEMENT_3D('',#16354,#16355,#16356);
#16358=PLANE('',#16357);
#16359=ORIENTED_EDGE('',*,*,#6792,.F.);
#16361=ORIENTED_EDGE('',*,*,#16360,.T.);
#16362=ORIENTED_EDGE('',*,*,#15102,.T.);
#16363=ORIENTED_EDGE('',*,*,#16340,.F.);
#16364=EDGE_LOOP('',(#16359,#16361,#16362,#16363));
#16365=FACE_OUTER_BOUND('',#16364,.F.);
#16366=ADVANCED_FACE('',(#16365),#16358,.T.);
#16367=FILL_AREA_STYLE_COLOUR('',#18);
#16368=FILL_AREA_STYLE('',(#16367));
#16369=SURFACE_STYLE_FILL_AREA(#16368);
#16370=SURFACE_SIDE_STYLE('',(#16369));
#16371=SURFACE_STYLE_USAGE(.POSITIVE.,#16370);
#16372=PRESENTATION_STYLE_ASSIGNMENT((#16371));
#16373=STYLED_ITEM('',(#16372),#16366);
#16374=CARTESIAN_POINT('',(6.996125E-1,-5.848021286756E-1,0.E0));
#16375=DIRECTION('',(9.813592727596E-1,1.921821473726E-1,0.E0));
#16376=DIRECTION('',(1.921821473726E-1,-9.813592727596E-1,0.E0));
#16377=AXIS2_PLACEMENT_3D('',#16374,#16375,#16376);
#16378=PLANE('',#16377);
#16379=ORIENTED_EDGE('',*,*,#6790,.F.);
#16381=ORIENTED_EDGE('',*,*,#16380,.T.);
#16382=ORIENTED_EDGE('',*,*,#15104,.T.);
#16383=ORIENTED_EDGE('',*,*,#16360,.F.);
#16384=EDGE_LOOP('',(#16379,#16381,#16382,#16383));
#16385=FACE_OUTER_BOUND('',#16384,.F.);
#16386=ADVANCED_FACE('',(#16385),#16378,.T.);
#16387=FILL_AREA_STYLE_COLOUR('',#18);
#16388=FILL_AREA_STYLE('',(#16387));
#16389=SURFACE_STYLE_FILL_AREA(#16388);
#16390=SURFACE_SIDE_STYLE('',(#16389));
#16391=SURFACE_STYLE_USAGE(.POSITIVE.,#16390);
#16392=PRESENTATION_STYLE_ASSIGNMENT((#16391));
#16393=STYLED_ITEM('',(#16392),#16386);
#16394=CARTESIAN_POINT('',(6.773582908869E-1,-5.393468069866E-1,0.E0));
#16395=DIRECTION('',(8.981377963584E-1,4.397141102494E-1,0.E0));
#16396=DIRECTION('',(4.397141102494E-1,-8.981377963584E-1,0.E0));
#16397=AXIS2_PLACEMENT_3D('',#16394,#16395,#16396);
#16398=PLANE('',#16397);
#16399=ORIENTED_EDGE('',*,*,#6788,.F.);
#16401=ORIENTED_EDGE('',*,*,#16400,.T.);
#16402=ORIENTED_EDGE('',*,*,#15106,.T.);
#16403=ORIENTED_EDGE('',*,*,#16380,.F.);
#16404=EDGE_LOOP('',(#16399,#16401,#16402,#16403));
#16405=FACE_OUTER_BOUND('',#16404,.F.);
#16406=ADVANCED_FACE('',(#16405),#16398,.T.);
#16407=FILL_AREA_STYLE_COLOUR('',#18);
#16408=FILL_AREA_STYLE('',(#16407));
#16409=SURFACE_STYLE_FILL_AREA(#16408);
#16410=SURFACE_SIDE_STYLE('',(#16409));
#16411=SURFACE_STYLE_USAGE(.POSITIVE.,#16410);
#16412=PRESENTATION_STYLE_ASSIGNMENT((#16411));
#16413=STYLED_ITEM('',(#16412),#16406);
#16414=CARTESIAN_POINT('',(6.3285E-1,-4.938914892770E-1,0.E0));
#16415=DIRECTION('',(7.145107489524E-1,6.996244632883E-1,0.E0));
#16416=DIRECTION('',(6.996244632883E-1,-7.145107489524E-1,0.E0));
#16417=AXIS2_PLACEMENT_3D('',#16414,#16415,#16416);
#16418=PLANE('',#16417);
#16419=ORIENTED_EDGE('',*,*,#6786,.F.);
#16421=ORIENTED_EDGE('',*,*,#16420,.T.);
#16422=ORIENTED_EDGE('',*,*,#15108,.T.);
#16423=ORIENTED_EDGE('',*,*,#16400,.F.);
#16424=EDGE_LOOP('',(#16419,#16421,#16422,#16423));
#16425=FACE_OUTER_BOUND('',#16424,.F.);
#16426=ADVANCED_FACE('',(#16425),#16418,.T.);
#16427=FILL_AREA_STYLE_COLOUR('',#18);
#16428=FILL_AREA_STYLE('',(#16427));
#16429=SURFACE_STYLE_FILL_AREA(#16428);
#16430=SURFACE_SIDE_STYLE('',(#16429));
#16431=SURFACE_STYLE_USAGE(.POSITIVE.,#16430);
#16432=PRESENTATION_STYLE_ASSIGNMENT((#16431));
#16433=STYLED_ITEM('',(#16432),#16426);
#16434=CARTESIAN_POINT('',(5.883417091131E-1,-4.711638294274E-1,0.E0));
#16435=DIRECTION('',(4.547775049247E-1,8.906050870136E-1,0.E0));
#16436=DIRECTION('',(8.906050870136E-1,-4.547775049247E-1,0.E0));
#16437=AXIS2_PLACEMENT_3D('',#16434,#16435,#16436);
#16438=PLANE('',#16437);
#16439=ORIENTED_EDGE('',*,*,#6784,.F.);
#16441=ORIENTED_EDGE('',*,*,#16440,.T.);
#16442=ORIENTED_EDGE('',*,*,#15110,.T.);
#16443=ORIENTED_EDGE('',*,*,#16420,.F.);
#16444=EDGE_LOOP('',(#16439,#16441,#16442,#16443));
#16445=FACE_OUTER_BOUND('',#16444,.F.);
#16446=ADVANCED_FACE('',(#16445),#16438,.T.);
#16447=FILL_AREA_STYLE_COLOUR('',#18);
#16448=FILL_AREA_STYLE('',(#16447));
#16449=SURFACE_STYLE_FILL_AREA(#16448);
#16450=SURFACE_SIDE_STYLE('',(#16449));
#16451=SURFACE_STYLE_USAGE(.POSITIVE.,#16450);
#16452=PRESENTATION_STYLE_ASSIGNMENT((#16451));
#16453=STYLED_ITEM('',(#16452),#16446);
#16454=CARTESIAN_POINT('',(5.3270625E-1,-4.598E-1,0.E0));
#16455=DIRECTION('',(2.001232253108E-1,9.797707357802E-1,0.E0));
#16456=DIRECTION('',(9.797707357802E-1,-2.001232253108E-1,0.E0));
#16457=AXIS2_PLACEMENT_3D('',#16454,#16455,#16456);
#16458=PLANE('',#16457);
#16459=ORIENTED_EDGE('',*,*,#6782,.F.);
#16461=ORIENTED_EDGE('',*,*,#16460,.T.);
#16462=ORIENTED_EDGE('',*,*,#15112,.T.);
#16463=ORIENTED_EDGE('',*,*,#16440,.F.);
#16464=EDGE_LOOP('',(#16459,#16461,#16462,#16463));
#16465=FACE_OUTER_BOUND('',#16464,.F.);
#16466=ADVANCED_FACE('',(#16465),#16458,.T.);
#16467=FILL_AREA_STYLE_COLOUR('',#18);
#16468=FILL_AREA_STYLE('',(#16467));
#16469=SURFACE_STYLE_FILL_AREA(#16468);
#16470=SURFACE_SIDE_STYLE('',(#16469));
#16471=SURFACE_STYLE_USAGE(.POSITIVE.,#16470);
#16472=PRESENTATION_STYLE_ASSIGNMENT((#16471));
#16473=STYLED_ITEM('',(#16472),#16466);
#16474=CARTESIAN_POINT('',(2.6565625E-1,-4.598E-1,0.E0));
#16475=DIRECTION('',(0.E0,1.E0,0.E0));
#16476=DIRECTION('',(1.E0,0.E0,0.E0));
#16477=AXIS2_PLACEMENT_3D('',#16474,#16475,#16476);
#16478=PLANE('',#16477);
#16479=ORIENTED_EDGE('',*,*,#6780,.F.);
#16481=ORIENTED_EDGE('',*,*,#16480,.T.);
#16482=ORIENTED_EDGE('',*,*,#15114,.T.);
#16483=ORIENTED_EDGE('',*,*,#16460,.F.);
#16484=EDGE_LOOP('',(#16479,#16481,#16482,#16483));
#16485=FACE_OUTER_BOUND('',#16484,.F.);
#16486=ADVANCED_FACE('',(#16485),#16478,.T.);
#16487=FILL_AREA_STYLE_COLOUR('',#18);
#16488=FILL_AREA_STYLE('',(#16487));
#16489=SURFACE_STYLE_FILL_AREA(#16488);
#16490=SURFACE_SIDE_STYLE('',(#16489));
#16491=SURFACE_STYLE_USAGE(.POSITIVE.,#16490);
#16492=PRESENTATION_STYLE_ASSIGNMENT((#16491));
#16493=STYLED_ITEM('',(#16492),#16486);
#16494=CARTESIAN_POINT('',(2.6565625E-1,-9.939E-1,0.E0));
#16495=DIRECTION('',(-1.E0,0.E0,0.E0));
#16496=DIRECTION('',(0.E0,1.E0,0.E0));
#16497=AXIS2_PLACEMENT_3D('',#16494,#16495,#16496);
#16498=PLANE('',#16497);
#16499=ORIENTED_EDGE('',*,*,#6778,.F.);
#16500=ORIENTED_EDGE('',*,*,#16242,.T.);
#16501=ORIENTED_EDGE('',*,*,#15116,.T.);
#16502=ORIENTED_EDGE('',*,*,#16480,.F.);
#16503=EDGE_LOOP('',(#16499,#16500,#16501,#16502));
#16504=FACE_OUTER_BOUND('',#16503,.F.);
#16505=ADVANCED_FACE('',(#16504),#16498,.T.);
#16506=FILL_AREA_STYLE_COLOUR('',#18);
#16507=FILL_AREA_STYLE('',(#16506));
#16508=SURFACE_STYLE_FILL_AREA(#16507);
#16509=SURFACE_SIDE_STYLE('',(#16508));
#16510=SURFACE_STYLE_USAGE(.POSITIVE.,#16509);
#16511=PRESENTATION_STYLE_ASSIGNMENT((#16510));
#16512=STYLED_ITEM('',(#16511),#16505);
#16513=CARTESIAN_POINT('',(3.3241875E-1,-9.257170294046E-1,0.E0));
#16514=DIRECTION('',(0.E0,1.E0,0.E0));
#16515=DIRECTION('',(1.E0,0.E0,0.E0));
#16516=AXIS2_PLACEMENT_3D('',#16513,#16514,#16515);
#16517=PLANE('',#16516);
#16518=ORIENTED_EDGE('',*,*,#6837,.F.);
#16520=ORIENTED_EDGE('',*,*,#16519,.T.);
#16521=ORIENTED_EDGE('',*,*,#15120,.T.);
#16523=ORIENTED_EDGE('',*,*,#16522,.F.);
#16524=EDGE_LOOP('',(#16518,#16520,#16521,#16523));
#16525=FACE_OUTER_BOUND('',#16524,.F.);
#16526=ADVANCED_FACE('',(#16525),#16517,.T.);
#16527=FILL_AREA_STYLE_COLOUR('',#18);
#16528=FILL_AREA_STYLE('',(#16527));
#16529=SURFACE_STYLE_FILL_AREA(#16528);
#16530=SURFACE_SIDE_STYLE('',(#16529));
#16531=SURFACE_STYLE_USAGE(.POSITIVE.,#16530);
#16532=PRESENTATION_STYLE_ASSIGNMENT((#16531));
#16533=STYLED_ITEM('',(#16532),#16526);
#16534=CARTESIAN_POINT('',(3.3241875E-1,-5.279829785541E-1,0.E0));
#16535=DIRECTION('',(1.E0,0.E0,0.E0));
#16536=DIRECTION('',(0.E0,-1.E0,0.E0));
#16537=AXIS2_PLACEMENT_3D('',#16534,#16535,#16536);
#16538=PLANE('',#16537);
#16539=ORIENTED_EDGE('',*,*,#6859,.F.);
#16541=ORIENTED_EDGE('',*,*,#16540,.T.);
#16542=ORIENTED_EDGE('',*,*,#15122,.T.);
#16543=ORIENTED_EDGE('',*,*,#16519,.F.);
#16544=EDGE_LOOP('',(#16539,#16541,#16542,#16543));
#16545=FACE_OUTER_BOUND('',#16544,.F.);
#16546=ADVANCED_FACE('',(#16545),#16538,.T.);
#16547=FILL_AREA_STYLE_COLOUR('',#18);
#16548=FILL_AREA_STYLE('',(#16547));
#16549=SURFACE_STYLE_FILL_AREA(#16548);
#16550=SURFACE_SIDE_STYLE('',(#16549));
#16551=SURFACE_STYLE_USAGE(.POSITIVE.,#16550);
#16552=PRESENTATION_STYLE_ASSIGNMENT((#16551));
#16553=STYLED_ITEM('',(#16552),#16546);
#16554=CARTESIAN_POINT('',(5.3270625E-1,-5.279829785541E-1,0.E0));
#16555=DIRECTION('',(0.E0,-1.E0,0.E0));
#16556=DIRECTION('',(-1.E0,0.E0,0.E0));
#16557=AXIS2_PLACEMENT_3D('',#16554,#16555,#16556);
#16558=PLANE('',#16557);
#16559=ORIENTED_EDGE('',*,*,#6857,.F.);
#16561=ORIENTED_EDGE('',*,*,#16560,.T.);
#16562=ORIENTED_EDGE('',*,*,#15124,.T.);
#16563=ORIENTED_EDGE('',*,*,#16540,.F.);
#16564=EDGE_LOOP('',(#16559,#16561,#16562,#16563));
#16565=FACE_OUTER_BOUND('',#16564,.F.);
#16566=ADVANCED_FACE('',(#16565),#16558,.T.);
#16567=FILL_AREA_STYLE_COLOUR('',#18);
#16568=FILL_AREA_STYLE('',(#16567));
#16569=SURFACE_STYLE_FILL_AREA(#16568);
#16570=SURFACE_SIDE_STYLE('',(#16569));
#16571=SURFACE_STYLE_USAGE(.POSITIVE.,#16570);
#16572=PRESENTATION_STYLE_ASSIGNMENT((#16571));
#16573=STYLED_ITEM('',(#16572),#16566);
#16574=CARTESIAN_POINT('',(5.772145408869E-1,-5.393468069866E-1,0.E0));
#16575=DIRECTION('',(-2.473834390653E-1,-9.689176611437E-1,0.E0));
#16576=DIRECTION('',(-9.689176611437E-1,2.473834390653E-1,0.E0));
#16577=AXIS2_PLACEMENT_3D('',#16574,#16575,#16576);
#16578=PLANE('',#16577);
#16579=ORIENTED_EDGE('',*,*,#6855,.F.);
#16581=ORIENTED_EDGE('',*,*,#16580,.T.);
#16582=ORIENTED_EDGE('',*,*,#15126,.T.);
#16583=ORIENTED_EDGE('',*,*,#16560,.F.);
#16584=EDGE_LOOP('',(#16579,#16581,#16582,#16583));
#16585=FACE_OUTER_BOUND('',#16584,.F.);
#16586=ADVANCED_FACE('',(#16585),#16578,.T.);
#16587=FILL_AREA_STYLE_COLOUR('',#18);
#16588=FILL_AREA_STYLE('',(#16587));
#16589=SURFACE_STYLE_FILL_AREA(#16588);
#16590=SURFACE_SIDE_STYLE('',(#16589));
#16591=SURFACE_STYLE_USAGE(.POSITIVE.,#16590);
#16592=PRESENTATION_STYLE_ASSIGNMENT((#16591));
#16593=STYLED_ITEM('',(#16592),#16586);
#16594=CARTESIAN_POINT('',(6.105957908869E-1,-5.620744718105E-1,0.E0));
#16595=DIRECTION('',(-5.627910658976E-1,-8.265991871191E-1,0.E0));
#16596=DIRECTION('',(-8.265991871191E-1,5.627910658976E-1,0.E0));
#16597=AXIS2_PLACEMENT_3D('',#16594,#16595,#16596);
#16598=PLANE('',#16597);
#16599=ORIENTED_EDGE('',*,*,#6853,.F.);
#16601=ORIENTED_EDGE('',*,*,#16600,.T.);
#16602=ORIENTED_EDGE('',*,*,#15128,.T.);
#16603=ORIENTED_EDGE('',*,*,#16580,.F.);
#16604=EDGE_LOOP('',(#16599,#16601,#16602,#16603));
#16605=FACE_OUTER_BOUND('',#16604,.F.);
#16606=ADVANCED_FACE('',(#16605),#16598,.T.);
#16607=FILL_AREA_STYLE_COLOUR('',#18);
#16608=FILL_AREA_STYLE('',(#16607));
#16609=SURFACE_STYLE_FILL_AREA(#16608);
#16610=SURFACE_SIDE_STYLE('',(#16609));
#16611=SURFACE_STYLE_USAGE(.POSITIVE.,#16610);
#16612=PRESENTATION_STYLE_ASSIGNMENT((#16611));
#16613=STYLED_ITEM('',(#16612),#16606);
#16614=CARTESIAN_POINT('',(6.3285E-1,-5.961659571081E-1,0.E0));
#16615=DIRECTION('',(-8.373786433120E-1,-5.466232777014E-1,0.E0));
#16616=DIRECTION('',(-5.466232777014E-1,8.373786433120E-1,0.E0));
#16617=AXIS2_PLACEMENT_3D('',#16614,#16615,#16616);
#16618=PLANE('',#16617);
#16619=ORIENTED_EDGE('',*,*,#6851,.F.);
#16621=ORIENTED_EDGE('',*,*,#16620,.T.);
#16622=ORIENTED_EDGE('',*,*,#15130,.T.);
#16623=ORIENTED_EDGE('',*,*,#16600,.F.);
#16624=EDGE_LOOP('',(#16619,#16621,#16622,#16623));
#16625=FACE_OUTER_BOUND('',#16624,.F.);
#16626=ADVANCED_FACE('',(#16625),#16618,.T.);
#16627=FILL_AREA_STYLE_COLOUR('',#18);
#16628=FILL_AREA_STYLE('',(#16627));
#16629=SURFACE_STYLE_FILL_AREA(#16628);
#16630=SURFACE_SIDE_STYLE('',(#16629));
#16631=SURFACE_STYLE_USAGE(.POSITIVE.,#16630);
#16632=PRESENTATION_STYLE_ASSIGNMENT((#16631));
#16633=STYLED_ITEM('',(#16632),#16626);
#16634=CARTESIAN_POINT('',(6.439770408869E-1,-6.416212708384E-1,0.E0));
#16635=DIRECTION('',(-9.713213633444E-1,-2.377704967206E-1,0.E0));
#16636=DIRECTION('',(-2.377704967206E-1,9.713213633444E-1,0.E0));
#16637=AXIS2_PLACEMENT_3D('',#16634,#16635,#16636);
#16638=PLANE('',#16637);
#16639=ORIENTED_EDGE('',*,*,#6849,.F.);
#16641=ORIENTED_EDGE('',*,*,#16640,.T.);
#16642=ORIENTED_EDGE('',*,*,#15132,.T.);
#16643=ORIENTED_EDGE('',*,*,#16620,.F.);
#16644=EDGE_LOOP('',(#16639,#16641,#16642,#16643));
#16645=FACE_OUTER_BOUND('',#16644,.F.);
#16646=ADVANCED_FACE('',(#16645),#16638,.T.);
#16647=FILL_AREA_STYLE_COLOUR('',#18);
#16648=FILL_AREA_STYLE('',(#16647));
#16649=SURFACE_STYLE_FILL_AREA(#16648);
#16650=SURFACE_SIDE_STYLE('',(#16649));
#16651=SURFACE_STYLE_USAGE(.POSITIVE.,#16650);
#16652=PRESENTATION_STYLE_ASSIGNMENT((#16651));
#16653=STYLED_ITEM('',(#16652),#16646);
#16654=CARTESIAN_POINT('',(6.439770408869E-1,-8.120787132442E-1,0.E0));
#16655=DIRECTION('',(-1.E0,0.E0,0.E0));
#16656=DIRECTION('',(0.E0,1.E0,0.E0));
#16657=AXIS2_PLACEMENT_3D('',#16654,#16655,#16656);
#16658=PLANE('',#16657);
#16659=ORIENTED_EDGE('',*,*,#6847,.F.);
#16661=ORIENTED_EDGE('',*,*,#16660,.T.);
#16662=ORIENTED_EDGE('',*,*,#15134,.T.);
#16663=ORIENTED_EDGE('',*,*,#16640,.F.);
#16664=EDGE_LOOP('',(#16659,#16661,#16662,#16663));
#16665=FACE_OUTER_BOUND('',#16664,.F.);
#16666=ADVANCED_FACE('',(#16665),#16658,.T.);
#16667=FILL_AREA_STYLE_COLOUR('',#18);
#16668=FILL_AREA_STYLE('',(#16667));
#16669=SURFACE_STYLE_FILL_AREA(#16668);
#16670=SURFACE_SIDE_STYLE('',(#16669));
#16671=SURFACE_STYLE_USAGE(.POSITIVE.,#16670);
#16672=PRESENTATION_STYLE_ASSIGNMENT((#16671));
#16673=STYLED_ITEM('',(#16672),#16666);
#16674=CARTESIAN_POINT('',(6.3285E-1,-8.575340269744E-1,0.E0));
#16675=DIRECTION('',(-9.713213633444E-1,2.377704967206E-1,0.E0));
#16676=DIRECTION('',(2.377704967206E-1,9.713213633444E-1,0.E0));
#16677=AXIS2_PLACEMENT_3D('',#16674,#16675,#16676);
#16678=PLANE('',#16677);
#16679=ORIENTED_EDGE('',*,*,#6845,.F.);
#16681=ORIENTED_EDGE('',*,*,#16680,.T.);
#16682=ORIENTED_EDGE('',*,*,#15136,.T.);
#16683=ORIENTED_EDGE('',*,*,#16660,.F.);
#16684=EDGE_LOOP('',(#16679,#16681,#16682,#16683));
#16685=FACE_OUTER_BOUND('',#16684,.F.);
#16686=ADVANCED_FACE('',(#16685),#16678,.T.);
#16687=FILL_AREA_STYLE_COLOUR('',#18);
#16688=FILL_AREA_STYLE('',(#16687));
#16689=SURFACE_STYLE_FILL_AREA(#16688);
#16690=SURFACE_SIDE_STYLE('',(#16689));
#16691=SURFACE_STYLE_USAGE(.POSITIVE.,#16690);
#16692=PRESENTATION_STYLE_ASSIGNMENT((#16691));
#16693=STYLED_ITEM('',(#16692),#16686);
#16694=CARTESIAN_POINT('',(6.105957908869E-1,-8.916255441070E-1,0.E0));
#16695=DIRECTION('',(-8.373788769559E-1,5.466229197794E-1,0.E0));
#16696=DIRECTION('',(5.466229197794E-1,8.373788769559E-1,0.E0));
#16697=AXIS2_PLACEMENT_3D('',#16694,#16695,#16696);
#16698=PLANE('',#16697);
#16699=ORIENTED_EDGE('',*,*,#6843,.F.);
#16701=ORIENTED_EDGE('',*,*,#16700,.T.);
#16702=ORIENTED_EDGE('',*,*,#15138,.T.);
#16703=ORIENTED_EDGE('',*,*,#16680,.F.);
#16704=EDGE_LOOP('',(#16699,#16701,#16702,#16703));
#16705=FACE_OUTER_BOUND('',#16704,.F.);
#16706=ADVANCED_FACE('',(#16705),#16698,.T.);
#16707=FILL_AREA_STYLE_COLOUR('',#18);
#16708=FILL_AREA_STYLE('',(#16707));
#16709=SURFACE_STYLE_FILL_AREA(#16708);
#16710=SURFACE_SIDE_STYLE('',(#16709));
#16711=SURFACE_STYLE_USAGE(.POSITIVE.,#16710);
#16712=PRESENTATION_STYLE_ASSIGNMENT((#16711));
#16713=STYLED_ITEM('',(#16712),#16706);
#16714=CARTESIAN_POINT('',(5.772145408869E-1,-9.143532009721E-1,0.E0));
#16715=DIRECTION('',(-5.627909312417E-1,8.265992787996E-1,0.E0));
#16716=DIRECTION('',(8.265992787996E-1,5.627909312417E-1,0.E0));
#16717=AXIS2_PLACEMENT_3D('',#16714,#16715,#16716);
#16718=PLANE('',#16717);
#16719=ORIENTED_EDGE('',*,*,#6841,.F.);
#16721=ORIENTED_EDGE('',*,*,#16720,.T.);
#16722=ORIENTED_EDGE('',*,*,#15140,.T.);
#16723=ORIENTED_EDGE('',*,*,#16700,.F.);
#16724=EDGE_LOOP('',(#16719,#16721,#16722,#16723));
#16725=FACE_OUTER_BOUND('',#16724,.F.);
#16726=ADVANCED_FACE('',(#16725),#16718,.T.);
#16727=FILL_AREA_STYLE_COLOUR('',#18);
#16728=FILL_AREA_STYLE('',(#16727));
#16729=SURFACE_STYLE_FILL_AREA(#16728);
#16730=SURFACE_SIDE_STYLE('',(#16729));
#16731=SURFACE_STYLE_USAGE(.POSITIVE.,#16730);
#16732=PRESENTATION_STYLE_ASSIGNMENT((#16731));
#16733=STYLED_ITEM('',(#16732),#16726);
#16734=CARTESIAN_POINT('',(5.3270625E-1,-9.257170294046E-1,0.E0));
#16735=DIRECTION('',(-2.473834390653E-1,9.689176611437E-1,0.E0));
#16736=DIRECTION('',(9.689176611437E-1,2.473834390653E-1,0.E0));
#16737=AXIS2_PLACEMENT_3D('',#16734,#16735,#16736);
#16738=PLANE('',#16737);
#16739=ORIENTED_EDGE('',*,*,#6839,.F.);
#16740=ORIENTED_EDGE('',*,*,#16522,.T.);
#16741=ORIENTED_EDGE('',*,*,#15142,.T.);
#16742=ORIENTED_EDGE('',*,*,#16720,.F.);
#16743=EDGE_LOOP('',(#16739,#16740,#16741,#16742));
#16744=FACE_OUTER_BOUND('',#16743,.F.);
#16745=ADVANCED_FACE('',(#16744),#16738,.T.);
#16746=FILL_AREA_STYLE_COLOUR('',#18);
#16747=FILL_AREA_STYLE('',(#16746));
#16748=SURFACE_STYLE_FILL_AREA(#16747);
#16749=SURFACE_SIDE_STYLE('',(#16748));
#16750=SURFACE_STYLE_USAGE(.POSITIVE.,#16749);
#16751=PRESENTATION_STYLE_ASSIGNMENT((#16750));
#16752=STYLED_ITEM('',(#16751),#16745);
#16753=CARTESIAN_POINT('',(1.06680625E0,-9.939E-1,0.E0));
#16754=DIRECTION('',(0.E0,-1.E0,0.E0));
#16755=DIRECTION('',(-1.E0,0.E0,0.E0));
#16756=AXIS2_PLACEMENT_3D('',#16753,#16754,#16755);
#16757=PLANE('',#16756);
#16758=ORIENTED_EDGE('',*,*,#6806,.F.);
#16760=ORIENTED_EDGE('',*,*,#16759,.T.);
#16761=ORIENTED_EDGE('',*,*,#15159,.T.);
#16763=ORIENTED_EDGE('',*,*,#16762,.F.);
#16764=EDGE_LOOP('',(#16758,#16760,#16761,#16763));
#16765=FACE_OUTER_BOUND('',#16764,.F.);
#16766=ADVANCED_FACE('',(#16765),#16757,.T.);
#16767=FILL_AREA_STYLE_COLOUR('',#18);
#16768=FILL_AREA_STYLE('',(#16767));
#16769=SURFACE_STYLE_FILL_AREA(#16768);
#16770=SURFACE_SIDE_STYLE('',(#16769));
#16771=SURFACE_STYLE_USAGE(.POSITIVE.,#16770);
#16772=PRESENTATION_STYLE_ASSIGNMENT((#16771));
#16773=STYLED_ITEM('',(#16772),#16766);
#16774=CARTESIAN_POINT('',(1.244839668226E0,-4.598E-1,0.E0));
#16775=DIRECTION('',(9.486832528138E-1,-3.162279017271E-1,0.E0));
#16776=DIRECTION('',(-3.162279017271E-1,-9.486832528138E-1,0.E0));
#16777=AXIS2_PLACEMENT_3D('',#16774,#16775,#16776);
#16778=PLANE('',#16777);
#16779=ORIENTED_EDGE('',*,*,#6820,.F.);
#16781=ORIENTED_EDGE('',*,*,#16780,.T.);
#16782=ORIENTED_EDGE('',*,*,#15161,.T.);
#16783=ORIENTED_EDGE('',*,*,#16759,.F.);
#16784=EDGE_LOOP('',(#16779,#16781,#16782,#16783));
#16785=FACE_OUTER_BOUND('',#16784,.F.);
#16786=ADVANCED_FACE('',(#16785),#16778,.T.);
#16787=FILL_AREA_STYLE_COLOUR('',#18);
#16788=FILL_AREA_STYLE('',(#16787));
#16789=SURFACE_STYLE_FILL_AREA(#16788);
#16790=SURFACE_SIDE_STYLE('',(#16789));
#16791=SURFACE_STYLE_USAGE(.POSITIVE.,#16790);
#16792=PRESENTATION_STYLE_ASSIGNMENT((#16791));
#16793=STYLED_ITEM('',(#16792),#16786);
#16794=CARTESIAN_POINT('',(1.178077168226E0,-4.598E-1,0.E0));
#16795=DIRECTION('',(0.E0,1.E0,0.E0));
#16796=DIRECTION('',(1.E0,0.E0,0.E0));
#16797=AXIS2_PLACEMENT_3D('',#16794,#16795,#16796);
#16798=PLANE('',#16797);
#16799=ORIENTED_EDGE('',*,*,#6818,.F.);
#16801=ORIENTED_EDGE('',*,*,#16800,.T.);
#16802=ORIENTED_EDGE('',*,*,#15163,.T.);
#16803=ORIENTED_EDGE('',*,*,#16780,.F.);
#16804=EDGE_LOOP('',(#16799,#16801,#16802,#16803));
#16805=FACE_OUTER_BOUND('',#16804,.F.);
#16806=ADVANCED_FACE('',(#16805),#16798,.T.);
#16807=FILL_AREA_STYLE_COLOUR('',#18);
#16808=FILL_AREA_STYLE('',(#16807));
#16809=SURFACE_STYLE_FILL_AREA(#16808);
#16810=SURFACE_SIDE_STYLE('',(#16809));
#16811=SURFACE_STYLE_USAGE(.POSITIVE.,#16810);
#16812=PRESENTATION_STYLE_ASSIGNMENT((#16811));
#16813=STYLED_ITEM('',(#16812),#16806);
#16814=CARTESIAN_POINT('',(1.13356875E0,-5.961659571081E-1,0.E0));
#16815=DIRECTION('',(-9.506450282288E-1,3.102805670740E-1,0.E0));
#16816=DIRECTION('',(3.102805670740E-1,9.506450282288E-1,0.E0));
#16817=AXIS2_PLACEMENT_3D('',#16814,#16815,#16816);
#16818=PLANE('',#16817);
#16819=ORIENTED_EDGE('',*,*,#6816,.F.);
#16821=ORIENTED_EDGE('',*,*,#16820,.T.);
#16822=ORIENTED_EDGE('',*,*,#15165,.T.);
#16823=ORIENTED_EDGE('',*,*,#16800,.F.);
#16824=EDGE_LOOP('',(#16819,#16821,#16822,#16823));
#16825=FACE_OUTER_BOUND('',#16824,.F.);
#16826=ADVANCED_FACE('',(#16825),#16818,.T.);
#16827=FILL_AREA_STYLE_COLOUR('',#18);
#16828=FILL_AREA_STYLE('',(#16827));
#16829=SURFACE_STYLE_FILL_AREA(#16828);
#16830=SURFACE_SIDE_STYLE('',(#16829));
#16831=SURFACE_STYLE_USAGE(.POSITIVE.,#16830);
#16832=PRESENTATION_STYLE_ASSIGNMENT((#16831));
#16833=STYLED_ITEM('',(#16832),#16826);
#16834=CARTESIAN_POINT('',(9.110271682262E-1,-5.961659571081E-1,0.E0));
#16835=DIRECTION('',(0.E0,1.E0,0.E0));
#16836=DIRECTION('',(1.E0,0.E0,0.E0));
#16837=AXIS2_PLACEMENT_3D('',#16834,#16835,#16836);
#16838=PLANE('',#16837);
#16839=ORIENTED_EDGE('',*,*,#6814,.F.);
#16841=ORIENTED_EDGE('',*,*,#16840,.T.);
#16842=ORIENTED_EDGE('',*,*,#15167,.T.);
#16843=ORIENTED_EDGE('',*,*,#16820,.F.);
#16844=EDGE_LOOP('',(#16839,#16841,#16842,#16843));
#16845=FACE_OUTER_BOUND('',#16844,.F.);
#16846=ADVANCED_FACE('',(#16845),#16838,.T.);
#16847=FILL_AREA_STYLE_COLOUR('',#18);
#16848=FILL_AREA_STYLE('',(#16847));
#16849=SURFACE_STYLE_FILL_AREA(#16848);
#16850=SURFACE_SIDE_STYLE('',(#16849));
#16851=SURFACE_STYLE_USAGE(.POSITIVE.,#16850);
#16852=PRESENTATION_STYLE_ASSIGNMENT((#16851));
#16853=STYLED_ITEM('',(#16852),#16846);
#16854=CARTESIAN_POINT('',(8.6651875E-1,-4.598E-1,0.E0));
#16855=DIRECTION('',(9.506450282288E-1,3.102805670740E-1,0.E0));
#16856=DIRECTION('',(3.102805670740E-1,-9.506450282288E-1,0.E0));
#16857=AXIS2_PLACEMENT_3D('',#16854,#16855,#16856);
#16858=PLANE('',#16857);
#16859=ORIENTED_EDGE('',*,*,#6812,.F.);
#16861=ORIENTED_EDGE('',*,*,#16860,.T.);
#16862=ORIENTED_EDGE('',*,*,#15169,.T.);
#16863=ORIENTED_EDGE('',*,*,#16840,.F.);
#16864=EDGE_LOOP('',(#16859,#16861,#16862,#16863));
#16865=FACE_OUTER_BOUND('',#16864,.F.);
#16866=ADVANCED_FACE('',(#16865),#16858,.T.);
#16867=FILL_AREA_STYLE_COLOUR('',#18);
#16868=FILL_AREA_STYLE('',(#16867));
#16869=SURFACE_STYLE_FILL_AREA(#16868);
#16870=SURFACE_SIDE_STYLE('',(#16869));
#16871=SURFACE_STYLE_USAGE(.POSITIVE.,#16870);
#16872=PRESENTATION_STYLE_ASSIGNMENT((#16871));
#16873=STYLED_ITEM('',(#16872),#16866);
#16874=CARTESIAN_POINT('',(7.9975625E-1,-4.598E-1,0.E0));
#16875=DIRECTION('',(0.E0,1.E0,0.E0));
#16876=DIRECTION('',(1.E0,0.E0,0.E0));
#16877=AXIS2_PLACEMENT_3D('',#16874,#16875,#16876);
#16878=PLANE('',#16877);
#16879=ORIENTED_EDGE('',*,*,#6810,.F.);
#16881=ORIENTED_EDGE('',*,*,#16880,.T.);
#16882=ORIENTED_EDGE('',*,*,#15171,.T.);
#16883=ORIENTED_EDGE('',*,*,#16860,.F.);
#16884=EDGE_LOOP('',(#16879,#16881,#16882,#16883));
#16885=FACE_OUTER_BOUND('',#16884,.F.);
#16886=ADVANCED_FACE('',(#16885),#16878,.T.);
#16887=FILL_AREA_STYLE_COLOUR('',#18);
#16888=FILL_AREA_STYLE('',(#16887));
#16889=SURFACE_STYLE_FILL_AREA(#16888);
#16890=SURFACE_SIDE_STYLE('',(#16889));
#16891=SURFACE_STYLE_USAGE(.POSITIVE.,#16890);
#16892=PRESENTATION_STYLE_ASSIGNMENT((#16891));
#16893=STYLED_ITEM('',(#16892),#16886);
#16894=CARTESIAN_POINT('',(9.777896682262E-1,-9.939E-1,0.E0));
#16895=DIRECTION('',(-9.486832528138E-1,-3.162279017271E-1,0.E0));
#16896=DIRECTION('',(-3.162279017271E-1,9.486832528138E-1,0.E0));
#16897=AXIS2_PLACEMENT_3D('',#16894,#16895,#16896);
#16898=PLANE('',#16897);
#16899=ORIENTED_EDGE('',*,*,#6808,.F.);
#16900=ORIENTED_EDGE('',*,*,#16762,.T.);
#16901=ORIENTED_EDGE('',*,*,#15173,.T.);
#16902=ORIENTED_EDGE('',*,*,#16880,.F.);
#16903=EDGE_LOOP('',(#16899,#16900,#16901,#16902));
#16904=FACE_OUTER_BOUND('',#16903,.F.);
#16905=ADVANCED_FACE('',(#16904),#16898,.T.);
#16906=FILL_AREA_STYLE_COLOUR('',#18);
#16907=FILL_AREA_STYLE('',(#16906));
#16908=SURFACE_STYLE_FILL_AREA(#16907);
#16909=SURFACE_SIDE_STYLE('',(#16908));
#16910=SURFACE_STYLE_USAGE(.POSITIVE.,#16909);
#16911=PRESENTATION_STYLE_ASSIGNMENT((#16910));
#16912=STYLED_ITEM('',(#16911),#16905);
#16913=CARTESIAN_POINT('',(1.022297831774E0,-9.484446862698E-1,0.E0));
#16914=DIRECTION('',(-9.506452063546E-1,3.102800213276E-1,0.E0));
#16915=DIRECTION('',(3.102800213276E-1,9.506452063546E-1,0.E0));
#16916=AXIS2_PLACEMENT_3D('',#16913,#16914,#16915);
#16917=PLANE('',#16916);
#16918=ORIENTED_EDGE('',*,*,#6876,.F.);
#16920=ORIENTED_EDGE('',*,*,#16919,.T.);
#16921=ORIENTED_EDGE('',*,*,#15177,.T.);
#16923=ORIENTED_EDGE('',*,*,#16922,.F.);
#16924=EDGE_LOOP('',(#16918,#16920,#16921,#16923));
#16925=FACE_OUTER_BOUND('',#16924,.F.);
#16926=ADVANCED_FACE('',(#16925),#16917,.T.);
#16927=FILL_AREA_STYLE_COLOUR('',#18);
#16928=FILL_AREA_STYLE('',(#16927));
#16929=SURFACE_STYLE_FILL_AREA(#16928);
#16930=SURFACE_SIDE_STYLE('',(#16929));
#16931=SURFACE_STYLE_USAGE(.POSITIVE.,#16930);
#16932=PRESENTATION_STYLE_ASSIGNMENT((#16931));
#16933=STYLED_ITEM('',(#16932),#16926);
#16934=CARTESIAN_POINT('',(9.221540817738E-1,-6.416212708384E-1,0.E0));
#16935=DIRECTION('',(9.506452063546E-1,3.102800213276E-1,0.E0));
#16936=DIRECTION('',(3.102800213276E-1,-9.506452063546E-1,0.E0));
#16937=AXIS2_PLACEMENT_3D('',#16934,#16935,#16936);
#16938=PLANE('',#16937);
#16939=ORIENTED_EDGE('',*,*,#6880,.F.);
#16941=ORIENTED_EDGE('',*,*,#16940,.T.);
#16942=ORIENTED_EDGE('',*,*,#15179,.T.);
#16943=ORIENTED_EDGE('',*,*,#16919,.F.);
#16944=EDGE_LOOP('',(#16939,#16941,#16942,#16943));
#16945=FACE_OUTER_BOUND('',#16944,.F.);
#16946=ADVANCED_FACE('',(#16945),#16938,.T.);
#16947=FILL_AREA_STYLE_COLOUR('',#18);
#16948=FILL_AREA_STYLE('',(#16947));
#16949=SURFACE_STYLE_FILL_AREA(#16948);
#16950=SURFACE_SIDE_STYLE('',(#16949));
#16951=SURFACE_STYLE_USAGE(.POSITIVE.,#16950);
#16952=PRESENTATION_STYLE_ASSIGNMENT((#16951));
#16953=STYLED_ITEM('',(#16952),#16946);
#16954=CARTESIAN_POINT('',(1.122441581774E0,-6.416212708384E-1,0.E0));
#16955=DIRECTION('',(0.E0,-1.E0,0.E0));
#16956=DIRECTION('',(-1.E0,0.E0,0.E0));
#16957=AXIS2_PLACEMENT_3D('',#16954,#16955,#16956);
#16958=PLANE('',#16957);
#16959=ORIENTED_EDGE('',*,*,#6878,.F.);
#16960=ORIENTED_EDGE('',*,*,#16922,.T.);
#16961=ORIENTED_EDGE('',*,*,#15181,.T.);
#16962=ORIENTED_EDGE('',*,*,#16940,.F.);
#16963=EDGE_LOOP('',(#16959,#16960,#16961,#16962));
#16964=FACE_OUTER_BOUND('',#16963,.F.);
#16965=ADVANCED_FACE('',(#16964),#16958,.T.);
#16966=FILL_AREA_STYLE_COLOUR('',#18);
#16967=FILL_AREA_STYLE('',(#16966));
#16968=SURFACE_STYLE_FILL_AREA(#16967);
#16969=SURFACE_SIDE_STYLE('',(#16968));
#16970=SURFACE_STYLE_USAGE(.POSITIVE.,#16969);
#16971=PRESENTATION_STYLE_ASSIGNMENT((#16970));
#16972=STYLED_ITEM('',(#16971),#16965);
#16973=CLOSED_SHELL('',(#6824,#6863,#6884,#6906,#6944,#6966,#6987,#7008,#7028,
#7057,#7079,#7108,#7129,#7157,#7179,#7200,#7224,#7245,#7266,#7285,#7304,#7326,
#7346,#7363,#7411,#7431,#7460,#7482,#7503,#7534,#7554,#7573,#7597,#7619,#7639,
#7661,#7681,#7700,#7722,#7743,#7764,#7785,#7806,#7827,#7848,#7868,#8257,#8308,
#8363,#8398,#8419,#8441,#8462,#8483,#8504,#8525,#8546,#8567,#8588,#8609,#8629,
#8654,#8777,#8800,#8829,#8934,#8973,#9078,#9147,#9186,#9225,#9246,#9266,#9286,
#9306,#9326,#9346,#9366,#9386,#9406,#9426,#9446,#9466,#9486,#9506,#9526,#9546,
#9566,#9586,#9606,#9626,#9646,#9666,#9686,#9706,#9726,#9746,#9766,#9786,#9806,
#9826,#9846,#9866,#9886,#9906,#9926,#9946,#9966,#9986,#10006,#10026,#10046,
#10066,#10086,#10106,#10126,#10146,#10166,#10186,#10206,#10226,#10246,#10266,
#10286,#10305,#10326,#10346,#10366,#10385,#10406,#10426,#10446,#10466,#10486,
#10506,#10525,#10546,#10566,#10586,#10606,#10626,#10646,#10666,#10686,#10706,
#10726,#10746,#10766,#10786,#10806,#10826,#10846,#10866,#10886,#10906,#10926,
#10946,#10966,#10986,#11006,#11026,#11045,#11066,#11086,#11106,#11126,#11146,
#11166,#11186,#11206,#11226,#11246,#11266,#11286,#11306,#11326,#11346,#11366,
#11386,#11405,#11426,#11446,#11466,#11486,#11506,#11526,#11546,#11566,#11586,
#11606,#11626,#11645,#11666,#11686,#11706,#11726,#11746,#11766,#11786,#11806,
#11826,#11846,#11866,#11886,#11906,#11926,#11946,#11966,#11986,#12006,#12026,
#12046,#12066,#12086,#12106,#12125,#12146,#12166,#12186,#12206,#12226,#12246,
#12266,#12286,#12306,#12326,#12346,#12366,#12386,#12406,#12426,#12446,#12466,
#12486,#12506,#12525,#12546,#12566,#12586,#12606,#12626,#12646,#12666,#12686,
#12706,#12726,#12746,#12766,#12786,#12806,#12826,#12845,#12866,#12886,#12906,
#12926,#12946,#12966,#12986,#13006,#13026,#13045,#13066,#13086,#13106,#13126,
#13146,#13166,#13186,#13206,#13226,#13246,#13266,#13285,#13306,#13326,#13346,
#13366,#13386,#13406,#13426,#13445,#13466,#13486,#13505,#13527,#13548,#13569,
#13589,#13618,#13642,#13664,#13687,#13707,#13726,#13745,#13767,#13788,#13809,
#13831,#13852,#13871,#13892,#13913,#13934,#13953,#13972,#13994,#14015,#14037,
#14057,#14077,#14098,#14118,#14140,#14161,#14180,#14199,#14229,#14250,#14279,
#14299,#14319,#14339,#14359,#14379,#14398,#14428,#14449,#14478,#14498,#14518,
#14538,#14558,#14578,#14597,#14627,#14648,#14677,#14697,#14717,#14737,#14757,
#14777,#14796,#14818,#14839,#14860,#14881,#14902,#14922,#14943,#15038,#15077,
#15146,#15185,#15206,#15226,#15246,#15266,#15286,#15306,#15326,#15346,#15366,
#15386,#15406,#15426,#15446,#15466,#15486,#15506,#15526,#15546,#15566,#15586,
#15606,#15626,#15646,#15666,#15686,#15706,#15726,#15746,#15766,#15786,#15806,
#15826,#15846,#15866,#15886,#15906,#15926,#15946,#15966,#15985,#16006,#16026,
#16046,#16066,#16086,#16106,#16126,#16146,#16166,#16186,#16206,#16225,#16246,
#16266,#16286,#16306,#16326,#16346,#16366,#16386,#16406,#16426,#16446,#16466,
#16486,#16505,#16526,#16546,#16566,#16586,#16606,#16626,#16646,#16666,#16686,
#16706,#16726,#16745,#16766,#16786,#16806,#16826,#16846,#16866,#16886,#16905,
#16926,#16946,#16965));
#16974=MANIFOLD_SOLID_BREP('',#16973);
#16976=DIMENSIONAL_EXPONENTS(0.E0,0.E0,0.E0,0.E0,0.E0,0.E0,0.E0);
#16978=PLANE_ANGLE_MEASURE_WITH_UNIT(PLANE_ANGLE_MEASURE(1.745329251994E-2),
#16977);
#16979=(CONVERSION_BASED_UNIT('DEGREE',#16978)NAMED_UNIT(*)PLANE_ANGLE_UNIT());
#16981=UNCERTAINTY_MEASURE_WITH_UNIT(LENGTH_MEASURE(1.307961440845E-3),#16975,
'closure',
'Maximum model space distance between geometric entities at asserted connectivities');
#16982=(GEOMETRIC_REPRESENTATION_CONTEXT(3)GLOBAL_UNCERTAINTY_ASSIGNED_CONTEXT((
#16981))GLOBAL_UNIT_ASSIGNED_CONTEXT((#16975,#16979,#16980))REPRESENTATION_CONTEXT('ID1','3'));
#16984=MECHANICAL_DESIGN_GEOMETRIC_PRESENTATION_REPRESENTATION('',(#6831,#6870,
#6891,#6913,#6951,#6973,#6994,#7015,#7035,#7064,#7086,#7115,#7136,#7164,#7186,
#7207,#7231,#7252,#7273,#7292,#7311,#7333,#7353,#7370,#7418,#7438,#7467,#7489,
#7510,#7541,#7561,#7580,#7604,#7626,#7646,#7668,#7688,#7707,#7729,#7750,#7771,
#7792,#7813,#7834,#7855,#7875,#8264,#8315,#8370,#8405,#8426,#8448,#8469,#8490,
#8511,#8532,#8553,#8574,#8595,#8616,#8636,#8661,#8784,#8807,#8836,#8941,#8980,
#9085,#9154,#9193,#9232,#9253,#9273,#9293,#9313,#9333,#9353,#9373,#9393,#9413,
#9433,#9453,#9473,#9493,#9513,#9533,#9553,#9573,#9593,#9613,#9633,#9653,#9673,
#9693,#9713,#9733,#9753,#9773,#9793,#9813,#9833,#9853,#9873,#9893,#9913,#9933,
#9953,#9973,#9993,#10013,#10033,#10053,#10073,#10093,#10113,#10133,#10153,
#10173,#10193,#10213,#10233,#10253,#10273,#10293,#10312,#10333,#10353,#10373,
#10392,#10413,#10433,#10453,#10473,#10493,#10513,#10532,#10553,#10573,#10593,
#10613,#10633,#10653,#10673,#10693,#10713,#10733,#10753,#10773,#10793,#10813,
#10833,#10853,#10873,#10893,#10913,#10933,#10953,#10973,#10993,#11013,#11033,
#11052,#11073,#11093,#11113,#11133,#11153,#11173,#11193,#11213,#11233,#11253,
#11273,#11293,#11313,#11333,#11353,#11373,#11393,#11412,#11433,#11453,#11473,
#11493,#11513,#11533,#11553,#11573,#11593,#11613,#11633,#11652,#11673,#11693,
#11713,#11733,#11753,#11773,#11793,#11813,#11833,#11853,#11873,#11893,#11913,
#11933,#11953,#11973,#11993,#12013,#12033,#12053,#12073,#12093,#12113,#12132,
#12153,#12173,#12193,#12213,#12233,#12253,#12273,#12293,#12313,#12333,#12353,
#12373,#12393,#12413,#12433,#12453,#12473,#12493,#12513,#12532,#12553,#12573,
#12593,#12613,#12633,#12653,#12673,#12693,#12713,#12733,#12753,#12773,#12793,
#12813,#12833,#12852,#12873,#12893,#12913,#12933,#12953,#12973,#12993,#13013,
#13033,#13052,#13073,#13093,#13113,#13133,#13153,#13173,#13193,#13213,#13233,
#13253,#13273,#13292,#13313,#13333,#13353,#13373,#13393,#13413,#13433,#13452,
#13473,#13493,#13512,#13534,#13555,#13576,#13596,#13625,#13649,#13671,#13694,
#13714,#13733,#13752,#13774,#13795,#13816,#13838,#13859,#13878,#13899,#13920,
#13941,#13960,#13979,#14001,#14022,#14044,#14064,#14084,#14105,#14125,#14147,
#14168,#14187,#14206,#14236,#14257,#14286,#14306,#14326,#14346,#14366,#14386,
#14405,#14435,#14456,#14485,#14505,#14525,#14545,#14565,#14585,#14604,#14634,
#14655,#14684,#14704,#14724,#14744,#14764,#14784,#14803,#14825,#14846,#14867,
#14888,#14909,#14929,#14950,#15045,#15084,#15153,#15192,#15213,#15233,#15253,
#15273,#15293,#15313,#15333,#15353,#15373,#15393,#15413,#15433,#15453,#15473,
#15493,#15513,#15533,#15553,#15573,#15593,#15613,#15633,#15653,#15673,#15693,
#15713,#15733,#15753,#15773,#15793,#15813,#15833,#15853,#15873,#15893,#15913,
#15933,#15953,#15973,#15992,#16013,#16033,#16053,#16073,#16093,#16113,#16133,
#16153,#16173,#16193,#16213,#16232,#16253,#16273,#16293,#16313,#16333,#16353,
#16373,#16393,#16413,#16433,#16453,#16473,#16493,#16512,#16533,#16553,#16573,
#16593,#16613,#16633,#16653,#16673,#16693,#16713,#16733,#16752,#16773,#16793,
#16813,#16833,#16853,#16873,#16893,#16912,#16933,#16953,#16972),#16982);
#16985=APPLICATION_CONTEXT(
'CONFIGURATION CONTROLLED 3D DESIGNS OF MECHANICAL PARTS AND ASSEMBLIES');
#16986=APPLICATION_PROTOCOL_DEFINITION('international standard',
'ccd_cla_gvp_ast_asd',1995,#16985);
#16987=DESIGN_CONTEXT('',#16985,'design');
#16988=MECHANICAL_CONTEXT('',#16985,'mechanical');
#16989=PRODUCT('205','205','NOT SPECIFIED',(#16988));
#16990=PRODUCT_DEFINITION_FORMATION_WITH_SPECIFIED_SOURCE('1','LAST_VERSION',
#16989,.MADE.);
#16998=DERIVED_UNIT_ELEMENT(#16997,2.E0);
#16999=DERIVED_UNIT((#16998));
#17000=MEASURE_REPRESENTATION_ITEM('surface area measure',AREA_MEASURE(
2.283977935386E2),#16999);
#17005=DERIVED_UNIT_ELEMENT(#17004,3.E0);
#17006=DERIVED_UNIT((#17005));
#17007=MEASURE_REPRESENTATION_ITEM('volume measure',VOLUME_MEASURE(
1.286064581771E2),#17006);
#17011=CARTESIAN_POINT('centre point',(-1.344720738617E-1,5.221633688921E-3,
2.530829932796E0));
#17016=DERIVED_UNIT_ELEMENT(#17015,2.E0);
#17017=DERIVED_UNIT((#17016));
#17018=MEASURE_REPRESENTATION_ITEM('surface area measure',AREA_MEASURE(
2.283977935386E2),#17017);
#17023=DERIVED_UNIT_ELEMENT(#17022,3.E0);
#17024=DERIVED_UNIT((#17023));
#17025=MEASURE_REPRESENTATION_ITEM('volume measure',VOLUME_MEASURE(
1.286064581771E2),#17024);
#17029=CARTESIAN_POINT('centre point',(-1.344720738617E-1,5.221633688921E-3,
2.530829932796E0));
#17034=PRODUCT_CATEGORY('part','');
#17035=PRODUCT_RELATED_PRODUCT_CATEGORY('detail','',(#16989));
#17036=PRODUCT_CATEGORY_RELATIONSHIP('','',#17034,#17035);
#17037=SECURITY_CLASSIFICATION_LEVEL('unclassified');
#17038=SECURITY_CLASSIFICATION('','',#17037);
#17039=CC_DESIGN_SECURITY_CLASSIFICATION(#17038,(#16990));
#17040=APPROVAL_STATUS('approved');
#17041=APPROVAL(#17040,'');
#17042=CC_DESIGN_APPROVAL(#17041,(#17038,#16990,#16991));
#17043=CALENDAR_DATE(121,15,5);
#17044=COORDINATED_UNIVERSAL_TIME_OFFSET(8,0,.AHEAD.);
#17045=LOCAL_TIME(16,4,3.4E1,#17044);
#17046=DATE_AND_TIME(#17043,#17045);
#17047=APPROVAL_DATE_TIME(#17046,#17041);
#17048=DATE_TIME_ROLE('creation_date');
#17049=CC_DESIGN_DATE_AND_TIME_ASSIGNMENT(#17046,#17048,(#16991));
#17050=DATE_TIME_ROLE('classification_date');
#17051=CC_DESIGN_DATE_AND_TIME_ASSIGNMENT(#17046,#17050,(#17038));
#17052=PERSON('UNSPECIFIED','UNSPECIFIED',$,$,$,$);
#17053=ORGANIZATION('UNSPECIFIED','UNSPECIFIED','UNSPECIFIED');
#17054=PERSON_AND_ORGANIZATION(#17052,#17053);
#17055=APPROVAL_ROLE('approver');
#17056=APPROVAL_PERSON_ORGANIZATION(#17054,#17041,#17055);
#17057=PERSON_AND_ORGANIZATION_ROLE('creator');
#17058=CC_DESIGN_PERSON_AND_ORGANIZATION_ASSIGNMENT(#17054,#17057,(#16990,
#16991));
#17059=PERSON_AND_ORGANIZATION_ROLE('design_supplier');
#17060=CC_DESIGN_PERSON_AND_ORGANIZATION_ASSIGNMENT(#17054,#17059,(#16990));
#17061=PERSON_AND_ORGANIZATION_ROLE('classification_officer');
#17062=CC_DESIGN_PERSON_AND_ORGANIZATION_ASSIGNMENT(#17054,#17061,(#17038));
#17063=PERSON_AND_ORGANIZATION_ROLE('design_owner');
#17064=CC_DESIGN_PERSON_AND_ORGANIZATION_ASSIGNMENT(#17054,#17063,(#16989));
#1=DRAUGHTING_PRE_DEFINED_COLOUR('green');
#2=COLOUR_RGB('',1.1E-2,1.2E-2,1.E0);
#3=COLOUR_RGB('',2.15686E-1,5.18041E-1,1.E0);
#4=COLOUR_RGB('',2.36993E-1,1.E0,6.49617E-1);
#5=COLOUR_RGB('',2.57282E-1,2.57282E-1,2.57282E-1);
#6=COLOUR_RGB('',3.34677E-1,8.15534E-1,4.38691E-1);
#7=COLOUR_RGB('',4.1E-1,2.61589E-1,1.12848E-1);
#8=COLOUR_RGB('',4.46095E-1,1.E0,3.94692E-1);
#9=COLOUR_RGB('',4.51243E-1,1.E0,6.21554E-1);
#10=COLOUR_RGB('',5.45098E-1,2.62745E-1,1.76471E-1);
#11=COLOUR_RGB('',6.35294E-1,6.86275E-1,7.4902E-1);
#12=COLOUR_RGB('',6.40777E-1,6.40777E-1,6.40777E-1);
#13=COLOUR_RGB('',6.69062E-1,6.69903E-1,6.55217E-1);
#14=COLOUR_RGB('',6.8932E-1,1.934E-1,1.61111E-1);
#15=COLOUR_RGB('',6.94175E-1,1.01459E-1,1.27464E-1);
#16=COLOUR_RGB('',8.03922E-1,4.98039E-1,1.96078E-1);
#17=COLOUR_RGB('',8.03922E-1,5.88235E-1,1.96078E-1);
#18=COLOUR_RGB('',8.15534E-1,8.15534E-1,8.15534E-1);
#19=COLOUR_RGB('',8.15534E-1,8.15534E-1,8.15534E-1);
#20=COLOUR_RGB('',8.5098E-1,8.07843E-1,7.37255E-1);
#21=COLOUR_RGB('',8.5098E-1,8.07843E-1,7.7E-1);
#22=COLOUR_RGB('',8.83495E-1,8.E-1,7.4E-1);
#23=COLOUR_RGB('',8.82353E-1,8.82353E-1,8.82353E-1);
#24=COLOUR_RGB('',1.E0,2.99729E-1,5.3274E-2);
#25=COLOUR_RGB('',1.E0,6.48135E-1,4.66429E-1);
#26=DRAUGHTING_PRE_DEFINED_COLOUR('yellow');
#27=COLOUR_RGB('',1.E0,1.E0,5.3E-1);
#28=DRAUGHTING_PRE_DEFINED_COLOUR('white');
#533=CIRCLE('',#532,5.E-1);
#538=CIRCLE('',#537,5.E-1);
#715=CIRCLE('',#714,5.E-1);
#720=CIRCLE('',#719,5.E-1);
#729=CIRCLE('',#728,2.306049695569E-1);
#738=CIRCLE('',#737,2.306049695569E-1);
#747=CIRCLE('',#746,2.306049695569E-1);
#756=CIRCLE('',#755,2.306049695569E-1);
#933=CIRCLE('',#932,2.306049695569E-1);
#942=CIRCLE('',#941,2.306049695569E-1);
#951=CIRCLE('',#950,2.306049695569E-1);
#960=CIRCLE('',#959,2.306049695569E-1);
#3753=CIRCLE('',#3752,1.4315E-1);
#3758=CIRCLE('',#3757,1.E-1);
#3763=CIRCLE('',#3762,1.E-1);
#3768=CIRCLE('',#3767,1.E-1);
#3773=CIRCLE('',#3772,2.4315E-1);
#3778=CIRCLE('',#3777,2.4315E-1);
#3795=CIRCLE('',#3794,1.E-1);
#3800=CIRCLE('',#3799,1.E-1);
#3805=CIRCLE('',#3804,1.E-1);
#3818=CIRCLE('',#3817,1.4315E-1);
#3823=CIRCLE('',#3822,1.E-1);
#3840=CIRCLE('',#3839,1.E-1);
#3857=CIRCLE('',#3856,1.E-1);
#3862=CIRCLE('',#3861,1.E-1);
#3867=CIRCLE('',#3866,1.E-1);
#3876=CIRCLE('',#3875,1.4315E-1);
#3885=CIRCLE('',#3884,1.E-1);
#3902=CIRCLE('',#3901,2.4315E-1);
#3907=CIRCLE('',#3906,2.4315E-1);
#3912=CIRCLE('',#3911,1.E-1);
#3921=CIRCLE('',#3920,1.4315E-1);
#3930=CIRCLE('',#3929,1.E-1);
#3935=CIRCLE('',#3934,1.E-1);
#3940=CIRCLE('',#3939,1.E-1);
#3949=CIRCLE('',#3948,5.856E-1);
#3966=CIRCLE('',#3965,1.856E-1);
#3979=CIRCLE('',#3978,1.856E-1);
#3996=CIRCLE('',#3995,5.856E-1);
#4033=CIRCLE('',#4032,2.827330481301E-1);
#4050=CIRCLE('',#4049,6.827330481301E-1);
#4063=CIRCLE('',#4062,6.827330481301E-1);
#4080=CIRCLE('',#4079,2.827330481301E-1);
#4117=CIRCLE('',#4116,2.827330481301E-1);
#4134=CIRCLE('',#4133,6.827330481301E-1);
#4147=CIRCLE('',#4146,6.827330481301E-1);
#4164=CIRCLE('',#4163,2.827330481301E-1);
#6578=EDGE_CURVE('',#4955,#4956,#32,.T.);
#6580=EDGE_CURVE('',#4956,#4958,#36,.T.);
#6582=EDGE_CURVE('',#4958,#4960,#40,.T.);
#6584=EDGE_CURVE('',#4960,#4955,#44,.T.);
#6588=EDGE_CURVE('',#4980,#4968,#48,.T.);
#6590=EDGE_CURVE('',#4972,#4968,#3763,.T.);
#6592=EDGE_CURVE('',#4972,#4994,#52,.T.);
#6594=EDGE_CURVE('',#4996,#4994,#3823,.T.);
#6596=EDGE_CURVE('',#4996,#4984,#56,.T.);
#6598=EDGE_CURVE('',#4988,#4984,#3805,.T.);
#6600=EDGE_CURVE('',#4988,#4978,#60,.T.);
#6602=EDGE_CURVE('',#4980,#4978,#3795,.T.);
#6606=EDGE_CURVE('',#5000,#5028,#64,.T.);
#6608=EDGE_CURVE('',#5004,#5000,#3862,.T.);
#6610=EDGE_CURVE('',#5010,#5004,#68,.T.);
#6612=EDGE_CURVE('',#5012,#5010,#3885,.T.);
#6614=EDGE_CURVE('',#5016,#5012,#72,.T.);
#6616=EDGE_CURVE('',#5020,#5016,#3935,.T.);
#6618=EDGE_CURVE('',#5026,#5020,#76,.T.);
#6620=EDGE_CURVE('',#5028,#5026,#3940,.T.);
#6624=EDGE_CURVE('',#6123,#6124,#80,.T.);
#6626=EDGE_CURVE('',#6123,#6127,#84,.T.);
#6628=EDGE_CURVE('',#6127,#6128,#88,.T.);
#6630=EDGE_CURVE('',#6124,#6128,#92,.T.);
#6634=EDGE_CURVE('',#6155,#6156,#96,.T.);
#6636=EDGE_CURVE('',#6156,#6160,#100,.T.);
#6638=EDGE_CURVE('',#6159,#6160,#104,.T.);
#6640=EDGE_CURVE('',#6155,#6159,#108,.T.);
#6644=EDGE_CURVE('',#6187,#6188,#112,.T.);
#6646=EDGE_CURVE('',#6188,#6192,#116,.T.);
#6648=EDGE_CURVE('',#6191,#6192,#120,.T.);
#6650=EDGE_CURVE('',#6187,#6191,#124,.T.);
#6654=EDGE_CURVE('',#6385,#6386,#128,.T.);
#6656=EDGE_CURVE('',#6386,#6388,#132,.T.);
#6658=EDGE_CURVE('',#6388,#6390,#136,.T.);
#6660=EDGE_CURVE('',#6390,#6392,#140,.T.);
#6662=EDGE_CURVE('',#6392,#6394,#144,.T.);
#6664=EDGE_CURVE('',#6394,#6385,#148,.T.);
#6668=EDGE_CURVE('',#6397,#6398,#152,.T.);
#6670=EDGE_CURVE('',#6398,#6400,#156,.T.);
#6672=EDGE_CURVE('',#6400,#6402,#160,.T.);
#6674=EDGE_CURVE('',#6402,#6404,#164,.T.);
#6676=EDGE_CURVE('',#6404,#6406,#168,.T.);
#6678=EDGE_CURVE('',#6406,#6408,#172,.T.);
#6680=EDGE_CURVE('',#6408,#6410,#176,.T.);
#6682=EDGE_CURVE('',#6410,#6412,#180,.T.);
#6684=EDGE_CURVE('',#6412,#6414,#184,.T.);
#6686=EDGE_CURVE('',#6414,#6416,#188,.T.);
#6688=EDGE_CURVE('',#6416,#6418,#192,.T.);
#6690=EDGE_CURVE('',#6418,#6420,#196,.T.);
#6692=EDGE_CURVE('',#6420,#6422,#200,.T.);
#6694=EDGE_CURVE('',#6422,#6424,#204,.T.);
#6696=EDGE_CURVE('',#6424,#6426,#208,.T.);
#6698=EDGE_CURVE('',#6426,#6428,#212,.T.);
#6700=EDGE_CURVE('',#6428,#6430,#216,.T.);
#6702=EDGE_CURVE('',#6430,#6432,#220,.T.);
#6704=EDGE_CURVE('',#6432,#6434,#224,.T.);
#6706=EDGE_CURVE('',#6434,#6436,#228,.T.);
#6708=EDGE_CURVE('',#6436,#6438,#232,.T.);
#6710=EDGE_CURVE('',#6438,#6440,#236,.T.);
#6712=EDGE_CURVE('',#6440,#6442,#240,.T.);
#6714=EDGE_CURVE('',#6442,#6444,#244,.T.);
#6716=EDGE_CURVE('',#6444,#6446,#248,.T.);
#6718=EDGE_CURVE('',#6446,#6448,#252,.T.);
#6720=EDGE_CURVE('',#6448,#6450,#256,.T.);
#6722=EDGE_CURVE('',#6450,#6452,#260,.T.);
#6724=EDGE_CURVE('',#6452,#6454,#264,.T.);
#6726=EDGE_CURVE('',#6454,#6456,#268,.T.);
#6728=EDGE_CURVE('',#6456,#6458,#272,.T.);
#6730=EDGE_CURVE('',#6458,#6460,#276,.T.);
#6732=EDGE_CURVE('',#6460,#6462,#280,.T.);
#6734=EDGE_CURVE('',#6462,#6464,#284,.T.);
#6736=EDGE_CURVE('',#6464,#6466,#288,.T.);
#6738=EDGE_CURVE('',#6466,#6468,#292,.T.);
#6740=EDGE_CURVE('',#6468,#6470,#296,.T.);
#6742=EDGE_CURVE('',#6470,#6472,#300,.T.);
#6744=EDGE_CURVE('',#6472,#6474,#304,.T.);
#6746=EDGE_CURVE('',#6474,#6397,#308,.T.);
#6750=EDGE_CURVE('',#6477,#6478,#312,.T.);
#6752=EDGE_CURVE('',#6478,#6480,#316,.T.);
#6754=EDGE_CURVE('',#6480,#6482,#320,.T.);
#6756=EDGE_CURVE('',#6482,#6484,#324,.T.);
#6758=EDGE_CURVE('',#6484,#6486,#328,.T.);
#6760=EDGE_CURVE('',#6486,#6488,#332,.T.);
#6762=EDGE_CURVE('',#6488,#6490,#336,.T.);
#6764=EDGE_CURVE('',#6490,#6492,#340,.T.);
#6766=EDGE_CURVE('',#6492,#6494,#344,.T.);
#6768=EDGE_CURVE('',#6494,#6496,#348,.T.);
#6770=EDGE_CURVE('',#6496,#6498,#352,.T.);
#6772=EDGE_CURVE('',#6498,#6477,#356,.T.);
#6776=EDGE_CURVE('',#6501,#6502,#360,.T.);
#6778=EDGE_CURVE('',#6502,#6504,#364,.T.);
#6780=EDGE_CURVE('',#6504,#6506,#368,.T.);
#6782=EDGE_CURVE('',#6506,#6508,#372,.T.);
#6784=EDGE_CURVE('',#6508,#6510,#376,.T.);
#6786=EDGE_CURVE('',#6510,#6512,#380,.T.);
#6788=EDGE_CURVE('',#6512,#6514,#384,.T.);
#6790=EDGE_CURVE('',#6514,#6516,#388,.T.);
#6792=EDGE_CURVE('',#6516,#6518,#392,.T.);
#6794=EDGE_CURVE('',#6518,#6520,#396,.T.);
#6796=EDGE_CURVE('',#6520,#6522,#400,.T.);
#6798=EDGE_CURVE('',#6522,#6524,#404,.T.);
#6800=EDGE_CURVE('',#6524,#6526,#408,.T.);
#6802=EDGE_CURVE('',#6526,#6501,#412,.T.);
#6806=EDGE_CURVE('',#6553,#6554,#464,.T.);
#6808=EDGE_CURVE('',#6554,#6556,#468,.T.);
#6810=EDGE_CURVE('',#6556,#6558,#472,.T.);
#6812=EDGE_CURVE('',#6558,#6560,#476,.T.);
#6814=EDGE_CURVE('',#6560,#6562,#480,.T.);
#6816=EDGE_CURVE('',#6562,#6564,#484,.T.);
#6818=EDGE_CURVE('',#6564,#6566,#488,.T.);
#6820=EDGE_CURVE('',#6566,#6553,#492,.T.);
#6837=EDGE_CURVE('',#6529,#6530,#416,.T.);
#6839=EDGE_CURVE('',#6530,#6532,#420,.T.);
#6841=EDGE_CURVE('',#6532,#6534,#424,.T.);
#6843=EDGE_CURVE('',#6534,#6536,#428,.T.);
#6845=EDGE_CURVE('',#6536,#6538,#432,.T.);
#6847=EDGE_CURVE('',#6538,#6540,#436,.T.);
#6849=EDGE_CURVE('',#6540,#6542,#440,.T.);
#6851=EDGE_CURVE('',#6542,#6544,#444,.T.);
#6853=EDGE_CURVE('',#6544,#6546,#448,.T.);
#6855=EDGE_CURVE('',#6546,#6548,#452,.T.);
#6857=EDGE_CURVE('',#6548,#6550,#456,.T.);
#6859=EDGE_CURVE('',#6550,#6529,#460,.T.);
#6876=EDGE_CURVE('',#6569,#6570,#496,.T.);
#6878=EDGE_CURVE('',#6570,#6572,#500,.T.);
#6880=EDGE_CURVE('',#6572,#6569,#504,.T.);
#6897=EDGE_CURVE('',#6079,#6080,#508,.T.);
#6899=EDGE_CURVE('',#6080,#4956,#512,.T.);
#6902=EDGE_CURVE('',#6079,#4955,#796,.T.);
#6919=EDGE_CURVE('',#4963,#6080,#542,.T.);
#6922=EDGE_CURVE('',#6079,#4964,#546,.T.);
#6924=EDGE_CURVE('',#4963,#4964,#550,.T.);
#6928=EDGE_CURVE('',#6095,#6096,#533,.T.);
#6930=EDGE_CURVE('',#6096,#6095,#538,.T.);
#6934=EDGE_CURVE('',#6063,#6064,#516,.T.);
#6936=EDGE_CURVE('',#6068,#6063,#520,.T.);
#6938=EDGE_CURVE('',#6066,#6068,#524,.T.);
#6940=EDGE_CURVE('',#6064,#6066,#528,.T.);
#6958=EDGE_CURVE('',#6064,#6072,#558,.T.);
#6960=EDGE_CURVE('',#6071,#6072,#570,.T.);
#6962=EDGE_CURVE('',#6063,#6071,#554,.T.);
#6980=EDGE_CURVE('',#6066,#6074,#562,.T.);
#6982=EDGE_CURVE('',#6072,#6074,#574,.T.);
#7001=EDGE_CURVE('',#6068,#6076,#566,.T.);
#7003=EDGE_CURVE('',#6074,#6076,#578,.T.);
#7023=EDGE_CURVE('',#6076,#6071,#582,.T.);
#7041=EDGE_CURVE('',#6083,#6084,#586,.T.);
#7043=EDGE_CURVE('',#6084,#6086,#634,.T.);
#7045=EDGE_CURVE('',#6088,#6086,#630,.T.);
#7047=EDGE_CURVE('',#6083,#6088,#598,.T.);
#7071=EDGE_CURVE('',#6036,#6083,#626,.T.);
#7073=EDGE_CURVE('',#6035,#6036,#590,.T.);
#7075=EDGE_CURVE('',#6035,#6084,#594,.T.);
#7093=EDGE_CURVE('',#6088,#6032,#602,.T.);
#7095=EDGE_CURVE('',#6032,#6056,#606,.T.);
#7097=EDGE_CURVE('',#6055,#6056,#610,.T.);
#7099=EDGE_CURVE('',#6055,#6043,#614,.T.);
#7101=EDGE_CURVE('',#6043,#6044,#618,.T.);
#7103=EDGE_CURVE('',#6044,#6036,#622,.T.);
#7122=EDGE_CURVE('',#6086,#6031,#658,.T.);
#7124=EDGE_CURVE('',#6031,#6032,#698,.T.);
#7144=EDGE_CURVE('',#6040,#6035,#638,.T.);
#7146=EDGE_CURVE('',#6039,#6040,#642,.T.);
#7148=EDGE_CURVE('',#6051,#6039,#646,.T.);
#7150=EDGE_CURVE('',#6051,#6052,#650,.T.);
#7152=EDGE_CURVE('',#6031,#6052,#654,.T.);
#7171=EDGE_CURVE('',#6048,#6044,#662,.T.);
#7173=EDGE_CURVE('',#6040,#6048,#666,.T.);
#7193=EDGE_CURVE('',#6046,#6043,#686,.T.);
#7195=EDGE_CURVE('',#6046,#6048,#670,.T.);
#7213=EDGE_CURVE('',#6055,#6058,#674,.T.);
#7215=EDGE_CURVE('',#6058,#6051,#678,.T.);
#7218=EDGE_CURVE('',#6039,#6046,#682,.T.);
#7238=EDGE_CURVE('',#6056,#6060,#694,.T.);
#7240=EDGE_CURVE('',#6058,#6060,#702,.T.);
#7259=EDGE_CURVE('',#6060,#6052,#690,.T.);
#7318=EDGE_CURVE('',#6095,#6091,#706,.T.);
#7320=EDGE_CURVE('',#6091,#6092,#715,.T.);
#7322=EDGE_CURVE('',#6096,#6092,#710,.T.);
#7341=EDGE_CURVE('',#6092,#6091,#720,.T.);
#7377=EDGE_CURVE('',#4958,#4963,#776,.T.);
#7383=EDGE_CURVE('',#5047,#5048,#724,.T.);
#7385=EDGE_CURVE('',#5048,#5050,#729,.T.);
#7387=EDGE_CURVE('',#5050,#5052,#733,.T.);
#7389=EDGE_CURVE('',#5052,#5054,#738,.T.);
#7391=EDGE_CURVE('',#5054,#5056,#742,.T.);
#7393=EDGE_CURVE('',#5056,#5058,#747,.T.);
#7395=EDGE_CURVE('',#5058,#5060,#751,.T.);
#7397=EDGE_CURVE('',#5060,#5047,#756,.T.);
#7401=EDGE_CURVE('',#5967,#5968,#760,.T.);
#7403=EDGE_CURVE('',#5968,#5970,#764,.T.);
#7405=EDGE_CURVE('',#5970,#5972,#768,.T.);
#7407=EDGE_CURVE('',#5972,#5967,#772,.T.);
#7427=EDGE_CURVE('',#4960,#4964,#800,.T.);
#7450=EDGE_CURVE('',#6002,#6004,#780,.T.);
#7452=EDGE_CURVE('',#6008,#6002,#784,.T.);
#7454=EDGE_CURVE('',#6006,#6008,#788,.T.);
#7456=EDGE_CURVE('',#6004,#6006,#792,.T.);
#7473=EDGE_CURVE('',#6002,#5995,#804,.T.);
#7476=EDGE_CURVE('',#6004,#5996,#844,.T.);
#7478=EDGE_CURVE('',#5995,#5996,#812,.T.);
#7496=EDGE_CURVE('',#6000,#5995,#824,.T.);
#7498=EDGE_CURVE('',#6008,#6000,#808,.T.);
#7517=EDGE_CURVE('',#5996,#5998,#816,.T.);
#7519=EDGE_CURVE('',#5998,#6000,#820,.T.);
#7524=EDGE_CURVE('',#6014,#6018,#828,.T.);
#7526=EDGE_CURVE('',#6016,#6014,#832,.T.);
#7528=EDGE_CURVE('',#6020,#6016,#836,.T.);
#7530=EDGE_CURVE('',#6018,#6020,#840,.T.);
#7549=EDGE_CURVE('',#6006,#5998,#848,.T.);
#7586=EDGE_CURVE('',#6023,#6024,#852,.T.);
#7588=EDGE_CURVE('',#6012,#6023,#892,.T.);
#7590=EDGE_CURVE('',#6014,#6012,#856,.T.);
#7593=EDGE_CURVE('',#6018,#6024,#864,.T.);
#7611=EDGE_CURVE('',#6026,#6024,#860,.T.);
#7613=EDGE_CURVE('',#6026,#6028,#868,.T.);
#7615=EDGE_CURVE('',#6028,#6023,#880,.T.);
#7635=EDGE_CURVE('',#6020,#6026,#872,.T.);
#7655=EDGE_CURVE('',#6016,#6011,#876,.T.);
#7657=EDGE_CURVE('',#6028,#6011,#884,.T.);
#7675=EDGE_CURVE('',#6011,#6012,#888,.T.);
#7714=EDGE_CURVE('',#5047,#5031,#896,.T.);
#7716=EDGE_CURVE('',#5031,#5032,#928,.T.);
#7718=EDGE_CURVE('',#5048,#5032,#924,.T.);
#7736=EDGE_CURVE('',#5060,#5044,#900,.T.);
#7738=EDGE_CURVE('',#5044,#5031,#933,.T.);
#7757=EDGE_CURVE('',#5058,#5042,#904,.T.);
#7759=EDGE_CURVE('',#5042,#5044,#937,.T.);
#7778=EDGE_CURVE('',#5056,#5040,#908,.T.);
#7780=EDGE_CURVE('',#5040,#5042,#942,.T.);
#7799=EDGE_CURVE('',#5054,#5038,#912,.T.);
#7801=EDGE_CURVE('',#5038,#5040,#946,.T.);
#7820=EDGE_CURVE('',#5052,#5036,#916,.T.);
#7822=EDGE_CURVE('',#5036,#5038,#951,.T.);
#7841=EDGE_CURVE('',#5050,#5034,#920,.T.);
#7843=EDGE_CURVE('',#5034,#5036,#955,.T.);
#7863=EDGE_CURVE('',#5032,#5034,#960,.T.);
#7891=EDGE_CURVE('',#5511,#5512,#964,.T.);
#7893=EDGE_CURVE('',#5512,#5514,#968,.T.);
#7895=EDGE_CURVE('',#5514,#5516,#972,.T.);
#7897=EDGE_CURVE('',#5516,#5518,#976,.T.);
#7899=EDGE_CURVE('',#5518,#5520,#980,.T.);
#7901=EDGE_CURVE('',#5520,#5522,#984,.T.);
#7903=EDGE_CURVE('',#5522,#5524,#988,.T.);
#7905=EDGE_CURVE('',#5524,#5526,#992,.T.);
#7907=EDGE_CURVE('',#5526,#5528,#996,.T.);
#7909=EDGE_CURVE('',#5528,#5511,#1000,.T.);
#7913=EDGE_CURVE('',#5531,#5532,#1004,.T.);
#7915=EDGE_CURVE('',#5532,#5534,#1008,.T.);
#7917=EDGE_CURVE('',#5534,#5536,#1012,.T.);
#7919=EDGE_CURVE('',#5536,#5538,#1016,.T.);
#7921=EDGE_CURVE('',#5538,#5540,#1020,.T.);
#7923=EDGE_CURVE('',#5540,#5542,#1024,.T.);
#7925=EDGE_CURVE('',#5542,#5544,#1028,.T.);
#7927=EDGE_CURVE('',#5544,#5546,#1032,.T.);
#7929=EDGE_CURVE('',#5546,#5548,#1036,.T.);
#7931=EDGE_CURVE('',#5548,#5550,#1040,.T.);
#7933=EDGE_CURVE('',#5550,#5552,#1044,.T.);
#7935=EDGE_CURVE('',#5552,#5554,#1048,.T.);
#7937=EDGE_CURVE('',#5554,#5556,#1052,.T.);
#7939=EDGE_CURVE('',#5556,#5558,#1056,.T.);
#7941=EDGE_CURVE('',#5558,#5560,#1060,.T.);
#7943=EDGE_CURVE('',#5560,#5562,#1064,.T.);
#7945=EDGE_CURVE('',#5562,#5564,#1068,.T.);
#7947=EDGE_CURVE('',#5564,#5566,#1072,.T.);
#7949=EDGE_CURVE('',#5566,#5568,#1076,.T.);
#7951=EDGE_CURVE('',#5568,#5570,#1080,.T.);
#7953=EDGE_CURVE('',#5570,#5572,#1084,.T.);
#7955=EDGE_CURVE('',#5572,#5574,#1088,.T.);
#7957=EDGE_CURVE('',#5574,#5576,#1092,.T.);
#7959=EDGE_CURVE('',#5576,#5578,#1096,.T.);
#7961=EDGE_CURVE('',#5578,#5580,#1100,.T.);
#7963=EDGE_CURVE('',#5580,#5582,#1104,.T.);
#7965=EDGE_CURVE('',#5582,#5584,#1108,.T.);
#7967=EDGE_CURVE('',#5584,#5586,#1112,.T.);
#7969=EDGE_CURVE('',#5586,#5588,#1116,.T.);
#7971=EDGE_CURVE('',#5588,#5590,#1120,.T.);
#7973=EDGE_CURVE('',#5590,#5592,#1124,.T.);
#7975=EDGE_CURVE('',#5592,#5594,#1128,.T.);
#7977=EDGE_CURVE('',#5594,#5596,#1132,.T.);
#7979=EDGE_CURVE('',#5596,#5598,#1136,.T.);
#7981=EDGE_CURVE('',#5598,#5600,#1140,.T.);
#7983=EDGE_CURVE('',#5600,#5602,#1144,.T.);
#7985=EDGE_CURVE('',#5602,#5604,#1148,.T.);
#7987=EDGE_CURVE('',#5604,#5606,#1152,.T.);
#7989=EDGE_CURVE('',#5606,#5608,#1156,.T.);
#7991=EDGE_CURVE('',#5608,#5610,#1160,.T.);
#7993=EDGE_CURVE('',#5610,#5612,#1164,.T.);
#7995=EDGE_CURVE('',#5612,#5614,#1168,.T.);
#7997=EDGE_CURVE('',#5614,#5616,#1172,.T.);
#7999=EDGE_CURVE('',#5616,#5618,#1176,.T.);
#8001=EDGE_CURVE('',#5618,#5620,#1180,.T.);
#8003=EDGE_CURVE('',#5620,#5622,#1184,.T.);
#8005=EDGE_CURVE('',#5622,#5624,#1188,.T.);
#8007=EDGE_CURVE('',#5624,#5626,#1192,.T.);
#8009=EDGE_CURVE('',#5626,#5628,#1196,.T.);
#8011=EDGE_CURVE('',#5628,#5630,#1200,.T.);
#8013=EDGE_CURVE('',#5630,#5632,#1204,.T.);
#8015=EDGE_CURVE('',#5632,#5634,#1208,.T.);
#8017=EDGE_CURVE('',#5634,#5636,#1212,.T.);
#8019=EDGE_CURVE('',#5636,#5531,#1216,.T.);
#8023=EDGE_CURVE('',#5639,#5640,#1220,.T.);
#8025=EDGE_CURVE('',#5640,#5642,#1224,.T.);
#8027=EDGE_CURVE('',#5642,#5644,#1228,.T.);
#8029=EDGE_CURVE('',#5644,#5639,#1232,.T.);
#8033=EDGE_CURVE('',#5647,#5648,#1236,.T.);
#8035=EDGE_CURVE('',#5648,#5650,#1240,.T.);
#8037=EDGE_CURVE('',#5650,#5652,#1244,.T.);
#8039=EDGE_CURVE('',#5652,#5654,#1248,.T.);
#8041=EDGE_CURVE('',#5654,#5656,#1252,.T.);
#8043=EDGE_CURVE('',#5656,#5658,#1256,.T.);
#8045=EDGE_CURVE('',#5658,#5647,#1260,.T.);
#8049=EDGE_CURVE('',#5661,#5662,#1264,.T.);
#8051=EDGE_CURVE('',#5662,#5664,#1268,.T.);
#8053=EDGE_CURVE('',#5664,#5666,#1272,.T.);
#8055=EDGE_CURVE('',#5666,#5668,#1276,.T.);
#8057=EDGE_CURVE('',#5668,#5670,#1280,.T.);
#8059=EDGE_CURVE('',#5670,#5672,#1284,.T.);
#8061=EDGE_CURVE('',#5672,#5674,#1288,.T.);
#8063=EDGE_CURVE('',#5674,#5676,#1292,.T.);
#8065=EDGE_CURVE('',#5676,#5678,#1296,.T.);
#8067=EDGE_CURVE('',#5678,#5680,#1300,.T.);
#8069=EDGE_CURVE('',#5680,#5682,#1304,.T.);
#8071=EDGE_CURVE('',#5682,#5684,#1308,.T.);
#8073=EDGE_CURVE('',#5684,#5686,#1312,.T.);
#8075=EDGE_CURVE('',#5686,#5688,#1316,.T.);
#8077=EDGE_CURVE('',#5688,#5690,#1320,.T.);
#8079=EDGE_CURVE('',#5690,#5692,#1324,.T.);
#8081=EDGE_CURVE('',#5692,#5694,#1328,.T.);
#8083=EDGE_CURVE('',#5694,#5696,#1332,.T.);
#8085=EDGE_CURVE('',#5696,#5698,#1336,.T.);
#8087=EDGE_CURVE('',#5698,#5700,#1340,.T.);
#8089=EDGE_CURVE('',#5700,#5702,#1344,.T.);
#8091=EDGE_CURVE('',#5702,#5704,#1348,.T.);
#8093=EDGE_CURVE('',#5704,#5706,#1352,.T.);
#8095=EDGE_CURVE('',#5706,#5708,#1356,.T.);
#8097=EDGE_CURVE('',#5708,#5710,#1360,.T.);
#8099=EDGE_CURVE('',#5710,#5661,#1364,.T.);
#8103=EDGE_CURVE('',#5749,#5750,#1440,.T.);
#8105=EDGE_CURVE('',#5750,#5752,#1444,.T.);
#8107=EDGE_CURVE('',#5752,#5754,#1448,.T.);
#8109=EDGE_CURVE('',#5754,#5756,#1452,.T.);
#8111=EDGE_CURVE('',#5756,#5758,#1456,.T.);
#8113=EDGE_CURVE('',#5758,#5760,#1460,.T.);
#8115=EDGE_CURVE('',#5760,#5762,#1464,.T.);
#8117=EDGE_CURVE('',#5762,#5764,#1468,.T.);
#8119=EDGE_CURVE('',#5764,#5766,#1472,.T.);
#8121=EDGE_CURVE('',#5766,#5768,#1476,.T.);
#8123=EDGE_CURVE('',#5768,#5770,#1480,.T.);
#8125=EDGE_CURVE('',#5770,#5749,#1484,.T.);
#8129=EDGE_CURVE('',#5773,#5774,#1488,.T.);
#8131=EDGE_CURVE('',#5774,#5776,#1492,.T.);
#8133=EDGE_CURVE('',#5776,#5778,#1496,.T.);
#8135=EDGE_CURVE('',#5778,#5780,#1500,.T.);
#8137=EDGE_CURVE('',#5780,#5782,#1504,.T.);
#8139=EDGE_CURVE('',#5782,#5784,#1508,.T.);
#8141=EDGE_CURVE('',#5784,#5786,#1512,.T.);
#8143=EDGE_CURVE('',#5786,#5788,#1516,.T.);
#8145=EDGE_CURVE('',#5788,#5790,#1520,.T.);
#8147=EDGE_CURVE('',#5790,#5792,#1524,.T.);
#8149=EDGE_CURVE('',#5792,#5794,#1528,.T.);
#8151=EDGE_CURVE('',#5794,#5796,#1532,.T.);
#8153=EDGE_CURVE('',#5796,#5798,#1536,.T.);
#8155=EDGE_CURVE('',#5798,#5800,#1540,.T.);
#8157=EDGE_CURVE('',#5800,#5802,#1544,.T.);
#8159=EDGE_CURVE('',#5802,#5804,#1548,.T.);
#8161=EDGE_CURVE('',#5804,#5806,#1552,.T.);
#8163=EDGE_CURVE('',#5806,#5808,#1556,.T.);
#8165=EDGE_CURVE('',#5808,#5810,#1560,.T.);
#8167=EDGE_CURVE('',#5810,#5812,#1564,.T.);
#8169=EDGE_CURVE('',#5812,#5814,#1568,.T.);
#8171=EDGE_CURVE('',#5814,#5816,#1572,.T.);
#8173=EDGE_CURVE('',#5816,#5818,#1576,.T.);
#8175=EDGE_CURVE('',#5818,#5773,#1580,.T.);
#8179=EDGE_CURVE('',#5861,#5862,#1664,.T.);
#8181=EDGE_CURVE('',#5862,#5864,#1668,.T.);
#8183=EDGE_CURVE('',#5864,#5866,#1672,.T.);
#8185=EDGE_CURVE('',#5866,#5868,#1676,.T.);
#8187=EDGE_CURVE('',#5868,#5870,#1680,.T.);
#8189=EDGE_CURVE('',#5870,#5872,#1684,.T.);
#8191=EDGE_CURVE('',#5872,#5874,#1688,.T.);
#8193=EDGE_CURVE('',#5874,#5876,#1692,.T.);
#8195=EDGE_CURVE('',#5876,#5878,#1696,.T.);
#8197=EDGE_CURVE('',#5878,#5880,#1700,.T.);
#8199=EDGE_CURVE('',#5880,#5882,#1704,.T.);
#8201=EDGE_CURVE('',#5882,#5884,#1708,.T.);
#8203=EDGE_CURVE('',#5884,#5886,#1712,.T.);
#8205=EDGE_CURVE('',#5886,#5888,#1716,.T.);
#8207=EDGE_CURVE('',#5888,#5890,#1720,.T.);
#8209=EDGE_CURVE('',#5890,#5861,#1724,.T.);
#8213=EDGE_CURVE('',#5913,#5914,#1768,.T.);
#8215=EDGE_CURVE('',#5914,#5916,#1772,.T.);
#8217=EDGE_CURVE('',#5916,#5918,#1776,.T.);
#8219=EDGE_CURVE('',#5918,#5920,#1780,.T.);
#8221=EDGE_CURVE('',#5920,#5922,#1784,.T.);
#8223=EDGE_CURVE('',#5922,#5924,#1788,.T.);
#8225=EDGE_CURVE('',#5924,#5926,#1792,.T.);
#8227=EDGE_CURVE('',#5926,#5928,#1796,.T.);
#8229=EDGE_CURVE('',#5928,#5930,#1800,.T.);
#8231=EDGE_CURVE('',#5930,#5932,#1804,.T.);
#8233=EDGE_CURVE('',#5932,#5934,#1808,.T.);
#8235=EDGE_CURVE('',#5934,#5913,#1812,.T.);
#8239=EDGE_CURVE('',#5937,#5938,#1816,.T.);
#8241=EDGE_CURVE('',#5938,#5940,#1820,.T.);
#8243=EDGE_CURVE('',#5940,#5942,#1824,.T.);
#8245=EDGE_CURVE('',#5942,#5944,#1828,.T.);
#8247=EDGE_CURVE('',#5944,#5946,#1832,.T.);
#8249=EDGE_CURVE('',#5946,#5948,#1836,.T.);
#8251=EDGE_CURVE('',#5948,#5950,#1840,.T.);
#8253=EDGE_CURVE('',#5950,#5937,#1844,.T.);
#8270=EDGE_CURVE('',#5713,#5714,#1368,.T.);
#8272=EDGE_CURVE('',#5714,#5716,#1372,.T.);
#8274=EDGE_CURVE('',#5716,#5718,#1376,.T.);
#8276=EDGE_CURVE('',#5718,#5720,#1380,.T.);
#8278=EDGE_CURVE('',#5720,#5722,#1384,.T.);
#8280=EDGE_CURVE('',#5722,#5724,#1388,.T.);
#8282=EDGE_CURVE('',#5724,#5726,#1392,.T.);
#8284=EDGE_CURVE('',#5726,#5728,#1396,.T.);
#8286=EDGE_CURVE('',#5728,#5730,#1400,.T.);
#8288=EDGE_CURVE('',#5730,#5732,#1404,.T.);
#8290=EDGE_CURVE('',#5732,#5734,#1408,.T.);
#8292=EDGE_CURVE('',#5734,#5736,#1412,.T.);
#8294=EDGE_CURVE('',#5736,#5738,#1416,.T.);
#8296=EDGE_CURVE('',#5738,#5740,#1420,.T.);
#8298=EDGE_CURVE('',#5740,#5742,#1424,.T.);
#8300=EDGE_CURVE('',#5742,#5744,#1428,.T.);
#8302=EDGE_CURVE('',#5744,#5746,#1432,.T.);
#8304=EDGE_CURVE('',#5746,#5713,#1436,.T.);
#8321=EDGE_CURVE('',#5821,#5822,#1584,.T.);
#8323=EDGE_CURVE('',#5822,#5824,#1588,.T.);
#8325=EDGE_CURVE('',#5824,#5826,#1592,.T.);
#8327=EDGE_CURVE('',#5826,#5828,#1596,.T.);
#8329=EDGE_CURVE('',#5828,#5830,#1600,.T.);
#8331=EDGE_CURVE('',#5830,#5832,#1604,.T.);
#8333=EDGE_CURVE('',#5832,#5834,#1608,.T.);
#8335=EDGE_CURVE('',#5834,#5836,#1612,.T.);
#8337=EDGE_CURVE('',#5836,#5838,#1616,.T.);
#8339=EDGE_CURVE('',#5838,#5840,#1620,.T.);
#8341=EDGE_CURVE('',#5840,#5842,#1624,.T.);
#8343=EDGE_CURVE('',#5842,#5844,#1628,.T.);
#8345=EDGE_CURVE('',#5844,#5846,#1632,.T.);
#8347=EDGE_CURVE('',#5846,#5848,#1636,.T.);
#8349=EDGE_CURVE('',#5848,#5850,#1640,.T.);
#8351=EDGE_CURVE('',#5850,#5852,#1644,.T.);
#8353=EDGE_CURVE('',#5852,#5854,#1648,.T.);
#8355=EDGE_CURVE('',#5854,#5856,#1652,.T.);
#8357=EDGE_CURVE('',#5856,#5858,#1656,.T.);
#8359=EDGE_CURVE('',#5858,#5821,#1660,.T.);
#8376=EDGE_CURVE('',#5893,#5894,#1728,.T.);
#8378=EDGE_CURVE('',#5894,#5896,#1732,.T.);
#8380=EDGE_CURVE('',#5896,#5898,#1736,.T.);
#8382=EDGE_CURVE('',#5898,#5900,#1740,.T.);
#8384=EDGE_CURVE('',#5900,#5902,#1744,.T.);
#8386=EDGE_CURVE('',#5902,#5904,#1748,.T.);
#8388=EDGE_CURVE('',#5904,#5906,#1752,.T.);
#8390=EDGE_CURVE('',#5906,#5908,#1756,.T.);
#8392=EDGE_CURVE('',#5908,#5910,#1760,.T.);
#8394=EDGE_CURVE('',#5910,#5893,#1764,.T.);
#8411=EDGE_CURVE('',#5953,#5954,#1848,.T.);
#8413=EDGE_CURVE('',#5954,#5956,#1852,.T.);
#8415=EDGE_CURVE('',#5956,#5953,#1856,.T.);
#8433=EDGE_CURVE('',#5511,#5063,#1860,.T.);
#8435=EDGE_CURVE('',#5063,#5064,#1900,.T.);
#8437=EDGE_CURVE('',#5512,#5064,#1896,.T.);
#8455=EDGE_CURVE('',#5528,#5080,#1864,.T.);
#8457=EDGE_CURVE('',#5080,#5063,#1904,.T.);
#8476=EDGE_CURVE('',#5526,#5078,#1868,.T.);
#8478=EDGE_CURVE('',#5078,#5080,#1908,.T.);
#8497=EDGE_CURVE('',#5524,#5076,#1872,.T.);
#8499=EDGE_CURVE('',#5076,#5078,#1912,.T.);
#8518=EDGE_CURVE('',#5522,#5074,#1876,.T.);
#8520=EDGE_CURVE('',#5074,#5076,#1916,.T.);
#8539=EDGE_CURVE('',#5520,#5072,#1880,.T.);
#8541=EDGE_CURVE('',#5072,#5074,#1920,.T.);
#8560=EDGE_CURVE('',#5518,#5070,#1884,.T.);
#8562=EDGE_CURVE('',#5070,#5072,#1924,.T.);
#8581=EDGE_CURVE('',#5516,#5068,#1888,.T.);
#8583=EDGE_CURVE('',#5068,#5070,#1928,.T.);
#8602=EDGE_CURVE('',#5514,#5066,#1892,.T.);
#8604=EDGE_CURVE('',#5066,#5068,#1932,.T.);
#8624=EDGE_CURVE('',#5064,#5066,#1936,.T.);
#8667=EDGE_CURVE('',#5083,#5084,#1940,.T.);
#8669=EDGE_CURVE('',#5188,#5083,#1944,.T.);
#8671=EDGE_CURVE('',#5186,#5188,#1948,.T.);
#8673=EDGE_CURVE('',#5184,#5186,#1952,.T.);
#8675=EDGE_CURVE('',#5182,#5184,#1956,.T.);
#8677=EDGE_CURVE('',#5180,#5182,#1960,.T.);
#8679=EDGE_CURVE('',#5178,#5180,#1964,.T.);
#8681=EDGE_CURVE('',#5176,#5178,#1968,.T.);
#8683=EDGE_CURVE('',#5174,#5176,#1972,.T.);
#8685=EDGE_CURVE('',#5172,#5174,#1976,.T.);
#8687=EDGE_CURVE('',#5170,#5172,#1980,.T.);
#8689=EDGE_CURVE('',#5168,#5170,#1984,.T.);
#8691=EDGE_CURVE('',#5166,#5168,#1988,.T.);
#8693=EDGE_CURVE('',#5164,#5166,#1992,.T.);
#8695=EDGE_CURVE('',#5162,#5164,#1996,.T.);
#8697=EDGE_CURVE('',#5160,#5162,#2000,.T.);
#8699=EDGE_CURVE('',#5158,#5160,#2004,.T.);
#8701=EDGE_CURVE('',#5156,#5158,#2008,.T.);
#8703=EDGE_CURVE('',#5154,#5156,#2012,.T.);
#8705=EDGE_CURVE('',#5152,#5154,#2016,.T.);
#8707=EDGE_CURVE('',#5150,#5152,#2020,.T.);
#8709=EDGE_CURVE('',#5148,#5150,#2024,.T.);
#8711=EDGE_CURVE('',#5146,#5148,#2028,.T.);
#8713=EDGE_CURVE('',#5144,#5146,#2032,.T.);
#8715=EDGE_CURVE('',#5142,#5144,#2036,.T.);
#8717=EDGE_CURVE('',#5140,#5142,#2040,.T.);
#8719=EDGE_CURVE('',#5138,#5140,#2044,.T.);
#8721=EDGE_CURVE('',#5136,#5138,#2048,.T.);
#8723=EDGE_CURVE('',#5134,#5136,#2052,.T.);
#8725=EDGE_CURVE('',#5132,#5134,#2056,.T.);
#8727=EDGE_CURVE('',#5130,#5132,#2060,.T.);
#8729=EDGE_CURVE('',#5128,#5130,#2064,.T.);
#8731=EDGE_CURVE('',#5126,#5128,#2068,.T.);
#8733=EDGE_CURVE('',#5124,#5126,#2072,.T.);
#8735=EDGE_CURVE('',#5122,#5124,#2076,.T.);
#8737=EDGE_CURVE('',#5120,#5122,#2080,.T.);
#8739=EDGE_CURVE('',#5118,#5120,#2084,.T.);
#8741=EDGE_CURVE('',#5116,#5118,#2088,.T.);
#8743=EDGE_CURVE('',#5114,#5116,#2092,.T.);
#8745=EDGE_CURVE('',#5112,#5114,#2096,.T.);
#8747=EDGE_CURVE('',#5110,#5112,#2100,.T.);
#8749=EDGE_CURVE('',#5108,#5110,#2104,.T.);
#8751=EDGE_CURVE('',#5106,#5108,#2108,.T.);
#8753=EDGE_CURVE('',#5104,#5106,#2112,.T.);
#8755=EDGE_CURVE('',#5102,#5104,#2116,.T.);
#8757=EDGE_CURVE('',#5100,#5102,#2120,.T.);
#8759=EDGE_CURVE('',#5098,#5100,#2124,.T.);
#8761=EDGE_CURVE('',#5096,#5098,#2128,.T.);
#8763=EDGE_CURVE('',#5094,#5096,#2132,.T.);
#8765=EDGE_CURVE('',#5092,#5094,#2136,.T.);
#8767=EDGE_CURVE('',#5090,#5092,#2140,.T.);
#8769=EDGE_CURVE('',#5088,#5090,#2144,.T.);
#8771=EDGE_CURVE('',#5086,#5088,#2148,.T.);
#8773=EDGE_CURVE('',#5084,#5086,#2152,.T.);
#8790=EDGE_CURVE('',#5191,#5192,#2156,.T.);
#8792=EDGE_CURVE('',#5196,#5191,#2160,.T.);
#8794=EDGE_CURVE('',#5194,#5196,#2164,.T.);
#8796=EDGE_CURVE('',#5192,#5194,#2168,.T.);
#8813=EDGE_CURVE('',#5199,#5200,#2172,.T.);
#8815=EDGE_CURVE('',#5210,#5199,#2176,.T.);
#8817=EDGE_CURVE('',#5208,#5210,#2180,.T.);
#8819=EDGE_CURVE('',#5206,#5208,#2184,.T.);
#8821=EDGE_CURVE('',#5204,#5206,#2188,.T.);
#8823=EDGE_CURVE('',#5202,#5204,#2192,.T.);
#8825=EDGE_CURVE('',#5200,#5202,#2196,.T.);
#8842=EDGE_CURVE('',#5213,#5214,#2200,.T.);
#8844=EDGE_CURVE('',#5262,#5213,#2204,.T.);
#8846=EDGE_CURVE('',#5260,#5262,#2208,.T.);
#8848=EDGE_CURVE('',#5258,#5260,#2212,.T.);
#8850=EDGE_CURVE('',#5256,#5258,#2216,.T.);
#8852=EDGE_CURVE('',#5254,#5256,#2220,.T.);
#8854=EDGE_CURVE('',#5252,#5254,#2224,.T.);
#8856=EDGE_CURVE('',#5250,#5252,#2228,.T.);
#8858=EDGE_CURVE('',#5248,#5250,#2232,.T.);
#8860=EDGE_CURVE('',#5246,#5248,#2236,.T.);
#8862=EDGE_CURVE('',#5244,#5246,#2240,.T.);
#8864=EDGE_CURVE('',#5242,#5244,#2244,.T.);
#8866=EDGE_CURVE('',#5240,#5242,#2248,.T.);
#8868=EDGE_CURVE('',#5238,#5240,#2252,.T.);
#8870=EDGE_CURVE('',#5236,#5238,#2256,.T.);
#8872=EDGE_CURVE('',#5234,#5236,#2260,.T.);
#8874=EDGE_CURVE('',#5232,#5234,#2264,.T.);
#8876=EDGE_CURVE('',#5230,#5232,#2268,.T.);
#8878=EDGE_CURVE('',#5228,#5230,#2272,.T.);
#8880=EDGE_CURVE('',#5226,#5228,#2276,.T.);
#8882=EDGE_CURVE('',#5224,#5226,#2280,.T.);
#8884=EDGE_CURVE('',#5222,#5224,#2284,.T.);
#8886=EDGE_CURVE('',#5220,#5222,#2288,.T.);
#8888=EDGE_CURVE('',#5218,#5220,#2292,.T.);
#8890=EDGE_CURVE('',#5216,#5218,#2296,.T.);
#8892=EDGE_CURVE('',#5214,#5216,#2300,.T.);
#8896=EDGE_CURVE('',#5265,#5266,#2304,.T.);
#8898=EDGE_CURVE('',#5298,#5265,#2308,.T.);
#8900=EDGE_CURVE('',#5296,#5298,#2312,.T.);
#8902=EDGE_CURVE('',#5294,#5296,#2316,.T.);
#8904=EDGE_CURVE('',#5292,#5294,#2320,.T.);
#8906=EDGE_CURVE('',#5290,#5292,#2324,.T.);
#8908=EDGE_CURVE('',#5288,#5290,#2328,.T.);
#8910=EDGE_CURVE('',#5286,#5288,#2332,.T.);
#8912=EDGE_CURVE('',#5284,#5286,#2336,.T.);
#8914=EDGE_CURVE('',#5282,#5284,#2340,.T.);
#8916=EDGE_CURVE('',#5280,#5282,#2344,.T.);
#8918=EDGE_CURVE('',#5278,#5280,#2348,.T.);
#8920=EDGE_CURVE('',#5276,#5278,#2352,.T.);
#8922=EDGE_CURVE('',#5274,#5276,#2356,.T.);
#8924=EDGE_CURVE('',#5272,#5274,#2360,.T.);
#8926=EDGE_CURVE('',#5270,#5272,#2364,.T.);
#8928=EDGE_CURVE('',#5268,#5270,#2368,.T.);
#8930=EDGE_CURVE('',#5266,#5268,#2372,.T.);
#8947=EDGE_CURVE('',#5301,#5302,#2376,.T.);
#8949=EDGE_CURVE('',#5322,#5301,#2380,.T.);
#8951=EDGE_CURVE('',#5320,#5322,#2384,.T.);
#8953=EDGE_CURVE('',#5318,#5320,#2388,.T.);
#8955=EDGE_CURVE('',#5316,#5318,#2392,.T.);
#8957=EDGE_CURVE('',#5314,#5316,#2396,.T.);
#8959=EDGE_CURVE('',#5312,#5314,#2400,.T.);
#8961=EDGE_CURVE('',#5310,#5312,#2404,.T.);
#8963=EDGE_CURVE('',#5308,#5310,#2408,.T.);
#8965=EDGE_CURVE('',#5306,#5308,#2412,.T.);
#8967=EDGE_CURVE('',#5304,#5306,#2416,.T.);
#8969=EDGE_CURVE('',#5302,#5304,#2420,.T.);
#8986=EDGE_CURVE('',#5325,#5326,#2424,.T.);
#8988=EDGE_CURVE('',#5370,#5325,#2428,.T.);
#8990=EDGE_CURVE('',#5368,#5370,#2432,.T.);
#8992=EDGE_CURVE('',#5366,#5368,#2436,.T.);
#8994=EDGE_CURVE('',#5364,#5366,#2440,.T.);
#8996=EDGE_CURVE('',#5362,#5364,#2444,.T.);
#8998=EDGE_CURVE('',#5360,#5362,#2448,.T.);
#9000=EDGE_CURVE('',#5358,#5360,#2452,.T.);
#9002=EDGE_CURVE('',#5356,#5358,#2456,.T.);
#9004=EDGE_CURVE('',#5354,#5356,#2460,.T.);
#9006=EDGE_CURVE('',#5352,#5354,#2464,.T.);
#9008=EDGE_CURVE('',#5350,#5352,#2468,.T.);
#9010=EDGE_CURVE('',#5348,#5350,#2472,.T.);
#9012=EDGE_CURVE('',#5346,#5348,#2476,.T.);
#9014=EDGE_CURVE('',#5344,#5346,#2480,.T.);
#9016=EDGE_CURVE('',#5342,#5344,#2484,.T.);
#9018=EDGE_CURVE('',#5340,#5342,#2488,.T.);
#9020=EDGE_CURVE('',#5338,#5340,#2492,.T.);
#9022=EDGE_CURVE('',#5336,#5338,#2496,.T.);
#9024=EDGE_CURVE('',#5334,#5336,#2500,.T.);
#9026=EDGE_CURVE('',#5332,#5334,#2504,.T.);
#9028=EDGE_CURVE('',#5330,#5332,#2508,.T.);
#9030=EDGE_CURVE('',#5328,#5330,#2512,.T.);
#9032=EDGE_CURVE('',#5326,#5328,#2516,.T.);
#9036=EDGE_CURVE('',#5373,#5374,#2520,.T.);
#9038=EDGE_CURVE('',#5410,#5373,#2524,.T.);
#9040=EDGE_CURVE('',#5408,#5410,#2528,.T.);
#9042=EDGE_CURVE('',#5406,#5408,#2532,.T.);
#9044=EDGE_CURVE('',#5404,#5406,#2536,.T.);
#9046=EDGE_CURVE('',#5402,#5404,#2540,.T.);
#9048=EDGE_CURVE('',#5400,#5402,#2544,.T.);
#9050=EDGE_CURVE('',#5398,#5400,#2548,.T.);
#9052=EDGE_CURVE('',#5396,#5398,#2552,.T.);
#9054=EDGE_CURVE('',#5394,#5396,#2556,.T.);
#9056=EDGE_CURVE('',#5392,#5394,#2560,.T.);
#9058=EDGE_CURVE('',#5390,#5392,#2564,.T.);
#9060=EDGE_CURVE('',#5388,#5390,#2568,.T.);
#9062=EDGE_CURVE('',#5386,#5388,#2572,.T.);
#9064=EDGE_CURVE('',#5384,#5386,#2576,.T.);
#9066=EDGE_CURVE('',#5382,#5384,#2580,.T.);
#9068=EDGE_CURVE('',#5380,#5382,#2584,.T.);
#9070=EDGE_CURVE('',#5378,#5380,#2588,.T.);
#9072=EDGE_CURVE('',#5376,#5378,#2592,.T.);
#9074=EDGE_CURVE('',#5374,#5376,#2596,.T.);
#9091=EDGE_CURVE('',#5413,#5414,#2600,.T.);
#9093=EDGE_CURVE('',#5442,#5413,#2604,.T.);
#9095=EDGE_CURVE('',#5440,#5442,#2608,.T.);
#9097=EDGE_CURVE('',#5438,#5440,#2612,.T.);
#9099=EDGE_CURVE('',#5436,#5438,#2616,.T.);
#9101=EDGE_CURVE('',#5434,#5436,#2620,.T.);
#9103=EDGE_CURVE('',#5432,#5434,#2624,.T.);
#9105=EDGE_CURVE('',#5430,#5432,#2628,.T.);
#9107=EDGE_CURVE('',#5428,#5430,#2632,.T.);
#9109=EDGE_CURVE('',#5426,#5428,#2636,.T.);
#9111=EDGE_CURVE('',#5424,#5426,#2640,.T.);
#9113=EDGE_CURVE('',#5422,#5424,#2644,.T.);
#9115=EDGE_CURVE('',#5420,#5422,#2648,.T.);
#9117=EDGE_CURVE('',#5418,#5420,#2652,.T.);
#9119=EDGE_CURVE('',#5416,#5418,#2656,.T.);
#9121=EDGE_CURVE('',#5414,#5416,#2660,.T.);
#9125=EDGE_CURVE('',#5445,#5446,#2664,.T.);
#9127=EDGE_CURVE('',#5462,#5445,#2668,.T.);
#9129=EDGE_CURVE('',#5460,#5462,#2672,.T.);
#9131=EDGE_CURVE('',#5458,#5460,#2676,.T.);
#9133=EDGE_CURVE('',#5456,#5458,#2680,.T.);
#9135=EDGE_CURVE('',#5454,#5456,#2684,.T.);
#9137=EDGE_CURVE('',#5452,#5454,#2688,.T.);
#9139=EDGE_CURVE('',#5450,#5452,#2692,.T.);
#9141=EDGE_CURVE('',#5448,#5450,#2696,.T.);
#9143=EDGE_CURVE('',#5446,#5448,#2700,.T.);
#9160=EDGE_CURVE('',#5465,#5466,#2704,.T.);
#9162=EDGE_CURVE('',#5486,#5465,#2708,.T.);
#9164=EDGE_CURVE('',#5484,#5486,#2712,.T.);
#9166=EDGE_CURVE('',#5482,#5484,#2716,.T.);
#9168=EDGE_CURVE('',#5480,#5482,#2720,.T.);
#9170=EDGE_CURVE('',#5478,#5480,#2724,.T.);
#9172=EDGE_CURVE('',#5476,#5478,#2728,.T.);
#9174=EDGE_CURVE('',#5474,#5476,#2732,.T.);
#9176=EDGE_CURVE('',#5472,#5474,#2736,.T.);
#9178=EDGE_CURVE('',#5470,#5472,#2740,.T.);
#9180=EDGE_CURVE('',#5468,#5470,#2744,.T.);
#9182=EDGE_CURVE('',#5466,#5468,#2748,.T.);
#9199=EDGE_CURVE('',#5489,#5490,#2752,.T.);
#9201=EDGE_CURVE('',#5502,#5489,#2756,.T.);
#9203=EDGE_CURVE('',#5500,#5502,#2760,.T.);
#9205=EDGE_CURVE('',#5498,#5500,#2764,.T.);
#9207=EDGE_CURVE('',#5496,#5498,#2768,.T.);
#9209=EDGE_CURVE('',#5494,#5496,#2772,.T.);
#9211=EDGE_CURVE('',#5492,#5494,#2776,.T.);
#9213=EDGE_CURVE('',#5490,#5492,#2780,.T.);
#9217=EDGE_CURVE('',#5505,#5506,#2784,.T.);
#9219=EDGE_CURVE('',#5508,#5505,#2788,.T.);
#9221=EDGE_CURVE('',#5506,#5508,#2792,.T.);
#9239=EDGE_CURVE('',#5531,#5083,#2796,.T.);
#9242=EDGE_CURVE('',#5532,#5084,#3008,.T.);
#9260=EDGE_CURVE('',#5636,#5188,#2800,.T.);
#9280=EDGE_CURVE('',#5634,#5186,#2804,.T.);
#9300=EDGE_CURVE('',#5632,#5184,#2808,.T.);
#9320=EDGE_CURVE('',#5630,#5182,#2812,.T.);
#9340=EDGE_CURVE('',#5628,#5180,#2816,.T.);
#9360=EDGE_CURVE('',#5626,#5178,#2820,.T.);
#9380=EDGE_CURVE('',#5624,#5176,#2824,.T.);
#9400=EDGE_CURVE('',#5622,#5174,#2828,.T.);
#9420=EDGE_CURVE('',#5620,#5172,#2832,.T.);
#9440=EDGE_CURVE('',#5618,#5170,#2836,.T.);
#9460=EDGE_CURVE('',#5616,#5168,#2840,.T.);
#9480=EDGE_CURVE('',#5614,#5166,#2844,.T.);
#9500=EDGE_CURVE('',#5612,#5164,#2848,.T.);
#9520=EDGE_CURVE('',#5610,#5162,#2852,.T.);
#9540=EDGE_CURVE('',#5608,#5160,#2856,.T.);
#9560=EDGE_CURVE('',#5606,#5158,#2860,.T.);
#9580=EDGE_CURVE('',#5604,#5156,#2864,.T.);
#9600=EDGE_CURVE('',#5602,#5154,#2868,.T.);
#9620=EDGE_CURVE('',#5600,#5152,#2872,.T.);
#9640=EDGE_CURVE('',#5598,#5150,#2876,.T.);
#9660=EDGE_CURVE('',#5596,#5148,#2880,.T.);
#9680=EDGE_CURVE('',#5594,#5146,#2884,.T.);
#9700=EDGE_CURVE('',#5592,#5144,#2888,.T.);
#9720=EDGE_CURVE('',#5590,#5142,#2892,.T.);
#9740=EDGE_CURVE('',#5588,#5140,#2896,.T.);
#9760=EDGE_CURVE('',#5586,#5138,#2900,.T.);
#9780=EDGE_CURVE('',#5584,#5136,#2904,.T.);
#9800=EDGE_CURVE('',#5582,#5134,#2908,.T.);
#9820=EDGE_CURVE('',#5580,#5132,#2912,.T.);
#9840=EDGE_CURVE('',#5578,#5130,#2916,.T.);
#9860=EDGE_CURVE('',#5576,#5128,#2920,.T.);
#9880=EDGE_CURVE('',#5574,#5126,#2924,.T.);
#9900=EDGE_CURVE('',#5572,#5124,#2928,.T.);
#9920=EDGE_CURVE('',#5570,#5122,#2932,.T.);
#9940=EDGE_CURVE('',#5568,#5120,#2936,.T.);
#9960=EDGE_CURVE('',#5566,#5118,#2940,.T.);
#9980=EDGE_CURVE('',#5564,#5116,#2944,.T.);
#10000=EDGE_CURVE('',#5562,#5114,#2948,.T.);
#10020=EDGE_CURVE('',#5560,#5112,#2952,.T.);
#10040=EDGE_CURVE('',#5558,#5110,#2956,.T.);
#10060=EDGE_CURVE('',#5556,#5108,#2960,.T.);
#10080=EDGE_CURVE('',#5554,#5106,#2964,.T.);
#10100=EDGE_CURVE('',#5552,#5104,#2968,.T.);
#10120=EDGE_CURVE('',#5550,#5102,#2972,.T.);
#10140=EDGE_CURVE('',#5548,#5100,#2976,.T.);
#10160=EDGE_CURVE('',#5546,#5098,#2980,.T.);
#10180=EDGE_CURVE('',#5544,#5096,#2984,.T.);
#10200=EDGE_CURVE('',#5542,#5094,#2988,.T.);
#10220=EDGE_CURVE('',#5540,#5092,#2992,.T.);
#10240=EDGE_CURVE('',#5538,#5090,#2996,.T.);
#10260=EDGE_CURVE('',#5536,#5088,#3000,.T.);
#10280=EDGE_CURVE('',#5534,#5086,#3004,.T.);
#10319=EDGE_CURVE('',#5639,#5191,#3012,.T.);
#10322=EDGE_CURVE('',#5640,#5192,#3024,.T.);
#10340=EDGE_CURVE('',#5644,#5196,#3016,.T.);
#10360=EDGE_CURVE('',#5642,#5194,#3020,.T.);
#10399=EDGE_CURVE('',#5647,#5199,#3028,.T.);
#10402=EDGE_CURVE('',#5648,#5200,#3052,.T.);
#10420=EDGE_CURVE('',#5658,#5210,#3032,.T.);
#10440=EDGE_CURVE('',#5656,#5208,#3036,.T.);
#10460=EDGE_CURVE('',#5654,#5206,#3040,.T.);
#10480=EDGE_CURVE('',#5652,#5204,#3044,.T.);
#10500=EDGE_CURVE('',#5650,#5202,#3048,.T.);
#10539=EDGE_CURVE('',#5661,#5213,#3056,.T.);
#10542=EDGE_CURVE('',#5662,#5214,#3156,.T.);
#10560=EDGE_CURVE('',#5710,#5262,#3060,.T.);
#10580=EDGE_CURVE('',#5708,#5260,#3064,.T.);
#10600=EDGE_CURVE('',#5706,#5258,#3068,.T.);
#10620=EDGE_CURVE('',#5704,#5256,#3072,.T.);
#10640=EDGE_CURVE('',#5702,#5254,#3076,.T.);
#10660=EDGE_CURVE('',#5700,#5252,#3080,.T.);
#10680=EDGE_CURVE('',#5698,#5250,#3084,.T.);
#10700=EDGE_CURVE('',#5696,#5248,#3088,.T.);
#10720=EDGE_CURVE('',#5694,#5246,#3092,.T.);
#10740=EDGE_CURVE('',#5692,#5244,#3096,.T.);
#10760=EDGE_CURVE('',#5690,#5242,#3100,.T.);
#10780=EDGE_CURVE('',#5688,#5240,#3104,.T.);
#10800=EDGE_CURVE('',#5686,#5238,#3108,.T.);
#10820=EDGE_CURVE('',#5684,#5236,#3112,.T.);
#10840=EDGE_CURVE('',#5682,#5234,#3116,.T.);
#10860=EDGE_CURVE('',#5680,#5232,#3120,.T.);
#10880=EDGE_CURVE('',#5678,#5230,#3124,.T.);
#10900=EDGE_CURVE('',#5676,#5228,#3128,.T.);
#10920=EDGE_CURVE('',#5674,#5226,#3132,.T.);
#10940=EDGE_CURVE('',#5672,#5224,#3136,.T.);
#10960=EDGE_CURVE('',#5670,#5222,#3140,.T.);
#10980=EDGE_CURVE('',#5668,#5220,#3144,.T.);
#11000=EDGE_CURVE('',#5666,#5218,#3148,.T.);
#11020=EDGE_CURVE('',#5664,#5216,#3152,.T.);
#11059=EDGE_CURVE('',#5713,#5265,#3160,.T.);
#11062=EDGE_CURVE('',#5714,#5266,#3228,.T.);
#11080=EDGE_CURVE('',#5746,#5298,#3164,.T.);
#11100=EDGE_CURVE('',#5744,#5296,#3168,.T.);
#11120=EDGE_CURVE('',#5742,#5294,#3172,.T.);
#11140=EDGE_CURVE('',#5740,#5292,#3176,.T.);
#11160=EDGE_CURVE('',#5738,#5290,#3180,.T.);
#11180=EDGE_CURVE('',#5736,#5288,#3184,.T.);
#11200=EDGE_CURVE('',#5734,#5286,#3188,.T.);
#11220=EDGE_CURVE('',#5732,#5284,#3192,.T.);
#11240=EDGE_CURVE('',#5730,#5282,#3196,.T.);
#11260=EDGE_CURVE('',#5728,#5280,#3200,.T.);
#11280=EDGE_CURVE('',#5726,#5278,#3204,.T.);
#11300=EDGE_CURVE('',#5724,#5276,#3208,.T.);
#11320=EDGE_CURVE('',#5722,#5274,#3212,.T.);
#11340=EDGE_CURVE('',#5720,#5272,#3216,.T.);
#11360=EDGE_CURVE('',#5718,#5270,#3220,.T.);
#11380=EDGE_CURVE('',#5716,#5268,#3224,.T.);
#11419=EDGE_CURVE('',#5749,#5301,#3232,.T.);
#11422=EDGE_CURVE('',#5750,#5302,#3276,.T.);
#11440=EDGE_CURVE('',#5770,#5322,#3236,.T.);
#11460=EDGE_CURVE('',#5768,#5320,#3240,.T.);
#11480=EDGE_CURVE('',#5766,#5318,#3244,.T.);
#11500=EDGE_CURVE('',#5764,#5316,#3248,.T.);
#11520=EDGE_CURVE('',#5762,#5314,#3252,.T.);
#11540=EDGE_CURVE('',#5760,#5312,#3256,.T.);
#11560=EDGE_CURVE('',#5758,#5310,#3260,.T.);
#11580=EDGE_CURVE('',#5756,#5308,#3264,.T.);
#11600=EDGE_CURVE('',#5754,#5306,#3268,.T.);
#11620=EDGE_CURVE('',#5752,#5304,#3272,.T.);
#11659=EDGE_CURVE('',#5773,#5325,#3280,.T.);
#11662=EDGE_CURVE('',#5774,#5326,#3372,.T.);
#11680=EDGE_CURVE('',#5818,#5370,#3284,.T.);
#11700=EDGE_CURVE('',#5816,#5368,#3288,.T.);
#11720=EDGE_CURVE('',#5814,#5366,#3292,.T.);
#11740=EDGE_CURVE('',#5812,#5364,#3296,.T.);
#11760=EDGE_CURVE('',#5810,#5362,#3300,.T.);
#11780=EDGE_CURVE('',#5808,#5360,#3304,.T.);
#11800=EDGE_CURVE('',#5806,#5358,#3308,.T.);
#11820=EDGE_CURVE('',#5804,#5356,#3312,.T.);
#11840=EDGE_CURVE('',#5802,#5354,#3316,.T.);
#11860=EDGE_CURVE('',#5800,#5352,#3320,.T.);
#11880=EDGE_CURVE('',#5798,#5350,#3324,.T.);
#11900=EDGE_CURVE('',#5796,#5348,#3328,.T.);
#11920=EDGE_CURVE('',#5794,#5346,#3332,.T.);
#11940=EDGE_CURVE('',#5792,#5344,#3336,.T.);
#11960=EDGE_CURVE('',#5790,#5342,#3340,.T.);
#11980=EDGE_CURVE('',#5788,#5340,#3344,.T.);
#12000=EDGE_CURVE('',#5786,#5338,#3348,.T.);
#12020=EDGE_CURVE('',#5784,#5336,#3352,.T.);
#12040=EDGE_CURVE('',#5782,#5334,#3356,.T.);
#12060=EDGE_CURVE('',#5780,#5332,#3360,.T.);
#12080=EDGE_CURVE('',#5778,#5330,#3364,.T.);
#12100=EDGE_CURVE('',#5776,#5328,#3368,.T.);
#12139=EDGE_CURVE('',#5821,#5373,#3376,.T.);
#12142=EDGE_CURVE('',#5822,#5374,#3452,.T.);
#12160=EDGE_CURVE('',#5858,#5410,#3380,.T.);
#12180=EDGE_CURVE('',#5856,#5408,#3384,.T.);
#12200=EDGE_CURVE('',#5854,#5406,#3388,.T.);
#12220=EDGE_CURVE('',#5852,#5404,#3392,.T.);
#12240=EDGE_CURVE('',#5850,#5402,#3396,.T.);
#12260=EDGE_CURVE('',#5848,#5400,#3400,.T.);
#12280=EDGE_CURVE('',#5846,#5398,#3404,.T.);
#12300=EDGE_CURVE('',#5844,#5396,#3408,.T.);
#12320=EDGE_CURVE('',#5842,#5394,#3412,.T.);
#12340=EDGE_CURVE('',#5840,#5392,#3416,.T.);
#12360=EDGE_CURVE('',#5838,#5390,#3420,.T.);
#12380=EDGE_CURVE('',#5836,#5388,#3424,.T.);
#12400=EDGE_CURVE('',#5834,#5386,#3428,.T.);
#12420=EDGE_CURVE('',#5832,#5384,#3432,.T.);
#12440=EDGE_CURVE('',#5830,#5382,#3436,.T.);
#12460=EDGE_CURVE('',#5828,#5380,#3440,.T.);
#12480=EDGE_CURVE('',#5826,#5378,#3444,.T.);
#12500=EDGE_CURVE('',#5824,#5376,#3448,.T.);
#12539=EDGE_CURVE('',#5861,#5413,#3456,.T.);
#12542=EDGE_CURVE('',#5862,#5414,#3516,.T.);
#12560=EDGE_CURVE('',#5890,#5442,#3460,.T.);
#12580=EDGE_CURVE('',#5888,#5440,#3464,.T.);
#12600=EDGE_CURVE('',#5886,#5438,#3468,.T.);
#12620=EDGE_CURVE('',#5884,#5436,#3472,.T.);
#12640=EDGE_CURVE('',#5882,#5434,#3476,.T.);
#12660=EDGE_CURVE('',#5880,#5432,#3480,.T.);
#12680=EDGE_CURVE('',#5878,#5430,#3484,.T.);
#12700=EDGE_CURVE('',#5876,#5428,#3488,.T.);
#12720=EDGE_CURVE('',#5874,#5426,#3492,.T.);
#12740=EDGE_CURVE('',#5872,#5424,#3496,.T.);
#12760=EDGE_CURVE('',#5870,#5422,#3500,.T.);
#12780=EDGE_CURVE('',#5868,#5420,#3504,.T.);
#12800=EDGE_CURVE('',#5866,#5418,#3508,.T.);
#12820=EDGE_CURVE('',#5864,#5416,#3512,.T.);
#12859=EDGE_CURVE('',#5893,#5445,#3520,.T.);
#12862=EDGE_CURVE('',#5894,#5446,#3556,.T.);
#12880=EDGE_CURVE('',#5910,#5462,#3524,.T.);
#12900=EDGE_CURVE('',#5908,#5460,#3528,.T.);
#12920=EDGE_CURVE('',#5906,#5458,#3532,.T.);
#12940=EDGE_CURVE('',#5904,#5456,#3536,.T.);
#12960=EDGE_CURVE('',#5902,#5454,#3540,.T.);
#12980=EDGE_CURVE('',#5900,#5452,#3544,.T.);
#13000=EDGE_CURVE('',#5898,#5450,#3548,.T.);
#13020=EDGE_CURVE('',#5896,#5448,#3552,.T.);
#13059=EDGE_CURVE('',#5913,#5465,#3560,.T.);
#13062=EDGE_CURVE('',#5914,#5466,#3604,.T.);
#13080=EDGE_CURVE('',#5934,#5486,#3564,.T.);
#13100=EDGE_CURVE('',#5932,#5484,#3568,.T.);
#13120=EDGE_CURVE('',#5930,#5482,#3572,.T.);
#13140=EDGE_CURVE('',#5928,#5480,#3576,.T.);
#13160=EDGE_CURVE('',#5926,#5478,#3580,.T.);
#13180=EDGE_CURVE('',#5924,#5476,#3584,.T.);
#13200=EDGE_CURVE('',#5922,#5474,#3588,.T.);
#13220=EDGE_CURVE('',#5920,#5472,#3592,.T.);
#13240=EDGE_CURVE('',#5918,#5470,#3596,.T.);
#13260=EDGE_CURVE('',#5916,#5468,#3600,.T.);
#13299=EDGE_CURVE('',#5937,#5489,#3608,.T.);
#13302=EDGE_CURVE('',#5938,#5490,#3636,.T.);
#13320=EDGE_CURVE('',#5950,#5502,#3612,.T.);
#13340=EDGE_CURVE('',#5948,#5500,#3616,.T.);
#13360=EDGE_CURVE('',#5946,#5498,#3620,.T.);
#13380=EDGE_CURVE('',#5944,#5496,#3624,.T.);
#13400=EDGE_CURVE('',#5942,#5494,#3628,.T.);
#13420=EDGE_CURVE('',#5940,#5492,#3632,.T.);
#13459=EDGE_CURVE('',#5953,#5505,#3640,.T.);
#13462=EDGE_CURVE('',#5954,#5506,#3648,.T.);
#13480=EDGE_CURVE('',#5956,#5508,#3644,.T.);
#13519=EDGE_CURVE('',#5967,#5959,#3652,.T.);
#13521=EDGE_CURVE('',#5959,#5960,#3668,.T.);
#13523=EDGE_CURVE('',#5968,#5960,#3664,.T.);
#13541=EDGE_CURVE('',#5972,#5964,#3656,.T.);
#13543=EDGE_CURVE('',#5964,#5959,#3672,.T.);
#13562=EDGE_CURVE('',#5970,#5962,#3660,.T.);
#13564=EDGE_CURVE('',#5962,#5964,#3676,.T.);
#13584=EDGE_CURVE('',#5960,#5962,#3680,.T.);
#13608=EDGE_CURVE('',#5979,#5980,#3684,.T.);
#13610=EDGE_CURVE('',#5980,#5982,#3688,.T.);
#13612=EDGE_CURVE('',#5982,#5984,#3692,.T.);
#13614=EDGE_CURVE('',#5984,#5979,#3696,.T.);
#13631=EDGE_CURVE('',#5990,#5992,#3700,.T.);
#13633=EDGE_CURVE('',#5980,#5990,#3740,.T.);
#13636=EDGE_CURVE('',#5979,#5976,#3704,.T.);
#13638=EDGE_CURVE('',#5976,#5992,#3720,.T.);
#13655=EDGE_CURVE('',#5987,#5988,#3708,.T.);
#13657=EDGE_CURVE('',#5990,#5988,#3736,.T.);
#13660=EDGE_CURVE('',#5992,#5987,#3716,.T.);
#13678=EDGE_CURVE('',#5987,#5975,#3728,.T.);
#13680=EDGE_CURVE('',#5984,#5975,#3732,.T.);
#13683=EDGE_CURVE('',#5982,#5988,#3712,.T.);
#13702=EDGE_CURVE('',#5975,#5976,#3724,.T.);
#13758=EDGE_CURVE('',#4967,#4968,#3744,.T.);
#13761=EDGE_CURVE('',#4980,#4976,#3748,.T.);
#13763=EDGE_CURVE('',#4976,#4967,#3753,.T.);
#13781=EDGE_CURVE('',#4971,#4967,#3758,.T.);
#13783=EDGE_CURVE('',#4971,#4972,#3827,.T.);
#13801=EDGE_CURVE('',#4974,#4971,#3773,.T.);
#13805=EDGE_CURVE('',#4974,#4976,#3768,.T.);
#13823=EDGE_CURVE('',#4974,#4987,#3790,.T.);
#13825=EDGE_CURVE('',#4990,#4987,#3778,.T.);
#13827=EDGE_CURVE('',#4971,#4990,#3831,.T.);
#13844=EDGE_CURVE('',#4978,#4974,#3782,.T.);
#13847=EDGE_CURVE('',#4987,#4988,#3786,.T.);
#13884=EDGE_CURVE('',#4983,#4984,#3809,.T.);
#13886=EDGE_CURVE('',#4987,#4983,#3800,.T.);
#13907=EDGE_CURVE('',#4996,#4992,#3813,.T.);
#13909=EDGE_CURVE('',#4992,#4983,#3818,.T.);
#13926=EDGE_CURVE('',#4994,#4990,#3835,.T.);
#13928=EDGE_CURVE('',#4990,#4992,#3840,.T.);
#13985=EDGE_CURVE('',#4999,#5000,#3844,.T.);
#13988=EDGE_CURVE('',#5028,#5024,#3848,.T.);
#13990=EDGE_CURVE('',#5024,#4999,#3852,.T.);
#14008=EDGE_CURVE('',#5003,#4999,#3857,.T.);
#14010=EDGE_CURVE('',#5003,#5004,#3871,.T.);
#14028=EDGE_CURVE('',#5006,#5003,#3876,.T.);
#14031=EDGE_CURVE('',#5008,#4999,#3902,.T.);
#14033=EDGE_CURVE('',#5006,#5008,#3867,.T.);
#14052=EDGE_CURVE('',#5010,#5006,#3880,.T.);
#14072=EDGE_CURVE('',#5012,#5008,#3889,.T.);
#14091=EDGE_CURVE('',#5015,#5008,#3893,.T.);
#14093=EDGE_CURVE('',#5015,#5016,#3897,.T.);
#14113=EDGE_CURVE('',#5024,#5015,#3907,.T.);
#14131=EDGE_CURVE('',#5022,#5019,#3921,.T.);
#14133=EDGE_CURVE('',#5019,#5015,#3930,.T.);
#14136=EDGE_CURVE('',#5022,#5024,#3912,.T.);
#14153=EDGE_CURVE('',#5019,#5020,#3916,.T.);
#14156=EDGE_CURVE('',#5026,#5022,#3925,.T.);
#14213=EDGE_CURVE('',#6124,#6099,#3944,.T.);
#14215=EDGE_CURVE('',#6099,#6100,#3949,.T.);
#14217=EDGE_CURVE('',#6100,#6102,#3953,.T.);
#14219=EDGE_CURVE('',#6102,#6104,#3957,.T.);
#14221=EDGE_CURVE('',#6104,#6106,#3961,.T.);
#14223=EDGE_CURVE('',#6106,#6108,#3966,.T.);
#14225=EDGE_CURVE('',#6108,#6123,#3970,.T.);
#14243=EDGE_CURVE('',#6128,#6111,#4000,.T.);
#14245=EDGE_CURVE('',#6099,#6111,#4024,.T.);
#14264=EDGE_CURVE('',#6120,#6127,#3974,.T.);
#14266=EDGE_CURVE('',#6118,#6120,#3979,.T.);
#14268=EDGE_CURVE('',#6116,#6118,#3983,.T.);
#14270=EDGE_CURVE('',#6114,#6116,#3987,.T.);
#14272=EDGE_CURVE('',#6112,#6114,#3991,.T.);
#14274=EDGE_CURVE('',#6111,#6112,#3996,.T.);
#14294=EDGE_CURVE('',#6108,#6120,#4004,.T.);
#14313=EDGE_CURVE('',#6106,#6118,#4008,.T.);
#14333=EDGE_CURVE('',#6104,#6116,#4012,.T.);
#14353=EDGE_CURVE('',#6102,#6114,#4016,.T.);
#14373=EDGE_CURVE('',#6100,#6112,#4020,.T.);
#14412=EDGE_CURVE('',#6155,#6131,#4028,.T.);
#14414=EDGE_CURVE('',#6131,#6132,#4033,.T.);
#14416=EDGE_CURVE('',#6132,#6134,#4037,.T.);
#14418=EDGE_CURVE('',#6134,#6136,#4041,.T.);
#14420=EDGE_CURVE('',#6136,#6138,#4045,.T.);
#14422=EDGE_CURVE('',#6138,#6140,#4050,.T.);
#14424=EDGE_CURVE('',#6140,#6156,#4054,.T.);
#14442=EDGE_CURVE('',#6159,#6143,#4084,.T.);
#14444=EDGE_CURVE('',#6131,#6143,#4108,.T.);
#14463=EDGE_CURVE('',#6152,#6160,#4058,.T.);
#14465=EDGE_CURVE('',#6150,#6152,#4063,.T.);
#14467=EDGE_CURVE('',#6148,#6150,#4067,.T.);
#14469=EDGE_CURVE('',#6146,#6148,#4071,.T.);
#14471=EDGE_CURVE('',#6144,#6146,#4075,.T.);
#14473=EDGE_CURVE('',#6143,#6144,#4080,.T.);
#14493=EDGE_CURVE('',#6140,#6152,#4088,.T.);
#14512=EDGE_CURVE('',#6138,#6150,#4092,.T.);
#14532=EDGE_CURVE('',#6136,#6148,#4096,.T.);
#14552=EDGE_CURVE('',#6134,#6146,#4100,.T.);
#14572=EDGE_CURVE('',#6132,#6144,#4104,.T.);
#14611=EDGE_CURVE('',#6187,#6163,#4112,.T.);
#14613=EDGE_CURVE('',#6163,#6164,#4117,.T.);
#14615=EDGE_CURVE('',#6164,#6166,#4121,.T.);
#14617=EDGE_CURVE('',#6166,#6168,#4125,.T.);
#14619=EDGE_CURVE('',#6168,#6170,#4129,.T.);
#14621=EDGE_CURVE('',#6170,#6172,#4134,.T.);
#14623=EDGE_CURVE('',#6172,#6188,#4138,.T.);
#14641=EDGE_CURVE('',#6191,#6175,#4168,.T.);
#14643=EDGE_CURVE('',#6163,#6175,#4192,.T.);
#14662=EDGE_CURVE('',#6184,#6192,#4142,.T.);
#14664=EDGE_CURVE('',#6182,#6184,#4147,.T.);
#14666=EDGE_CURVE('',#6180,#6182,#4151,.T.);
#14668=EDGE_CURVE('',#6178,#6180,#4155,.T.);
#14670=EDGE_CURVE('',#6176,#6178,#4159,.T.);
#14672=EDGE_CURVE('',#6175,#6176,#4164,.T.);
#14692=EDGE_CURVE('',#6172,#6184,#4172,.T.);
#14711=EDGE_CURVE('',#6170,#6182,#4176,.T.);
#14731=EDGE_CURVE('',#6168,#6180,#4180,.T.);
#14751=EDGE_CURVE('',#6166,#6178,#4184,.T.);
#14771=EDGE_CURVE('',#6164,#6176,#4188,.T.);
#14810=EDGE_CURVE('',#6385,#6195,#4196,.T.);
#14812=EDGE_CURVE('',#6195,#6196,#4220,.T.);
#14814=EDGE_CURVE('',#6386,#6196,#4216,.T.);
#14832=EDGE_CURVE('',#6394,#6204,#4200,.T.);
#14834=EDGE_CURVE('',#6204,#6195,#4224,.T.);
#14853=EDGE_CURVE('',#6392,#6202,#4204,.T.);
#14855=EDGE_CURVE('',#6202,#6204,#4228,.T.);
#14874=EDGE_CURVE('',#6390,#6200,#4208,.T.);
#14876=EDGE_CURVE('',#6200,#6202,#4232,.T.);
#14895=EDGE_CURVE('',#6388,#6198,#4212,.T.);
#14897=EDGE_CURVE('',#6198,#6200,#4236,.T.);
#14917=EDGE_CURVE('',#6196,#6198,#4240,.T.);
#14956=EDGE_CURVE('',#6207,#6208,#4244,.T.);
#14958=EDGE_CURVE('',#6284,#6207,#4248,.T.);
#14960=EDGE_CURVE('',#6282,#6284,#4252,.T.);
#14962=EDGE_CURVE('',#6280,#6282,#4256,.T.);
#14964=EDGE_CURVE('',#6278,#6280,#4260,.T.);
#14966=EDGE_CURVE('',#6276,#6278,#4264,.T.);
#14968=EDGE_CURVE('',#6274,#6276,#4268,.T.);
#14970=EDGE_CURVE('',#6272,#6274,#4272,.T.);
#14972=EDGE_CURVE('',#6270,#6272,#4276,.T.);
#14974=EDGE_CURVE('',#6268,#6270,#4280,.T.);
#14976=EDGE_CURVE('',#6266,#6268,#4284,.T.);
#14978=EDGE_CURVE('',#6264,#6266,#4288,.T.);
#14980=EDGE_CURVE('',#6262,#6264,#4292,.T.);
#14982=EDGE_CURVE('',#6260,#6262,#4296,.T.);
#14984=EDGE_CURVE('',#6258,#6260,#4300,.T.);
#14986=EDGE_CURVE('',#6256,#6258,#4304,.T.);
#14988=EDGE_CURVE('',#6254,#6256,#4308,.T.);
#14990=EDGE_CURVE('',#6252,#6254,#4312,.T.);
#14992=EDGE_CURVE('',#6250,#6252,#4316,.T.);
#14994=EDGE_CURVE('',#6248,#6250,#4320,.T.);
#14996=EDGE_CURVE('',#6246,#6248,#4324,.T.);
#14998=EDGE_CURVE('',#6244,#6246,#4328,.T.);
#15000=EDGE_CURVE('',#6242,#6244,#4332,.T.);
#15002=EDGE_CURVE('',#6240,#6242,#4336,.T.);
#15004=EDGE_CURVE('',#6238,#6240,#4340,.T.);
#15006=EDGE_CURVE('',#6236,#6238,#4344,.T.);
#15008=EDGE_CURVE('',#6234,#6236,#4348,.T.);
#15010=EDGE_CURVE('',#6232,#6234,#4352,.T.);
#15012=EDGE_CURVE('',#6230,#6232,#4356,.T.);
#15014=EDGE_CURVE('',#6228,#6230,#4360,.T.);
#15016=EDGE_CURVE('',#6226,#6228,#4364,.T.);
#15018=EDGE_CURVE('',#6224,#6226,#4368,.T.);
#15020=EDGE_CURVE('',#6222,#6224,#4372,.T.);
#15022=EDGE_CURVE('',#6220,#6222,#4376,.T.);
#15024=EDGE_CURVE('',#6218,#6220,#4380,.T.);
#15026=EDGE_CURVE('',#6216,#6218,#4384,.T.);
#15028=EDGE_CURVE('',#6214,#6216,#4388,.T.);
#15030=EDGE_CURVE('',#6212,#6214,#4392,.T.);
#15032=EDGE_CURVE('',#6210,#6212,#4396,.T.);
#15034=EDGE_CURVE('',#6208,#6210,#4400,.T.);
#15051=EDGE_CURVE('',#6287,#6288,#4404,.T.);
#15053=EDGE_CURVE('',#6308,#6287,#4408,.T.);
#15055=EDGE_CURVE('',#6306,#6308,#4412,.T.);
#15057=EDGE_CURVE('',#6304,#6306,#4416,.T.);
#15059=EDGE_CURVE('',#6302,#6304,#4420,.T.);
#15061=EDGE_CURVE('',#6300,#6302,#4424,.T.);
#15063=EDGE_CURVE('',#6298,#6300,#4428,.T.);
#15065=EDGE_CURVE('',#6296,#6298,#4432,.T.);
#15067=EDGE_CURVE('',#6294,#6296,#4436,.T.);
#15069=EDGE_CURVE('',#6292,#6294,#4440,.T.);
#15071=EDGE_CURVE('',#6290,#6292,#4444,.T.);
#15073=EDGE_CURVE('',#6288,#6290,#4448,.T.);
#15090=EDGE_CURVE('',#6311,#6312,#4452,.T.);
#15092=EDGE_CURVE('',#6336,#6311,#4456,.T.);
#15094=EDGE_CURVE('',#6334,#6336,#4460,.T.);
#15096=EDGE_CURVE('',#6332,#6334,#4464,.T.);
#15098=EDGE_CURVE('',#6330,#6332,#4468,.T.);
#15100=EDGE_CURVE('',#6328,#6330,#4472,.T.);
#15102=EDGE_CURVE('',#6326,#6328,#4476,.T.);
#15104=EDGE_CURVE('',#6324,#6326,#4480,.T.);
#15106=EDGE_CURVE('',#6322,#6324,#4484,.T.);
#15108=EDGE_CURVE('',#6320,#6322,#4488,.T.);
#15110=EDGE_CURVE('',#6318,#6320,#4492,.T.);
#15112=EDGE_CURVE('',#6316,#6318,#4496,.T.);
#15114=EDGE_CURVE('',#6314,#6316,#4500,.T.);
#15116=EDGE_CURVE('',#6312,#6314,#4504,.T.);
#15120=EDGE_CURVE('',#6339,#6340,#4508,.T.);
#15122=EDGE_CURVE('',#6360,#6339,#4512,.T.);
#15124=EDGE_CURVE('',#6358,#6360,#4516,.T.);
#15126=EDGE_CURVE('',#6356,#6358,#4520,.T.);
#15128=EDGE_CURVE('',#6354,#6356,#4524,.T.);
#15130=EDGE_CURVE('',#6352,#6354,#4528,.T.);
#15132=EDGE_CURVE('',#6350,#6352,#4532,.T.);
#15134=EDGE_CURVE('',#6348,#6350,#4536,.T.);
#15136=EDGE_CURVE('',#6346,#6348,#4540,.T.);
#15138=EDGE_CURVE('',#6344,#6346,#4544,.T.);
#15140=EDGE_CURVE('',#6342,#6344,#4548,.T.);
#15142=EDGE_CURVE('',#6340,#6342,#4552,.T.);
#15159=EDGE_CURVE('',#6363,#6364,#4556,.T.);
#15161=EDGE_CURVE('',#6376,#6363,#4560,.T.);
#15163=EDGE_CURVE('',#6374,#6376,#4564,.T.);
#15165=EDGE_CURVE('',#6372,#6374,#4568,.T.);
#15167=EDGE_CURVE('',#6370,#6372,#4572,.T.);
#15169=EDGE_CURVE('',#6368,#6370,#4576,.T.);
#15171=EDGE_CURVE('',#6366,#6368,#4580,.T.);
#15173=EDGE_CURVE('',#6364,#6366,#4584,.T.);
#15177=EDGE_CURVE('',#6379,#6380,#4588,.T.);
#15179=EDGE_CURVE('',#6382,#6379,#4592,.T.);
#15181=EDGE_CURVE('',#6380,#6382,#4596,.T.);
#15199=EDGE_CURVE('',#6397,#6207,#4600,.T.);
#15202=EDGE_CURVE('',#6398,#6208,#4756,.T.);
#15220=EDGE_CURVE('',#6474,#6284,#4604,.T.);
#15240=EDGE_CURVE('',#6472,#6282,#4608,.T.);
#15260=EDGE_CURVE('',#6470,#6280,#4612,.T.);
#15280=EDGE_CURVE('',#6468,#6278,#4616,.T.);
#15300=EDGE_CURVE('',#6466,#6276,#4620,.T.);
#15320=EDGE_CURVE('',#6464,#6274,#4624,.T.);
#15340=EDGE_CURVE('',#6462,#6272,#4628,.T.);
#15360=EDGE_CURVE('',#6460,#6270,#4632,.T.);
#15380=EDGE_CURVE('',#6458,#6268,#4636,.T.);
#15400=EDGE_CURVE('',#6456,#6266,#4640,.T.);
#15420=EDGE_CURVE('',#6454,#6264,#4644,.T.);
#15440=EDGE_CURVE('',#6452,#6262,#4648,.T.);
#15460=EDGE_CURVE('',#6450,#6260,#4652,.T.);
#15480=EDGE_CURVE('',#6448,#6258,#4656,.T.);
#15500=EDGE_CURVE('',#6446,#6256,#4660,.T.);
#15520=EDGE_CURVE('',#6444,#6254,#4664,.T.);
#15540=EDGE_CURVE('',#6442,#6252,#4668,.T.);
#15560=EDGE_CURVE('',#6440,#6250,#4672,.T.);
#15580=EDGE_CURVE('',#6438,#6248,#4676,.T.);
#15600=EDGE_CURVE('',#6436,#6246,#4680,.T.);
#15620=EDGE_CURVE('',#6434,#6244,#4684,.T.);
#15640=EDGE_CURVE('',#6432,#6242,#4688,.T.);
#15660=EDGE_CURVE('',#6430,#6240,#4692,.T.);
#15680=EDGE_CURVE('',#6428,#6238,#4696,.T.);
#15700=EDGE_CURVE('',#6426,#6236,#4700,.T.);
#15720=EDGE_CURVE('',#6424,#6234,#4704,.T.);
#15740=EDGE_CURVE('',#6422,#6232,#4708,.T.);
#15760=EDGE_CURVE('',#6420,#6230,#4712,.T.);
#15780=EDGE_CURVE('',#6418,#6228,#4716,.T.);
#15800=EDGE_CURVE('',#6416,#6226,#4720,.T.);
#15820=EDGE_CURVE('',#6414,#6224,#4724,.T.);
#15840=EDGE_CURVE('',#6412,#6222,#4728,.T.);
#15860=EDGE_CURVE('',#6410,#6220,#4732,.T.);
#15880=EDGE_CURVE('',#6408,#6218,#4736,.T.);
#15900=EDGE_CURVE('',#6406,#6216,#4740,.T.);
#15920=EDGE_CURVE('',#6404,#6214,#4744,.T.);
#15940=EDGE_CURVE('',#6402,#6212,#4748,.T.);
#15960=EDGE_CURVE('',#6400,#6210,#4752,.T.);
#15999=EDGE_CURVE('',#6477,#6287,#4760,.T.);
#16002=EDGE_CURVE('',#6478,#6288,#4804,.T.);
#16020=EDGE_CURVE('',#6498,#6308,#4764,.T.);
#16040=EDGE_CURVE('',#6496,#6306,#4768,.T.);
#16060=EDGE_CURVE('',#6494,#6304,#4772,.T.);
#16080=EDGE_CURVE('',#6492,#6302,#4776,.T.);
#16100=EDGE_CURVE('',#6490,#6300,#4780,.T.);
#16120=EDGE_CURVE('',#6488,#6298,#4784,.T.);
#16140=EDGE_CURVE('',#6486,#6296,#4788,.T.);
#16160=EDGE_CURVE('',#6484,#6294,#4792,.T.);
#16180=EDGE_CURVE('',#6482,#6292,#4796,.T.);
#16200=EDGE_CURVE('',#6480,#6290,#4800,.T.);
#16239=EDGE_CURVE('',#6501,#6311,#4808,.T.);
#16242=EDGE_CURVE('',#6502,#6312,#4860,.T.);
#16260=EDGE_CURVE('',#6526,#6336,#4812,.T.);
#16280=EDGE_CURVE('',#6524,#6334,#4816,.T.);
#16300=EDGE_CURVE('',#6522,#6332,#4820,.T.);
#16320=EDGE_CURVE('',#6520,#6330,#4824,.T.);
#16340=EDGE_CURVE('',#6518,#6328,#4828,.T.);
#16360=EDGE_CURVE('',#6516,#6326,#4832,.T.);
#16380=EDGE_CURVE('',#6514,#6324,#4836,.T.);
#16400=EDGE_CURVE('',#6512,#6322,#4840,.T.);
#16420=EDGE_CURVE('',#6510,#6320,#4844,.T.);
#16440=EDGE_CURVE('',#6508,#6318,#4848,.T.);
#16460=EDGE_CURVE('',#6506,#6316,#4852,.T.);
#16480=EDGE_CURVE('',#6504,#6314,#4856,.T.);
#16519=EDGE_CURVE('',#6529,#6339,#4864,.T.);
#16522=EDGE_CURVE('',#6530,#6340,#4908,.T.);
#16540=EDGE_CURVE('',#6550,#6360,#4868,.T.);
#16560=EDGE_CURVE('',#6548,#6358,#4872,.T.);
#16580=EDGE_CURVE('',#6546,#6356,#4876,.T.);
#16600=EDGE_CURVE('',#6544,#6354,#4880,.T.);
#16620=EDGE_CURVE('',#6542,#6352,#4884,.T.);
#16640=EDGE_CURVE('',#6540,#6350,#4888,.T.);
#16660=EDGE_CURVE('',#6538,#6348,#4892,.T.);
#16680=EDGE_CURVE('',#6536,#6346,#4896,.T.);
#16700=EDGE_CURVE('',#6534,#6344,#4900,.T.);
#16720=EDGE_CURVE('',#6532,#6342,#4904,.T.);
#16759=EDGE_CURVE('',#6553,#6363,#4912,.T.);
#16762=EDGE_CURVE('',#6554,#6364,#4940,.T.);
#16780=EDGE_CURVE('',#6566,#6376,#4916,.T.);
#16800=EDGE_CURVE('',#6564,#6374,#4920,.T.);
#16820=EDGE_CURVE('',#6562,#6372,#4924,.T.);
#16840=EDGE_CURVE('',#6560,#6370,#4928,.T.);
#16860=EDGE_CURVE('',#6558,#6368,#4932,.T.);
#16880=EDGE_CURVE('',#6556,#6366,#4936,.T.);
#16919=EDGE_CURVE('',#6569,#6379,#4944,.T.);
#16922=EDGE_CURVE('',#6570,#6380,#4952,.T.);
#16940=EDGE_CURVE('',#6572,#6382,#4948,.T.);
#16975=(LENGTH_UNIT()NAMED_UNIT(*)SI_UNIT(.MILLI.,.METRE.));
#16977=(NAMED_UNIT(*)PLANE_ANGLE_UNIT()SI_UNIT($,.RADIAN.));
#16980=(NAMED_UNIT(*)SI_UNIT($,.STERADIAN.)SOLID_ANGLE_UNIT());
#16983=ADVANCED_BREP_SHAPE_REPRESENTATION('',(#16974),#16982);
#16991=PRODUCT_DEFINITION('design','',#16990,#16987);
#16992=PRODUCT_DEFINITION_SHAPE('','SHAPE FOR 205.',#16991);
#16993=SHAPE_ASPECT('','solid data associated with 205',#16992,.F.);
#16994=PROPERTY_DEFINITION('',
'shape for solid data with which properties are associated',#16993);
#16995=SHAPE_REPRESENTATION('',(#16974),#16982);
#16996=SHAPE_DEFINITION_REPRESENTATION(#16994,#16995);
#16997=(LENGTH_UNIT()NAMED_UNIT(*)SI_UNIT(.MILLI.,.METRE.));
#17001=PROPERTY_DEFINITION('geometric validation property','area of 205',
#16993);
#17002=REPRESENTATION('surface area',(#17000),#16982);
#17003=PROPERTY_DEFINITION_REPRESENTATION(#17001,#17002);
#17004=(LENGTH_UNIT()NAMED_UNIT(*)SI_UNIT(.MILLI.,.METRE.));
#17008=PROPERTY_DEFINITION('geometric validation property','volume of 205',
#16993);
#17009=REPRESENTATION('volume',(#17007),#16982);
#17010=PROPERTY_DEFINITION_REPRESENTATION(#17008,#17009);
#17012=PROPERTY_DEFINITION('geometric validation property','centroid of 205',
#16993);
#17013=REPRESENTATION('centroid',(#17011),#16982);
#17014=PROPERTY_DEFINITION_REPRESENTATION(#17012,#17013);
#17015=(LENGTH_UNIT()NAMED_UNIT(*)SI_UNIT(.MILLI.,.METRE.));
#17019=PROPERTY_DEFINITION('geometric validation property','area of 205',
#16992);
#17020=REPRESENTATION('surface area',(#17018),#16982);
#17021=PROPERTY_DEFINITION_REPRESENTATION(#17019,#17020);
#17022=(LENGTH_UNIT()NAMED_UNIT(*)SI_UNIT(.MILLI.,.METRE.));
#17026=PROPERTY_DEFINITION('geometric validation property','volume of 205',
#16992);
#17027=REPRESENTATION('volume',(#17025),#16982);
#17028=PROPERTY_DEFINITION_REPRESENTATION(#17026,#17027);
#17030=PROPERTY_DEFINITION('geometric validation property','centroid of 205',
#16992);
#17031=REPRESENTATION('centroid',(#17029),#16982);
#17032=PROPERTY_DEFINITION_REPRESENTATION(#17030,#17031);
#17033=SHAPE_DEFINITION_REPRESENTATION(#16992,#16983);
ENDSEC;
END-ISO-10303-21;
