ISO-10303-21;
HEADER;
FILE_DESCRIPTION(('STEP AP242'),'1');
FILE_NAME('dcj250-05-a-k1-a.stp','2023-05-03T12:32:35',('TraceParts'),('TraceParts S.A.'),'Spatial InterOp 3D',' ',' ');
FILE_SCHEMA(('AP242_MANAGED_MODEL_BASED_3D_ENGINEERING_MIM_LF  {1 0 10303 442 1 1 4}'));
ENDSEC;
DATA;
#1=MECHANICAL_DESIGN_GEOMETRIC_PRESENTATION_REPRESENTATION(' ',(#17,#18,#19,#20,#21,#22,#23,#24),#13);
#2=PRODUCT_DEFINITION_CONTEXT('',#25,'design');
#3=APPLICATION_PROTOCOL_DEFINITION('INTERNATIONAL STANDARD','ap242_managed_model_based_3d_engineering',2014,#25);
#4=PRODUCT_CATEGORY_RELATIONSHIP('NONE','NONE',#26,#27);
#5=SHAPE_DEFINITION_REPRESENTATION(#28,#29);
#6=SHAPE_DEFINITION_REPRESENTATION(#28,#30);
#7=SHAPE_DEFINITION_REPRESENTATION(#28,#31);
#8=SHAPE_DEFINITION_REPRESENTATION(#28,#32);
#9=SHAPE_DEFINITION_REPRESENTATION(#28,#33);
#10=SHAPE_DEFINITION_REPRESENTATION(#28,#34);
#11=SHAPE_DEFINITION_REPRESENTATION(#28,#35);
#12=SHAPE_DEFINITION_REPRESENTATION(#28,#36);
#13= (GEOMETRIC_REPRESENTATION_CONTEXT(3)GLOBAL_UNCERTAINTY_ASSIGNED_CONTEXT((#39))GLOBAL_UNIT_ASSIGNED_CONTEXT((#41,#42,#43))REPRESENTATION_CONTEXT('NONE','WORKSPACE'));
#17=STYLED_ITEM('',(#45),#46);
#18=STYLED_ITEM('',(#47),#48);
#19=STYLED_ITEM('',(#49),#50);
#20=STYLED_ITEM('',(#51),#52);
#21=STYLED_ITEM('',(#53),#54);
#22=STYLED_ITEM('',(#55),#56);
#23=STYLED_ITEM('',(#57),#58);
#24=STYLED_ITEM('',(#59),#60);
#25=APPLICATION_CONTEXT('managed model based 3d engineering');
#26=PRODUCT_CATEGORY('part','NONE');
#27=PRODUCT_RELATED_PRODUCT_CATEGORY('detail',' ',(#61));
#28=PRODUCT_DEFINITION_SHAPE('NONE','NONE',#62);
#29=ADVANCED_BREP_SHAPE_REPRESENTATION('dcj250-05-a-k1-a_1',(#46,#63),#13);
#30=ADVANCED_BREP_SHAPE_REPRESENTATION('dcj250-05-a-k1-a_2',(#48,#64),#13);
#31=ADVANCED_BREP_SHAPE_REPRESENTATION('dcj250-05-a-k1-a_3',(#50,#65),#13);
#32=ADVANCED_BREP_SHAPE_REPRESENTATION('dcj250-05-a-k1-a_4',(#52,#66),#13);
#33=ADVANCED_BREP_SHAPE_REPRESENTATION('dcj250-05-a-k1-a_5',(#54,#67),#13);
#34=ADVANCED_BREP_SHAPE_REPRESENTATION('dcj250-05-a-k1-a_6',(#56,#68),#13);
#35=ADVANCED_BREP_SHAPE_REPRESENTATION('dcj250-05-a-k1-a_7',(#58,#69),#13);
#36=ADVANCED_BREP_SHAPE_REPRESENTATION('dcj250-05-a-k1-a_8',(#60,#70),#13);
#39=UNCERTAINTY_MEASURE_WITH_UNIT(LENGTH_MEASURE(1.0E-06),#41,'','');
#41= (CONVERSION_BASED_UNIT('MILLIMETRE',#73)LENGTH_UNIT()NAMED_UNIT(#76));
#42= (NAMED_UNIT(#78)PLANE_ANGLE_UNIT()SI_UNIT($,.RADIAN.));
#43= (NAMED_UNIT(#78)SOLID_ANGLE_UNIT()SI_UNIT($,.STERADIAN.));
#45=PRESENTATION_STYLE_ASSIGNMENT((#84));
#46=MANIFOLD_SOLID_BREP('dcj250-05-a-k1-a_1',#85);
#47=PRESENTATION_STYLE_ASSIGNMENT((#86));
#48=MANIFOLD_SOLID_BREP('dcj250-05-a-k1-a_2',#87);
#49=PRESENTATION_STYLE_ASSIGNMENT((#88));
#50=MANIFOLD_SOLID_BREP('dcj250-05-a-k1-a_3',#89);
#51=PRESENTATION_STYLE_ASSIGNMENT((#90));
#52=MANIFOLD_SOLID_BREP('dcj250-05-a-k1-a_4',#91);
#53=PRESENTATION_STYLE_ASSIGNMENT((#92));
#54=MANIFOLD_SOLID_BREP('dcj250-05-a-k1-a_5',#93);
#55=PRESENTATION_STYLE_ASSIGNMENT((#94));
#56=MANIFOLD_SOLID_BREP('dcj250-05-a-k1-a_6',#95);
#57=PRESENTATION_STYLE_ASSIGNMENT((#96));
#58=MANIFOLD_SOLID_BREP('dcj250-05-a-k1-a_7',#97);
#59=PRESENTATION_STYLE_ASSIGNMENT((#98));
#60=MANIFOLD_SOLID_BREP('dcj250-05-a-k1-a_8',#99);
#61=PRODUCT('dcj250-05-a-k1-a_1','','PART--DESC',(#100));
#62=PRODUCT_DEFINITION('','NONE',#101,#2);
#63=AXIS2_PLACEMENT_3D('',#102,#103,#104);
#64=AXIS2_PLACEMENT_3D('',#105,#106,#107);
#65=AXIS2_PLACEMENT_3D('',#108,#109,#110);
#66=AXIS2_PLACEMENT_3D('',#111,#112,#113);
#67=AXIS2_PLACEMENT_3D('',#114,#115,#116);
#68=AXIS2_PLACEMENT_3D('',#117,#118,#119);
#69=AXIS2_PLACEMENT_3D('',#120,#121,#122);
#70=AXIS2_PLACEMENT_3D('',#123,#124,#125);
#73=LENGTH_MEASURE_WITH_UNIT(LENGTH_MEASURE(1.0),#126);
#76=DIMENSIONAL_EXPONENTS(1.0,0.0,0.0,0.0,0.0,0.0,0.0);
#78=DIMENSIONAL_EXPONENTS(0.0,0.0,0.0,0.0,0.0,0.0,0.0);
#84=SURFACE_STYLE_USAGE(.BOTH.,#127);
#85=CLOSED_SHELL('',(#128,#129,#130,#131,#132,#133,#134,#135,#136,#137,#138,#139,#140,#141,#142,#143,#144,#145,#146,#147,#148,#149,#150,#151,#152,#153,#154,#155,#156,#157,#158,#159,#160,#161,#162,#163,#164,#165,#166,#167,#168,#169,#170,#171,#172,#173,#174,#175,#176,#177,#178,#179,#180,#181,#182,#183,#184,#185,#186,#187,#188,#189,#190,#191,#192,#193,#194,#195,#196,#197,#198,#199,#200,#201,#202,#203,#204,#205,#206,#207,#208,#209,#210,#211,#212,#213,#214,#215,#216,#217,#218,#219,#220,#221,#222,#223,#224,#225,#226,#227,#228,#229,#230,#231,#232,#233,#234,#235));
#86=SURFACE_STYLE_USAGE(.BOTH.,#236);
#87=CLOSED_SHELL('',(#237,#238,#239,#240,#241,#242));
#88=SURFACE_STYLE_USAGE(.BOTH.,#243);
#89=CLOSED_SHELL('',(#244,#245,#246,#247,#248,#249,#250,#251,#252,#253,#254,#255,#256,#257,#258,#259));
#90=SURFACE_STYLE_USAGE(.BOTH.,#260);
#91=CLOSED_SHELL('',(#261,#262,#263,#264,#265,#266,#267,#268,#269,#270,#271,#272,#273,#274,#275,#276,#277,#278,#279,#280,#281,#282,#283,#284,#285,#286,#287,#288,#289,#290,#291,#292,#293,#294));
#92=SURFACE_STYLE_USAGE(.BOTH.,#295);
#93=CLOSED_SHELL('',(#296,#297,#298,#299,#300,#301,#302,#303,#304,#305,#306,#307,#308,#309,#310,#311,#312,#313,#314,#315,#316,#317,#318,#319,#320,#321,#322,#323,#324,#325,#326,#327,#328,#329,#330,#331,#332,#333,#334,#335,#336,#337,#338,#339,#340,#341));
#94=SURFACE_STYLE_USAGE(.BOTH.,#342);
#95=CLOSED_SHELL('',(#343,#344,#345,#346,#347,#348,#349,#350,#351,#352,#353,#354,#355,#356,#357,#358,#359,#360,#361,#362,#363,#364,#365,#366,#367,#368,#369,#370,#371,#372,#373,#374,#375,#376,#377));
#96=SURFACE_STYLE_USAGE(.BOTH.,#378);
#97=CLOSED_SHELL('',(#379,#380,#381,#382,#383,#384,#385,#386,#387,#388,#389,#390,#391,#392,#393,#394,#395,#396,#397,#398,#399,#400,#401,#402,#403,#404,#405,#406,#407,#408,#409,#410,#411,#412,#413,#414,#415,#416,#417,#418,#419,#420,#421,#422));
#98=SURFACE_STYLE_USAGE(.BOTH.,#423);
#99=CLOSED_SHELL('',(#424,#425,#426,#427,#428,#429,#430,#431,#432,#433,#434,#435,#436,#437,#438,#439,#440,#441,#442,#443,#444,#445,#446,#447,#448));
#100=PRODUCT_CONTEXT('',#25,'mechanical');
#101=PRODUCT_DEFINITION_FORMATION_WITH_SPECIFIED_SOURCE(' ','NONE',#61,.NOT_KNOWN.);
#102=CARTESIAN_POINT('',(0.0,0.0,0.0));
#103=DIRECTION('',(0.0,0.0,1.0));
#104=DIRECTION('',(1.0,0.0,0.0));
#105=CARTESIAN_POINT('',(0.0,0.0,0.0));
#106=DIRECTION('',(0.0,0.0,1.0));
#107=DIRECTION('',(1.0,0.0,0.0));
#108=CARTESIAN_POINT('',(0.0,0.0,0.0));
#109=DIRECTION('',(0.0,0.0,1.0));
#110=DIRECTION('',(1.0,0.0,0.0));
#111=CARTESIAN_POINT('',(0.0,0.0,0.0));
#112=DIRECTION('',(0.0,0.0,1.0));
#113=DIRECTION('',(1.0,0.0,0.0));
#114=CARTESIAN_POINT('',(0.0,0.0,0.0));
#115=DIRECTION('',(0.0,0.0,1.0));
#116=DIRECTION('',(1.0,0.0,0.0));
#117=CARTESIAN_POINT('',(0.0,0.0,0.0));
#118=DIRECTION('',(0.0,0.0,1.0));
#119=DIRECTION('',(1.0,0.0,0.0));
#120=CARTESIAN_POINT('',(0.0,0.0,0.0));
#121=DIRECTION('',(0.0,0.0,1.0));
#122=DIRECTION('',(1.0,0.0,0.0));
#123=CARTESIAN_POINT('',(0.0,0.0,0.0));
#124=DIRECTION('',(0.0,0.0,1.0));
#125=DIRECTION('',(1.0,0.0,0.0));
#126= (NAMED_UNIT(#76)LENGTH_UNIT()SI_UNIT(.MILLI.,.METRE.));
#127=SURFACE_SIDE_STYLE('',(#450));
#128=ADVANCED_FACE('NONE',(#451),#452,.T.);
#129=ADVANCED_FACE('NONE',(#453),#454,.F.);
#130=ADVANCED_FACE('NONE',(#455),#456,.F.);
#131=ADVANCED_FACE('NONE',(#457),#458,.T.);
#132=ADVANCED_FACE('NONE',(#459),#460,.T.);
#133=ADVANCED_FACE('NONE',(#461),#462,.F.);
#134=ADVANCED_FACE('NONE',(#463),#464,.T.);
#135=ADVANCED_FACE('NONE',(#465),#466,.T.);
#136=ADVANCED_FACE('NONE',(#467),#468,.F.);
#137=ADVANCED_FACE('NONE',(#469),#470,.F.);
#138=ADVANCED_FACE('NONE',(#471),#472,.F.);
#139=ADVANCED_FACE('NONE',(#473,#474,#475),#476,.T.);
#140=ADVANCED_FACE('NONE',(#477),#478,.T.);
#141=ADVANCED_FACE('NONE',(#479),#480,.F.);
#142=ADVANCED_FACE('NONE',(#481),#482,.T.);
#143=ADVANCED_FACE('NONE',(#483),#484,.T.);
#144=ADVANCED_FACE('NONE',(#485,#486),#487,.F.);
#145=ADVANCED_FACE('NONE',(#488),#489,.T.);
#146=ADVANCED_FACE('NONE',(#490,#491),#492,.T.);
#147=ADVANCED_FACE('NONE',(#493),#494,.T.);
#148=ADVANCED_FACE('NONE',(#495,#496),#497,.T.);
#149=ADVANCED_FACE('NONE',(#498),#499,.T.);
#150=ADVANCED_FACE('NONE',(#500),#501,.T.);
#151=ADVANCED_FACE('NONE',(#502),#503,.T.);
#152=ADVANCED_FACE('NONE',(#504),#505,.F.);
#153=ADVANCED_FACE('NONE',(#506),#507,.F.);
#154=ADVANCED_FACE('NONE',(#508),#509,.F.);
#155=ADVANCED_FACE('NONE',(#510),#511,.F.);
#156=ADVANCED_FACE('NONE',(#512),#513,.F.);
#157=ADVANCED_FACE('NONE',(#514,#515,#516),#517,.T.);
#158=ADVANCED_FACE('NONE',(#518),#519,.T.);
#159=ADVANCED_FACE('NONE',(#520),#521,.F.);
#160=ADVANCED_FACE('NONE',(#522),#523,.F.);
#161=ADVANCED_FACE('NONE',(#524),#525,.T.);
#162=ADVANCED_FACE('NONE',(#526),#527,.F.);
#163=ADVANCED_FACE('NONE',(#528),#529,.T.);
#164=ADVANCED_FACE('NONE',(#530),#531,.T.);
#165=ADVANCED_FACE('NONE',(#532),#533,.T.);
#166=ADVANCED_FACE('NONE',(#534),#535,.F.);
#167=ADVANCED_FACE('NONE',(#536),#537,.T.);
#168=ADVANCED_FACE('NONE',(#538),#539,.F.);
#169=ADVANCED_FACE('NONE',(#540),#541,.F.);
#170=ADVANCED_FACE('NONE',(#542),#543,.F.);
#171=ADVANCED_FACE('NONE',(#544),#545,.F.);
#172=ADVANCED_FACE('NONE',(#546),#547,.F.);
#173=ADVANCED_FACE('NONE',(#548),#549,.T.);
#174=ADVANCED_FACE('NONE',(#550),#551,.F.);
#175=ADVANCED_FACE('NONE',(#552),#553,.F.);
#176=ADVANCED_FACE('NONE',(#554),#555,.F.);
#177=ADVANCED_FACE('NONE',(#556),#557,.F.);
#178=ADVANCED_FACE('NONE',(#558),#559,.F.);
#179=ADVANCED_FACE('NONE',(#560),#561,.T.);
#180=ADVANCED_FACE('NONE',(#562),#563,.F.);
#181=ADVANCED_FACE('NONE',(#564),#565,.F.);
#182=ADVANCED_FACE('NONE',(#566),#567,.F.);
#183=ADVANCED_FACE('NONE',(#568),#569,.F.);
#184=ADVANCED_FACE('NONE',(#570),#571,.F.);
#185=ADVANCED_FACE('NONE',(#572),#573,.T.);
#186=ADVANCED_FACE('NONE',(#574),#575,.F.);
#187=ADVANCED_FACE('NONE',(#576),#577,.F.);
#188=ADVANCED_FACE('NONE',(#578),#579,.F.);
#189=ADVANCED_FACE('NONE',(#580),#581,.T.);
#190=ADVANCED_FACE('NONE',(#582),#583,.F.);
#191=ADVANCED_FACE('NONE',(#584),#585,.T.);
#192=ADVANCED_FACE('NONE',(#586),#587,.T.);
#193=ADVANCED_FACE('NONE',(#588),#589,.T.);
#194=ADVANCED_FACE('NONE',(#590),#591,.T.);
#195=ADVANCED_FACE('NONE',(#592),#593,.F.);
#196=ADVANCED_FACE('NONE',(#594),#595,.F.);
#197=ADVANCED_FACE('NONE',(#596),#597,.F.);
#198=ADVANCED_FACE('NONE',(#598,#599),#600,.T.);
#199=ADVANCED_FACE('NONE',(#601),#602,.T.);
#200=ADVANCED_FACE('NONE',(#603),#604,.F.);
#201=ADVANCED_FACE('NONE',(#605),#606,.F.);
#202=ADVANCED_FACE('NONE',(#607),#608,.T.);
#203=ADVANCED_FACE('NONE',(#609),#610,.T.);
#204=ADVANCED_FACE('NONE',(#611),#612,.T.);
#205=ADVANCED_FACE('NONE',(#613),#614,.F.);
#206=ADVANCED_FACE('NONE',(#615),#616,.F.);
#207=ADVANCED_FACE('NONE',(#617),#618,.F.);
#208=ADVANCED_FACE('NONE',(#619),#620,.F.);
#209=ADVANCED_FACE('NONE',(#621),#622,.F.);
#210=ADVANCED_FACE('NONE',(#623),#624,.F.);
#211=ADVANCED_FACE('NONE',(#625),#626,.F.);
#212=ADVANCED_FACE('NONE',(#627),#628,.F.);
#213=ADVANCED_FACE('NONE',(#629,#630),#631,.F.);
#214=ADVANCED_FACE('NONE',(#632),#633,.F.);
#215=ADVANCED_FACE('NONE',(#634),#635,.T.);
#216=ADVANCED_FACE('NONE',(#636),#637,.F.);
#217=ADVANCED_FACE('NONE',(#638),#639,.F.);
#218=ADVANCED_FACE('NONE',(#640),#641,.F.);
#219=ADVANCED_FACE('NONE',(#642),#643,.T.);
#220=ADVANCED_FACE('NONE',(#644),#645,.F.);
#221=ADVANCED_FACE('NONE',(#646),#647,.F.);
#222=ADVANCED_FACE('NONE',(#648),#649,.F.);
#223=ADVANCED_FACE('NONE',(#650),#651,.F.);
#224=ADVANCED_FACE('NONE',(#652),#653,.F.);
#225=ADVANCED_FACE('NONE',(#654),#655,.F.);
#226=ADVANCED_FACE('NONE',(#656),#657,.T.);
#227=ADVANCED_FACE('NONE',(#658),#659,.F.);
#228=ADVANCED_FACE('NONE',(#660),#661,.T.);
#229=ADVANCED_FACE('NONE',(#662),#663,.F.);
#230=ADVANCED_FACE('NONE',(#664),#665,.F.);
#231=ADVANCED_FACE('NONE',(#666),#667,.F.);
#232=ADVANCED_FACE('NONE',(#668),#669,.F.);
#233=ADVANCED_FACE('NONE',(#670),#671,.F.);
#234=ADVANCED_FACE('NONE',(#672,#673),#674,.T.);
#235=ADVANCED_FACE('NONE',(#675),#676,.F.);
#236=SURFACE_SIDE_STYLE('',(#677));
#237=ADVANCED_FACE('NONE',(#678),#679,.T.);
#238=ADVANCED_FACE('NONE',(#680),#681,.T.);
#239=ADVANCED_FACE('NONE',(#682),#683,.T.);
#240=ADVANCED_FACE('NONE',(#684),#685,.T.);
#241=ADVANCED_FACE('NONE',(#686),#687,.F.);
#242=ADVANCED_FACE('NONE',(#688),#689,.T.);
#243=SURFACE_SIDE_STYLE('',(#690));
#244=ADVANCED_FACE('NONE',(#691),#692,.T.);
#245=ADVANCED_FACE('NONE',(#693),#694,.F.);
#246=ADVANCED_FACE('NONE',(#695),#696,.F.);
#247=ADVANCED_FACE('NONE',(#697),#698,.F.);
#248=ADVANCED_FACE('NONE',(#699),#700,.T.);
#249=ADVANCED_FACE('NONE',(#701),#702,.T.);
#250=ADVANCED_FACE('NONE',(#703),#704,.F.);
#251=ADVANCED_FACE('NONE',(#705),#706,.T.);
#252=ADVANCED_FACE('NONE',(#707),#708,.T.);
#253=ADVANCED_FACE('NONE',(#709),#710,.F.);
#254=ADVANCED_FACE('NONE',(#711),#712,.F.);
#255=ADVANCED_FACE('NONE',(#713),#714,.F.);
#256=ADVANCED_FACE('NONE',(#715),#716,.T.);
#257=ADVANCED_FACE('NONE',(#717),#718,.F.);
#258=ADVANCED_FACE('NONE',(#719),#720,.F.);
#259=ADVANCED_FACE('NONE',(#721),#722,.T.);
#260=SURFACE_SIDE_STYLE('',(#723));
#261=ADVANCED_FACE('NONE',(#724),#725,.F.);
#262=ADVANCED_FACE('NONE',(#726),#727,.T.);
#263=ADVANCED_FACE('NONE',(#728),#729,.F.);
#264=ADVANCED_FACE('NONE',(#730),#731,.F.);
#265=ADVANCED_FACE('NONE',(#732),#733,.F.);
#266=ADVANCED_FACE('NONE',(#734),#735,.T.);
#267=ADVANCED_FACE('NONE',(#736),#737,.F.);
#268=ADVANCED_FACE('NONE',(#738),#739,.T.);
#269=ADVANCED_FACE('NONE',(#740),#741,.F.);
#270=ADVANCED_FACE('NONE',(#742),#743,.F.);
#271=ADVANCED_FACE('NONE',(#744),#745,.F.);
#272=ADVANCED_FACE('NONE',(#746),#747,.F.);
#273=ADVANCED_FACE('NONE',(#748),#749,.F.);
#274=ADVANCED_FACE('NONE',(#750),#751,.T.);
#275=ADVANCED_FACE('NONE',(#752),#753,.F.);
#276=ADVANCED_FACE('NONE',(#754),#755,.T.);
#277=ADVANCED_FACE('NONE',(#756),#757,.F.);
#278=ADVANCED_FACE('NONE',(#758),#759,.F.);
#279=ADVANCED_FACE('NONE',(#760),#761,.F.);
#280=ADVANCED_FACE('NONE',(#762),#763,.F.);
#281=ADVANCED_FACE('NONE',(#764),#765,.F.);
#282=ADVANCED_FACE('NONE',(#766),#767,.F.);
#283=ADVANCED_FACE('NONE',(#768),#769,.F.);
#284=ADVANCED_FACE('NONE',(#770),#771,.T.);
#285=ADVANCED_FACE('NONE',(#772),#773,.T.);
#286=ADVANCED_FACE('NONE',(#774),#775,.T.);
#287=ADVANCED_FACE('NONE',(#776),#777,.F.);
#288=ADVANCED_FACE('NONE',(#778),#779,.T.);
#289=ADVANCED_FACE('NONE',(#780),#781,.F.);
#290=ADVANCED_FACE('NONE',(#782),#783,.T.);
#291=ADVANCED_FACE('NONE',(#784),#785,.F.);
#292=ADVANCED_FACE('NONE',(#786),#787,.F.);
#293=ADVANCED_FACE('NONE',(#788),#789,.T.);
#294=ADVANCED_FACE('NONE',(#790),#791,.T.);
#295=SURFACE_SIDE_STYLE('',(#792));
#296=ADVANCED_FACE('NONE',(#793),#794,.F.);
#297=ADVANCED_FACE('NONE',(#795),#796,.F.);
#298=ADVANCED_FACE('NONE',(#797),#798,.T.);
#299=ADVANCED_FACE('NONE',(#799),#800,.T.);
#300=ADVANCED_FACE('NONE',(#801),#802,.F.);
#301=ADVANCED_FACE('NONE',(#803,#804,#805,#806,#807),#808,.T.);
#302=ADVANCED_FACE('NONE',(#809,#810),#811,.T.);
#303=ADVANCED_FACE('NONE',(#812),#813,.T.);
#304=ADVANCED_FACE('NONE',(#814),#815,.T.);
#305=ADVANCED_FACE('NONE',(#816),#817,.T.);
#306=ADVANCED_FACE('NONE',(#818),#819,.T.);
#307=ADVANCED_FACE('NONE',(#820),#821,.T.);
#308=ADVANCED_FACE('NONE',(#822),#823,.T.);
#309=ADVANCED_FACE('NONE',(#824),#825,.T.);
#310=ADVANCED_FACE('NONE',(#826),#827,.T.);
#311=ADVANCED_FACE('NONE',(#828),#829,.F.);
#312=ADVANCED_FACE('NONE',(#830),#831,.F.);
#313=ADVANCED_FACE('NONE',(#832),#833,.F.);
#314=ADVANCED_FACE('NONE',(#834),#835,.F.);
#315=ADVANCED_FACE('NONE',(#836),#837,.T.);
#316=ADVANCED_FACE('NONE',(#838),#839,.T.);
#317=ADVANCED_FACE('NONE',(#840),#841,.T.);
#318=ADVANCED_FACE('NONE',(#842),#843,.T.);
#319=ADVANCED_FACE('NONE',(#844),#845,.F.);
#320=ADVANCED_FACE('NONE',(#846),#847,.F.);
#321=ADVANCED_FACE('NONE',(#848),#849,.F.);
#322=ADVANCED_FACE('NONE',(#850),#851,.F.);
#323=ADVANCED_FACE('NONE',(#852),#853,.F.);
#324=ADVANCED_FACE('NONE',(#854),#855,.F.);
#325=ADVANCED_FACE('NONE',(#856),#857,.T.);
#326=ADVANCED_FACE('NONE',(#858),#859,.F.);
#327=ADVANCED_FACE('NONE',(#860),#861,.T.);
#328=ADVANCED_FACE('NONE',(#862),#863,.T.);
#329=ADVANCED_FACE('NONE',(#864),#865,.T.);
#330=ADVANCED_FACE('NONE',(#866),#867,.T.);
#331=ADVANCED_FACE('NONE',(#868),#869,.T.);
#332=ADVANCED_FACE('NONE',(#870,#871,#872),#873,.F.);
#333=ADVANCED_FACE('NONE',(#874),#875,.T.);
#334=ADVANCED_FACE('NONE',(#876),#877,.T.);
#335=ADVANCED_FACE('NONE',(#878),#879,.T.);
#336=ADVANCED_FACE('NONE',(#880),#881,.T.);
#337=ADVANCED_FACE('NONE',(#882),#883,.F.);
#338=ADVANCED_FACE('NONE',(#884),#885,.F.);
#339=ADVANCED_FACE('NONE',(#886),#887,.T.);
#340=ADVANCED_FACE('NONE',(#888),#889,.T.);
#341=ADVANCED_FACE('NONE',(#890),#891,.T.);
#342=SURFACE_SIDE_STYLE('',(#892));
#343=ADVANCED_FACE('NONE',(#893),#894,.T.);
#344=ADVANCED_FACE('NONE',(#895),#896,.T.);
#345=ADVANCED_FACE('NONE',(#897),#898,.F.);
#346=ADVANCED_FACE('NONE',(#899),#900,.F.);
#347=ADVANCED_FACE('NONE',(#901),#902,.F.);
#348=ADVANCED_FACE('NONE',(#903),#904,.T.);
#349=ADVANCED_FACE('NONE',(#905),#906,.F.);
#350=ADVANCED_FACE('NONE',(#907),#908,.T.);
#351=ADVANCED_FACE('NONE',(#909),#910,.F.);
#352=ADVANCED_FACE('NONE',(#911),#912,.F.);
#353=ADVANCED_FACE('NONE',(#913,#914),#915,.T.);
#354=ADVANCED_FACE('NONE',(#916),#917,.T.);
#355=ADVANCED_FACE('NONE',(#918),#919,.F.);
#356=ADVANCED_FACE('NONE',(#920,#921),#922,.F.);
#357=ADVANCED_FACE('NONE',(#923),#924,.T.);
#358=ADVANCED_FACE('NONE',(#925),#926,.F.);
#359=ADVANCED_FACE('NONE',(#927),#928,.T.);
#360=ADVANCED_FACE('NONE',(#929),#930,.T.);
#361=ADVANCED_FACE('NONE',(#931),#932,.F.);
#362=ADVANCED_FACE('NONE',(#933),#934,.F.);
#363=ADVANCED_FACE('NONE',(#935),#936,.T.);
#364=ADVANCED_FACE('NONE',(#937),#938,.F.);
#365=ADVANCED_FACE('NONE',(#939),#940,.T.);
#366=ADVANCED_FACE('NONE',(#941),#942,.F.);
#367=ADVANCED_FACE('NONE',(#943),#944,.T.);
#368=ADVANCED_FACE('NONE',(#945),#946,.F.);
#369=ADVANCED_FACE('NONE',(#947),#948,.F.);
#370=ADVANCED_FACE('NONE',(#949),#950,.F.);
#371=ADVANCED_FACE('NONE',(#951),#952,.F.);
#372=ADVANCED_FACE('NONE',(#953),#954,.F.);
#373=ADVANCED_FACE('NONE',(#955),#956,.F.);
#374=ADVANCED_FACE('NONE',(#957),#958,.T.);
#375=ADVANCED_FACE('NONE',(#959),#960,.T.);
#376=ADVANCED_FACE('NONE',(#961),#962,.F.);
#377=ADVANCED_FACE('NONE',(#963),#964,.T.);
#378=SURFACE_SIDE_STYLE('',(#965));
#379=ADVANCED_FACE('NONE',(#966),#967,.T.);
#380=ADVANCED_FACE('NONE',(#968),#969,.T.);
#381=ADVANCED_FACE('NONE',(#970),#971,.F.);
#382=ADVANCED_FACE('NONE',(#972),#973,.F.);
#383=ADVANCED_FACE('NONE',(#974),#975,.T.);
#384=ADVANCED_FACE('NONE',(#976,#977,#978),#979,.T.);
#385=ADVANCED_FACE('NONE',(#980,#981,#982),#983,.F.);
#386=ADVANCED_FACE('NONE',(#984),#985,.F.);
#387=ADVANCED_FACE('NONE',(#986),#987,.F.);
#388=ADVANCED_FACE('NONE',(#988),#989,.F.);
#389=ADVANCED_FACE('NONE',(#990),#991,.F.);
#390=ADVANCED_FACE('NONE',(#992),#993,.F.);
#391=ADVANCED_FACE('NONE',(#994),#995,.T.);
#392=ADVANCED_FACE('NONE',(#996),#997,.F.);
#393=ADVANCED_FACE('NONE',(#998),#999,.T.);
#394=ADVANCED_FACE('NONE',(#1000),#1001,.F.);
#395=ADVANCED_FACE('NONE',(#1002),#1003,.T.);
#396=ADVANCED_FACE('NONE',(#1004),#1005,.T.);
#397=ADVANCED_FACE('NONE',(#1006),#1007,.F.);
#398=ADVANCED_FACE('NONE',(#1008),#1009,.F.);
#399=ADVANCED_FACE('NONE',(#1010),#1011,.T.);
#400=ADVANCED_FACE('NONE',(#1012),#1013,.T.);
#401=ADVANCED_FACE('NONE',(#1014),#1015,.F.);
#402=ADVANCED_FACE('NONE',(#1016),#1017,.F.);
#403=ADVANCED_FACE('NONE',(#1018),#1019,.F.);
#404=ADVANCED_FACE('NONE',(#1020),#1021,.T.);
#405=ADVANCED_FACE('NONE',(#1022),#1023,.T.);
#406=ADVANCED_FACE('NONE',(#1024),#1025,.F.);
#407=ADVANCED_FACE('NONE',(#1026),#1027,.F.);
#408=ADVANCED_FACE('NONE',(#1028),#1029,.F.);
#409=ADVANCED_FACE('NONE',(#1030),#1031,.F.);
#410=ADVANCED_FACE('NONE',(#1032),#1033,.F.);
#411=ADVANCED_FACE('NONE',(#1034),#1035,.T.);
#412=ADVANCED_FACE('NONE',(#1036),#1037,.T.);
#413=ADVANCED_FACE('NONE',(#1038),#1039,.F.);
#414=ADVANCED_FACE('NONE',(#1040),#1041,.T.);
#415=ADVANCED_FACE('NONE',(#1042),#1043,.T.);
#416=ADVANCED_FACE('NONE',(#1044),#1045,.F.);
#417=ADVANCED_FACE('NONE',(#1046),#1047,.T.);
#418=ADVANCED_FACE('NONE',(#1048),#1049,.T.);
#419=ADVANCED_FACE('NONE',(#1050),#1051,.T.);
#420=ADVANCED_FACE('NONE',(#1052),#1053,.T.);
#421=ADVANCED_FACE('NONE',(#1054),#1055,.F.);
#422=ADVANCED_FACE('NONE',(#1056),#1057,.F.);
#423=SURFACE_SIDE_STYLE('',(#1058));
#424=ADVANCED_FACE('NONE',(#1059),#1060,.F.);
#425=ADVANCED_FACE('NONE',(#1061),#1062,.T.);
#426=ADVANCED_FACE('NONE',(#1063),#1064,.T.);
#427=ADVANCED_FACE('NONE',(#1065),#1066,.T.);
#428=ADVANCED_FACE('NONE',(#1067),#1068,.T.);
#429=ADVANCED_FACE('NONE',(#1069),#1070,.F.);
#430=ADVANCED_FACE('NONE',(#1071),#1072,.F.);
#431=ADVANCED_FACE('NONE',(#1073),#1074,.F.);
#432=ADVANCED_FACE('NONE',(#1075),#1076,.T.);
#433=ADVANCED_FACE('NONE',(#1077,#1078),#1079,.F.);
#434=ADVANCED_FACE('NONE',(#1080),#1081,.T.);
#435=ADVANCED_FACE('NONE',(#1082),#1083,.T.);
#436=ADVANCED_FACE('NONE',(#1084),#1085,.T.);
#437=ADVANCED_FACE('NONE',(#1086),#1087,.T.);
#438=ADVANCED_FACE('NONE',(#1088),#1089,.T.);
#439=ADVANCED_FACE('NONE',(#1090,#1091),#1092,.F.);
#440=ADVANCED_FACE('NONE',(#1093),#1094,.T.);
#441=ADVANCED_FACE('NONE',(#1095,#1096),#1097,.F.);
#442=ADVANCED_FACE('NONE',(#1098),#1099,.T.);
#443=ADVANCED_FACE('NONE',(#1100),#1101,.T.);
#444=ADVANCED_FACE('NONE',(#1102),#1103,.T.);
#445=ADVANCED_FACE('NONE',(#1104),#1105,.T.);
#446=ADVANCED_FACE('NONE',(#1106),#1107,.T.);
#447=ADVANCED_FACE('NONE',(#1108),#1109,.F.);
#448=ADVANCED_FACE('NONE',(#1110),#1111,.F.);
#450=SURFACE_STYLE_FILL_AREA(#1112);
#451=FACE_OUTER_BOUND('',#1113,.T.);
#452=CYLINDRICAL_SURFACE('',#1114,3.0);
#453=FACE_OUTER_BOUND('',#1115,.T.);
#454=CYLINDRICAL_SURFACE('',#1116,1.25);
#455=FACE_OUTER_BOUND('',#1117,.T.);
#456=CYLINDRICAL_SURFACE('',#1118,1.1);
#457=FACE_OUTER_BOUND('',#1119,.T.);
#458=CYLINDRICAL_SURFACE('',#1120,1.525);
#459=FACE_OUTER_BOUND('',#1121,.T.);
#460=CYLINDRICAL_SURFACE('',#1122,0.7);
#461=FACE_OUTER_BOUND('',#1123,.T.);
#462=CYLINDRICAL_SURFACE('',#1124,3.2);
#463=FACE_OUTER_BOUND('',#1125,.T.);
#464=CONICAL_SURFACE('',#1126,1.325,0.785398163397447);
#465=FACE_OUTER_BOUND('',#1127,.T.);
#466=CONICAL_SURFACE('',#1128,0.35,0.463647609000806);
#467=FACE_OUTER_BOUND('',#1129,.T.);
#468=CYLINDRICAL_SURFACE('',#1130,1.75);
#469=FACE_OUTER_BOUND('',#1131,.T.);
#470=CYLINDRICAL_SURFACE('',#1132,1.05);
#471=FACE_OUTER_BOUND('',#1133,.T.);
#472=CYLINDRICAL_SURFACE('',#1134,1.25);
#473=FACE_OUTER_BOUND('',#1135,.T.);
#474=FACE_BOUND('',#1136,.T.);
#475=FACE_BOUND('',#1137,.T.);
#476=PLANE('',#1138);
#477=FACE_OUTER_BOUND('',#1139,.T.);
#478=PLANE('',#1140);
#479=FACE_OUTER_BOUND('',#1141,.T.);
#480=CYLINDRICAL_SURFACE('',#1142,1.1);
#481=FACE_OUTER_BOUND('',#1143,.T.);
#482=CYLINDRICAL_SURFACE('',#1144,0.8);
#483=FACE_OUTER_BOUND('',#1145,.T.);
#484=CYLINDRICAL_SURFACE('',#1146,0.5);
#485=FACE_OUTER_BOUND('',#1147,.T.);
#486=FACE_BOUND('',#1148,.T.);
#487=PLANE('',#1149);
#488=FACE_OUTER_BOUND('',#1150,.T.);
#489=CYLINDRICAL_SURFACE('',#1151,0.5);
#490=FACE_OUTER_BOUND('',#1152,.T.);
#491=FACE_BOUND('',#1153,.T.);
#492=PLANE('',#1154);
#493=FACE_OUTER_BOUND('',#1155,.T.);
#494=(B_SPLINE_SURFACE(3,2,((#1157,#1158,#1159),(#1160,#1161,#1162),(#1163,#1164,#1165),(#1166,#1167,#1168),(#1169,#1170,#1171),(#1172,#1173,#1174),(#1175,#1176,#1177),(#1178,#1179,#1180),(#1181,#1182,#1183),(#1184,#1185,#1186),(#1187,#1188,#1189),(#1190,#1191,#1192),(#1193,#1194,#1195),(#1196,#1197,#1198),(#1199,#1200,#1201),(#1202,#1203,#1204),(#1205,#1206,#1207),(#1208,#1209,#1210)),.UNSPECIFIED.,.F.,.F.,.F.)B_SPLINE_SURFACE_WITH_KNOTS((4,2,2,2,2,2,2,2,4),(3,3),(1.5707963267949,1.96349540849362,2.15984494934298,2.35619449019234,2.55254403104171,2.74889357189107,2.94524311274043,3.04341788316511,3.14159265358979),(0.0,1.0),.UNSPECIFIED.)RATIONAL_B_SPLINE_SURFACE(((1.0,1.0,1.0),(1.0,1.00015863059426,1.0),(1.0,0.986729122915127,1.0),(1.0,0.950674068364171,1.0),(1.0,0.936042128540628,1.0),(1.0,0.903165155145768,1.0),(1.0,0.884919061634681,1.0),(1.0,0.847131745934195,1.0),(1.0,0.827594150539986,1.0),(1.0,0.790218127703355,1.0),(1.0,0.772396684492825,1.0),(1.0,0.741833555204381,1.0),(1.0,0.729128792213451,1.0),(1.0,0.716091776300762,1.0),(1.0,0.712741779211671,1.0),(1.0,0.708248973607211,1.0),(1.0,0.707104415645585,1.0),(1.0,0.707106781186548,1.0)))BOUNDED_SURFACE()REPRESENTATION_ITEM('')GEOMETRIC_REPRESENTATION_ITEM()SURFACE());
#495=FACE_OUTER_BOUND('',#1217,.T.);
#496=FACE_BOUND('',#1218,.T.);
#497=PLANE('',#1219);
#498=FACE_OUTER_BOUND('',#1220,.T.);
#499=(B_SPLINE_SURFACE(3,2,((#1222,#1223,#1224),(#1225,#1226,#1227),(#1228,#1229,#1230),(#1231,#1232,#1233),(#1234,#1235,#1236),(#1237,#1238,#1239),(#1240,#1241,#1242),(#1243,#1244,#1245),(#1246,#1247,#1248),(#1249,#1250,#1251),(#1252,#1253,#1254),(#1255,#1256,#1257),(#1258,#1259,#1260),(#1261,#1262,#1263),(#1264,#1265,#1266),(#1267,#1268,#1269),(#1270,#1271,#1272),(#1273,#1274,#1275)),.UNSPECIFIED.,.F.,.F.,.F.)B_SPLINE_SURFACE_WITH_KNOTS((4,2,2,2,2,2,2,2,4),(3,3),(1.5707963267949,1.96349540849362,2.15984494934298,2.35619449019234,2.55254403104171,2.74889357189107,2.94524311274043,3.04341788316511,3.14159265358979),(0.0,1.0),.UNSPECIFIED.)RATIONAL_B_SPLINE_SURFACE(((1.0,1.0,1.0),(1.0,1.00015863059426,1.0),(1.0,0.986729122915124,1.0),(1.0,0.950674068364172,1.0),(1.0,0.936042128540625,1.0),(1.0,0.90316515514577,1.0),(1.0,0.884919061634684,1.0),(1.0,0.847131745934193,1.0),(1.0,0.827594150539992,1.0),(1.0,0.790218127703349,1.0),(1.0,0.772396684492823,1.0),(1.0,0.741833555204384,1.0),(1.0,0.729128792213446,1.0),(1.0,0.716091776300765,1.0),(1.0,0.712741779211665,1.0),(1.0,0.708248973607217,1.0),(1.0,0.70710441564558,1.0),(1.0,0.707106781186548,1.0)))BOUNDED_SURFACE()REPRESENTATION_ITEM('')GEOMETRIC_REPRESENTATION_ITEM()SURFACE());
#500=FACE_OUTER_BOUND('',#1282,.T.);
#501=PLANE('',#1283);
#502=FACE_OUTER_BOUND('',#1284,.T.);
#503=CYLINDRICAL_SURFACE('',#1285,1.525);
#504=FACE_OUTER_BOUND('',#1286,.T.);
#505=PLANE('',#1287);
#506=FACE_OUTER_BOUND('',#1288,.T.);
#507=PLANE('',#1289);
#508=FACE_OUTER_BOUND('',#1290,.T.);
#509=PLANE('',#1291);
#510=FACE_OUTER_BOUND('',#1292,.T.);
#511=PLANE('',#1293);
#512=FACE_OUTER_BOUND('',#1294,.T.);
#513=PLANE('',#1295);
#514=FACE_OUTER_BOUND('',#1296,.T.);
#515=FACE_BOUND('',#1297,.T.);
#516=FACE_BOUND('',#1298,.T.);
#517=PLANE('',#1299);
#518=FACE_OUTER_BOUND('',#1300,.T.);
#519=CYLINDRICAL_SURFACE('',#1301,3.95);
#520=FACE_OUTER_BOUND('',#1302,.T.);
#521=PLANE('',#1303);
#522=FACE_OUTER_BOUND('',#1304,.T.);
#523=PLANE('',#1305);
#524=FACE_OUTER_BOUND('',#1306,.T.);
#525=CYLINDRICAL_SURFACE('',#1307,0.7);
#526=FACE_OUTER_BOUND('',#1308,.T.);
#527=CYLINDRICAL_SURFACE('',#1309,3.2);
#528=FACE_OUTER_BOUND('',#1310,.T.);
#529=CYLINDRICAL_SURFACE('',#1311,0.8);
#530=FACE_OUTER_BOUND('',#1312,.T.);
#531=CYLINDRICAL_SURFACE('',#1313,0.8);
#532=FACE_OUTER_BOUND('',#1314,.T.);
#533=CYLINDRICAL_SURFACE('',#1315,0.8);
#534=FACE_OUTER_BOUND('',#1316,.T.);
#535=PLANE('',#1317);
#536=FACE_OUTER_BOUND('',#1318,.T.);
#537=CYLINDRICAL_SURFACE('',#1319,0.5);
#538=FACE_OUTER_BOUND('',#1320,.T.);
#539=PLANE('',#1321);
#540=FACE_OUTER_BOUND('',#1322,.T.);
#541=PLANE('',#1323);
#542=FACE_OUTER_BOUND('',#1324,.T.);
#543=PLANE('',#1325);
#544=FACE_OUTER_BOUND('',#1326,.T.);
#545=PLANE('',#1327);
#546=FACE_OUTER_BOUND('',#1328,.T.);
#547=PLANE('',#1329);
#548=FACE_OUTER_BOUND('',#1330,.T.);
#549=CONICAL_SURFACE('',#1331,1.325,0.785398163397447);
#550=FACE_OUTER_BOUND('',#1332,.T.);
#551=PLANE('',#1333);
#552=FACE_OUTER_BOUND('',#1334,.T.);
#553=PLANE('',#1335);
#554=FACE_OUTER_BOUND('',#1336,.T.);
#555=PLANE('',#1337);
#556=FACE_OUTER_BOUND('',#1338,.T.);
#557=PLANE('',#1339);
#558=FACE_OUTER_BOUND('',#1340,.T.);
#559=PLANE('',#1341);
#560=FACE_OUTER_BOUND('',#1342,.T.);
#561=CYLINDRICAL_SURFACE('',#1343,0.2);
#562=FACE_OUTER_BOUND('',#1344,.T.);
#563=PLANE('',#1345);
#564=FACE_OUTER_BOUND('',#1346,.T.);
#565=PLANE('',#1347);
#566=FACE_OUTER_BOUND('',#1348,.T.);
#567=PLANE('',#1349);
#568=FACE_OUTER_BOUND('',#1350,.T.);
#569=PLANE('',#1351);
#570=FACE_OUTER_BOUND('',#1352,.T.);
#571=PLANE('',#1353);
#572=FACE_OUTER_BOUND('',#1354,.T.);
#573=CYLINDRICAL_SURFACE('',#1355,0.2);
#574=FACE_OUTER_BOUND('',#1356,.T.);
#575=PLANE('',#1357);
#576=FACE_OUTER_BOUND('',#1358,.T.);
#577=PLANE('',#1359);
#578=FACE_OUTER_BOUND('',#1360,.T.);
#579=PLANE('',#1361);
#580=FACE_OUTER_BOUND('',#1362,.T.);
#581=CYLINDRICAL_SURFACE('',#1363,0.5);
#582=FACE_OUTER_BOUND('',#1364,.T.);
#583=PLANE('',#1365);
#584=FACE_OUTER_BOUND('',#1366,.T.);
#585=PLANE('',#1367);
#586=FACE_OUTER_BOUND('',#1368,.T.);
#587=CYLINDRICAL_SURFACE('',#1369,3.0);
#588=FACE_OUTER_BOUND('',#1370,.T.);
#589=PLANE('',#1371);
#590=FACE_OUTER_BOUND('',#1372,.T.);
#591=PLANE('',#1373);
#592=FACE_OUTER_BOUND('',#1374,.T.);
#593=PLANE('',#1375);
#594=FACE_OUTER_BOUND('',#1376,.T.);
#595=PLANE('',#1377);
#596=FACE_OUTER_BOUND('',#1378,.T.);
#597=PLANE('',#1379);
#598=FACE_OUTER_BOUND('',#1380,.T.);
#599=FACE_BOUND('',#1381,.T.);
#600=PLANE('',#1382);
#601=FACE_OUTER_BOUND('',#1383,.T.);
#602=CONICAL_SURFACE('',#1384,0.35,0.463647609000806);
#603=FACE_OUTER_BOUND('',#1385,.T.);
#604=PLANE('',#1386);
#605=FACE_OUTER_BOUND('',#1387,.T.);
#606=PLANE('',#1388);
#607=FACE_OUTER_BOUND('',#1389,.T.);
#608=(B_SPLINE_SURFACE(3,2,((#1391,#1392,#1393),(#1394,#1395,#1396),(#1397,#1398,#1399),(#1400,#1401,#1402),(#1403,#1404,#1405),(#1406,#1407,#1408),(#1409,#1410,#1411),(#1412,#1413,#1414),(#1415,#1416,#1417),(#1418,#1419,#1420),(#1421,#1422,#1423),(#1424,#1425,#1426),(#1427,#1428,#1429),(#1430,#1431,#1432),(#1433,#1434,#1435),(#1436,#1437,#1438),(#1439,#1440,#1441),(#1442,#1443,#1444)),.UNSPECIFIED.,.F.,.F.,.F.)B_SPLINE_SURFACE_WITH_KNOTS((4,2,2,2,2,2,2,2,4),(3,3),(1.5707963267949,1.96349540849362,2.15984494934298,2.35619449019234,2.55254403104171,2.74889357189107,2.94524311274043,3.04341788316511,3.14159265358979),(0.0,1.0),.UNSPECIFIED.)RATIONAL_B_SPLINE_SURFACE(((1.0,1.0,1.0),(1.0,1.00015863059426,1.0),(1.0,0.986729122915127,1.0),(1.0,0.950674068364171,1.0),(1.0,0.936042128540626,1.0),(1.0,0.903165155145771,1.0),(1.0,0.884919061634681,1.0),(1.0,0.847131745934195,1.0),(1.0,0.82759415053999,1.0),(1.0,0.790218127703352,1.0),(1.0,0.772396684492829,1.0),(1.0,0.741833555204376,1.0),(1.0,0.729128792213446,1.0),(1.0,0.716091776300764,1.0),(1.0,0.712741779211665,1.0),(1.0,0.708248973607217,1.0),(1.0,0.70710441564558,1.0),(1.0,0.707106781186548,1.0)))BOUNDED_SURFACE()REPRESENTATION_ITEM('')GEOMETRIC_REPRESENTATION_ITEM()SURFACE());
#609=FACE_OUTER_BOUND('',#1451,.T.);
#610=(B_SPLINE_SURFACE(3,2,((#1453,#1454,#1455),(#1456,#1457,#1458),(#1459,#1460,#1461),(#1462,#1463,#1464),(#1465,#1466,#1467),(#1468,#1469,#1470),(#1471,#1472,#1473),(#1474,#1475,#1476),(#1477,#1478,#1479),(#1480,#1481,#1482),(#1483,#1484,#1485),(#1486,#1487,#1488),(#1489,#1490,#1491),(#1492,#1493,#1494),(#1495,#1496,#1497),(#1498,#1499,#1500),(#1501,#1502,#1503),(#1504,#1505,#1506)),.UNSPECIFIED.,.F.,.F.,.F.)B_SPLINE_SURFACE_WITH_KNOTS((4,2,2,2,2,2,2,2,4),(3,3),(1.5707963267949,1.96349540849362,2.15984494934298,2.35619449019234,2.55254403104171,2.74889357189107,2.94524311274043,3.04341788316511,3.14159265358979),(0.0,1.0),.UNSPECIFIED.)RATIONAL_B_SPLINE_SURFACE(((1.0,1.0,1.0),(1.0,1.00015863059426,1.0),(1.0,0.986729122915127,1.0),(1.0,0.950674068364171,1.0),(1.0,0.936042128540627,1.0),(1.0,0.903165155145769,1.0),(1.0,0.884919061634683,1.0),(1.0,0.847131745934194,1.0),(1.0,0.827594150539992,1.0),(1.0,0.790218127703349,1.0),(1.0,0.772396684492819,1.0),(1.0,0.741833555204387,1.0),(1.0,0.729128792213452,1.0),(1.0,0.716091776300763,1.0),(1.0,0.712741779211669,1.0),(1.0,0.708248973607213,1.0),(1.0,0.707104415645582,1.0),(1.0,0.707106781186549,1.0)))BOUNDED_SURFACE()REPRESENTATION_ITEM('')GEOMETRIC_REPRESENTATION_ITEM()SURFACE());
#611=FACE_OUTER_BOUND('',#1513,.T.);
#612=PLANE('',#1514);
#613=FACE_OUTER_BOUND('',#1515,.T.);
#614=PLANE('',#1516);
#615=FACE_OUTER_BOUND('',#1517,.T.);
#616=PLANE('',#1518);
#617=FACE_OUTER_BOUND('',#1519,.T.);
#618=PLANE('',#1520);
#619=FACE_OUTER_BOUND('',#1521,.T.);
#620=PLANE('',#1522);
#621=FACE_OUTER_BOUND('',#1523,.T.);
#622=PLANE('',#1524);
#623=FACE_OUTER_BOUND('',#1525,.T.);
#624=PLANE('',#1526);
#625=FACE_OUTER_BOUND('',#1527,.T.);
#626=PLANE('',#1528);
#627=FACE_OUTER_BOUND('',#1529,.T.);
#628=PLANE('',#1530);
#629=FACE_OUTER_BOUND('',#1531,.T.);
#630=FACE_BOUND('',#1532,.T.);
#631=PLANE('',#1533);
#632=FACE_OUTER_BOUND('',#1534,.T.);
#633=PLANE('',#1535);
#634=FACE_OUTER_BOUND('',#1536,.T.);
#635=PLANE('',#1537);
#636=FACE_OUTER_BOUND('',#1538,.T.);
#637=PLANE('',#1539);
#638=FACE_OUTER_BOUND('',#1540,.T.);
#639=PLANE('',#1541);
#640=FACE_OUTER_BOUND('',#1542,.T.);
#641=PLANE('',#1543);
#642=FACE_OUTER_BOUND('',#1544,.T.);
#643=PLANE('',#1545);
#644=FACE_OUTER_BOUND('',#1546,.T.);
#645=PLANE('',#1547);
#646=FACE_OUTER_BOUND('',#1548,.T.);
#647=PLANE('',#1549);
#648=FACE_OUTER_BOUND('',#1550,.T.);
#649=PLANE('',#1551);
#650=FACE_OUTER_BOUND('',#1552,.T.);
#651=PLANE('',#1553);
#652=FACE_OUTER_BOUND('',#1554,.T.);
#653=PLANE('',#1555);
#654=FACE_OUTER_BOUND('',#1556,.T.);
#655=CYLINDRICAL_SURFACE('',#1557,1.75);
#656=FACE_OUTER_BOUND('',#1558,.T.);
#657=PLANE('',#1559);
#658=FACE_OUTER_BOUND('',#1560,.T.);
#659=PLANE('',#1561);
#660=FACE_OUTER_BOUND('',#1562,.T.);
#661=PLANE('',#1563);
#662=FACE_OUTER_BOUND('',#1564,.T.);
#663=PLANE('',#1565);
#664=FACE_OUTER_BOUND('',#1566,.T.);
#665=PLANE('',#1567);
#666=FACE_OUTER_BOUND('',#1568,.T.);
#667=CYLINDRICAL_SURFACE('',#1569,1.05);
#668=FACE_OUTER_BOUND('',#1570,.T.);
#669=PLANE('',#1571);
#670=FACE_OUTER_BOUND('',#1572,.T.);
#671=PLANE('',#1573);
#672=FACE_OUTER_BOUND('',#1574,.T.);
#673=FACE_BOUND('',#1575,.T.);
#674=PLANE('',#1576);
#675=FACE_OUTER_BOUND('',#1577,.T.);
#676=PLANE('',#1578);
#677=SURFACE_STYLE_FILL_AREA(#1579);
#678=FACE_OUTER_BOUND('',#1580,.T.);
#679=CYLINDRICAL_SURFACE('',#1581,0.8);
#680=FACE_OUTER_BOUND('',#1582,.T.);
#681=CONICAL_SURFACE('',#1583,0.449999999999999,0.463647609000808);
#682=FACE_OUTER_BOUND('',#1584,.T.);
#683=CYLINDRICAL_SURFACE('',#1585,0.8);
#684=FACE_OUTER_BOUND('',#1586,.T.);
#685=CONICAL_SURFACE('',#1587,0.449999999999999,0.463647609000808);
#686=FACE_OUTER_BOUND('',#1588,.T.);
#687=PLANE('',#1589);
#688=FACE_OUTER_BOUND('',#1590,.T.);
#689=PLANE('',#1591);
#690=SURFACE_STYLE_FILL_AREA(#1592);
#691=FACE_OUTER_BOUND('',#1593,.T.);
#692=PLANE('',#1594);
#693=FACE_OUTER_BOUND('',#1595,.T.);
#694=PLANE('',#1596);
#695=FACE_OUTER_BOUND('',#1597,.T.);
#696=PLANE('',#1598);
#697=FACE_OUTER_BOUND('',#1599,.T.);
#698=PLANE('',#1600);
#699=FACE_OUTER_BOUND('',#1601,.T.);
#700=CYLINDRICAL_SURFACE('',#1602,0.500000003);
#701=FACE_OUTER_BOUND('',#1603,.T.);
#702=CYLINDRICAL_SURFACE('',#1604,0.3);
#703=FACE_OUTER_BOUND('',#1605,.T.);
#704=PLANE('',#1606);
#705=FACE_OUTER_BOUND('',#1607,.T.);
#706=CYLINDRICAL_SURFACE('',#1608,0.3);
#707=FACE_OUTER_BOUND('',#1609,.T.);
#708=PLANE('',#1610);
#709=FACE_OUTER_BOUND('',#1611,.T.);
#710=PLANE('',#1612);
#711=FACE_OUTER_BOUND('',#1613,.T.);
#712=CYLINDRICAL_SURFACE('',#1614,0.200000003);
#713=FACE_OUTER_BOUND('',#1615,.T.);
#714=CYLINDRICAL_SURFACE('',#1616,0.200000004);
#715=FACE_OUTER_BOUND('',#1617,.T.);
#716=PLANE('',#1618);
#717=FACE_OUTER_BOUND('',#1619,.T.);
#718=PLANE('',#1620);
#719=FACE_OUTER_BOUND('',#1621,.T.);
#720=PLANE('',#1622);
#721=FACE_OUTER_BOUND('',#1623,.T.);
#722=CYLINDRICAL_SURFACE('',#1624,0.500000004000001);
#723=SURFACE_STYLE_FILL_AREA(#1625);
#724=FACE_OUTER_BOUND('',#1626,.T.);
#725=CYLINDRICAL_SURFACE('',#1627,0.700000007000001);
#726=FACE_OUTER_BOUND('',#1628,.T.);
#727=CYLINDRICAL_SURFACE('',#1629,1.000000007);
#728=FACE_OUTER_BOUND('',#1630,.T.);
#729=PLANE('',#1631);
#730=FACE_OUTER_BOUND('',#1632,.T.);
#731=PLANE('',#1633);
#732=FACE_OUTER_BOUND('',#1634,.T.);
#733=PLANE('',#1635);
#734=FACE_OUTER_BOUND('',#1636,.T.);
#735=CYLINDRICAL_SURFACE('',#1637,1.000000007);
#736=FACE_OUTER_BOUND('',#1638,.T.);
#737=PLANE('',#1639);
#738=FACE_OUTER_BOUND('',#1640,.T.);
#739=PLANE('',#1641);
#740=FACE_OUTER_BOUND('',#1642,.T.);
#741=PLANE('',#1643);
#742=FACE_OUTER_BOUND('',#1644,.T.);
#743=B_SPLINE_SURFACE_WITH_KNOTS('',1,3,((#1645,#1646,#1647,#1648,#1649,#1650,#1651,#1652,#1653,#1654),(#1655,#1656,#1657,#1658,#1659,#1660,#1661,#1662,#1663,#1664),(#1665,#1666,#1667,#1668,#1669,#1670,#1671,#1672,#1673,#1674),(#1675,#1676,#1677,#1678,#1679,#1680,#1681,#1682,#1683,#1684)),.UNSPECIFIED.,.F.,.F.,.F.,(2,1,1,2),(4,2,2,2,4),(-0.00776794428385153,0.0,1.0,1.003333345),(0.0,0.25,0.5,0.75,1.0),.UNSPECIFIED.);
#744=FACE_OUTER_BOUND('',#1685,.T.);
#745=B_SPLINE_SURFACE_WITH_KNOTS('',1,3,((#1686,#1687,#1688,#1689,#1690,#1691,#1692,#1693,#1694,#1695),(#1696,#1697,#1698,#1699,#1700,#1701,#1702,#1703,#1704,#1705),(#1706,#1707,#1708,#1709,#1710,#1711,#1712,#1713,#1714,#1715),(#1716,#1717,#1718,#1719,#1720,#1721,#1722,#1723,#1724,#1725)),.UNSPECIFIED.,.F.,.F.,.F.,(2,1,1,2),(4,2,2,2,4),(-0.00776794396399919,0.0,1.0,1.003333345),(0.0,0.25,0.5,0.75,1.0),.UNSPECIFIED.);
#746=FACE_OUTER_BOUND('',#1726,.T.);
#747=CYLINDRICAL_SURFACE('',#1727,0.700000007000001);
#748=FACE_OUTER_BOUND('',#1728,.T.);
#749=PLANE('',#1729);
#750=FACE_OUTER_BOUND('',#1730,.T.);
#751=CYLINDRICAL_SURFACE('',#1731,0.800000009);
#752=FACE_OUTER_BOUND('',#1732,.T.);
#753=PLANE('',#1733);
#754=FACE_OUTER_BOUND('',#1734,.T.);
#755=PLANE('',#1735);
#756=FACE_OUTER_BOUND('',#1736,.T.);
#757=B_SPLINE_SURFACE_WITH_KNOTS('',1,3,((#1737,#1738,#1739,#1740,#1741,#1742,#1743,#1744,#1745),(#1746,#1747,#1748,#1749,#1750,#1751,#1752,#1753,#1754),(#1755,#1756,#1757,#1758,#1759,#1760,#1761,#1762,#1763)),.UNSPECIFIED.,.F.,.F.,.F.,(2,1,2),(4,3,2,4),(-0.00333331861371977,0.0,1.0),(-0.000798948958044409,0.0,0.5,1.0),.UNSPECIFIED.);
#758=FACE_OUTER_BOUND('',#1764,.T.);
#759=PLANE('',#1765);
#760=FACE_OUTER_BOUND('',#1766,.T.);
#761=B_SPLINE_SURFACE_WITH_KNOTS('',1,3,((#1767,#1768,#1769,#1770,#1771,#1772,#1773,#1774,#1775,#1776,#1777,#1778),(#1779,#1780,#1781,#1782,#1783,#1784,#1785,#1786,#1787,#1788,#1789,#1790),(#1791,#1792,#1793,#1794,#1795,#1796,#1797,#1798,#1799,#1800,#1801,#1802)),.UNSPECIFIED.,.F.,.F.,.F.,(2,1,2),(4,3,2,3,4),(-0.000798949646336325,0.0,1.0),(-0.000798949950676112,0.0,0.5,1.0,1.00079895941462),.UNSPECIFIED.);
#762=FACE_OUTER_BOUND('',#1803,.T.);
#763=CYLINDRICAL_SURFACE('',#1804,0.500000009999999);
#764=FACE_OUTER_BOUND('',#1805,.T.);
#765=PLANE('',#1806);
#766=FACE_OUTER_BOUND('',#1807,.T.);
#767=CYLINDRICAL_SURFACE('',#1808,0.500000012);
#768=FACE_OUTER_BOUND('',#1809,.T.);
#769=PLANE('',#1810);
#770=FACE_OUTER_BOUND('',#1811,.T.);
#771=PLANE('',#1812);
#772=FACE_OUTER_BOUND('',#1813,.T.);
#773=B_SPLINE_SURFACE_WITH_KNOTS('',1,3,((#1814,#1815,#1816,#1817,#1818,#1819,#1820,#1821,#1822,#1823),(#1824,#1825,#1826,#1827,#1828,#1829,#1830,#1831,#1832,#1833),(#1834,#1835,#1836,#1837,#1838,#1839,#1840,#1841,#1842,#1843),(#1844,#1845,#1846,#1847,#1848,#1849,#1850,#1851,#1852,#1853)),.UNSPECIFIED.,.F.,.F.,.F.,(2,1,1,2),(4,3,3,4),(-0.00114024083560258,0.0,1.0,1.00071379010259),(-0.00114023938914738,0.0,1.0,1.00114023912202),.UNSPECIFIED.);
#774=FACE_OUTER_BOUND('',#1854,.T.);
#775=B_SPLINE_SURFACE_WITH_KNOTS('',1,3,((#1855,#1856,#1857,#1858,#1859,#1860,#1861,#1862,#1863,#1864),(#1865,#1866,#1867,#1868,#1869,#1870,#1871,#1872,#1873,#1874),(#1875,#1876,#1877,#1878,#1879,#1880,#1881,#1882,#1883,#1884)),.UNSPECIFIED.,.F.,.F.,.F.,(2,1,2),(4,3,3,4),(-0.00114024082073359,0.0,1.0),(-0.0011402390994896,0.0,1.0,1.00114023966402),.UNSPECIFIED.);
#776=FACE_OUTER_BOUND('',#1885,.T.);
#777=PLANE('',#1886);
#778=FACE_OUTER_BOUND('',#1887,.T.);
#779=CYLINDRICAL_SURFACE('',#1888,0.800000012000002);
#780=FACE_OUTER_BOUND('',#1889,.T.);
#781=PLANE('',#1890);
#782=FACE_OUTER_BOUND('',#1891,.T.);
#783=CYLINDRICAL_SURFACE('',#1892,0.13000000022305);
#784=FACE_OUTER_BOUND('',#1893,.T.);
#785=PLANE('',#1894);
#786=FACE_OUTER_BOUND('',#1895,.T.);
#787=PLANE('',#1896);
#788=FACE_OUTER_BOUND('',#1897,.T.);
#789=CYLINDRICAL_SURFACE('',#1898,0.13000000022305);
#790=FACE_OUTER_BOUND('',#1899,.T.);
#791=PLANE('',#1900);
#792=SURFACE_STYLE_FILL_AREA(#1901);
#793=FACE_OUTER_BOUND('',#1902,.T.);
#794=CYLINDRICAL_SURFACE('',#1903,1.55);
#795=FACE_OUTER_BOUND('',#1904,.T.);
#796=CYLINDRICAL_SURFACE('',#1905,1.05);
#797=FACE_OUTER_BOUND('',#1906,.T.);
#798=CYLINDRICAL_SURFACE('',#1907,0.725);
#799=FACE_OUTER_BOUND('',#1908,.T.);
#800=CONICAL_SURFACE('',#1909,0.425,0.540419500270584);
#801=FACE_OUTER_BOUND('',#1910,.T.);
#802=CYLINDRICAL_SURFACE('',#1911,1.55);
#803=FACE_OUTER_BOUND('',#1912,.T.);
#804=FACE_BOUND('',#1913,.T.);
#805=FACE_BOUND('',#1914,.T.);
#806=FACE_BOUND('',#1915,.T.);
#807=FACE_BOUND('',#1916,.T.);
#808=PLANE('',#1917);
#809=FACE_OUTER_BOUND('',#1918,.T.);
#810=FACE_BOUND('',#1919,.T.);
#811=PLANE('',#1920);
#812=FACE_OUTER_BOUND('',#1921,.T.);
#813=PLANE('',#1922);
#814=FACE_OUTER_BOUND('',#1923,.T.);
#815=PLANE('',#1924);
#816=FACE_OUTER_BOUND('',#1925,.T.);
#817=PLANE('',#1926);
#818=FACE_OUTER_BOUND('',#1927,.T.);
#819=PLANE('',#1928);
#820=FACE_OUTER_BOUND('',#1929,.T.);
#821=PLANE('',#1930);
#822=FACE_OUTER_BOUND('',#1931,.T.);
#823=PLANE('',#1932);
#824=FACE_OUTER_BOUND('',#1933,.T.);
#825=PLANE('',#1934);
#826=FACE_OUTER_BOUND('',#1935,.T.);
#827=PLANE('',#1936);
#828=FACE_OUTER_BOUND('',#1937,.T.);
#829=PLANE('',#1938);
#830=FACE_OUTER_BOUND('',#1939,.T.);
#831=PLANE('',#1940);
#832=FACE_OUTER_BOUND('',#1941,.T.);
#833=PLANE('',#1942);
#834=FACE_OUTER_BOUND('',#1943,.T.);
#835=PLANE('',#1944);
#836=FACE_OUTER_BOUND('',#1945,.T.);
#837=PLANE('',#1946);
#838=FACE_OUTER_BOUND('',#1947,.T.);
#839=PLANE('',#1948);
#840=FACE_OUTER_BOUND('',#1949,.T.);
#841=CYLINDRICAL_SURFACE('',#1950,3.85);
#842=FACE_OUTER_BOUND('',#1951,.T.);
#843=PLANE('',#1952);
#844=FACE_OUTER_BOUND('',#1953,.T.);
#845=CYLINDRICAL_SURFACE('',#1954,1.05);
#846=FACE_OUTER_BOUND('',#1955,.T.);
#847=PLANE('',#1956);
#848=FACE_OUTER_BOUND('',#1957,.T.);
#849=PLANE('',#1958);
#850=FACE_OUTER_BOUND('',#1959,.T.);
#851=PLANE('',#1960);
#852=FACE_OUTER_BOUND('',#1961,.T.);
#853=PLANE('',#1962);
#854=FACE_OUTER_BOUND('',#1963,.T.);
#855=PLANE('',#1964);
#856=FACE_OUTER_BOUND('',#1965,.T.);
#857=PLANE('',#1966);
#858=FACE_OUTER_BOUND('',#1967,.T.);
#859=PLANE('',#1968);
#860=FACE_OUTER_BOUND('',#1969,.T.);
#861=PLANE('',#1970);
#862=FACE_OUTER_BOUND('',#1971,.T.);
#863=PLANE('',#1972);
#864=FACE_OUTER_BOUND('',#1973,.T.);
#865=PLANE('',#1974);
#866=FACE_OUTER_BOUND('',#1975,.T.);
#867=CYLINDRICAL_SURFACE('',#1976,0.4);
#868=FACE_OUTER_BOUND('',#1977,.T.);
#869=PLANE('',#1978);
#870=FACE_OUTER_BOUND('',#1979,.T.);
#871=FACE_BOUND('',#1980,.T.);
#872=FACE_BOUND('',#1981,.T.);
#873=PLANE('',#1982);
#874=FACE_OUTER_BOUND('',#1983,.T.);
#875=CYLINDRICAL_SURFACE('',#1984,0.4);
#876=FACE_OUTER_BOUND('',#1985,.T.);
#877=PLANE('',#1986);
#878=FACE_OUTER_BOUND('',#1987,.T.);
#879=PLANE('',#1988);
#880=FACE_OUTER_BOUND('',#1989,.T.);
#881=PLANE('',#1990);
#882=FACE_OUTER_BOUND('',#1991,.T.);
#883=PLANE('',#1992);
#884=FACE_OUTER_BOUND('',#1993,.T.);
#885=PLANE('',#1994);
#886=FACE_OUTER_BOUND('',#1995,.T.);
#887=CYLINDRICAL_SURFACE('',#1996,0.725);
#888=FACE_OUTER_BOUND('',#1997,.T.);
#889=CONICAL_SURFACE('',#1998,0.425,0.540419500270584);
#890=FACE_OUTER_BOUND('',#1999,.T.);
#891=PLANE('',#2000);
#892=SURFACE_STYLE_FILL_AREA(#2001);
#893=FACE_OUTER_BOUND('',#2002,.T.);
#894=PLANE('',#2003);
#895=FACE_OUTER_BOUND('',#2004,.T.);
#896=CYLINDRICAL_SURFACE('',#2005,0.3);
#897=FACE_OUTER_BOUND('',#2006,.T.);
#898=PLANE('',#2007);
#899=FACE_OUTER_BOUND('',#2008,.T.);
#900=CYLINDRICAL_SURFACE('',#2009,0.150000003);
#901=FACE_OUTER_BOUND('',#2010,.T.);
#902=PLANE('',#2011);
#903=FACE_OUTER_BOUND('',#2012,.T.);
#904=CYLINDRICAL_SURFACE('',#2013,0.3);
#905=FACE_OUTER_BOUND('',#2014,.T.);
#906=PLANE('',#2015);
#907=FACE_OUTER_BOUND('',#2016,.T.);
#908=CYLINDRICAL_SURFACE('',#2017,0.550000003);
#909=FACE_OUTER_BOUND('',#2018,.T.);
#910=PLANE('',#2019);
#911=FACE_OUTER_BOUND('',#2020,.T.);
#912=CYLINDRICAL_SURFACE('',#2021,0.13);
#913=FACE_OUTER_BOUND('',#2022,.T.);
#914=FACE_BOUND('',#2023,.T.);
#915=PLANE('',#2024);
#916=FACE_OUTER_BOUND('',#2025,.T.);
#917=PLANE('',#2026);
#918=FACE_OUTER_BOUND('',#2027,.T.);
#919=PLANE('',#2028);
#920=FACE_OUTER_BOUND('',#2029,.T.);
#921=FACE_BOUND('',#2030,.T.);
#922=PLANE('',#2031);
#923=FACE_OUTER_BOUND('',#2032,.T.);
#924=CYLINDRICAL_SURFACE('',#2033,0.13);
#925=FACE_OUTER_BOUND('',#2034,.T.);
#926=PLANE('',#2035);
#927=FACE_OUTER_BOUND('',#2036,.T.);
#928=(B_SPLINE_SURFACE(3,3,((#2038,#2039,#2040,#2041),(#2042,#2043,#2044,#2045),(#2046,#2047,#2048,#2049),(#2050,#2051,#2052,#2053),(#2054,#2055,#2056,#2057),(#2058,#2059,#2060,#2061),(#2062,#2063,#2064,#2065)),.UNSPECIFIED.,.F.,.F.,.F.)B_SPLINE_SURFACE_WITH_KNOTS((4,3,4),(4,4),(0.0999462260098651,0.900053773684802,0.908054849161551),(0.0,1.0),.UNSPECIFIED.)RATIONAL_B_SPLINE_SURFACE(((0.976499067483125,0.325499689161041,0.325499689161041,0.976499067483125),(0.920751526121693,0.306917175373898,0.306917175373898,0.920751526121693),(0.920751526100419,0.306917175366806,0.306917175366806,0.920751526100419),(0.976499067419303,0.325499689139767,0.325499689139767,0.976499067419303),(0.976499067419303,0.325499689139767,0.325499689139767,0.976499067419303),(0.976499067419303,0.325499689139767,0.325499689139767,0.976499067419303),(0.976499067419303,0.325499689139767,0.325499689139767,0.976499067419303)))BOUNDED_SURFACE()REPRESENTATION_ITEM('')GEOMETRIC_REPRESENTATION_ITEM()SURFACE());
#929=FACE_OUTER_BOUND('',#2072,.T.);
#930=(B_SPLINE_SURFACE(3,3,((#2074,#2075,#2076,#2077),(#2078,#2079,#2080,#2081),(#2082,#2083,#2084,#2085),(#2086,#2087,#2088,#2089),(#2090,#2091,#2092,#2093),(#2094,#2095,#2096,#2097),(#2098,#2099,#2100,#2101)),.UNSPECIFIED.,.F.,.F.,.F.)B_SPLINE_SURFACE_WITH_KNOTS((4,3,4),(4,4),(0.0999462260098661,0.900053773684803,0.908054849161552),(0.0,1.0),.UNSPECIFIED.)RATIONAL_B_SPLINE_SURFACE(((0.976499067483124,0.325499689161041,0.325499689161041,0.976499067483124),(0.920751526121693,0.306917175373898,0.306917175373898,0.920751526121693),(0.920751526100419,0.306917175366806,0.306917175366806,0.920751526100419),(0.976499067419303,0.325499689139767,0.325499689139767,0.976499067419303),(0.976499067419303,0.325499689139767,0.325499689139767,0.976499067419303),(0.976499067419303,0.325499689139767,0.325499689139767,0.976499067419303),(0.976499067419303,0.325499689139767,0.325499689139767,0.976499067419303)))BOUNDED_SURFACE()REPRESENTATION_ITEM('')GEOMETRIC_REPRESENTATION_ITEM()SURFACE());
#931=FACE_OUTER_BOUND('',#2108,.T.);
#932=PLANE('',#2109);
#933=FACE_OUTER_BOUND('',#2110,.T.);
#934=PLANE('',#2111);
#935=FACE_OUTER_BOUND('',#2112,.T.);
#936=CYLINDRICAL_SURFACE('',#2113,0.13);
#937=FACE_OUTER_BOUND('',#2114,.T.);
#938=PLANE('',#2115);
#939=FACE_OUTER_BOUND('',#2116,.T.);
#940=CYLINDRICAL_SURFACE('',#2117,0.410000001000001);
#941=FACE_OUTER_BOUND('',#2118,.T.);
#942=CYLINDRICAL_SURFACE('',#2119,0.13);
#943=FACE_OUTER_BOUND('',#2120,.T.);
#944=CYLINDRICAL_SURFACE('',#2121,0.13);
#945=FACE_OUTER_BOUND('',#2122,.T.);
#946=PLANE('',#2123);
#947=FACE_OUTER_BOUND('',#2124,.T.);
#948=CYLINDRICAL_SURFACE('',#2125,0.010000001);
#949=FACE_OUTER_BOUND('',#2126,.T.);
#950=(B_SPLINE_SURFACE(3,3,((#2128,#2129,#2130,#2131),(#2132,#2133,#2134,#2135),(#2136,#2137,#2138,#2139),(#2140,#2141,#2142,#2143),(#2144,#2145,#2146,#2147),(#2148,#2149,#2150,#2151),(#2152,#2153,#2154,#2155)),.UNSPECIFIED.,.F.,.F.,.F.)B_SPLINE_SURFACE_WITH_KNOTS((4,3,4),(4,4),(0.0998383339578544,0.900053773988585,0.900350191923767),(0.0,1.0),.UNSPECIFIED.)RATIONAL_B_SPLINE_SURFACE(((0.976521622679795,0.325507207559932,0.325507207559932,0.976521622679795),(0.920751527114225,0.306917175704742,0.306917175704742,0.920751527114225),(0.920744008715228,0.306914669571743,0.306914669571743,0.920744008715228),(0.976499067482802,0.325499689160934,0.325499689160934,0.976499067482802),(0.976499067482802,0.325499689160934,0.325499689160934,0.976499067482802),(0.976499067482802,0.325499689160934,0.325499689160934,0.976499067482802),(0.976499067482802,0.325499689160934,0.325499689160934,0.976499067482802)))BOUNDED_SURFACE()REPRESENTATION_ITEM('')GEOMETRIC_REPRESENTATION_ITEM()SURFACE());
#951=FACE_OUTER_BOUND('',#2162,.T.);
#952=(B_SPLINE_SURFACE(3,3,((#2164,#2165,#2166,#2167),(#2168,#2169,#2170,#2171),(#2172,#2173,#2174,#2175),(#2176,#2177,#2178,#2179),(#2180,#2181,#2182,#2183),(#2184,#2185,#2186,#2187),(#2188,#2189,#2190,#2191)),.UNSPECIFIED.,.F.,.F.,.F.)B_SPLINE_SURFACE_WITH_KNOTS((4,3,4),(4,4),(0.0951455187922042,0.900053773988585,0.959337361025074),(0.0,1.0),.UNSPECIFIED.)RATIONAL_B_SPLINE_SURFACE(((0.977508557062706,0.325836185687569,0.325836185687569,0.977508557062706),(0.9207535330638,0.3069178443546,0.3069178443546,0.9207535330638),(0.920417036537165,0.306805678845722,0.306805678845722,0.920417036537165),(0.976499067482802,0.325499689160934,0.325499689160934,0.976499067482802),(0.976499067482802,0.325499689160934,0.325499689160934,0.976499067482802),(0.976499067482802,0.325499689160934,0.325499689160934,0.976499067482802),(0.976499067482802,0.325499689160934,0.325499689160934,0.976499067482802)))BOUNDED_SURFACE()REPRESENTATION_ITEM('')GEOMETRIC_REPRESENTATION_ITEM()SURFACE());
#953=FACE_OUTER_BOUND('',#2198,.T.);
#954=(B_SPLINE_SURFACE(3,3,((#2200,#2201,#2202,#2203),(#2204,#2205,#2206,#2207),(#2208,#2209,#2210,#2211),(#2212,#2213,#2214,#2215)),.UNSPECIFIED.,.F.,.F.,.F.)B_SPLINE_SURFACE_WITH_KNOTS((4,4),(4,4),(0.0,1.0),(0.0,1.0),.UNSPECIFIED.)RATIONAL_B_SPLINE_SURFACE(((1.0,0.333333333333333,0.333333333333333,1.0),(0.94291080950314,0.314303603167714,0.314303603167714,0.94291080950314),(0.94291080950314,0.314303603167714,0.314303603167714,0.94291080950314),(1.0,0.333333333333333,0.333333333333333,1.0)))BOUNDED_SURFACE()REPRESENTATION_ITEM('')GEOMETRIC_REPRESENTATION_ITEM()SURFACE());
#955=FACE_OUTER_BOUND('',#2222,.T.);
#956=(B_SPLINE_SURFACE(3,3,((#2224,#2225,#2226,#2227),(#2228,#2229,#2230,#2231),(#2232,#2233,#2234,#2235),(#2236,#2237,#2238,#2239)),.UNSPECIFIED.,.F.,.F.,.F.)B_SPLINE_SURFACE_WITH_KNOTS((4,4),(4,4),(0.0,1.0),(0.0,1.0),.UNSPECIFIED.)RATIONAL_B_SPLINE_SURFACE(((1.0,0.333333333333333,0.333333333333333,1.0),(0.94291080950314,0.314303603167714,0.314303603167714,0.94291080950314),(0.94291080950314,0.314303603167714,0.314303603167714,0.94291080950314),(1.0,0.333333333333333,0.333333333333333,1.0)))BOUNDED_SURFACE()REPRESENTATION_ITEM('')GEOMETRIC_REPRESENTATION_ITEM()SURFACE());
#957=FACE_OUTER_BOUND('',#2246,.T.);
#958=(B_SPLINE_SURFACE(3,3,((#2248,#2249,#2250,#2251),(#2252,#2253,#2254,#2255),(#2256,#2257,#2258,#2259),(#2260,#2261,#2262,#2263)),.UNSPECIFIED.,.F.,.F.,.F.)B_SPLINE_SURFACE_WITH_KNOTS((4,4),(4,4),(0.0,1.0),(0.0,1.0),.UNSPECIFIED.)RATIONAL_B_SPLINE_SURFACE(((1.0,0.333333333333333,0.333333333333333,1.0),(0.942910809503141,0.314303603167714,0.314303603167714,0.942910809503141),(0.942910809503141,0.314303603167714,0.314303603167714,0.942910809503141),(1.0,0.333333333333333,0.333333333333333,1.0)))BOUNDED_SURFACE()REPRESENTATION_ITEM('')GEOMETRIC_REPRESENTATION_ITEM()SURFACE());
#959=FACE_OUTER_BOUND('',#2270,.T.);
#960=(B_SPLINE_SURFACE(3,3,((#2272,#2273,#2274,#2275),(#2276,#2277,#2278,#2279),(#2280,#2281,#2282,#2283),(#2284,#2285,#2286,#2287)),.UNSPECIFIED.,.F.,.F.,.F.)B_SPLINE_SURFACE_WITH_KNOTS((4,4),(4,4),(0.0,1.0),(0.0,1.0),.UNSPECIFIED.)RATIONAL_B_SPLINE_SURFACE(((1.0,0.333333333333333,0.333333333333333,1.0),(0.942910809503141,0.314303603167714,0.314303603167714,0.942910809503141),(0.942910809503141,0.314303603167714,0.314303603167714,0.942910809503141),(1.0,0.333333333333333,0.333333333333333,1.0)))BOUNDED_SURFACE()REPRESENTATION_ITEM('')GEOMETRIC_REPRESENTATION_ITEM()SURFACE());
#961=FACE_OUTER_BOUND('',#2294,.T.);
#962=PLANE('',#2295);
#963=FACE_OUTER_BOUND('',#2296,.T.);
#964=PLANE('',#2297);
#965=SURFACE_STYLE_FILL_AREA(#2298);
#966=FACE_OUTER_BOUND('',#2299,.T.);
#967=CYLINDRICAL_SURFACE('',#2300,2.4);
#968=FACE_OUTER_BOUND('',#2301,.T.);
#969=CYLINDRICAL_SURFACE('',#2302,2.4);
#970=FACE_OUTER_BOUND('',#2303,.T.);
#971=CYLINDRICAL_SURFACE('',#2304,1.05);
#972=FACE_OUTER_BOUND('',#2305,.T.);
#973=CYLINDRICAL_SURFACE('',#2306,0.775);
#974=FACE_OUTER_BOUND('',#2307,.T.);
#975=CYLINDRICAL_SURFACE('',#2308,2.4);
#976=FACE_OUTER_BOUND('',#2309,.T.);
#977=FACE_BOUND('',#2310,.T.);
#978=FACE_BOUND('',#2311,.T.);
#979=PLANE('',#2312);
#980=FACE_OUTER_BOUND('',#2313,.T.);
#981=FACE_BOUND('',#2314,.T.);
#982=FACE_BOUND('',#2315,.T.);
#983=PLANE('',#2316);
#984=FACE_OUTER_BOUND('',#2317,.T.);
#985=CYLINDRICAL_SURFACE('',#2318,1.05);
#986=FACE_OUTER_BOUND('',#2319,.T.);
#987=CYLINDRICAL_SURFACE('',#2320,0.775);
#988=FACE_OUTER_BOUND('',#2321,.T.);
#989=PLANE('',#2322);
#990=FACE_OUTER_BOUND('',#2323,.T.);
#991=PLANE('',#2324);
#992=FACE_OUTER_BOUND('',#2325,.T.);
#993=PLANE('',#2326);
#994=FACE_OUTER_BOUND('',#2327,.T.);
#995=CYLINDRICAL_SURFACE('',#2328,0.5);
#996=FACE_OUTER_BOUND('',#2329,.T.);
#997=PLANE('',#2330);
#998=FACE_OUTER_BOUND('',#2331,.T.);
#999=CYLINDRICAL_SURFACE('',#2332,0.5);
#1000=FACE_OUTER_BOUND('',#2333,.T.);
#1001=CYLINDRICAL_SURFACE('',#2334,0.1);
#1002=FACE_OUTER_BOUND('',#2335,.T.);
#1003=PLANE('',#2336);
#1004=FACE_OUTER_BOUND('',#2337,.T.);
#1005=CYLINDRICAL_SURFACE('',#2338,0.3);
#1006=FACE_OUTER_BOUND('',#2339,.T.);
#1007=PLANE('',#2340);
#1008=FACE_OUTER_BOUND('',#2341,.T.);
#1009=PLANE('',#2342);
#1010=FACE_OUTER_BOUND('',#2343,.T.);
#1011=PLANE('',#2344);
#1012=FACE_OUTER_BOUND('',#2345,.T.);
#1013=CYLINDRICAL_SURFACE('',#2346,0.3);
#1014=FACE_OUTER_BOUND('',#2347,.T.);
#1015=PLANE('',#2348);
#1016=FACE_OUTER_BOUND('',#2349,.T.);
#1017=PLANE('',#2350);
#1018=FACE_OUTER_BOUND('',#2351,.T.);
#1019=PLANE('',#2352);
#1020=FACE_OUTER_BOUND('',#2353,.T.);
#1021=CYLINDRICAL_SURFACE('',#2354,0.3);
#1022=FACE_OUTER_BOUND('',#2355,.T.);
#1023=PLANE('',#2356);
#1024=FACE_OUTER_BOUND('',#2357,.T.);
#1025=CYLINDRICAL_SURFACE('',#2358,0.15);
#1026=FACE_OUTER_BOUND('',#2359,.T.);
#1027=PLANE('',#2360);
#1028=FACE_OUTER_BOUND('',#2361,.T.);
#1029=PLANE('',#2362);
#1030=FACE_OUTER_BOUND('',#2363,.T.);
#1031=PLANE('',#2364);
#1032=FACE_OUTER_BOUND('',#2365,.T.);
#1033=CYLINDRICAL_SURFACE('',#2366,0.15);
#1034=FACE_OUTER_BOUND('',#2367,.T.);
#1035=CYLINDRICAL_SURFACE('',#2368,0.55);
#1036=FACE_OUTER_BOUND('',#2369,.T.);
#1037=CYLINDRICAL_SURFACE('',#2370,0.55);
#1038=FACE_OUTER_BOUND('',#2371,.T.);
#1039=PLANE('',#2372);
#1040=FACE_OUTER_BOUND('',#2373,.T.);
#1041=CYLINDRICAL_SURFACE('',#2374,0.3);
#1042=FACE_OUTER_BOUND('',#2375,.T.);
#1043=PLANE('',#2376);
#1044=FACE_OUTER_BOUND('',#2377,.T.);
#1045=PLANE('',#2378);
#1046=FACE_OUTER_BOUND('',#2379,.T.);
#1047=CYLINDRICAL_SURFACE('',#2380,0.3);
#1048=FACE_OUTER_BOUND('',#2381,.T.);
#1049=PLANE('',#2382);
#1050=FACE_OUTER_BOUND('',#2383,.T.);
#1051=CYLINDRICAL_SURFACE('',#2384,0.3);
#1052=FACE_OUTER_BOUND('',#2385,.T.);
#1053=CYLINDRICAL_SURFACE('',#2386,0.3);
#1054=FACE_OUTER_BOUND('',#2387,.T.);
#1055=PLANE('',#2388);
#1056=FACE_OUTER_BOUND('',#2389,.T.);
#1057=PLANE('',#2390);
#1058=SURFACE_STYLE_FILL_AREA(#2391);
#1059=FACE_OUTER_BOUND('',#2392,.T.);
#1060=(B_SPLINE_SURFACE(3,3,((#2394,#2395,#2396,#2397),(#2398,#2399,#2400,#2401),(#2402,#2403,#2404,#2405),(#2406,#2407,#2408,#2409)),.UNSPECIFIED.,.F.,.F.,.F.)B_SPLINE_SURFACE_WITH_KNOTS((4,4),(4,4),(0.0,1.0),(0.0,1.0),.UNSPECIFIED.)RATIONAL_B_SPLINE_SURFACE(((1.0,0.333333333333333,0.333333333333333,1.0),(0.804737851815689,0.26824595060523,0.26824595060523,0.804737851815689),(0.804737851815689,0.26824595060523,0.26824595060523,0.804737851815689),(1.0,0.333333333333333,0.333333333333333,1.0)))BOUNDED_SURFACE()REPRESENTATION_ITEM('')GEOMETRIC_REPRESENTATION_ITEM()SURFACE());
#1061=FACE_OUTER_BOUND('',#2416,.T.);
#1062=CYLINDRICAL_SURFACE('',#2417,1.25);
#1063=FACE_OUTER_BOUND('',#2418,.T.);
#1064=CYLINDRICAL_SURFACE('',#2419,1.6);
#1065=FACE_OUTER_BOUND('',#2420,.T.);
#1066=CYLINDRICAL_SURFACE('',#2421,1.0);
#1067=FACE_OUTER_BOUND('',#2422,.T.);
#1068=CYLINDRICAL_SURFACE('',#2423,1.3);
#1069=FACE_OUTER_BOUND('',#2424,.T.);
#1070=CYLINDRICAL_SURFACE('',#2425,0.75);
#1071=FACE_OUTER_BOUND('',#2426,.T.);
#1072=CONICAL_SURFACE('',#2427,1732.05080713776,1.04719755108882);
#1073=FACE_OUTER_BOUND('',#2428,.T.);
#1074=(B_SPLINE_SURFACE(3,3,((#2430,#2431,#2432,#2433),(#2434,#2435,#2436,#2437),(#2438,#2439,#2440,#2441),(#2442,#2443,#2444,#2445)),.UNSPECIFIED.,.F.,.F.,.F.)B_SPLINE_SURFACE_WITH_KNOTS((4,4),(4,4),(0.0,1.0),(0.0,1.0),.UNSPECIFIED.)RATIONAL_B_SPLINE_SURFACE(((1.0,0.333333333333333,0.333333333333333,1.0),(0.804737851815689,0.26824595060523,0.26824595060523,0.804737851815689),(0.804737851815689,0.26824595060523,0.26824595060523,0.804737851815689),(1.0,0.333333333333333,0.333333333333333,1.0)))BOUNDED_SURFACE()REPRESENTATION_ITEM('')GEOMETRIC_REPRESENTATION_ITEM()SURFACE());
#1075=FACE_OUTER_BOUND('',#2452,.T.);
#1076=CYLINDRICAL_SURFACE('',#2453,1.25);
#1077=FACE_OUTER_BOUND('',#2454,.T.);
#1078=FACE_BOUND('',#2455,.T.);
#1079=PLANE('',#2456);
#1080=FACE_OUTER_BOUND('',#2457,.T.);
#1081=(B_SPLINE_SURFACE(3,3,((#2459,#2460,#2461,#2462),(#2463,#2464,#2465,#2466),(#2467,#2468,#2469,#2470),(#2471,#2472,#2473,#2474),(#2475,#2476,#2477,#2478),(#2479,#2480,#2481,#2482),(#2483,#2484,#2485,#2486)),.UNSPECIFIED.,.F.,.F.,.F.)B_SPLINE_SURFACE_WITH_KNOTS((4,3,4),(4,4),(0.0631414558540607,0.936858541872163,0.942131891105043),(0.0,1.0),.UNSPECIFIED.)RATIONAL_B_SPLINE_SURFACE(((0.956578302900931,0.31885943430031,0.31885943430031,0.956578302900931),(0.769794770637084,0.256598256879028,0.256598256879028,0.769794770637084),(0.769794770150995,0.256598256716999,0.256598256716999,0.769794770150995),(0.956578301442665,0.318859433814221,0.318859433814221,0.956578301442665),(0.956578301442665,0.318859433814221,0.318859433814221,0.956578301442665),(0.956578301442665,0.318859433814221,0.318859433814221,0.956578301442665),(0.956578301442665,0.318859433814221,0.318859433814221,0.956578301442665)))BOUNDED_SURFACE()REPRESENTATION_ITEM('')GEOMETRIC_REPRESENTATION_ITEM()SURFACE());
#1082=FACE_OUTER_BOUND('',#2493,.T.);
#1083=(B_SPLINE_SURFACE(3,3,((#2495,#2496,#2497,#2498),(#2499,#2500,#2501,#2502),(#2503,#2504,#2505,#2506),(#2507,#2508,#2509,#2510),(#2511,#2512,#2513,#2514),(#2515,#2516,#2517,#2518),(#2519,#2520,#2521,#2522)),.UNSPECIFIED.,.F.,.F.,.F.)B_SPLINE_SURFACE_WITH_KNOTS((4,3,4),(4,4),(0.0631414558540622,0.93685854187216,0.94213189110504),(0.0,1.0),.UNSPECIFIED.)RATIONAL_B_SPLINE_SURFACE(((0.95657830290093,0.31885943430031,0.31885943430031,0.95657830290093),(0.769794770637085,0.256598256879028,0.256598256879028,0.769794770637085),(0.769794770150996,0.256598256716999,0.256598256716999,0.769794770150996),(0.956578301442663,0.318859433814221,0.318859433814221,0.956578301442663),(0.956578301442663,0.318859433814221,0.318859433814221,0.956578301442663),(0.956578301442663,0.318859433814221,0.318859433814221,0.956578301442663),(0.956578301442663,0.318859433814221,0.318859433814221,0.956578301442663)))BOUNDED_SURFACE()REPRESENTATION_ITEM('')GEOMETRIC_REPRESENTATION_ITEM()SURFACE());
#1084=FACE_OUTER_BOUND('',#2529,.T.);
#1085=CYLINDRICAL_SURFACE('',#2530,1.6);
#1086=FACE_OUTER_BOUND('',#2531,.T.);
#1087=(B_SPLINE_SURFACE(3,3,((#2533,#2534,#2535,#2536),(#2537,#2538,#2539,#2540),(#2541,#2542,#2543,#2544),(#2545,#2546,#2547,#2548)),.UNSPECIFIED.,.F.,.F.,.F.)B_SPLINE_SURFACE_WITH_KNOTS((4,4),(4,4),(0.063141457006827,0.936858544145939),(0.0,1.0),.UNSPECIFIED.)RATIONAL_B_SPLINE_SURFACE(((0.956578302161615,0.318859434053871,0.318859434053871,0.956578302161615),(0.769794770150997,0.256598256716999,0.256598256716999,0.769794770150997),(0.769794770397436,0.256598256799145,0.256598256799145,0.769794770397436),(0.956578302900931,0.31885943430031,0.31885943430031,0.956578302900931)))BOUNDED_SURFACE()REPRESENTATION_ITEM('')GEOMETRIC_REPRESENTATION_ITEM()SURFACE());
#1088=FACE_OUTER_BOUND('',#2555,.T.);
#1089=(B_SPLINE_SURFACE(3,3,((#2557,#2558,#2559,#2560),(#2561,#2562,#2563,#2564),(#2565,#2566,#2567,#2568),(#2569,#2570,#2571,#2572)),.UNSPECIFIED.,.F.,.F.,.F.)B_SPLINE_SURFACE_WITH_KNOTS((4,4),(4,4),(0.0631414570068279,0.936858544145939),(0.0,1.0),.UNSPECIFIED.)RATIONAL_B_SPLINE_SURFACE(((0.956578302161615,0.318859434053871,0.318859434053871,0.956578302161615),(0.769794770150997,0.256598256716999,0.256598256716999,0.769794770150997),(0.769794770397436,0.256598256799145,0.256598256799145,0.769794770397436),(0.956578302900931,0.31885943430031,0.31885943430031,0.956578302900931)))BOUNDED_SURFACE()REPRESENTATION_ITEM('')GEOMETRIC_REPRESENTATION_ITEM()SURFACE());
#1090=FACE_OUTER_BOUND('',#2579,.T.);
#1091=FACE_BOUND('',#2580,.T.);
#1092=PLANE('',#2581);
#1093=FACE_OUTER_BOUND('',#2582,.T.);
#1094=CYLINDRICAL_SURFACE('',#2583,1.0);
#1095=FACE_OUTER_BOUND('',#2584,.T.);
#1096=FACE_BOUND('',#2585,.T.);
#1097=PLANE('',#2586);
#1098=FACE_OUTER_BOUND('',#2587,.T.);
#1099=CYLINDRICAL_SURFACE('',#2588,1.3);
#1100=FACE_OUTER_BOUND('',#2589,.T.);
#1101=(B_SPLINE_SURFACE(3,3,((#2591,#2592,#2593,#2594),(#2595,#2596,#2597,#2598),(#2599,#2600,#2601,#2602),(#2603,#2604,#2605,#2606)),.UNSPECIFIED.,.F.,.F.,.F.)B_SPLINE_SURFACE_WITH_KNOTS((4,4),(4,4),(0.0681991135344333,0.931800885999817),(0.0,1.0),.UNSPECIFIED.)RATIONAL_B_SPLINE_SURFACE(((0.96129988025839,0.320433293419463,0.320433293419463,0.96129988025839),(0.809903233786048,0.269967744595349,0.269967744595349,0.809903233786048),(0.809903233704398,0.269967744568132,0.269967744568132,0.809903233704398),(0.96129988001344,0.320433293337813,0.320433293337813,0.96129988001344)))BOUNDED_SURFACE()REPRESENTATION_ITEM('')GEOMETRIC_REPRESENTATION_ITEM()SURFACE());
#1102=FACE_OUTER_BOUND('',#2613,.T.);
#1103=(B_SPLINE_SURFACE(3,3,((#2615,#2616,#2617,#2618),(#2619,#2620,#2621,#2622),(#2623,#2624,#2625,#2626),(#2627,#2628,#2629,#2630)),.UNSPECIFIED.,.F.,.F.,.F.)B_SPLINE_SURFACE_WITH_KNOTS((4,4),(4,4),(0.0681991135344332,0.931800885490935),(0.0,1.0),.UNSPECIFIED.)RATIONAL_B_SPLINE_SURFACE(((0.96129988025839,0.320433293419463,0.320433293419463,0.96129988025839),(0.809903233875259,0.269967744625086,0.269967744625086,0.809903233875259),(0.809903233704398,0.269967744568132,0.269967744568132,0.809903233704398),(0.961299879745807,0.320433293248602,0.320433293248602,0.961299879745807)))BOUNDED_SURFACE()REPRESENTATION_ITEM('')GEOMETRIC_REPRESENTATION_ITEM()SURFACE());
#1104=FACE_OUTER_BOUND('',#2637,.T.);
#1105=(B_SPLINE_SURFACE(3,3,((#2639,#2640,#2641,#2642),(#2643,#2644,#2645,#2646),(#2647,#2648,#2649,#2650),(#2651,#2652,#2653,#2654),(#2655,#2656,#2657,#2658),(#2659,#2660,#2661,#2662),(#2663,#2664,#2665,#2666)),.UNSPECIFIED.,.F.,.F.,.F.)B_SPLINE_SURFACE_WITH_KNOTS((4,3,4),(4,4),(0.0631414570000575,0.936858542465544,0.938616325499657),(0.0,1.0),.UNSPECIFIED.)RATIONAL_B_SPLINE_SURFACE(((0.956578302165956,0.318859434055319,0.318859434055319,0.956578302165956),(0.769794770510231,0.256598256836744,0.256598256836744,0.769794770510231),(0.769794770395987,0.256598256798662,0.256598256798662,0.769794770395987),(0.956578301823225,0.318859433941075,0.318859433941075,0.956578301823225),(0.956578301823225,0.318859433941075,0.318859433941075,0.956578301823225),(0.956578301823225,0.318859433941075,0.318859433941075,0.956578301823225),(0.956578301823225,0.318859433941075,0.318859433941075,0.956578301823225)))BOUNDED_SURFACE()REPRESENTATION_ITEM('')GEOMETRIC_REPRESENTATION_ITEM()SURFACE());
#1106=FACE_OUTER_BOUND('',#2673,.T.);
#1107=(B_SPLINE_SURFACE(3,3,((#2675,#2676,#2677,#2678),(#2679,#2680,#2681,#2682),(#2683,#2684,#2685,#2686),(#2687,#2688,#2689,#2690),(#2691,#2692,#2693,#2694),(#2695,#2696,#2697,#2698),(#2699,#2700,#2701,#2702)),.UNSPECIFIED.,.F.,.F.,.F.)B_SPLINE_SURFACE_WITH_KNOTS((4,3,4),(4,4),(0.063141457000058,0.936858542465544,0.938616325499657),(0.0,1.0),.UNSPECIFIED.)RATIONAL_B_SPLINE_SURFACE(((0.956578302165956,0.318859434055318,0.318859434055318,0.956578302165956),(0.769794770510231,0.256598256836744,0.256598256836744,0.769794770510231),(0.769794770395987,0.256598256798663,0.256598256798663,0.769794770395987),(0.956578301823225,0.318859433941075,0.318859433941075,0.956578301823225),(0.956578301823225,0.318859433941075,0.318859433941075,0.956578301823225),(0.956578301823225,0.318859433941075,0.318859433941075,0.956578301823225),(0.956578301823225,0.318859433941075,0.318859433941075,0.956578301823225)))BOUNDED_SURFACE()REPRESENTATION_ITEM('')GEOMETRIC_REPRESENTATION_ITEM()SURFACE());
#1108=FACE_OUTER_BOUND('',#2709,.T.);
#1109=CYLINDRICAL_SURFACE('',#2710,0.75);
#1110=FACE_OUTER_BOUND('',#2711,.T.);
#1111=CONICAL_SURFACE('',#2712,1732.05080713776,1.04719755108882);
#1112=FILL_AREA_STYLE('',(#2713));
#1113=EDGE_LOOP('',(#2714,#2715,#2716,#2717));
#1114=AXIS2_PLACEMENT_3D('',#2718,#2719,#2720);
#1115=EDGE_LOOP('',(#2721,#2722,#2723,#2724));
#1116=AXIS2_PLACEMENT_3D('',#2725,#2726,#2727);
#1117=EDGE_LOOP('',(#2728,#2729,#2730,#2731));
#1118=AXIS2_PLACEMENT_3D('',#2732,#2733,#2734);
#1119=EDGE_LOOP('',(#2735,#2736,#2737,#2738));
#1120=AXIS2_PLACEMENT_3D('',#2739,#2740,#2741);
#1121=EDGE_LOOP('',(#2742,#2743,#2744,#2745,#2746));
#1122=AXIS2_PLACEMENT_3D('',#2747,#2748,#2749);
#1123=EDGE_LOOP('',(#2750,#2751,#2752,#2753,#2754,#2755,#2756,#2757));
#1124=AXIS2_PLACEMENT_3D('',#2758,#2759,#2760);
#1125=EDGE_LOOP('',(#2761,#2762,#2763,#2764));
#1126=AXIS2_PLACEMENT_3D('',#2765,#2766,#2767);
#1127=EDGE_LOOP('',(#2768,#2769,#2770,#2771,#2772));
#1128=AXIS2_PLACEMENT_3D('',#2773,#2774,#2775);
#1129=EDGE_LOOP('',(#2776,#2777,#2778,#2779));
#1130=AXIS2_PLACEMENT_3D('',#2780,#2781,#2782);
#1131=EDGE_LOOP('',(#2783,#2784,#2785,#2786));
#1132=AXIS2_PLACEMENT_3D('',#2787,#2788,#2789);
#1133=EDGE_LOOP('',(#2790,#2791,#2792,#2793));
#1134=AXIS2_PLACEMENT_3D('',#2794,#2795,#2796);
#1135=EDGE_LOOP('',(#2797,#2798,#2799,#2800));
#1136=EDGE_LOOP('',(#2801,#2802));
#1137=EDGE_LOOP('',(#2803,#2804));
#1138=AXIS2_PLACEMENT_3D('',#2805,#2806,#2807);
#1139=EDGE_LOOP('',(#2808,#2809));
#1140=AXIS2_PLACEMENT_3D('',#2810,#2811,#2812);
#1141=EDGE_LOOP('',(#2813,#2814,#2815,#2816));
#1142=AXIS2_PLACEMENT_3D('',#2817,#2818,#2819);
#1143=EDGE_LOOP('',(#2820,#2821,#2822,#2823));
#1144=AXIS2_PLACEMENT_3D('',#2824,#2825,#2826);
#1145=EDGE_LOOP('',(#2827,#2828,#2829,#2830));
#1146=AXIS2_PLACEMENT_3D('',#2831,#2832,#2833);
#1147=EDGE_LOOP('',(#2834,#2835,#2836,#2837,#2838,#2839,#2840,#2841,#2842,#2843,#2844,#2845,#2846,#2847,#2848,#2849,#2850,#2851,#2852,#2853,#2854,#2855,#2856,#2857,#2858,#2859,#2860,#2861));
#1148=EDGE_LOOP('',(#2862,#2863));
#1149=AXIS2_PLACEMENT_3D('',#2864,#2865,#2866);
#1150=EDGE_LOOP('',(#2867,#2868,#2869,#2870));
#1151=AXIS2_PLACEMENT_3D('',#2871,#2872,#2873);
#1152=EDGE_LOOP('',(#2874,#2875));
#1153=EDGE_LOOP('',(#2876,#2877));
#1154=AXIS2_PLACEMENT_3D('',#2878,#2879,#2880);
#1155=EDGE_LOOP('',(#2881,#2882,#2883));
#1157=CARTESIAN_POINT('',(3.7,-5.7,0.0));
#1158=CARTESIAN_POINT('',(3.7,-5.7,0.0));
#1159=CARTESIAN_POINT('',(3.7,-5.7,0.0));
#1160=CARTESIAN_POINT('',(3.739276961,-5.804738563,0.0));
#1161=CARTESIAN_POINT('',(3.771987966,-5.771987966,0.0));
#1162=CARTESIAN_POINT('',(3.804738563,-5.739276961,0.0));
#1163=CARTESIAN_POINT('',(3.778524402,-5.909398404,-0.020821899));
#1164=CARTESIAN_POINT('',(3.845780516,-5.845780516,-0.007654));
#1165=CARTESIAN_POINT('',(3.909398404,-5.778524402,-0.020821899));
#1166=CARTESIAN_POINT('',(3.832945344,-6.054520917,-0.080933612));
#1167=CARTESIAN_POINT('',(3.955531949,-5.955531949,-0.033089295));
#1168=CARTESIAN_POINT('',(4.054520917,-5.832945344,-0.080933612));
#1169=CARTESIAN_POINT('',(3.85034522,-6.100920587,-0.105734753));
#1170=CARTESIAN_POINT('',(3.993297578,-5.993297578,-0.044383946));
#1171=CARTESIAN_POINT('',(4.100920587,-5.85034522,-0.105734753));
#1172=CARTESIAN_POINT('',(3.88299692,-6.187991786,-0.163913868));
#1173=CARTESIAN_POINT('',(4.069892747,-6.069892747,-0.074057597));
#1174=CARTESIAN_POINT('',(4.187991786,-5.88299692,-0.163913868));
#1175=CARTESIAN_POINT('',(3.898248042,-6.228661446,-0.197290596));
#1176=CARTESIAN_POINT('',(4.109084582,-6.109084582,-0.092810845));
#1177=CARTESIAN_POINT('',(4.228661446,-5.898248042,-0.197290596));
#1178=CARTESIAN_POINT('',(3.926016026,-6.302709404,-0.271338554));
#1179=CARTESIAN_POINT('',(4.188312485,-6.188312485,-0.141171097));
#1180=CARTESIAN_POINT('',(4.302709404,-5.926016026,-0.271338554));
#1181=CARTESIAN_POINT('',(3.938532303,-6.336086142,-0.312008228));
#1182=CARTESIAN_POINT('',(4.228532584,-6.228532584,-0.171365125));
#1183=CARTESIAN_POINT('',(4.336086142,-5.938532303,-0.312008228));
#1184=CARTESIAN_POINT('',(3.960349464,-6.394265238,-0.399079399));
#1185=CARTESIAN_POINT('',(4.307534726,-6.307534726,-0.247994639));
#1186=CARTESIAN_POINT('',(4.394265238,-5.960349464,-0.399079399));
#1187=CARTESIAN_POINT('',(3.9696499,-6.419066401,-0.445479113));
#1188=CARTESIAN_POINT('',(4.346079404,-6.346079404,-0.295122072));
#1189=CARTESIAN_POINT('',(4.419066401,-5.9696499,-0.445479113));
#1190=CARTESIAN_POINT('',(3.984677819,-6.459140851,-0.542227395));
#1191=CARTESIAN_POINT('',(4.415513313,-6.415513313,-0.409987075));
#1192=CARTESIAN_POINT('',(4.459140851,-5.984677819,-0.542227395));
#1193=CARTESIAN_POINT('',(3.990405001,-6.474413337,-0.592574037));
#1194=CARTESIAN_POINT('',(4.445524034,-6.445524034,-0.477886925));
#1195=CARTESIAN_POINT('',(4.474413337,-5.990405001,-0.592574037));
#1196=CARTESIAN_POINT('',(3.996150875,-6.489735668,-0.669604595));
#1197=CARTESIAN_POINT('',(4.477402414,-6.477402414,-0.592048442));
#1198=CARTESIAN_POINT('',(4.489735668,-5.996150875,-0.669604595));
#1199=CARTESIAN_POINT('',(3.997593139,-6.493581703,-0.69553246));
#1200=CARTESIAN_POINT('',(4.485763277,-6.485763277,-0.632227637));
#1201=CARTESIAN_POINT('',(4.493581703,-5.997593139,-0.69553246));
#1202=CARTESIAN_POINT('',(3.999517697,-6.498713859,-0.747640115));
#1203=CARTESIAN_POINT('',(4.497098008,-6.497098008,-0.715055127));
#1204=CARTESIAN_POINT('',(4.498713859,-5.999517697,-0.747640115));
#1205=CARTESIAN_POINT('',(4.0,-6.5,-0.773820079));
#1206=CARTESIAN_POINT('',(4.499999993,-6.499999993,-0.757453656));
#1207=CARTESIAN_POINT('',(4.5,-6.0,-0.773820079));
#1208=CARTESIAN_POINT('',(4.0,-6.5,-0.8));
#1209=CARTESIAN_POINT('',(4.5,-6.5,-0.8));
#1210=CARTESIAN_POINT('',(4.5,-6.0,-0.8));
#1217=EDGE_LOOP('',(#2884,#2885,#2886,#2887));
#1218=EDGE_LOOP('',(#2888,#2889));
#1219=AXIS2_PLACEMENT_3D('',#2890,#2891,#2892);
#1220=EDGE_LOOP('',(#2893,#2894,#2895));
#1222=CARTESIAN_POINT('',(-3.7,-5.7,0.0));
#1223=CARTESIAN_POINT('',(-3.7,-5.7,0.0));
#1224=CARTESIAN_POINT('',(-3.7,-5.7,0.0));
#1225=CARTESIAN_POINT('',(-3.804738563,-5.739276961,0.0));
#1226=CARTESIAN_POINT('',(-3.771987966,-5.771987966,0.0));
#1227=CARTESIAN_POINT('',(-3.739276961,-5.804738563,0.0));
#1228=CARTESIAN_POINT('',(-3.909398404,-5.778524402,-0.020821899));
#1229=CARTESIAN_POINT('',(-3.845780516,-5.845780516,-0.007654));
#1230=CARTESIAN_POINT('',(-3.778524402,-5.909398404,-0.020821899));
#1231=CARTESIAN_POINT('',(-4.054520917,-5.832945344,-0.080933612));
#1232=CARTESIAN_POINT('',(-3.955531949,-5.955531949,-0.033089295));
#1233=CARTESIAN_POINT('',(-3.832945344,-6.054520917,-0.080933612));
#1234=CARTESIAN_POINT('',(-4.100920587,-5.85034522,-0.105734753));
#1235=CARTESIAN_POINT('',(-3.993297578,-5.993297578,-0.044383946));
#1236=CARTESIAN_POINT('',(-3.85034522,-6.100920587,-0.105734753));
#1237=CARTESIAN_POINT('',(-4.187991786,-5.88299692,-0.163913868));
#1238=CARTESIAN_POINT('',(-4.069892747,-6.069892747,-0.074057597));
#1239=CARTESIAN_POINT('',(-3.88299692,-6.187991786,-0.163913868));
#1240=CARTESIAN_POINT('',(-4.228661446,-5.898248042,-0.197290596));
#1241=CARTESIAN_POINT('',(-4.109084582,-6.109084582,-0.092810845));
#1242=CARTESIAN_POINT('',(-3.898248042,-6.228661446,-0.197290596));
#1243=CARTESIAN_POINT('',(-4.302709404,-5.926016026,-0.271338554));
#1244=CARTESIAN_POINT('',(-4.188312485,-6.188312485,-0.141171097));
#1245=CARTESIAN_POINT('',(-3.926016026,-6.302709404,-0.271338554));
#1246=CARTESIAN_POINT('',(-4.336086142,-5.938532303,-0.312008228));
#1247=CARTESIAN_POINT('',(-4.228532584,-6.228532584,-0.171365125));
#1248=CARTESIAN_POINT('',(-3.938532303,-6.336086142,-0.312008228));
#1249=CARTESIAN_POINT('',(-4.394265238,-5.960349464,-0.399079399));
#1250=CARTESIAN_POINT('',(-4.307534726,-6.307534726,-0.247994639));
#1251=CARTESIAN_POINT('',(-3.960349464,-6.394265238,-0.399079399));
#1252=CARTESIAN_POINT('',(-4.419066401,-5.9696499,-0.445479113));
#1253=CARTESIAN_POINT('',(-4.346079404,-6.346079404,-0.295122072));
#1254=CARTESIAN_POINT('',(-3.9696499,-6.419066401,-0.445479113));
#1255=CARTESIAN_POINT('',(-4.459140851,-5.984677819,-0.542227395));
#1256=CARTESIAN_POINT('',(-4.415513313,-6.415513313,-0.409987075));
#1257=CARTESIAN_POINT('',(-3.984677819,-6.459140851,-0.542227395));
#1258=CARTESIAN_POINT('',(-4.474413337,-5.990405001,-0.592574037));
#1259=CARTESIAN_POINT('',(-4.445524034,-6.445524034,-0.477886925));
#1260=CARTESIAN_POINT('',(-3.990405001,-6.474413337,-0.592574037));
#1261=CARTESIAN_POINT('',(-4.489735668,-5.996150875,-0.669604595));
#1262=CARTESIAN_POINT('',(-4.477402414,-6.477402414,-0.592048442));
#1263=CARTESIAN_POINT('',(-3.996150875,-6.489735668,-0.669604595));
#1264=CARTESIAN_POINT('',(-4.493581703,-5.997593139,-0.69553246));
#1265=CARTESIAN_POINT('',(-4.485763277,-6.485763277,-0.632227637));
#1266=CARTESIAN_POINT('',(-3.997593139,-6.493581703,-0.69553246));
#1267=CARTESIAN_POINT('',(-4.498713859,-5.999517697,-0.747640115));
#1268=CARTESIAN_POINT('',(-4.497098008,-6.497098008,-0.715055127));
#1269=CARTESIAN_POINT('',(-3.999517697,-6.498713859,-0.747640115));
#1270=CARTESIAN_POINT('',(-4.5,-6.0,-0.773820079));
#1271=CARTESIAN_POINT('',(-4.499999993,-6.499999993,-0.757453656));
#1272=CARTESIAN_POINT('',(-4.0,-6.5,-0.773820079));
#1273=CARTESIAN_POINT('',(-4.5,-6.0,-0.8));
#1274=CARTESIAN_POINT('',(-4.5,-6.5,-0.8));
#1275=CARTESIAN_POINT('',(-4.0,-6.5,-0.8));
#1282=EDGE_LOOP('',(#2896,#2897,#2898,#2899,#2900,#2901,#2902,#2903,#2904,#2905,#2906,#2907,#2908,#2909,#2910,#2911));
#1283=AXIS2_PLACEMENT_3D('',#2912,#2913,#2914);
#1284=EDGE_LOOP('',(#2915,#2916,#2917,#2918));
#1285=AXIS2_PLACEMENT_3D('',#2919,#2920,#2921);
#1286=EDGE_LOOP('',(#2922,#2923,#2924,#2925));
#1287=AXIS2_PLACEMENT_3D('',#2926,#2927,#2928);
#1288=EDGE_LOOP('',(#2929,#2930,#2931,#2932));
#1289=AXIS2_PLACEMENT_3D('',#2933,#2934,#2935);
#1290=EDGE_LOOP('',(#2936,#2937,#2938,#2939));
#1291=AXIS2_PLACEMENT_3D('',#2940,#2941,#2942);
#1292=EDGE_LOOP('',(#2943,#2944,#2945,#2946));
#1293=AXIS2_PLACEMENT_3D('',#2947,#2948,#2949);
#1294=EDGE_LOOP('',(#2950,#2951,#2952,#2953));
#1295=AXIS2_PLACEMENT_3D('',#2954,#2955,#2956);
#1296=EDGE_LOOP('',(#2957,#2958,#2959,#2960,#2961,#2962));
#1297=EDGE_LOOP('',(#2963,#2964,#2965,#2966,#2967));
#1298=EDGE_LOOP('',(#2968,#2969,#2970,#2971,#2972,#2973));
#1299=AXIS2_PLACEMENT_3D('',#2974,#2975,#2976);
#1300=EDGE_LOOP('',(#2977,#2978,#2979,#2980,#2981,#2982,#2983,#2984,#2985));
#1301=AXIS2_PLACEMENT_3D('',#2986,#2987,#2988);
#1302=EDGE_LOOP('',(#2989,#2990,#2991,#2992));
#1303=AXIS2_PLACEMENT_3D('',#2993,#2994,#2995);
#1304=EDGE_LOOP('',(#2996,#2997,#2998,#2999));
#1305=AXIS2_PLACEMENT_3D('',#3000,#3001,#3002);
#1306=EDGE_LOOP('',(#3003,#3004,#3005,#3006,#3007));
#1307=AXIS2_PLACEMENT_3D('',#3008,#3009,#3010);
#1308=EDGE_LOOP('',(#3011,#3012,#3013,#3014));
#1309=AXIS2_PLACEMENT_3D('',#3015,#3016,#3017);
#1310=EDGE_LOOP('',(#3018,#3019,#3020,#3021));
#1311=AXIS2_PLACEMENT_3D('',#3022,#3023,#3024);
#1312=EDGE_LOOP('',(#3025,#3026,#3027,#3028));
#1313=AXIS2_PLACEMENT_3D('',#3029,#3030,#3031);
#1314=EDGE_LOOP('',(#3032,#3033,#3034,#3035));
#1315=AXIS2_PLACEMENT_3D('',#3036,#3037,#3038);
#1316=EDGE_LOOP('',(#3039,#3040,#3041,#3042,#3043,#3044,#3045,#3046,#3047,#3048));
#1317=AXIS2_PLACEMENT_3D('',#3049,#3050,#3051);
#1318=EDGE_LOOP('',(#3052,#3053,#3054,#3055));
#1319=AXIS2_PLACEMENT_3D('',#3056,#3057,#3058);
#1320=EDGE_LOOP('',(#3059,#3060,#3061,#3062,#3063,#3064));
#1321=AXIS2_PLACEMENT_3D('',#3065,#3066,#3067);
#1322=EDGE_LOOP('',(#3068,#3069,#3070,#3071));
#1323=AXIS2_PLACEMENT_3D('',#3072,#3073,#3074);
#1324=EDGE_LOOP('',(#3075,#3076,#3077,#3078,#3079,#3080,#3081,#3082));
#1325=AXIS2_PLACEMENT_3D('',#3083,#3084,#3085);
#1326=EDGE_LOOP('',(#3086,#3087,#3088,#3089,#3090,#3091));
#1327=AXIS2_PLACEMENT_3D('',#3092,#3093,#3094);
#1328=EDGE_LOOP('',(#3095,#3096,#3097,#3098));
#1329=AXIS2_PLACEMENT_3D('',#3099,#3100,#3101);
#1330=EDGE_LOOP('',(#3102,#3103,#3104,#3105));
#1331=AXIS2_PLACEMENT_3D('',#3106,#3107,#3108);
#1332=EDGE_LOOP('',(#3109,#3110,#3111,#3112));
#1333=AXIS2_PLACEMENT_3D('',#3113,#3114,#3115);
#1334=EDGE_LOOP('',(#3116,#3117,#3118,#3119));
#1335=AXIS2_PLACEMENT_3D('',#3120,#3121,#3122);
#1336=EDGE_LOOP('',(#3123,#3124,#3125,#3126));
#1337=AXIS2_PLACEMENT_3D('',#3127,#3128,#3129);
#1338=EDGE_LOOP('',(#3130,#3131,#3132,#3133));
#1339=AXIS2_PLACEMENT_3D('',#3134,#3135,#3136);
#1340=EDGE_LOOP('',(#3137,#3138,#3139,#3140));
#1341=AXIS2_PLACEMENT_3D('',#3141,#3142,#3143);
#1342=EDGE_LOOP('',(#3144,#3145,#3146,#3147));
#1343=AXIS2_PLACEMENT_3D('',#3148,#3149,#3150);
#1344=EDGE_LOOP('',(#3151,#3152,#3153,#3154));
#1345=AXIS2_PLACEMENT_3D('',#3155,#3156,#3157);
#1346=EDGE_LOOP('',(#3158,#3159,#3160,#3161));
#1347=AXIS2_PLACEMENT_3D('',#3162,#3163,#3164);
#1348=EDGE_LOOP('',(#3165,#3166,#3167,#3168));
#1349=AXIS2_PLACEMENT_3D('',#3169,#3170,#3171);
#1350=EDGE_LOOP('',(#3172,#3173,#3174,#3175));
#1351=AXIS2_PLACEMENT_3D('',#3176,#3177,#3178);
#1352=EDGE_LOOP('',(#3179,#3180,#3181,#3182));
#1353=AXIS2_PLACEMENT_3D('',#3183,#3184,#3185);
#1354=EDGE_LOOP('',(#3186,#3187,#3188,#3189));
#1355=AXIS2_PLACEMENT_3D('',#3190,#3191,#3192);
#1356=EDGE_LOOP('',(#3193,#3194,#3195,#3196));
#1357=AXIS2_PLACEMENT_3D('',#3197,#3198,#3199);
#1358=EDGE_LOOP('',(#3200,#3201,#3202,#3203));
#1359=AXIS2_PLACEMENT_3D('',#3204,#3205,#3206);
#1360=EDGE_LOOP('',(#3207,#3208,#3209,#3210,#3211,#3212));
#1361=AXIS2_PLACEMENT_3D('',#3213,#3214,#3215);
#1362=EDGE_LOOP('',(#3216,#3217,#3218,#3219));
#1363=AXIS2_PLACEMENT_3D('',#3220,#3221,#3222);
#1364=EDGE_LOOP('',(#3223,#3224,#3225,#3226));
#1365=AXIS2_PLACEMENT_3D('',#3227,#3228,#3229);
#1366=EDGE_LOOP('',(#3230,#3231,#3232,#3233));
#1367=AXIS2_PLACEMENT_3D('',#3234,#3235,#3236);
#1368=EDGE_LOOP('',(#3237,#3238,#3239,#3240));
#1369=AXIS2_PLACEMENT_3D('',#3241,#3242,#3243);
#1370=EDGE_LOOP('',(#3244,#3245,#3246,#3247));
#1371=AXIS2_PLACEMENT_3D('',#3248,#3249,#3250);
#1372=EDGE_LOOP('',(#3251,#3252,#3253,#3254));
#1373=AXIS2_PLACEMENT_3D('',#3255,#3256,#3257);
#1374=EDGE_LOOP('',(#3258,#3259,#3260,#3261,#3262,#3263,#3264,#3265,#3266,#3267,#3268,#3269,#3270,#3271,#3272,#3273,#3274,#3275,#3276,#3277,#3278));
#1375=AXIS2_PLACEMENT_3D('',#3279,#3280,#3281);
#1376=EDGE_LOOP('',(#3282,#3283,#3284,#3285));
#1377=AXIS2_PLACEMENT_3D('',#3286,#3287,#3288);
#1378=EDGE_LOOP('',(#3289,#3290,#3291,#3292));
#1379=AXIS2_PLACEMENT_3D('',#3293,#3294,#3295);
#1380=EDGE_LOOP('',(#3296,#3297,#3298,#3299,#3300,#3301,#3302,#3303,#3304,#3305));
#1381=EDGE_LOOP('',(#3306,#3307));
#1382=AXIS2_PLACEMENT_3D('',#3308,#3309,#3310);
#1383=EDGE_LOOP('',(#3311,#3312,#3313,#3314,#3315));
#1384=AXIS2_PLACEMENT_3D('',#3316,#3317,#3318);
#1385=EDGE_LOOP('',(#3319,#3320,#3321,#3322,#3323,#3324,#3325,#3326,#3327,#3328,#3329,#3330,#3331,#3332,#3333,#3334,#3335,#3336,#3337));
#1386=AXIS2_PLACEMENT_3D('',#3338,#3339,#3340);
#1387=EDGE_LOOP('',(#3341,#3342,#3343,#3344));
#1388=AXIS2_PLACEMENT_3D('',#3345,#3346,#3347);
#1389=EDGE_LOOP('',(#3348,#3349,#3350));
#1391=CARTESIAN_POINT('',(3.7,3.7,0.0));
#1392=CARTESIAN_POINT('',(3.7,3.7,0.0));
#1393=CARTESIAN_POINT('',(3.7,3.7,0.0));
#1394=CARTESIAN_POINT('',(3.804738563,3.739276961,0.0));
#1395=CARTESIAN_POINT('',(3.771987966,3.771987966,0.0));
#1396=CARTESIAN_POINT('',(3.739276961,3.804738563,0.0));
#1397=CARTESIAN_POINT('',(3.909398404,3.778524402,-0.020821899));
#1398=CARTESIAN_POINT('',(3.845780516,3.845780516,-0.007654));
#1399=CARTESIAN_POINT('',(3.778524402,3.909398404,-0.020821899));
#1400=CARTESIAN_POINT('',(4.054520917,3.832945344,-0.080933612));
#1401=CARTESIAN_POINT('',(3.955531949,3.955531949,-0.033089295));
#1402=CARTESIAN_POINT('',(3.832945344,4.054520917,-0.080933612));
#1403=CARTESIAN_POINT('',(4.100920587,3.85034522,-0.105734753));
#1404=CARTESIAN_POINT('',(3.993297578,3.993297578,-0.044383946));
#1405=CARTESIAN_POINT('',(3.85034522,4.100920587,-0.105734753));
#1406=CARTESIAN_POINT('',(4.187991786,3.88299692,-0.163913868));
#1407=CARTESIAN_POINT('',(4.069892747,4.069892747,-0.074057597));
#1408=CARTESIAN_POINT('',(3.88299692,4.187991786,-0.163913868));
#1409=CARTESIAN_POINT('',(4.228661446,3.898248042,-0.197290596));
#1410=CARTESIAN_POINT('',(4.109084582,4.109084582,-0.092810845));
#1411=CARTESIAN_POINT('',(3.898248042,4.228661446,-0.197290596));
#1412=CARTESIAN_POINT('',(4.302709404,3.926016026,-0.271338554));
#1413=CARTESIAN_POINT('',(4.188312485,4.188312485,-0.141171097));
#1414=CARTESIAN_POINT('',(3.926016026,4.302709404,-0.271338554));
#1415=CARTESIAN_POINT('',(4.336086142,3.938532303,-0.312008228));
#1416=CARTESIAN_POINT('',(4.228532584,4.228532584,-0.171365125));
#1417=CARTESIAN_POINT('',(3.938532303,4.336086142,-0.312008228));
#1418=CARTESIAN_POINT('',(4.394265238,3.960349464,-0.399079399));
#1419=CARTESIAN_POINT('',(4.307534726,4.307534726,-0.247994639));
#1420=CARTESIAN_POINT('',(3.960349464,4.394265238,-0.399079399));
#1421=CARTESIAN_POINT('',(4.419066401,3.9696499,-0.445479113));
#1422=CARTESIAN_POINT('',(4.346079404,4.346079404,-0.295122072));
#1423=CARTESIAN_POINT('',(3.9696499,4.419066401,-0.445479113));
#1424=CARTESIAN_POINT('',(4.459140851,3.984677819,-0.542227395));
#1425=CARTESIAN_POINT('',(4.415513313,4.415513313,-0.409987075));
#1426=CARTESIAN_POINT('',(3.984677819,4.459140851,-0.542227395));
#1427=CARTESIAN_POINT('',(4.474413337,3.990405001,-0.592574037));
#1428=CARTESIAN_POINT('',(4.445524034,4.445524034,-0.477886925));
#1429=CARTESIAN_POINT('',(3.990405001,4.474413337,-0.592574037));
#1430=CARTESIAN_POINT('',(4.489735668,3.996150875,-0.669604595));
#1431=CARTESIAN_POINT('',(4.477402414,4.477402414,-0.592048442));
#1432=CARTESIAN_POINT('',(3.996150875,4.489735668,-0.669604595));
#1433=CARTESIAN_POINT('',(4.493581703,3.997593139,-0.69553246));
#1434=CARTESIAN_POINT('',(4.485763277,4.485763277,-0.632227637));
#1435=CARTESIAN_POINT('',(3.997593139,4.493581703,-0.69553246));
#1436=CARTESIAN_POINT('',(4.498713859,3.999517697,-0.747640115));
#1437=CARTESIAN_POINT('',(4.497098008,4.497098008,-0.715055127));
#1438=CARTESIAN_POINT('',(3.999517697,4.498713859,-0.747640115));
#1439=CARTESIAN_POINT('',(4.5,4.0,-0.773820079));
#1440=CARTESIAN_POINT('',(4.499999993,4.499999993,-0.757453656));
#1441=CARTESIAN_POINT('',(4.0,4.5,-0.773820079));
#1442=CARTESIAN_POINT('',(4.5,4.0,-0.8));
#1443=CARTESIAN_POINT('',(4.5,4.5,-0.8));
#1444=CARTESIAN_POINT('',(4.0,4.5,-0.8));
#1451=EDGE_LOOP('',(#3351,#3352,#3353));
#1453=CARTESIAN_POINT('',(-3.7,3.7,0.0));
#1454=CARTESIAN_POINT('',(-3.7,3.7,0.0));
#1455=CARTESIAN_POINT('',(-3.7,3.7,0.0));
#1456=CARTESIAN_POINT('',(-3.739276961,3.804738563,0.0));
#1457=CARTESIAN_POINT('',(-3.771987966,3.771987966,0.0));
#1458=CARTESIAN_POINT('',(-3.804738563,3.739276961,0.0));
#1459=CARTESIAN_POINT('',(-3.778524402,3.909398404,-0.020821899));
#1460=CARTESIAN_POINT('',(-3.845780516,3.845780516,-0.007654));
#1461=CARTESIAN_POINT('',(-3.909398404,3.778524402,-0.020821899));
#1462=CARTESIAN_POINT('',(-3.832945344,4.054520917,-0.080933612));
#1463=CARTESIAN_POINT('',(-3.955531949,3.955531949,-0.033089295));
#1464=CARTESIAN_POINT('',(-4.054520917,3.832945344,-0.080933612));
#1465=CARTESIAN_POINT('',(-3.85034522,4.100920587,-0.105734753));
#1466=CARTESIAN_POINT('',(-3.993297578,3.993297578,-0.044383946));
#1467=CARTESIAN_POINT('',(-4.100920587,3.85034522,-0.105734753));
#1468=CARTESIAN_POINT('',(-3.88299692,4.187991786,-0.163913868));
#1469=CARTESIAN_POINT('',(-4.069892747,4.069892747,-0.074057597));
#1470=CARTESIAN_POINT('',(-4.187991786,3.88299692,-0.163913868));
#1471=CARTESIAN_POINT('',(-3.898248042,4.228661446,-0.197290596));
#1472=CARTESIAN_POINT('',(-4.109084582,4.109084582,-0.092810845));
#1473=CARTESIAN_POINT('',(-4.228661446,3.898248042,-0.197290596));
#1474=CARTESIAN_POINT('',(-3.926016026,4.302709404,-0.271338554));
#1475=CARTESIAN_POINT('',(-4.188312485,4.188312485,-0.141171097));
#1476=CARTESIAN_POINT('',(-4.302709404,3.926016026,-0.271338554));
#1477=CARTESIAN_POINT('',(-3.938532303,4.336086142,-0.312008228));
#1478=CARTESIAN_POINT('',(-4.228532584,4.228532584,-0.171365125));
#1479=CARTESIAN_POINT('',(-4.336086142,3.938532303,-0.312008228));
#1480=CARTESIAN_POINT('',(-3.960349464,4.394265238,-0.399079399));
#1481=CARTESIAN_POINT('',(-4.307534726,4.307534726,-0.247994639));
#1482=CARTESIAN_POINT('',(-4.394265238,3.960349464,-0.399079399));
#1483=CARTESIAN_POINT('',(-3.9696499,4.419066401,-0.445479113));
#1484=CARTESIAN_POINT('',(-4.346079404,4.346079404,-0.295122072));
#1485=CARTESIAN_POINT('',(-4.419066401,3.9696499,-0.445479113));
#1486=CARTESIAN_POINT('',(-3.984677819,4.459140851,-0.542227395));
#1487=CARTESIAN_POINT('',(-4.415513313,4.415513313,-0.409987075));
#1488=CARTESIAN_POINT('',(-4.459140851,3.984677819,-0.542227395));
#1489=CARTESIAN_POINT('',(-3.990405001,4.474413337,-0.592574037));
#1490=CARTESIAN_POINT('',(-4.445524034,4.445524034,-0.477886925));
#1491=CARTESIAN_POINT('',(-4.474413337,3.990405001,-0.592574037));
#1492=CARTESIAN_POINT('',(-3.996150875,4.489735668,-0.669604595));
#1493=CARTESIAN_POINT('',(-4.477402414,4.477402414,-0.592048442));
#1494=CARTESIAN_POINT('',(-4.489735668,3.996150875,-0.669604595));
#1495=CARTESIAN_POINT('',(-3.997593139,4.493581703,-0.69553246));
#1496=CARTESIAN_POINT('',(-4.485763277,4.485763277,-0.632227637));
#1497=CARTESIAN_POINT('',(-4.493581703,3.997593139,-0.69553246));
#1498=CARTESIAN_POINT('',(-3.999517697,4.498713859,-0.747640115));
#1499=CARTESIAN_POINT('',(-4.497098008,4.497098008,-0.715055127));
#1500=CARTESIAN_POINT('',(-4.498713859,3.999517697,-0.747640115));
#1501=CARTESIAN_POINT('',(-4.0,4.5,-0.773820079));
#1502=CARTESIAN_POINT('',(-4.499999993,4.499999993,-0.757453656));
#1503=CARTESIAN_POINT('',(-4.5,4.0,-0.773820079));
#1504=CARTESIAN_POINT('',(-4.0,4.5,-0.8));
#1505=CARTESIAN_POINT('',(-4.5,4.5,-0.8));
#1506=CARTESIAN_POINT('',(-4.5,4.0,-0.8));
#1513=EDGE_LOOP('',(#3354,#3355,#3356,#3357,#3358,#3359,#3360,#3361,#3362));
#1514=AXIS2_PLACEMENT_3D('',#3363,#3364,#3365);
#1515=EDGE_LOOP('',(#3366,#3367,#3368,#3369,#3370));
#1516=AXIS2_PLACEMENT_3D('',#3371,#3372,#3373);
#1517=EDGE_LOOP('',(#3374,#3375,#3376,#3377));
#1518=AXIS2_PLACEMENT_3D('',#3378,#3379,#3380);
#1519=EDGE_LOOP('',(#3381,#3382,#3383,#3384));
#1520=AXIS2_PLACEMENT_3D('',#3385,#3386,#3387);
#1521=EDGE_LOOP('',(#3388,#3389,#3390,#3391));
#1522=AXIS2_PLACEMENT_3D('',#3392,#3393,#3394);
#1523=EDGE_LOOP('',(#3395,#3396,#3397,#3398));
#1524=AXIS2_PLACEMENT_3D('',#3399,#3400,#3401);
#1525=EDGE_LOOP('',(#3402,#3403,#3404,#3405));
#1526=AXIS2_PLACEMENT_3D('',#3406,#3407,#3408);
#1527=EDGE_LOOP('',(#3409,#3410,#3411,#3412));
#1528=AXIS2_PLACEMENT_3D('',#3413,#3414,#3415);
#1529=EDGE_LOOP('',(#3416,#3417,#3418,#3419));
#1530=AXIS2_PLACEMENT_3D('',#3420,#3421,#3422);
#1531=EDGE_LOOP('',(#3423,#3424));
#1532=EDGE_LOOP('',(#3425,#3426));
#1533=AXIS2_PLACEMENT_3D('',#3427,#3428,#3429);
#1534=EDGE_LOOP('',(#3430,#3431,#3432,#3433));
#1535=AXIS2_PLACEMENT_3D('',#3434,#3435,#3436);
#1536=EDGE_LOOP('',(#3437,#3438,#3439,#3440,#3441));
#1537=AXIS2_PLACEMENT_3D('',#3442,#3443,#3444);
#1538=EDGE_LOOP('',(#3445,#3446,#3447,#3448,#3449,#3450));
#1539=AXIS2_PLACEMENT_3D('',#3451,#3452,#3453);
#1540=EDGE_LOOP('',(#3454,#3455,#3456,#3457));
#1541=AXIS2_PLACEMENT_3D('',#3458,#3459,#3460);
#1542=EDGE_LOOP('',(#3461,#3462,#3463,#3464));
#1543=AXIS2_PLACEMENT_3D('',#3465,#3466,#3467);
#1544=EDGE_LOOP('',(#3468,#3469,#3470,#3471,#3472));
#1545=AXIS2_PLACEMENT_3D('',#3473,#3474,#3475);
#1546=EDGE_LOOP('',(#3476,#3477,#3478,#3479));
#1547=AXIS2_PLACEMENT_3D('',#3480,#3481,#3482);
#1548=EDGE_LOOP('',(#3483,#3484,#3485,#3486,#3487));
#1549=AXIS2_PLACEMENT_3D('',#3488,#3489,#3490);
#1550=EDGE_LOOP('',(#3491,#3492,#3493,#3494));
#1551=AXIS2_PLACEMENT_3D('',#3495,#3496,#3497);
#1552=EDGE_LOOP('',(#3498,#3499,#3500,#3501));
#1553=AXIS2_PLACEMENT_3D('',#3502,#3503,#3504);
#1554=EDGE_LOOP('',(#3505,#3506,#3507,#3508));
#1555=AXIS2_PLACEMENT_3D('',#3509,#3510,#3511);
#1556=EDGE_LOOP('',(#3512,#3513,#3514,#3515));
#1557=AXIS2_PLACEMENT_3D('',#3516,#3517,#3518);
#1558=EDGE_LOOP('',(#3519,#3520));
#1559=AXIS2_PLACEMENT_3D('',#3521,#3522,#3523);
#1560=EDGE_LOOP('',(#3524,#3525,#3526,#3527));
#1561=AXIS2_PLACEMENT_3D('',#3528,#3529,#3530);
#1562=EDGE_LOOP('',(#3531,#3532,#3533,#3534));
#1563=AXIS2_PLACEMENT_3D('',#3535,#3536,#3537);
#1564=EDGE_LOOP('',(#3538,#3539,#3540,#3541));
#1565=AXIS2_PLACEMENT_3D('',#3542,#3543,#3544);
#1566=EDGE_LOOP('',(#3545,#3546,#3547,#3548));
#1567=AXIS2_PLACEMENT_3D('',#3549,#3550,#3551);
#1568=EDGE_LOOP('',(#3552,#3553,#3554,#3555));
#1569=AXIS2_PLACEMENT_3D('',#3556,#3557,#3558);
#1570=EDGE_LOOP('',(#3559,#3560,#3561,#3562,#3563,#3564));
#1571=AXIS2_PLACEMENT_3D('',#3565,#3566,#3567);
#1572=EDGE_LOOP('',(#3568,#3569,#3570,#3571));
#1573=AXIS2_PLACEMENT_3D('',#3572,#3573,#3574);
#1574=EDGE_LOOP('',(#3575,#3576));
#1575=EDGE_LOOP('',(#3577,#3578));
#1576=AXIS2_PLACEMENT_3D('',#3579,#3580,#3581);
#1577=EDGE_LOOP('',(#3582,#3583,#3584,#3585,#3586));
#1578=AXIS2_PLACEMENT_3D('',#3587,#3588,#3589);
#1579=FILL_AREA_STYLE('',(#3590));
#1580=EDGE_LOOP('',(#3591,#3592,#3593,#3594,#3595));
#1581=AXIS2_PLACEMENT_3D('',#3596,#3597,#3598);
#1582=EDGE_LOOP('',(#3599,#3600,#3601,#3602,#3603));
#1583=AXIS2_PLACEMENT_3D('',#3604,#3605,#3606);
#1584=EDGE_LOOP('',(#3607,#3608,#3609,#3610,#3611));
#1585=AXIS2_PLACEMENT_3D('',#3612,#3613,#3614);
#1586=EDGE_LOOP('',(#3615,#3616,#3617,#3618,#3619));
#1587=AXIS2_PLACEMENT_3D('',#3620,#3621,#3622);
#1588=EDGE_LOOP('',(#3623,#3624));
#1589=AXIS2_PLACEMENT_3D('',#3625,#3626,#3627);
#1590=EDGE_LOOP('',(#3628,#3629));
#1591=AXIS2_PLACEMENT_3D('',#3630,#3631,#3632);
#1592=FILL_AREA_STYLE('',(#3633));
#1593=EDGE_LOOP('',(#3634,#3635,#3636,#3637));
#1594=AXIS2_PLACEMENT_3D('',#3638,#3639,#3640);
#1595=EDGE_LOOP('',(#3641,#3642,#3643,#3644,#3645,#3646,#3647,#3648,#3649,#3650,#3651,#3652));
#1596=AXIS2_PLACEMENT_3D('',#3653,#3654,#3655);
#1597=EDGE_LOOP('',(#3656,#3657,#3658,#3659));
#1598=AXIS2_PLACEMENT_3D('',#3660,#3661,#3662);
#1599=EDGE_LOOP('',(#3663,#3664,#3665,#3666,#3667,#3668,#3669,#3670,#3671,#3672,#3673,#3674));
#1600=AXIS2_PLACEMENT_3D('',#3675,#3676,#3677);
#1601=EDGE_LOOP('',(#3678,#3679,#3680,#3681));
#1602=AXIS2_PLACEMENT_3D('',#3682,#3683,#3684);
#1603=EDGE_LOOP('',(#3685,#3686,#3687,#3688));
#1604=AXIS2_PLACEMENT_3D('',#3689,#3690,#3691);
#1605=EDGE_LOOP('',(#3692,#3693,#3694,#3695));
#1606=AXIS2_PLACEMENT_3D('',#3696,#3697,#3698);
#1607=EDGE_LOOP('',(#3699,#3700,#3701,#3702));
#1608=AXIS2_PLACEMENT_3D('',#3703,#3704,#3705);
#1609=EDGE_LOOP('',(#3706,#3707,#3708,#3709));
#1610=AXIS2_PLACEMENT_3D('',#3710,#3711,#3712);
#1611=EDGE_LOOP('',(#3713,#3714,#3715,#3716));
#1612=AXIS2_PLACEMENT_3D('',#3717,#3718,#3719);
#1613=EDGE_LOOP('',(#3720,#3721,#3722,#3723));
#1614=AXIS2_PLACEMENT_3D('',#3724,#3725,#3726);
#1615=EDGE_LOOP('',(#3727,#3728,#3729,#3730));
#1616=AXIS2_PLACEMENT_3D('',#3731,#3732,#3733);
#1617=EDGE_LOOP('',(#3734,#3735,#3736,#3737,#3738,#3739));
#1618=AXIS2_PLACEMENT_3D('',#3740,#3741,#3742);
#1619=EDGE_LOOP('',(#3743,#3744,#3745,#3746,#3747,#3748));
#1620=AXIS2_PLACEMENT_3D('',#3749,#3750,#3751);
#1621=EDGE_LOOP('',(#3752,#3753,#3754,#3755));
#1622=AXIS2_PLACEMENT_3D('',#3756,#3757,#3758);
#1623=EDGE_LOOP('',(#3759,#3760,#3761,#3762));
#1624=AXIS2_PLACEMENT_3D('',#3763,#3764,#3765);
#1625=FILL_AREA_STYLE('',(#3766));
#1626=EDGE_LOOP('',(#3767,#3768,#3769,#3770));
#1627=AXIS2_PLACEMENT_3D('',#3771,#3772,#3773);
#1628=EDGE_LOOP('',(#3774,#3775,#3776,#3777));
#1629=AXIS2_PLACEMENT_3D('',#3778,#3779,#3780);
#1630=EDGE_LOOP('',(#3781,#3782,#3783,#3784));
#1631=AXIS2_PLACEMENT_3D('',#3785,#3786,#3787);
#1632=EDGE_LOOP('',(#3788,#3789,#3790,#3791));
#1633=AXIS2_PLACEMENT_3D('',#3792,#3793,#3794);
#1634=EDGE_LOOP('',(#3795,#3796,#3797,#3798));
#1635=AXIS2_PLACEMENT_3D('',#3799,#3800,#3801);
#1636=EDGE_LOOP('',(#3802,#3803,#3804,#3805));
#1637=AXIS2_PLACEMENT_3D('',#3806,#3807,#3808);
#1638=EDGE_LOOP('',(#3809,#3810,#3811,#3812));
#1639=AXIS2_PLACEMENT_3D('',#3813,#3814,#3815);
#1640=EDGE_LOOP('',(#3816,#3817,#3818,#3819));
#1641=AXIS2_PLACEMENT_3D('',#3820,#3821,#3822);
#1642=EDGE_LOOP('',(#3823,#3824,#3825,#3826));
#1643=AXIS2_PLACEMENT_3D('',#3827,#3828,#3829);
#1644=EDGE_LOOP('',(#3830,#3831,#3832,#3833,#3834,#3835));
#1645=CARTESIAN_POINT('',(-2.35714376,-5.45233039,-2.6000000000013));
#1646=CARTESIAN_POINT('',(-2.345584785,-5.45233039,-2.3810268170013));
#1647=CARTESIAN_POINT('',(-2.334057336,-5.378322806,-2.1633061190013));
#1648=CARTESIAN_POINT('',(-2.310970912,-5.112081519,-1.8163337200013));
#1649=CARTESIAN_POINT('',(-2.2994277,-4.920645608,-1.6884203330013));
#1650=CARTESIAN_POINT('',(-2.276341275,-4.49819878,-1.5752260470013));
#1651=CARTESIAN_POINT('',(-2.264798063,-4.268453724,-1.5902843330013));
#1652=CARTESIAN_POINT('',(-2.241711639,-3.864395808,-1.7576506030013));
#1653=CARTESIAN_POINT('',(-2.23018419,-3.691443011,-1.9091984660013));
#1654=CARTESIAN_POINT('',(-2.218625215,-3.58195642,-2.0988348050013));
#1655=CARTESIAN_POINT('',(-2.35714376,-5.450000007,-2.6000000000013));
#1656=CARTESIAN_POINT('',(-2.345584785,-5.450000007,-2.3815359270013));
#1657=CARTESIAN_POINT('',(-2.334057336,-5.376164488,-2.1643214170013));
#1658=CARTESIAN_POINT('',(-2.310970912,-5.110542203,-1.8181557170013));
#1659=CARTESIAN_POINT('',(-2.2994277,-4.919551373,-1.6905397240013));
#1660=CARTESIAN_POINT('',(-2.276341275,-4.49808672,-1.5776086110013));
#1661=CARTESIAN_POINT('',(-2.264798063,-4.268875813,-1.5926318870013));
#1662=CARTESIAN_POINT('',(-2.241711639,-3.865757317,-1.7596090360013));
#1663=CARTESIAN_POINT('',(-2.23018419,-3.693206627,-1.9108045600013));
#1664=CARTESIAN_POINT('',(-2.218625215,-3.583974591,-2.0999999970013));
#1665=CARTESIAN_POINT('',(-2.35714376,-5.150000007,-2.6000000000013));
#1666=CARTESIAN_POINT('',(-2.345584831,-5.150000007,-2.4470757530013));
#1667=CARTESIAN_POINT('',(-2.334057336,-5.098315143,-2.2950249910013));
#1668=CARTESIAN_POINT('',(-2.310970912,-4.912379544,-2.0527090000013));
#1669=CARTESIAN_POINT('',(-2.2994277,-4.778685962,-1.9633778050013));
#1670=CARTESIAN_POINT('',(-2.276341275,-4.483660704,-1.8843260260013));
#1671=CARTESIAN_POINT('',(-2.264798063,-4.323213069,-1.8948423190013));
#1672=CARTESIAN_POINT('',(-2.241711639,-4.041030121,-2.0117263230013));
#1673=CARTESIAN_POINT('',(-2.230184144,-3.920244335,-2.1175637140013));
#1674=CARTESIAN_POINT('',(-2.218625215,-3.843782212,-2.2499999970013));
#1675=CARTESIAN_POINT('',(-2.35714376,-5.14900000344344,-2.6000000000013));
#1676=CARTESIAN_POINT('',(-2.345584831,-5.14900000344344,-2.44729421978582));
#1677=CARTESIAN_POINT('',(-2.334057336,-5.09738897529216,-2.29546067111851));
#1678=CARTESIAN_POINT('',(-2.310970912,-4.91171899929329,-2.05349084721759));
#1679=CARTESIAN_POINT('',(-2.2994277,-4.77821640896547,-1.96428726868566));
#1680=CARTESIAN_POINT('',(-2.276341275,-4.48361261698131,-1.88534842081391));
#1681=CARTESIAN_POINT('',(-2.264798063,-4.32339419385169,-1.89584969043479));
#1682=CARTESIAN_POINT('',(-2.241711639,-4.0416143659389,-2.01256671681955));
#1683=CARTESIAN_POINT('',(-2.230184144,-3.92100113016113,-2.11825291350852));
#1684=CARTESIAN_POINT('',(-2.218625215,-3.84464824055339,-2.25049999851425));
#1685=EDGE_LOOP('',(#3836,#3837,#3838,#3839,#3840,#3841));
#1686=CARTESIAN_POINT('',(2.218625215,-3.58195642,-2.0988348050013));
#1687=CARTESIAN_POINT('',(2.23018419,-3.691443011,-1.9091984660013));
#1688=CARTESIAN_POINT('',(2.241711639,-3.864395808,-1.7576506030013));
#1689=CARTESIAN_POINT('',(2.264798063,-4.268453724,-1.5902843330013));
#1690=CARTESIAN_POINT('',(2.276341275,-4.49819878,-1.5752260470013));
#1691=CARTESIAN_POINT('',(2.2994277,-4.920645608,-1.6884203330013));
#1692=CARTESIAN_POINT('',(2.310970912,-5.112081519,-1.8163337200013));
#1693=CARTESIAN_POINT('',(2.334057336,-5.378322806,-2.1633061190013));
#1694=CARTESIAN_POINT('',(2.345584785,-5.45233039,-2.3810268170013));
#1695=CARTESIAN_POINT('',(2.35714376,-5.45233039,-2.6000000000013));
#1696=CARTESIAN_POINT('',(2.218625215,-3.583974591,-2.0999999970013));
#1697=CARTESIAN_POINT('',(2.23018419,-3.693206627,-1.9108045600013));
#1698=CARTESIAN_POINT('',(2.241711639,-3.865757317,-1.7596090360013));
#1699=CARTESIAN_POINT('',(2.264798063,-4.268875813,-1.5926318870013));
#1700=CARTESIAN_POINT('',(2.276341275,-4.49808672,-1.5776086110013));
#1701=CARTESIAN_POINT('',(2.2994277,-4.919551373,-1.6905397240013));
#1702=CARTESIAN_POINT('',(2.310970912,-5.110542203,-1.8181557170013));
#1703=CARTESIAN_POINT('',(2.334057336,-5.376164488,-2.1643214170013));
#1704=CARTESIAN_POINT('',(2.345584785,-5.450000007,-2.3815359270013));
#1705=CARTESIAN_POINT('',(2.35714376,-5.450000007,-2.6000000000013));
#1706=CARTESIAN_POINT('',(2.218625215,-3.843782212,-2.2499999970013));
#1707=CARTESIAN_POINT('',(2.230184144,-3.920244335,-2.1175637140013));
#1708=CARTESIAN_POINT('',(2.241711639,-4.041030121,-2.0117263230013));
#1709=CARTESIAN_POINT('',(2.264798063,-4.323213069,-1.8948423190013));
#1710=CARTESIAN_POINT('',(2.276341275,-4.483660704,-1.8843260260013));
#1711=CARTESIAN_POINT('',(2.2994277,-4.778685962,-1.9633778050013));
#1712=CARTESIAN_POINT('',(2.310970912,-4.912379544,-2.0527090000013));
#1713=CARTESIAN_POINT('',(2.334057336,-5.098315143,-2.2950249910013));
#1714=CARTESIAN_POINT('',(2.345584831,-5.150000007,-2.4470757530013));
#1715=CARTESIAN_POINT('',(2.35714376,-5.150000007,-2.6000000000013));
#1716=CARTESIAN_POINT('',(2.218625215,-3.84464824051198,-2.25049999849034));
#1717=CARTESIAN_POINT('',(2.230184144,-3.92100113012494,-2.11825291347556));
#1718=CARTESIAN_POINT('',(2.241711639,-4.04161436591096,-2.01256671677936));
#1719=CARTESIAN_POINT('',(2.264798063,-4.32339419384303,-1.89584969038661));
#1720=CARTESIAN_POINT('',(2.276341275,-4.48361261698361,-1.88534842076501));
#1721=CARTESIAN_POINT('',(2.2994277,-4.77821640898792,-1.96428726864217));
#1722=CARTESIAN_POINT('',(2.310970912,-4.91171899932488,-2.0534908471802));
#1723=CARTESIAN_POINT('',(2.334057336,-5.09738897533645,-2.29546067109768));
#1724=CARTESIAN_POINT('',(2.345584831,-5.14900000349126,-2.44729421977537));
#1725=CARTESIAN_POINT('',(2.35714376,-5.14900000349126,-2.6000000000013));
#1726=EDGE_LOOP('',(#3842,#3843,#3844,#3845));
#1727=AXIS2_PLACEMENT_3D('',#3846,#3847,#3848);
#1728=EDGE_LOOP('',(#3849,#3850,#3851,#3852));
#1729=AXIS2_PLACEMENT_3D('',#3853,#3854,#3855);
#1730=EDGE_LOOP('',(#3856,#3857,#3858,#3859));
#1731=AXIS2_PLACEMENT_3D('',#3860,#3861,#3862);
#1732=EDGE_LOOP('',(#3863,#3864,#3865,#3866));
#1733=AXIS2_PLACEMENT_3D('',#3867,#3868,#3869);
#1734=EDGE_LOOP('',(#3870,#3871,#3872,#3873));
#1735=AXIS2_PLACEMENT_3D('',#3874,#3875,#3876);
#1736=EDGE_LOOP('',(#3877,#3878,#3879,#3880));
#1737=CARTESIAN_POINT('',(1.98332116138769,-2.20973618287048,-5.4556784012528));
#1738=CARTESIAN_POINT('',(1.98333353025846,-2.20958592921459,-5.45547900791729));
#1739=CARTESIAN_POINT('',(1.98334589912923,-2.20943567555871,-5.45527961458179));
#1740=CARTESIAN_POINT('',(1.983358268,-2.20928542190282,-5.45508022124629));
#1741=CARTESIAN_POINT('',(1.991098982,-2.11525334740562,-5.33029544401226));
#1742=CARTESIAN_POINT('',(1.998826172,-2.05901683851767,-5.17774606310533));
#1743=CARTESIAN_POINT('',(2.014294076,-2.03995614443535,-4.86610646740573));
#1744=CARTESIAN_POINT('',(2.022021266,-2.07718238269847,-4.70784066015515));
#1745=CARTESIAN_POINT('',(2.02976198,-2.15530611743209,-4.5725263822007));
#1746=CARTESIAN_POINT('',(1.98332116138769,-2.21053425221918,-5.45507584221631));
#1747=CARTESIAN_POINT('',(1.98333353025846,-2.21038418614612,-5.45487669781131));
#1748=CARTESIAN_POINT('',(1.98334589912923,-2.21023412007306,-5.4546775534063));
#1749=CARTESIAN_POINT('',(1.983358268,-2.210084054,-5.4544784090013));
#1750=CARTESIAN_POINT('',(1.991098982,-2.116169373,-5.3298494180013));
#1751=CARTESIAN_POINT('',(1.998826172,-2.060003071,-5.1774904840013));
#1752=CARTESIAN_POINT('',(2.014294076,-2.040966173,-4.8662399500013));
#1753=CARTESIAN_POINT('',(2.022021266,-2.078145937,-4.7081717260013));
#1754=CARTESIAN_POINT('',(2.02976198,-2.156172139,-4.5730263800013));
#1755=CARTESIAN_POINT('',(1.98332116151233,-2.44995607994922,-5.27430729651732));
#1756=CARTESIAN_POINT('',(1.98333353034155,-2.44986228896615,-5.27418283167864));
#1757=CARTESIAN_POINT('',(1.98334589917078,-2.44976849798307,-5.27405836683997));
#1758=CARTESIAN_POINT('',(1.983358268,-2.449674707,-5.2739339020013));
#1759=CARTESIAN_POINT('',(1.991098956,-2.390978227,-5.1960410420013));
#1760=CARTESIAN_POINT('',(1.998826172,-2.355874092,-5.1008164470013));
#1761=CARTESIAN_POINT('',(2.014294076,-2.343976031,-4.9062848620013));
#1762=CARTESIAN_POINT('',(2.022021292,-2.367213546,-4.8074919400013));
#1763=CARTESIAN_POINT('',(2.02976198,-2.41597976,-4.7230263800013));
#1764=EDGE_LOOP('',(#3881,#3882,#3883,#3884));
#1765=AXIS2_PLACEMENT_3D('',#3885,#3886,#3887);
#1766=EDGE_LOOP('',(#3888,#3889,#3890,#3891));
#1767=CARTESIAN_POINT('',(-2.02979908665841,-2.15633871206467,-4.57225849719508));
#1768=CARTESIAN_POINT('',(-2.02978671777227,-2.15621399664971,-4.5724745106301));
#1769=CARTESIAN_POINT('',(-2.02977434888614,-2.15608928123474,-4.57269052406513));
#1770=CARTESIAN_POINT('',(-2.02976198,-2.15596456581978,-4.57290653750015));
#1771=CARTESIAN_POINT('',(-2.022021266,-2.07791498658347,-4.70809237413415));
#1772=CARTESIAN_POINT('',(-2.014294076,-2.0407240833506,-4.86620795608434));
#1773=CARTESIAN_POINT('',(-1.998826172,-2.05976668493974,-5.17755174274891));
#1774=CARTESIAN_POINT('',(-1.991098982,-2.11594981455186,-5.32995632410267));
#1775=CARTESIAN_POINT('',(-1.983358268,-2.20989263313628,-5.45462265500514));
#1776=CARTESIAN_POINT('',(-1.98334589896735,-2.21004274613497,-5.45482186168266));
#1777=CARTESIAN_POINT('',(-1.9833335299347,-2.21019285913366,-5.45502106836018));
#1778=CARTESIAN_POINT('',(-1.98332116090204,-2.21034297213234,-5.4552202750377));
#1779=CARTESIAN_POINT('',(-2.02979908665841,-2.15654617318144,-4.57237853379618));
#1780=CARTESIAN_POINT('',(-2.02978671777227,-2.15642149512096,-4.57259448253122));
#1781=CARTESIAN_POINT('',(-2.02977434888614,-2.15629681706048,-4.57281043126626));
#1782=CARTESIAN_POINT('',(-2.02976198,-2.156172139,-4.5730263800013));
#1783=CARTESIAN_POINT('',(-2.022021266,-2.078145937,-4.7081717260013));
#1784=CARTESIAN_POINT('',(-2.014294076,-2.040966173,-4.8662399500013));
#1785=CARTESIAN_POINT('',(-1.998826172,-2.060003071,-5.1774904840013));
#1786=CARTESIAN_POINT('',(-1.991098982,-2.116169373,-5.3298494180013));
#1787=CARTESIAN_POINT('',(-1.983358268,-2.210084054,-5.4544784090013));
#1788=CARTESIAN_POINT('',(-1.98334589896735,-2.21023412203711,-5.45467755601269));
#1789=CARTESIAN_POINT('',(-1.9833335299347,-2.21038419007422,-5.45487670302408));
#1790=CARTESIAN_POINT('',(-1.98332116090204,-2.21053425811133,-5.45507585003546));
#1791=CARTESIAN_POINT('',(-2.02979908653377,-2.41621353058562,-4.72262147747133));
#1792=CARTESIAN_POINT('',(-2.02978671768918,-2.41613560705708,-4.72275644498132));
#1793=CARTESIAN_POINT('',(-2.02977434884459,-2.41605768352854,-4.72289141249131));
#1794=CARTESIAN_POINT('',(-2.02976198,-2.41597976,-4.7230263800013));
#1795=CARTESIAN_POINT('',(-2.022021292,-2.367213546,-4.8074919400013));
#1796=CARTESIAN_POINT('',(-2.014294076,-2.343976031,-4.9062848620013));
#1797=CARTESIAN_POINT('',(-1.998826172,-2.355874092,-5.1008164470013));
#1798=CARTESIAN_POINT('',(-1.991098956,-2.390978227,-5.1960410420013));
#1799=CARTESIAN_POINT('',(-1.983358268,-2.449674707,-5.2739339020013));
#1800=CARTESIAN_POINT('',(-1.98334589900889,-2.4497684992106,-5.27405836846896));
#1801=CARTESIAN_POINT('',(-1.98333353001779,-2.4498622914212,-5.27418283493661));
#1802=CARTESIAN_POINT('',(-1.98332116102668,-2.44995608363181,-5.27430730140427));
#1803=EDGE_LOOP('',(#3892,#3893,#3894,#3895));
#1804=AXIS2_PLACEMENT_3D('',#3896,#3897,#3898);
#1805=EDGE_LOOP('',(#3899,#3900,#3901,#3902));
#1806=AXIS2_PLACEMENT_3D('',#3903,#3904,#3905);
#1807=EDGE_LOOP('',(#3906,#3907,#3908,#3909));
#1808=AXIS2_PLACEMENT_3D('',#3910,#3911,#3912);
#1809=EDGE_LOOP('',(#3913,#3914,#3915,#3916));
#1810=AXIS2_PLACEMENT_3D('',#3917,#3918,#3919);
#1811=EDGE_LOOP('',(#3920,#3921,#3922,#3923));
#1812=AXIS2_PLACEMENT_3D('',#3924,#3925,#3926);
#1813=EDGE_LOOP('',(#3927,#3928,#3929,#3930));
#1814=CARTESIAN_POINT('',(1.8419091971898,-3.63011344188551,-7.18219465304655));
#1815=CARTESIAN_POINT('',(1.8419203067932,-3.6301329704204,-7.18197144087116));
#1816=CARTESIAN_POINT('',(1.8419314163966,-3.6301524989553,-7.18174822869577));
#1817=CARTESIAN_POINT('',(1.841942526,-3.63017202749019,-7.18152501652038));
#1818=CARTESIAN_POINT('',(1.85168574615737,-3.64729872481464,-6.98576597020492));
#1819=CARTESIAN_POINT('',(1.86128819984263,-3.5903178485208,-6.78705003815221));
#1820=CARTESIAN_POINT('',(1.87103142,-3.47205709497712,-6.63011271780297));
#1821=CARTESIAN_POINT('',(1.8710425296008,-3.47192224943933,-6.6299337717306));
#1822=CARTESIAN_POINT('',(1.8710536392016,-3.47178740390154,-6.62975482565824));
#1823=CARTESIAN_POINT('',(1.87106474880239,-3.47165255836375,-6.62957587958587));
#1824=CARTESIAN_POINT('',(1.84190919719034,-3.62977269643608,-7.1821645533149));
#1825=CARTESIAN_POINT('',(1.84192030679356,-3.62979221662405,-7.1819414365437));
#1826=CARTESIAN_POINT('',(1.84193141639678,-3.62981173681203,-7.1817183197725));
#1827=CARTESIAN_POINT('',(1.841942526,-3.629831257,-7.1814952030013));
#1828=CARTESIAN_POINT('',(1.851685746,-3.646950634,-6.9858198270013));
#1829=CARTESIAN_POINT('',(1.8612882,-3.589994111,-6.7871888250013));
#1830=CARTESIAN_POINT('',(1.87103142,-3.471783904,-6.6303185820013));
#1831=CARTESIAN_POINT('',(1.87104252960062,-3.47164911609736,-6.63013971241315));
#1832=CARTESIAN_POINT('',(1.87105363920124,-3.47151432819471,-6.629960842825));
#1833=CARTESIAN_POINT('',(1.87106474880186,-3.47137954029207,-6.62978197323685));
#1834=CARTESIAN_POINT('',(1.84190919753583,-3.33093624702597,-7.15576681960983));
#1835=CARTESIAN_POINT('',(1.84192030702389,-3.33094844701731,-7.15562737307366));
#1836=CARTESIAN_POINT('',(1.84193141651194,-3.33096064700866,-7.15548792653748));
#1837=CARTESIAN_POINT('',(1.841942526,-3.330972847,-7.1553484800013));
#1838=CARTESIAN_POINT('',(1.851685645,-3.341672347,-7.0330526380013));
#1839=CARTESIAN_POINT('',(1.861288301,-3.306073864,-6.9089059740013));
#1840=CARTESIAN_POINT('',(1.87103142,-3.232193251,-6.8108630890013));
#1841=CARTESIAN_POINT('',(1.87104252948545,-3.2321090094347,-6.81075129666819));
#1842=CARTESIAN_POINT('',(1.87105363897091,-3.2320247678694,-6.81063950433508));
#1843=CARTESIAN_POINT('',(1.87106474845636,-3.2319405263041,-6.81052771200196));
#1844=CARTESIAN_POINT('',(1.84190919753608,-3.33072294052609,-7.15574797716878));
#1845=CARTESIAN_POINT('',(1.84192030702405,-3.33073513529235,-7.15560859035559));
#1846=CARTESIAN_POINT('',(1.84193141651203,-3.33074733005861,-7.1554692035424));
#1847=CARTESIAN_POINT('',(1.841942526,-3.33075952482487,-7.15532981672921));
#1848=CARTESIAN_POINT('',(1.85168564492791,-3.34145444238021,-7.03308635231431));
#1849=CARTESIAN_POINT('',(1.86128830107209,-3.30587120453777,-6.90899285449757));
#1850=CARTESIAN_POINT('',(1.87103142,-3.23202223356322,-6.81099195988347));
#1851=CARTESIAN_POINT('',(1.87104252948537,-3.23193802807739,-6.81088021542944));
#1852=CARTESIAN_POINT('',(1.87105363897074,-3.23185382259156,-6.81076847097541));
#1853=CARTESIAN_POINT('',(1.87106474845612,-3.23176961710574,-6.81065672652138));
#1854=EDGE_LOOP('',(#3931,#3932,#3933,#3934));
#1855=CARTESIAN_POINT('',(-1.87106474880174,-3.47165255837257,-6.62957587959585));
#1856=CARTESIAN_POINT('',(-1.87105363920116,-3.4717874039077,-6.62975482566468));
#1857=CARTESIAN_POINT('',(-1.87104252960058,-3.47192224944282,-6.62993377173351));
#1858=CARTESIAN_POINT('',(-1.87103142,-3.47205709497795,-6.63011271780234));
#1859=CARTESIAN_POINT('',(-1.86128819984263,-3.59031784852179,-6.78705003815179));
#1860=CARTESIAN_POINT('',(-1.85168574615737,-3.6472987248157,-6.98576597020475));
#1861=CARTESIAN_POINT('',(-1.841942526,-3.63017202749123,-7.18152501652047));
#1862=CARTESIAN_POINT('',(-1.84193141639392,-3.63015249895163,-7.18174822874967));
#1863=CARTESIAN_POINT('',(-1.84192030678784,-3.63013297041203,-7.18197144097887));
#1864=CARTESIAN_POINT('',(-1.84190919718176,-3.63011344187242,-7.18219465320807));
#1865=CARTESIAN_POINT('',(-1.8710647488012,-3.47137954030006,-6.62978197324746));
#1866=CARTESIAN_POINT('',(-1.8710536392008,-3.47151432820004,-6.62996084283207));
#1867=CARTESIAN_POINT('',(-1.8710425296004,-3.47164911610002,-6.63013971241669));
#1868=CARTESIAN_POINT('',(-1.87103142,-3.471783904,-6.6303185820013));
#1869=CARTESIAN_POINT('',(-1.8612882,-3.589994111,-6.7871888250013));
#1870=CARTESIAN_POINT('',(-1.851685746,-3.646950634,-6.9858198270013));
#1871=CARTESIAN_POINT('',(-1.841942526,-3.629831257,-7.1814952030013));
#1872=CARTESIAN_POINT('',(-1.8419314163941,-3.62981173680732,-7.18171831982629));
#1873=CARTESIAN_POINT('',(-1.8419203067882,-3.62979221661464,-7.18194143665127));
#1874=CARTESIAN_POINT('',(-1.8419091971823,-3.62977269642196,-7.18216455347626));
#1875=CARTESIAN_POINT('',(-1.8710647484557,-3.23194052630909,-6.81052771200859));
#1876=CARTESIAN_POINT('',(-1.87105363897047,-3.23202476787273,-6.81063950433949));
#1877=CARTESIAN_POINT('',(-1.87104252948523,-3.23210900943636,-6.8107512966704));
#1878=CARTESIAN_POINT('',(-1.87103142,-3.232193251,-6.8108630890013));
#1879=CARTESIAN_POINT('',(-1.861288301,-3.306073864,-6.9089059740013));
#1880=CARTESIAN_POINT('',(-1.851685645,-3.341672347,-7.0330526380013));
#1881=CARTESIAN_POINT('',(-1.841942526,-3.330972847,-7.1553484800013));
#1882=CARTESIAN_POINT('',(-1.84193141650926,-3.33096064700571,-7.15548792657109));
#1883=CARTESIAN_POINT('',(-1.84192030701853,-3.33094844701143,-7.15562737314089));
#1884=CARTESIAN_POINT('',(-1.84190919752779,-3.33093624701714,-7.15576681971068));
#1885=EDGE_LOOP('',(#3935,#3936,#3937,#3938,#3939,#3940));
#1886=AXIS2_PLACEMENT_3D('',#3941,#3942,#3943);
#1887=EDGE_LOOP('',(#3944,#3945,#3946,#3947));
#1888=AXIS2_PLACEMENT_3D('',#3948,#3949,#3950);
#1889=EDGE_LOOP('',(#3951,#3952,#3953,#3954));
#1890=AXIS2_PLACEMENT_3D('',#3955,#3956,#3957);
#1891=EDGE_LOOP('',(#3958,#3959,#3960,#3961));
#1892=AXIS2_PLACEMENT_3D('',#3962,#3963,#3964);
#1893=EDGE_LOOP('',(#3965,#3966,#3967,#3968));
#1894=AXIS2_PLACEMENT_3D('',#3969,#3970,#3971);
#1895=EDGE_LOOP('',(#3972,#3973,#3974,#3975));
#1896=AXIS2_PLACEMENT_3D('',#3976,#3977,#3978);
#1897=EDGE_LOOP('',(#3979,#3980,#3981,#3982));
#1898=AXIS2_PLACEMENT_3D('',#3983,#3984,#3985);
#1899=EDGE_LOOP('',(#3986,#3987,#3988,#3989,#3990,#3991));
#1900=AXIS2_PLACEMENT_3D('',#3992,#3993,#3994);
#1901=FILL_AREA_STYLE('',(#3995));
#1902=EDGE_LOOP('',(#3996,#3997,#3998,#3999));
#1903=AXIS2_PLACEMENT_3D('',#4000,#4001,#4002);
#1904=EDGE_LOOP('',(#4003,#4004,#4005,#4006));
#1905=AXIS2_PLACEMENT_3D('',#4007,#4008,#4009);
#1906=EDGE_LOOP('',(#4010,#4011,#4012,#4013));
#1907=AXIS2_PLACEMENT_3D('',#4014,#4015,#4016);
#1908=EDGE_LOOP('',(#4017,#4018,#4019,#4020));
#1909=AXIS2_PLACEMENT_3D('',#4021,#4022,#4023);
#1910=EDGE_LOOP('',(#4024,#4025,#4026,#4027));
#1911=AXIS2_PLACEMENT_3D('',#4028,#4029,#4030);
#1912=EDGE_LOOP('',(#4031,#4032,#4033,#4034,#4035,#4036,#4037,#4038));
#1913=EDGE_LOOP('',(#4039,#4040,#4041,#4042));
#1914=EDGE_LOOP('',(#4043,#4044,#4045,#4046));
#1915=EDGE_LOOP('',(#4047,#4048));
#1916=EDGE_LOOP('',(#4049,#4050,#4051,#4052));
#1917=AXIS2_PLACEMENT_3D('',#4053,#4054,#4055);
#1918=EDGE_LOOP('',(#4056,#4057));
#1919=EDGE_LOOP('',(#4058,#4059));
#1920=AXIS2_PLACEMENT_3D('',#4060,#4061,#4062);
#1921=EDGE_LOOP('',(#4063,#4064,#4065,#4066));
#1922=AXIS2_PLACEMENT_3D('',#4067,#4068,#4069);
#1923=EDGE_LOOP('',(#4070,#4071,#4072,#4073));
#1924=AXIS2_PLACEMENT_3D('',#4074,#4075,#4076);
#1925=EDGE_LOOP('',(#4077,#4078,#4079,#4080));
#1926=AXIS2_PLACEMENT_3D('',#4081,#4082,#4083);
#1927=EDGE_LOOP('',(#4084,#4085,#4086,#4087));
#1928=AXIS2_PLACEMENT_3D('',#4088,#4089,#4090);
#1929=EDGE_LOOP('',(#4091,#4092,#4093,#4094,#4095));
#1930=AXIS2_PLACEMENT_3D('',#4096,#4097,#4098);
#1931=EDGE_LOOP('',(#4099,#4100,#4101,#4102,#4103));
#1932=AXIS2_PLACEMENT_3D('',#4104,#4105,#4106);
#1933=EDGE_LOOP('',(#4107,#4108,#4109,#4110));
#1934=AXIS2_PLACEMENT_3D('',#4111,#4112,#4113);
#1935=EDGE_LOOP('',(#4114,#4115,#4116,#4117));
#1936=AXIS2_PLACEMENT_3D('',#4118,#4119,#4120);
#1937=EDGE_LOOP('',(#4121,#4122,#4123,#4124,#4125));
#1938=AXIS2_PLACEMENT_3D('',#4126,#4127,#4128);
#1939=EDGE_LOOP('',(#4129,#4130,#4131,#4132,#4133));
#1940=AXIS2_PLACEMENT_3D('',#4134,#4135,#4136);
#1941=EDGE_LOOP('',(#4137,#4138,#4139,#4140));
#1942=AXIS2_PLACEMENT_3D('',#4141,#4142,#4143);
#1943=EDGE_LOOP('',(#4144,#4145,#4146,#4147));
#1944=AXIS2_PLACEMENT_3D('',#4148,#4149,#4150);
#1945=EDGE_LOOP('',(#4151,#4152,#4153,#4154,#4155,#4156));
#1946=AXIS2_PLACEMENT_3D('',#4157,#4158,#4159);
#1947=EDGE_LOOP('',(#4160,#4161,#4162,#4163));
#1948=AXIS2_PLACEMENT_3D('',#4164,#4165,#4166);
#1949=EDGE_LOOP('',(#4167,#4168,#4169,#4170));
#1950=AXIS2_PLACEMENT_3D('',#4171,#4172,#4173);
#1951=EDGE_LOOP('',(#4174,#4175,#4176,#4177,#4178,#4179));
#1952=AXIS2_PLACEMENT_3D('',#4180,#4181,#4182);
#1953=EDGE_LOOP('',(#4183,#4184,#4185,#4186));
#1954=AXIS2_PLACEMENT_3D('',#4187,#4188,#4189);
#1955=EDGE_LOOP('',(#4190,#4191,#4192,#4193));
#1956=AXIS2_PLACEMENT_3D('',#4194,#4195,#4196);
#1957=EDGE_LOOP('',(#4197,#4198,#4199,#4200));
#1958=AXIS2_PLACEMENT_3D('',#4201,#4202,#4203);
#1959=EDGE_LOOP('',(#4204,#4205,#4206,#4207));
#1960=AXIS2_PLACEMENT_3D('',#4208,#4209,#4210);
#1961=EDGE_LOOP('',(#4211,#4212,#4213,#4214));
#1962=AXIS2_PLACEMENT_3D('',#4215,#4216,#4217);
#1963=EDGE_LOOP('',(#4218,#4219,#4220,#4221));
#1964=AXIS2_PLACEMENT_3D('',#4222,#4223,#4224);
#1965=EDGE_LOOP('',(#4225,#4226,#4227,#4228));
#1966=AXIS2_PLACEMENT_3D('',#4229,#4230,#4231);
#1967=EDGE_LOOP('',(#4232,#4233,#4234,#4235));
#1968=AXIS2_PLACEMENT_3D('',#4236,#4237,#4238);
#1969=EDGE_LOOP('',(#4239,#4240,#4241,#4242));
#1970=AXIS2_PLACEMENT_3D('',#4243,#4244,#4245);
#1971=EDGE_LOOP('',(#4246,#4247,#4248,#4249));
#1972=AXIS2_PLACEMENT_3D('',#4250,#4251,#4252);
#1973=EDGE_LOOP('',(#4253,#4254,#4255,#4256));
#1974=AXIS2_PLACEMENT_3D('',#4257,#4258,#4259);
#1975=EDGE_LOOP('',(#4260,#4261,#4262,#4263));
#1976=AXIS2_PLACEMENT_3D('',#4264,#4265,#4266);
#1977=EDGE_LOOP('',(#4267,#4268,#4269,#4270,#4271));
#1978=AXIS2_PLACEMENT_3D('',#4272,#4273,#4274);
#1979=EDGE_LOOP('',(#4275,#4276,#4277,#4278,#4279,#4280,#4281,#4282,#4283));
#1980=EDGE_LOOP('',(#4284,#4285));
#1981=EDGE_LOOP('',(#4286,#4287));
#1982=AXIS2_PLACEMENT_3D('',#4288,#4289,#4290);
#1983=EDGE_LOOP('',(#4291,#4292,#4293,#4294));
#1984=AXIS2_PLACEMENT_3D('',#4295,#4296,#4297);
#1985=EDGE_LOOP('',(#4298,#4299,#4300,#4301));
#1986=AXIS2_PLACEMENT_3D('',#4302,#4303,#4304);
#1987=EDGE_LOOP('',(#4305,#4306,#4307,#4308));
#1988=AXIS2_PLACEMENT_3D('',#4309,#4310,#4311);
#1989=EDGE_LOOP('',(#4312,#4313,#4314,#4315));
#1990=AXIS2_PLACEMENT_3D('',#4316,#4317,#4318);
#1991=EDGE_LOOP('',(#4319,#4320,#4321,#4322));
#1992=AXIS2_PLACEMENT_3D('',#4323,#4324,#4325);
#1993=EDGE_LOOP('',(#4326,#4327,#4328,#4329));
#1994=AXIS2_PLACEMENT_3D('',#4330,#4331,#4332);
#1995=EDGE_LOOP('',(#4333,#4334,#4335,#4336));
#1996=AXIS2_PLACEMENT_3D('',#4337,#4338,#4339);
#1997=EDGE_LOOP('',(#4340,#4341,#4342,#4343));
#1998=AXIS2_PLACEMENT_3D('',#4344,#4345,#4346);
#1999=EDGE_LOOP('',(#4347,#4348));
#2000=AXIS2_PLACEMENT_3D('',#4349,#4350,#4351);
#2001=FILL_AREA_STYLE('',(#4352));
#2002=EDGE_LOOP('',(#4353,#4354,#4355,#4356,#4357,#4358));
#2003=AXIS2_PLACEMENT_3D('',#4359,#4360,#4361);
#2004=EDGE_LOOP('',(#4362,#4363,#4364,#4365));
#2005=AXIS2_PLACEMENT_3D('',#4366,#4367,#4368);
#2006=EDGE_LOOP('',(#4369,#4370,#4371,#4372,#4373,#4374,#4375,#4376));
#2007=AXIS2_PLACEMENT_3D('',#4377,#4378,#4379);
#2008=EDGE_LOOP('',(#4380,#4381,#4382,#4383));
#2009=AXIS2_PLACEMENT_3D('',#4384,#4385,#4386);
#2010=EDGE_LOOP('',(#4387,#4388,#4389,#4390,#4391,#4392,#4393,#4394,#4395,#4396,#4397,#4398));
#2011=AXIS2_PLACEMENT_3D('',#4399,#4400,#4401);
#2012=EDGE_LOOP('',(#4402,#4403,#4404,#4405));
#2013=AXIS2_PLACEMENT_3D('',#4406,#4407,#4408);
#2014=EDGE_LOOP('',(#4409,#4410,#4411,#4412));
#2015=AXIS2_PLACEMENT_3D('',#4413,#4414,#4415);
#2016=EDGE_LOOP('',(#4416,#4417,#4418,#4419));
#2017=AXIS2_PLACEMENT_3D('',#4420,#4421,#4422);
#2018=EDGE_LOOP('',(#4423,#4424,#4425,#4426,#4427,#4428));
#2019=AXIS2_PLACEMENT_3D('',#4429,#4430,#4431);
#2020=EDGE_LOOP('',(#4432,#4433,#4434,#4435));
#2021=AXIS2_PLACEMENT_3D('',#4436,#4437,#4438);
#2022=EDGE_LOOP('',(#4439,#4440,#4441,#4442,#4443,#4444,#4445,#4446,#4447));
#2023=EDGE_LOOP('',(#4448,#4449));
#2024=AXIS2_PLACEMENT_3D('',#4450,#4451,#4452);
#2025=EDGE_LOOP('',(#4453,#4454,#4455,#4456,#4457,#4458,#4459,#4460));
#2026=AXIS2_PLACEMENT_3D('',#4461,#4462,#4463);
#2027=EDGE_LOOP('',(#4464,#4465,#4466,#4467,#4468,#4469,#4470,#4471));
#2028=AXIS2_PLACEMENT_3D('',#4472,#4473,#4474);
#2029=EDGE_LOOP('',(#4475,#4476,#4477,#4478,#4479,#4480,#4481,#4482,#4483));
#2030=EDGE_LOOP('',(#4484,#4485));
#2031=AXIS2_PLACEMENT_3D('',#4486,#4487,#4488);
#2032=EDGE_LOOP('',(#4489,#4490,#4491,#4492));
#2033=AXIS2_PLACEMENT_3D('',#4493,#4494,#4495);
#2034=EDGE_LOOP('',(#4496,#4497,#4498,#4499));
#2035=AXIS2_PLACEMENT_3D('',#4500,#4501,#4502);
#2036=EDGE_LOOP('',(#4503,#4504,#4505,#4506));
#2038=CARTESIAN_POINT('',(6.03961325396085E-14,-2.63957370350724,-9.701913576));
#2039=CARTESIAN_POINT('',(0.396172847000059,-2.63957370350724,-9.701913576));
#2040=CARTESIAN_POINT('',(0.396172847000059,-2.63957370350724,-10.098086424));
#2041=CARTESIAN_POINT('',(6.03961325396085E-14,-2.63957370350724,-10.098086424));
#2042=CARTESIAN_POINT('',(6.03961325396085E-14,-2.55266919350724,-9.623025551));
#2043=CARTESIAN_POINT('',(0.553948898000059,-2.55266919350724,-9.623025551));
#2044=CARTESIAN_POINT('',(0.553948898000059,-2.55266919350724,-10.176974449));
#2045=CARTESIAN_POINT('',(6.03961325396085E-14,-2.55266919350724,-10.176974449));
#2046=CARTESIAN_POINT('',(5.95079541199084E-14,-2.50514747350724,-9.515706398));
#2047=CARTESIAN_POINT('',(0.768587204000059,-2.50514747350724,-9.515706398));
#2048=CARTESIAN_POINT('',(0.768587204000059,-2.50514747350724,-10.284293602));
#2049=CARTESIAN_POINT('',(5.95079541199084E-14,-2.50514747350724,-10.284293602));
#2050=CARTESIAN_POINT('',(5.99520433297585E-14,-2.50514747350724,-9.398336409));
#2051=CARTESIAN_POINT('',(1.00332718300006,-2.50514747350724,-9.398336409));
#2052=CARTESIAN_POINT('',(1.00332718300006,-2.50514747350724,-10.401663591));
#2053=CARTESIAN_POINT('',(5.99520433297585E-14,-2.50514747350724,-10.401663591));
#2054=CARTESIAN_POINT('',(5.99520433297585E-14,-2.50514747350724,-9.39722971468665));
#2055=CARTESIAN_POINT('',(1.00554057163618,-2.50514747350724,-9.39722971468665));
#2056=CARTESIAN_POINT('',(1.00554057163618,-2.50514747350724,-10.4027702853133));
#2057=CARTESIAN_POINT('',(5.99520433297585E-14,-2.50514747350724,-10.4027702853133));
#2058=CARTESIAN_POINT('',(5.99520433297585E-14,-2.50514747350724,-9.39612302037331));
#2059=CARTESIAN_POINT('',(1.0077539602723,-2.50514747350724,-9.39612302037331));
#2060=CARTESIAN_POINT('',(1.0077539602723,-2.50514747350724,-10.4038769796267));
#2061=CARTESIAN_POINT('',(5.99520433297585E-14,-2.50514747350724,-10.4038769796267));
#2062=CARTESIAN_POINT('',(5.99520433297585E-14,-2.50514747350724,-9.39501632605996));
#2063=CARTESIAN_POINT('',(1.00996734890843,-2.50514747350724,-9.39501632605996));
#2064=CARTESIAN_POINT('',(1.00996734890843,-2.50514747350724,-10.40498367394));
#2065=CARTESIAN_POINT('',(5.99520433297585E-14,-2.50514747350724,-10.40498367394));
#2072=EDGE_LOOP('',(#4507,#4508,#4509,#4510));
#2074=CARTESIAN_POINT('',(5.90638649100583E-14,-2.63957370350724,-10.098086424));
#2075=CARTESIAN_POINT('',(-0.396172846999941,-2.63957370350724,-10.098086424));
#2076=CARTESIAN_POINT('',(-0.396172846999941,-2.63957370350724,-9.701913576));
#2077=CARTESIAN_POINT('',(5.90638649100583E-14,-2.63957370350724,-9.701913576));
#2078=CARTESIAN_POINT('',(6.03961325396085E-14,-2.55266919350724,-10.176974449));
#2079=CARTESIAN_POINT('',(-0.553948897999941,-2.55266919350724,-10.176974449));
#2080=CARTESIAN_POINT('',(-0.553948897999941,-2.55266919350724,-9.623025551));
#2081=CARTESIAN_POINT('',(6.03961325396085E-14,-2.55266919350724,-9.623025551));
#2082=CARTESIAN_POINT('',(5.95079541199084E-14,-2.50514747350724,-10.284293602));
#2083=CARTESIAN_POINT('',(-0.768587203999942,-2.50514747350724,-10.284293602));
#2084=CARTESIAN_POINT('',(-0.768587203999942,-2.50514747350724,-9.515706398));
#2085=CARTESIAN_POINT('',(5.95079541199084E-14,-2.50514747350724,-9.515706398));
#2086=CARTESIAN_POINT('',(5.99520433297585E-14,-2.50514747350724,-10.401663591));
#2087=CARTESIAN_POINT('',(-1.00332718299994,-2.50514747350724,-10.401663591));
#2088=CARTESIAN_POINT('',(-1.00332718299994,-2.50514747350724,-9.398336409));
#2089=CARTESIAN_POINT('',(5.99520433297585E-14,-2.50514747350724,-9.398336409));
#2090=CARTESIAN_POINT('',(5.99520433297585E-14,-2.50514747350724,-10.4027702853133));
#2091=CARTESIAN_POINT('',(-1.00554057163606,-2.50514747350724,-10.4027702853133));
#2092=CARTESIAN_POINT('',(-1.00554057163606,-2.50514747350724,-9.39722971468665));
#2093=CARTESIAN_POINT('',(5.99520433297585E-14,-2.50514747350724,-9.39722971468665));
#2094=CARTESIAN_POINT('',(5.99520433297585E-14,-2.50514747350724,-10.4038769796267));
#2095=CARTESIAN_POINT('',(-1.00775396027219,-2.50514747350724,-10.4038769796267));
#2096=CARTESIAN_POINT('',(-1.00775396027219,-2.50514747350724,-9.39612302037331));
#2097=CARTESIAN_POINT('',(5.99520433297585E-14,-2.50514747350724,-9.39612302037331));
#2098=CARTESIAN_POINT('',(5.99520433297585E-14,-2.50514747350724,-10.40498367394));
#2099=CARTESIAN_POINT('',(-1.00996734890831,-2.50514747350724,-10.40498367394));
#2100=CARTESIAN_POINT('',(-1.00996734890831,-2.50514747350724,-9.39501632605996));
#2101=CARTESIAN_POINT('',(5.99520433297585E-14,-2.50514747350724,-9.39501632605996));
#2108=EDGE_LOOP('',(#4511,#4512,#4513,#4514));
#2109=AXIS2_PLACEMENT_3D('',#4515,#4516,#4517);
#2110=EDGE_LOOP('',(#4518,#4519,#4520,#4521));
#2111=AXIS2_PLACEMENT_3D('',#4522,#4523,#4524);
#2112=EDGE_LOOP('',(#4525,#4526,#4527,#4528));
#2113=AXIS2_PLACEMENT_3D('',#4529,#4530,#4531);
#2114=EDGE_LOOP('',(#4532,#4533,#4534,#4535));
#2115=AXIS2_PLACEMENT_3D('',#4536,#4537,#4538);
#2116=EDGE_LOOP('',(#4539,#4540,#4541,#4542));
#2117=AXIS2_PLACEMENT_3D('',#4543,#4544,#4545);
#2118=EDGE_LOOP('',(#4546,#4547,#4548,#4549));
#2119=AXIS2_PLACEMENT_3D('',#4550,#4551,#4552);
#2120=EDGE_LOOP('',(#4553,#4554,#4555,#4556));
#2121=AXIS2_PLACEMENT_3D('',#4557,#4558,#4559);
#2122=EDGE_LOOP('',(#4560,#4561,#4562,#4563,#4564,#4565,#4566,#4567));
#2123=AXIS2_PLACEMENT_3D('',#4568,#4569,#4570);
#2124=EDGE_LOOP('',(#4571,#4572,#4573,#4574));
#2125=AXIS2_PLACEMENT_3D('',#4575,#4576,#4577);
#2126=EDGE_LOOP('',(#4578,#4579,#4580,#4581));
#2128=CARTESIAN_POINT('',(5.95079541199084E-14,-2.9084269709666,-9.40574146317984));
#2129=CARTESIAN_POINT('',(0.988517072640477,-2.9084269709666,-9.40574146317984));
#2130=CARTESIAN_POINT('',(0.988517072640477,-2.9084269709666,-10.3942585368202));
#2131=CARTESIAN_POINT('',(5.95079541199084E-14,-2.9084269709666,-10.3942585368202));
#2132=CARTESIAN_POINT('',(6.08402217494586E-14,-2.90630685296801,-9.40381733687964));
#2133=CARTESIAN_POINT('',(0.9923653252524,-2.90630685296801,-9.40381733687964));
#2134=CARTESIAN_POINT('',(0.9923653252524,-2.90630685296801,-10.3961826631204));
#2135=CARTESIAN_POINT('',(6.08402217494586E-14,-2.90630685296801,-10.3961826631204));
#2136=CARTESIAN_POINT('',(5.99520433297585E-14,-2.90514747350724,-9.40119950050702));
#2137=CARTESIAN_POINT('',(0.997600998986019,-2.90514747350724,-9.40119950050702));
#2138=CARTESIAN_POINT('',(0.997600998986019,-2.90514747350724,-10.398800499493));
#2139=CARTESIAN_POINT('',(5.99520433297585E-14,-2.90514747350724,-10.398800499493));
#2140=CARTESIAN_POINT('',(5.99520433297585E-14,-2.90514747350724,-9.398336408));
#2141=CARTESIAN_POINT('',(1.00332718400006,-2.90514747350724,-9.398336408));
#2142=CARTESIAN_POINT('',(1.00332718400006,-2.90514747350724,-10.401663592));
#2143=CARTESIAN_POINT('',(5.99520433297585E-14,-2.90514747350724,-10.401663592));
#2144=CARTESIAN_POINT('',(5.99520433297585E-14,-2.90514747350724,-9.398335408));
#2145=CARTESIAN_POINT('',(1.00332918400006,-2.90514747350724,-9.398335408));
#2146=CARTESIAN_POINT('',(1.00332918400006,-2.90514747350724,-10.401664592));
#2147=CARTESIAN_POINT('',(5.99520433297585E-14,-2.90514747350724,-10.401664592));
#2148=CARTESIAN_POINT('',(5.99520433297585E-14,-2.90514747350724,-9.398334408));
#2149=CARTESIAN_POINT('',(1.00333118400006,-2.90514747350724,-9.398334408));
#2150=CARTESIAN_POINT('',(1.00333118400006,-2.90514747350724,-10.401665592));
#2151=CARTESIAN_POINT('',(5.99520433297585E-14,-2.90514747350724,-10.401665592));
#2152=CARTESIAN_POINT('',(5.99520433297585E-14,-2.90514747350724,-9.398333408));
#2153=CARTESIAN_POINT('',(1.00333318400006,-2.90514747350724,-9.398333408));
#2154=CARTESIAN_POINT('',(1.00333318400006,-2.90514747350724,-10.401666592));
#2155=CARTESIAN_POINT('',(5.99520433297585E-14,-2.90514747350724,-10.401666592));
#2162=EDGE_LOOP('',(#4582,#4583,#4584,#4585));
#2164=CARTESIAN_POINT('',(5.95079541199084E-14,-2.90846219850724,-10.394226718));
#2165=CARTESIAN_POINT('',(-0.98845343499994,-2.90846219850724,-10.394226718));
#2166=CARTESIAN_POINT('',(-0.98845343499994,-2.90846219850724,-9.405773282));
#2167=CARTESIAN_POINT('',(5.95079541199084E-14,-2.90846219850724,-9.405773282));
#2168=CARTESIAN_POINT('',(6.03961325396085E-14,-2.90632048850724,-10.396151979));
#2169=CARTESIAN_POINT('',(-0.992303956999941,-2.90632048850724,-10.396151979));
#2170=CARTESIAN_POINT('',(-0.992303956999941,-2.90632048850724,-9.403848021));
#2171=CARTESIAN_POINT('',(6.03961325396085E-14,-2.90632048850724,-9.403848021));
#2172=CARTESIAN_POINT('',(5.99520433297585E-14,-2.90514747350724,-10.398782686));
#2173=CARTESIAN_POINT('',(-0.99756537199994,-2.90514747350724,-10.398782686));
#2174=CARTESIAN_POINT('',(-0.99756537199994,-2.90514747350724,-9.401217314));
#2175=CARTESIAN_POINT('',(5.99520433297585E-14,-2.90514747350724,-9.401217314));
#2176=CARTESIAN_POINT('',(5.99520433297585E-14,-2.90514747350724,-10.401663592));
#2177=CARTESIAN_POINT('',(-1.00332718399994,-2.90514747350724,-10.401663592));
#2178=CARTESIAN_POINT('',(-1.00332718399994,-2.90514747350724,-9.398336408));
#2179=CARTESIAN_POINT('',(5.99520433297585E-14,-2.90514747350724,-9.398336408));
#2180=CARTESIAN_POINT('',(5.99520433297585E-14,-2.90514747350724,-10.401863592));
#2181=CARTESIAN_POINT('',(-1.00372718399994,-2.90514747350724,-10.401863592));
#2182=CARTESIAN_POINT('',(-1.00372718399994,-2.90514747350724,-9.398136408));
#2183=CARTESIAN_POINT('',(5.99520433297585E-14,-2.90514747350724,-9.398136408));
#2184=CARTESIAN_POINT('',(5.99520433297585E-14,-2.90514747350724,-10.402063592));
#2185=CARTESIAN_POINT('',(-1.00412718399994,-2.90514747350724,-10.402063592));
#2186=CARTESIAN_POINT('',(-1.00412718399994,-2.90514747350724,-9.397936408));
#2187=CARTESIAN_POINT('',(5.99520433297585E-14,-2.90514747350724,-9.397936408));
#2188=CARTESIAN_POINT('',(5.99520433297585E-14,-2.90514747350724,-10.402263592));
#2189=CARTESIAN_POINT('',(-1.00452718399994,-2.90514747350724,-10.402263592));
#2190=CARTESIAN_POINT('',(-1.00452718399994,-2.90514747350724,-9.397736408));
#2191=CARTESIAN_POINT('',(5.99520433297585E-14,-2.90514747350724,-9.397736408));
#2198=EDGE_LOOP('',(#4586,#4587,#4588,#4589));
#2200=CARTESIAN_POINT('',(5.99520433297585E-14,-2.70514747350724,-9.95));
#2201=CARTESIAN_POINT('',(0.10000000000006,-2.70514747350724,-9.95));
#2202=CARTESIAN_POINT('',(0.10000000000006,-2.70514747350724,-9.85));
#2203=CARTESIAN_POINT('',(5.99520433297585E-14,-2.70514747350724,-9.85));
#2204=CARTESIAN_POINT('',(6.03961325396085E-14,-2.70514747350724,-10.007253653));
#2205=CARTESIAN_POINT('',(0.214507307000059,-2.70514747350724,-10.007253653));
#2206=CARTESIAN_POINT('',(0.214507307000059,-2.70514747350724,-9.792746347));
#2207=CARTESIAN_POINT('',(6.03961325396085E-14,-2.70514747350724,-9.792746347));
#2208=CARTESIAN_POINT('',(6.03961325396085E-14,-2.68196614650724,-10.05960446));
#2209=CARTESIAN_POINT('',(0.319208919000059,-2.68196614650724,-10.05960446));
#2210=CARTESIAN_POINT('',(0.319208919000059,-2.68196614650724,-9.74039554));
#2211=CARTESIAN_POINT('',(6.03961325396085E-14,-2.68196614650724,-9.74039554));
#2212=CARTESIAN_POINT('',(5.99520433297585E-14,-2.63957370350724,-10.098086423));
#2213=CARTESIAN_POINT('',(0.396172847000059,-2.63957370350724,-10.098086423));
#2214=CARTESIAN_POINT('',(0.396172847000059,-2.63957370350724,-9.701913577));
#2215=CARTESIAN_POINT('',(5.99520433297585E-14,-2.63957370350724,-9.701913577));
#2222=EDGE_LOOP('',(#4590,#4591,#4592,#4593));
#2224=CARTESIAN_POINT('',(5.99520433297585E-14,-2.70514747350724,-9.85));
#2225=CARTESIAN_POINT('',(-0.0999999999999406,-2.70514747350724,-9.85));
#2226=CARTESIAN_POINT('',(-0.0999999999999406,-2.70514747350724,-9.95));
#2227=CARTESIAN_POINT('',(5.99520433297585E-14,-2.70514747350724,-9.95));
#2228=CARTESIAN_POINT('',(6.03961325396085E-14,-2.70514747350724,-9.792746347));
#2229=CARTESIAN_POINT('',(-0.214507306999941,-2.70514747350724,-9.792746347));
#2230=CARTESIAN_POINT('',(-0.214507306999941,-2.70514747350724,-10.007253653));
#2231=CARTESIAN_POINT('',(6.03961325396085E-14,-2.70514747350724,-10.007253653));
#2232=CARTESIAN_POINT('',(6.03961325396085E-14,-2.68196614650724,-9.74039554));
#2233=CARTESIAN_POINT('',(-0.31920891899994,-2.68196614650724,-9.74039554));
#2234=CARTESIAN_POINT('',(-0.31920891899994,-2.68196614650724,-10.05960446));
#2235=CARTESIAN_POINT('',(6.03961325396085E-14,-2.68196614650724,-10.05960446));
#2236=CARTESIAN_POINT('',(5.99520433297585E-14,-2.63957370350724,-9.701913577));
#2237=CARTESIAN_POINT('',(-0.396172846999941,-2.63957370350724,-9.701913577));
#2238=CARTESIAN_POINT('',(-0.396172846999941,-2.63957370350724,-10.098086423));
#2239=CARTESIAN_POINT('',(5.99520433297585E-14,-2.63957370350724,-10.098086423));
#2246=EDGE_LOOP('',(#4594,#4595,#4596,#4597));
#2248=CARTESIAN_POINT('',(5.99520433297585E-14,-3.10514747350724,-9.95));
#2249=CARTESIAN_POINT('',(0.10000000000006,-3.10514747350724,-9.95));
#2250=CARTESIAN_POINT('',(0.10000000000006,-3.10514747350724,-9.85));
#2251=CARTESIAN_POINT('',(5.99520433297585E-14,-3.10514747350724,-9.85));
#2252=CARTESIAN_POINT('',(5.90638649100583E-14,-3.10514747350724,-10.12176096));
#2253=CARTESIAN_POINT('',(0.44352192000006,-3.10514747350724,-10.12176096));
#2254=CARTESIAN_POINT('',(0.44352192000006,-3.10514747350724,-9.67823904));
#2255=CARTESIAN_POINT('',(5.90638649100583E-14,-3.10514747350724,-9.67823904));
#2256=CARTESIAN_POINT('',(5.90638649100583E-14,-3.03560349350724,-10.278813379));
#2257=CARTESIAN_POINT('',(0.757626758000059,-3.03560349350724,-10.278813379));
#2258=CARTESIAN_POINT('',(0.757626758000059,-3.03560349350724,-9.521186621));
#2259=CARTESIAN_POINT('',(5.90638649100583E-14,-3.03560349350724,-9.521186621));
#2260=CARTESIAN_POINT('',(5.99520433297585E-14,-2.90842616250724,-10.39425927));
#2261=CARTESIAN_POINT('',(0.988518541000059,-2.90842616250724,-10.39425927));
#2262=CARTESIAN_POINT('',(0.988518541000059,-2.90842616250724,-9.40574073));
#2263=CARTESIAN_POINT('',(5.99520433297585E-14,-2.90842616250724,-9.40574073));
#2270=EDGE_LOOP('',(#4598,#4599,#4600,#4601));
#2272=CARTESIAN_POINT('',(5.99520433297585E-14,-3.10514747350724,-9.85));
#2273=CARTESIAN_POINT('',(-0.0999999999999406,-3.10514747350724,-9.85));
#2274=CARTESIAN_POINT('',(-0.0999999999999406,-3.10514747350724,-9.95));
#2275=CARTESIAN_POINT('',(5.99520433297585E-14,-3.10514747350724,-9.95));
#2276=CARTESIAN_POINT('',(5.90638649100583E-14,-3.10514747350724,-9.67823904));
#2277=CARTESIAN_POINT('',(-0.443521919999941,-3.10514747350724,-9.67823904));
#2278=CARTESIAN_POINT('',(-0.443521919999941,-3.10514747350724,-10.12176096));
#2279=CARTESIAN_POINT('',(5.90638649100583E-14,-3.10514747350724,-10.12176096));
#2280=CARTESIAN_POINT('',(5.90638649100583E-14,-3.03560349350724,-9.521186621));
#2281=CARTESIAN_POINT('',(-0.757626757999941,-3.03560349350724,-9.521186621));
#2282=CARTESIAN_POINT('',(-0.757626757999941,-3.03560349350724,-10.278813379));
#2283=CARTESIAN_POINT('',(5.90638649100583E-14,-3.03560349350724,-10.278813379));
#2284=CARTESIAN_POINT('',(5.99520433297585E-14,-2.90842616250724,-9.40574073));
#2285=CARTESIAN_POINT('',(-0.988518540999941,-2.90842616250724,-9.40574073));
#2286=CARTESIAN_POINT('',(-0.988518540999941,-2.90842616250724,-10.39425927));
#2287=CARTESIAN_POINT('',(5.99520433297585E-14,-2.90842616250724,-10.39425927));
#2294=EDGE_LOOP('',(#4602,#4603));
#2295=AXIS2_PLACEMENT_3D('',#4604,#4605,#4606);
#2296=EDGE_LOOP('',(#4607,#4608));
#2297=AXIS2_PLACEMENT_3D('',#4609,#4610,#4611);
#2298=FILL_AREA_STYLE('',(#4612));
#2299=EDGE_LOOP('',(#4613,#4614,#4615,#4616));
#2300=AXIS2_PLACEMENT_3D('',#4617,#4618,#4619);
#2301=EDGE_LOOP('',(#4620,#4621,#4622,#4623));
#2302=AXIS2_PLACEMENT_3D('',#4624,#4625,#4626);
#2303=EDGE_LOOP('',(#4627,#4628,#4629,#4630));
#2304=AXIS2_PLACEMENT_3D('',#4631,#4632,#4633);
#2305=EDGE_LOOP('',(#4634,#4635,#4636,#4637));
#2306=AXIS2_PLACEMENT_3D('',#4638,#4639,#4640);
#2307=EDGE_LOOP('',(#4641,#4642,#4643,#4644));
#2308=AXIS2_PLACEMENT_3D('',#4645,#4646,#4647);
#2309=EDGE_LOOP('',(#4648,#4649,#4650,#4651,#4652,#4653,#4654,#4655,#4656));
#2310=EDGE_LOOP('',(#4657,#4658));
#2311=EDGE_LOOP('',(#4659,#4660));
#2312=AXIS2_PLACEMENT_3D('',#4661,#4662,#4663);
#2313=EDGE_LOOP('',(#4664,#4665,#4666,#4667,#4668,#4669,#4670,#4671,#4672));
#2314=EDGE_LOOP('',(#4673,#4674));
#2315=EDGE_LOOP('',(#4675,#4676));
#2316=AXIS2_PLACEMENT_3D('',#4677,#4678,#4679);
#2317=EDGE_LOOP('',(#4680,#4681,#4682,#4683));
#2318=AXIS2_PLACEMENT_3D('',#4684,#4685,#4686);
#2319=EDGE_LOOP('',(#4687,#4688,#4689,#4690));
#2320=AXIS2_PLACEMENT_3D('',#4691,#4692,#4693);
#2321=EDGE_LOOP('',(#4694,#4695,#4696,#4697));
#2322=AXIS2_PLACEMENT_3D('',#4698,#4699,#4700);
#2323=EDGE_LOOP('',(#4701,#4702,#4703,#4704));
#2324=AXIS2_PLACEMENT_3D('',#4705,#4706,#4707);
#2325=EDGE_LOOP('',(#4708,#4709,#4710,#4711,#4712,#4713,#4714,#4715));
#2326=AXIS2_PLACEMENT_3D('',#4716,#4717,#4718);
#2327=EDGE_LOOP('',(#4719,#4720,#4721,#4722));
#2328=AXIS2_PLACEMENT_3D('',#4723,#4724,#4725);
#2329=EDGE_LOOP('',(#4726,#4727,#4728,#4729,#4730,#4731,#4732,#4733));
#2330=AXIS2_PLACEMENT_3D('',#4734,#4735,#4736);
#2331=EDGE_LOOP('',(#4737,#4738,#4739,#4740));
#2332=AXIS2_PLACEMENT_3D('',#4741,#4742,#4743);
#2333=EDGE_LOOP('',(#4744,#4745,#4746,#4747));
#2334=AXIS2_PLACEMENT_3D('',#4748,#4749,#4750);
#2335=EDGE_LOOP('',(#4751,#4752,#4753,#4754,#4755,#4756,#4757,#4758,#4759,#4760,#4761,#4762,#4763,#4764,#4765,#4766,#4767));
#2336=AXIS2_PLACEMENT_3D('',#4768,#4769,#4770);
#2337=EDGE_LOOP('',(#4771,#4772,#4773,#4774));
#2338=AXIS2_PLACEMENT_3D('',#4775,#4776,#4777);
#2339=EDGE_LOOP('',(#4778,#4779,#4780,#4781,#4782,#4783,#4784,#4785,#4786,#4787,#4788,#4789,#4790,#4791,#4792,#4793,#4794));
#2340=AXIS2_PLACEMENT_3D('',#4795,#4796,#4797);
#2341=EDGE_LOOP('',(#4798,#4799,#4800,#4801,#4802,#4803,#4804,#4805));
#2342=AXIS2_PLACEMENT_3D('',#4806,#4807,#4808);
#2343=EDGE_LOOP('',(#4809,#4810,#4811,#4812));
#2344=AXIS2_PLACEMENT_3D('',#4813,#4814,#4815);
#2345=EDGE_LOOP('',(#4816,#4817,#4818,#4819));
#2346=AXIS2_PLACEMENT_3D('',#4820,#4821,#4822);
#2347=EDGE_LOOP('',(#4823,#4824,#4825,#4826));
#2348=AXIS2_PLACEMENT_3D('',#4827,#4828,#4829);
#2349=EDGE_LOOP('',(#4830,#4831,#4832,#4833));
#2350=AXIS2_PLACEMENT_3D('',#4834,#4835,#4836);
#2351=EDGE_LOOP('',(#4837,#4838,#4839,#4840));
#2352=AXIS2_PLACEMENT_3D('',#4841,#4842,#4843);
#2353=EDGE_LOOP('',(#4844,#4845,#4846,#4847));
#2354=AXIS2_PLACEMENT_3D('',#4848,#4849,#4850);
#2355=EDGE_LOOP('',(#4851,#4852,#4853,#4854,#4855,#4856,#4857,#4858));
#2356=AXIS2_PLACEMENT_3D('',#4859,#4860,#4861);
#2357=EDGE_LOOP('',(#4862,#4863,#4864,#4865));
#2358=AXIS2_PLACEMENT_3D('',#4866,#4867,#4868);
#2359=EDGE_LOOP('',(#4869,#4870,#4871,#4872,#4873,#4874,#4875,#4876));
#2360=AXIS2_PLACEMENT_3D('',#4877,#4878,#4879);
#2361=EDGE_LOOP('',(#4880,#4881,#4882,#4883));
#2362=AXIS2_PLACEMENT_3D('',#4884,#4885,#4886);
#2363=EDGE_LOOP('',(#4887,#4888,#4889,#4890,#4891,#4892,#4893,#4894));
#2364=AXIS2_PLACEMENT_3D('',#4895,#4896,#4897);
#2365=EDGE_LOOP('',(#4898,#4899,#4900,#4901));
#2366=AXIS2_PLACEMENT_3D('',#4902,#4903,#4904);
#2367=EDGE_LOOP('',(#4905,#4906,#4907,#4908));
#2368=AXIS2_PLACEMENT_3D('',#4909,#4910,#4911);
#2369=EDGE_LOOP('',(#4912,#4913,#4914,#4915));
#2370=AXIS2_PLACEMENT_3D('',#4916,#4917,#4918);
#2371=EDGE_LOOP('',(#4919,#4920,#4921,#4922,#4923,#4924));
#2372=AXIS2_PLACEMENT_3D('',#4925,#4926,#4927);
#2373=EDGE_LOOP('',(#4928,#4929,#4930,#4931));
#2374=AXIS2_PLACEMENT_3D('',#4932,#4933,#4934);
#2375=EDGE_LOOP('',(#4935,#4936,#4937,#4938,#4939,#4940));
#2376=AXIS2_PLACEMENT_3D('',#4941,#4942,#4943);
#2377=EDGE_LOOP('',(#4944,#4945,#4946,#4947,#4948,#4949));
#2378=AXIS2_PLACEMENT_3D('',#4950,#4951,#4952);
#2379=EDGE_LOOP('',(#4953,#4954,#4955,#4956));
#2380=AXIS2_PLACEMENT_3D('',#4957,#4958,#4959);
#2381=EDGE_LOOP('',(#4960,#4961,#4962,#4963,#4964,#4965));
#2382=AXIS2_PLACEMENT_3D('',#4966,#4967,#4968);
#2383=EDGE_LOOP('',(#4969,#4970,#4971,#4972));
#2384=AXIS2_PLACEMENT_3D('',#4973,#4974,#4975);
#2385=EDGE_LOOP('',(#4976,#4977,#4978,#4979));
#2386=AXIS2_PLACEMENT_3D('',#4980,#4981,#4982);
#2387=EDGE_LOOP('',(#4983,#4984,#4985,#4986));
#2388=AXIS2_PLACEMENT_3D('',#4987,#4988,#4989);
#2389=EDGE_LOOP('',(#4990,#4991,#4992,#4993));
#2390=AXIS2_PLACEMENT_3D('',#4994,#4995,#4996);
#2391=FILL_AREA_STYLE('',(#4997));
#2392=EDGE_LOOP('',(#4998,#4999,#5000,#5001));
#2394=CARTESIAN_POINT('',(1.25,-3.90965622208692E-25,-2.60000001224368));
#2395=CARTESIAN_POINT('',(1.25,2.5,-2.60000001224368));
#2396=CARTESIAN_POINT('',(-1.25,2.5,-2.60000001224368));
#2397=CARTESIAN_POINT('',(-1.25,1.53080850284385E-16,-2.60000001224368));
#2398=CARTESIAN_POINT('',(1.25000000717214,-3.90965624451939E-25,-1.86776695952331));
#2399=CARTESIAN_POINT('',(1.25000000717214,2.50000001434427,-1.86776695952331));
#2400=CARTESIAN_POINT('',(-1.25000000717214,2.50000001434427,-1.86776695952331));
#2401=CARTESIAN_POINT('',(-1.25000000717214,1.53080851162718E-16,-1.86776695952331));
#2402=CARTESIAN_POINT('',(0.73223305272037,-2.29022360846872E-25,-1.35000000000008));
#2403=CARTESIAN_POINT('',(0.73223305272037,1.46446610544074,-1.35000000000008));
#2404=CARTESIAN_POINT('',(-0.732233052720369,1.46446610544074,-1.35000000000008));
#2405=CARTESIAN_POINT('',(-0.73223305272037,8.96726866534119E-17,-1.35000000000008));
#2406=CARTESIAN_POINT('',(-1.72416971077401E-16,5.39423463992026E-41,-1.35000000000008));
#2407=CARTESIAN_POINT('',(-1.72416971077401E-16,5.39423463992026E-41,-1.35000000000008));
#2408=CARTESIAN_POINT('',(-1.72416971077401E-16,5.39423463992026E-41,-1.35000000000008));
#2409=CARTESIAN_POINT('',(-1.72416971077401E-16,5.39423463992026E-41,-1.35000000000008));
#2416=EDGE_LOOP('',(#5002,#5003,#5004,#5005,#5006));
#2417=AXIS2_PLACEMENT_3D('',#5007,#5008,#5009);
#2418=EDGE_LOOP('',(#5010,#5011,#5012,#5013));
#2419=AXIS2_PLACEMENT_3D('',#5014,#5015,#5016);
#2420=EDGE_LOOP('',(#5017,#5018,#5019,#5020));
#2421=AXIS2_PLACEMENT_3D('',#5021,#5022,#5023);
#2422=EDGE_LOOP('',(#5024,#5025,#5026,#5027));
#2423=AXIS2_PLACEMENT_3D('',#5028,#5029,#5030);
#2424=EDGE_LOOP('',(#5031,#5032,#5033,#5034));
#2425=AXIS2_PLACEMENT_3D('',#5035,#5036,#5037);
#2426=EDGE_LOOP('',(#5038,#5039,#5040));
#2427=AXIS2_PLACEMENT_3D('',#5041,#5042,#5043);
#2428=EDGE_LOOP('',(#5044,#5045,#5046,#5047));
#2430=CARTESIAN_POINT('',(-1.25,1.53080849893418E-16,-2.60000001224368));
#2431=CARTESIAN_POINT('',(-1.25,-2.5,-2.60000001224368));
#2432=CARTESIAN_POINT('',(1.25,-2.5,-2.60000001224368));
#2433=CARTESIAN_POINT('',(1.25,-3.06161699786837E-16,-2.60000001224368));
#2434=CARTESIAN_POINT('',(-1.25000000717214,1.53080850771752E-16,-1.86776695952331));
#2435=CARTESIAN_POINT('',(-1.25000000717214,-2.50000001434427,-1.86776695952331));
#2436=CARTESIAN_POINT('',(1.25000000717214,-2.50000001434427,-1.86776695952331));
#2437=CARTESIAN_POINT('',(1.25000000717214,-3.06161701543504E-16,-1.86776695952331));
#2438=CARTESIAN_POINT('',(-0.73223305272037,8.9672686424389E-17,-1.35000000000008));
#2439=CARTESIAN_POINT('',(-0.73223305272037,-1.46446610544074,-1.35000000000008));
#2440=CARTESIAN_POINT('',(0.732233052720369,-1.46446610544074,-1.35000000000008));
#2441=CARTESIAN_POINT('',(0.73223305272037,-1.79345372848778E-16,-1.35000000000008));
#2442=CARTESIAN_POINT('',(1.72416971077401E-16,-2.1114989174877E-32,-1.35000000000008));
#2443=CARTESIAN_POINT('',(1.72416971077401E-16,-2.1114989174877E-32,-1.35000000000008));
#2444=CARTESIAN_POINT('',(1.72416971077401E-16,-2.1114989174877E-32,-1.35000000000008));
#2445=CARTESIAN_POINT('',(1.72416971077401E-16,-2.1114989174877E-32,-1.35000000000008));
#2452=EDGE_LOOP('',(#5048,#5049,#5050,#5051,#5052));
#2453=AXIS2_PLACEMENT_3D('',#5053,#5054,#5055);
#2454=EDGE_LOOP('',(#5056,#5057));
#2455=EDGE_LOOP('',(#5058,#5059));
#2456=AXIS2_PLACEMENT_3D('',#5060,#5061,#5062);
#2457=EDGE_LOOP('',(#5063,#5064,#5065,#5066));
#2459=CARTESIAN_POINT('',(-1.5,0.0,-9.35000000000008));
#2460=CARTESIAN_POINT('',(-1.5,-3.0,-9.35000000000008));
#2461=CARTESIAN_POINT('',(1.5,-3.0,-9.35000000000008));
#2462=CARTESIAN_POINT('',(1.5,0.0,-9.35000000000008));
#2463=CARTESIAN_POINT('',(-1.558578644,0.0,-9.35000000000008));
#2464=CARTESIAN_POINT('',(-1.558578644,-3.117157287,-9.35000000000008));
#2465=CARTESIAN_POINT('',(1.558578644,-3.117157287,-9.35000000000008));
#2466=CARTESIAN_POINT('',(1.558578644,0.0,-9.35000000000008));
#2467=CARTESIAN_POINT('',(-1.6,0.0,-9.39142135600008));
#2468=CARTESIAN_POINT('',(-1.6,-3.2,-9.39142135600008));
#2469=CARTESIAN_POINT('',(1.6,-3.2,-9.39142135600008));
#2470=CARTESIAN_POINT('',(1.6,0.0,-9.39142135600008));
#2471=CARTESIAN_POINT('',(-1.6,0.0,-9.45000000000008));
#2472=CARTESIAN_POINT('',(-1.6,-3.2,-9.45000000000008));
#2473=CARTESIAN_POINT('',(1.6,-3.2,-9.45000000000008));
#2474=CARTESIAN_POINT('',(1.6,0.0,-9.45000000000008));
#2475=CARTESIAN_POINT('',(-1.6,0.0,-9.45028451780564));
#2476=CARTESIAN_POINT('',(-1.6,-3.2,-9.45028451780564));
#2477=CARTESIAN_POINT('',(1.6,-3.2,-9.45028451780564));
#2478=CARTESIAN_POINT('',(1.6,0.0,-9.45028451780564));
#2479=CARTESIAN_POINT('',(-1.6,0.0,-9.4505690356112));
#2480=CARTESIAN_POINT('',(-1.6,-3.2,-9.4505690356112));
#2481=CARTESIAN_POINT('',(1.6,-3.2,-9.4505690356112));
#2482=CARTESIAN_POINT('',(1.6,0.0,-9.4505690356112));
#2483=CARTESIAN_POINT('',(-1.6,0.0,-9.45085355341675));
#2484=CARTESIAN_POINT('',(-1.6,-3.2,-9.45085355341675));
#2485=CARTESIAN_POINT('',(1.6,-3.2,-9.45085355341675));
#2486=CARTESIAN_POINT('',(1.6,0.0,-9.45085355341675));
#2493=EDGE_LOOP('',(#5067,#5068,#5069,#5070));
#2495=CARTESIAN_POINT('',(1.5,0.0,-9.35000000000008));
#2496=CARTESIAN_POINT('',(1.5,3.0,-9.35000000000008));
#2497=CARTESIAN_POINT('',(-1.5,3.0,-9.35000000000008));
#2498=CARTESIAN_POINT('',(-1.5,0.0,-9.35000000000008));
#2499=CARTESIAN_POINT('',(1.558578644,0.0,-9.35000000000008));
#2500=CARTESIAN_POINT('',(1.558578644,3.117157287,-9.35000000000008));
#2501=CARTESIAN_POINT('',(-1.558578644,3.117157287,-9.35000000000008));
#2502=CARTESIAN_POINT('',(-1.558578644,0.0,-9.35000000000008));
#2503=CARTESIAN_POINT('',(1.6,0.0,-9.39142135600008));
#2504=CARTESIAN_POINT('',(1.6,3.2,-9.39142135600008));
#2505=CARTESIAN_POINT('',(-1.6,3.2,-9.39142135600008));
#2506=CARTESIAN_POINT('',(-1.6,0.0,-9.39142135600008));
#2507=CARTESIAN_POINT('',(1.6,0.0,-9.45000000000008));
#2508=CARTESIAN_POINT('',(1.6,3.2,-9.45000000000008));
#2509=CARTESIAN_POINT('',(-1.6,3.2,-9.45000000000008));
#2510=CARTESIAN_POINT('',(-1.6,0.0,-9.45000000000008));
#2511=CARTESIAN_POINT('',(1.6,0.0,-9.45028451780564));
#2512=CARTESIAN_POINT('',(1.6,3.2,-9.45028451780564));
#2513=CARTESIAN_POINT('',(-1.6,3.2,-9.45028451780564));
#2514=CARTESIAN_POINT('',(-1.6,0.0,-9.45028451780564));
#2515=CARTESIAN_POINT('',(1.6,0.0,-9.4505690356112));
#2516=CARTESIAN_POINT('',(1.6,3.2,-9.4505690356112));
#2517=CARTESIAN_POINT('',(-1.6,3.2,-9.4505690356112));
#2518=CARTESIAN_POINT('',(-1.6,0.0,-9.4505690356112));
#2519=CARTESIAN_POINT('',(1.6,0.0,-9.45085355341675));
#2520=CARTESIAN_POINT('',(1.6,3.2,-9.45085355341675));
#2521=CARTESIAN_POINT('',(-1.6,3.2,-9.45085355341675));
#2522=CARTESIAN_POINT('',(-1.6,0.0,-9.45085355341675));
#2529=EDGE_LOOP('',(#5071,#5072,#5073,#5074));
#2530=AXIS2_PLACEMENT_3D('',#5075,#5076,#5077);
#2531=EDGE_LOOP('',(#5078,#5079,#5080,#5081));
#2533=CARTESIAN_POINT('',(-1.6,0.0,-10.0500000000001));
#2534=CARTESIAN_POINT('',(-1.6,-3.2,-10.0500000000001));
#2535=CARTESIAN_POINT('',(1.6,-3.2,-10.0500000000001));
#2536=CARTESIAN_POINT('',(1.6,0.0,-10.0500000000001));
#2537=CARTESIAN_POINT('',(-1.6,0.0,-10.1085786440001));
#2538=CARTESIAN_POINT('',(-1.6,-3.2,-10.1085786440001));
#2539=CARTESIAN_POINT('',(1.6,-3.2,-10.1085786440001));
#2540=CARTESIAN_POINT('',(1.6,0.0,-10.1085786440001));
#2541=CARTESIAN_POINT('',(-1.558578644,0.0,-10.1500000000001));
#2542=CARTESIAN_POINT('',(-1.558578644,-3.117157287,-10.1500000000001));
#2543=CARTESIAN_POINT('',(1.558578644,-3.117157287,-10.1500000000001));
#2544=CARTESIAN_POINT('',(1.558578644,0.0,-10.1500000000001));
#2545=CARTESIAN_POINT('',(-1.5,0.0,-10.1500000000001));
#2546=CARTESIAN_POINT('',(-1.5,-3.0,-10.1500000000001));
#2547=CARTESIAN_POINT('',(1.5,-3.0,-10.1500000000001));
#2548=CARTESIAN_POINT('',(1.5,0.0,-10.1500000000001));
#2555=EDGE_LOOP('',(#5082,#5083,#5084,#5085));
#2557=CARTESIAN_POINT('',(1.6,0.0,-10.0500000000001));
#2558=CARTESIAN_POINT('',(1.6,3.2,-10.0500000000001));
#2559=CARTESIAN_POINT('',(-1.6,3.2,-10.0500000000001));
#2560=CARTESIAN_POINT('',(-1.6,0.0,-10.0500000000001));
#2561=CARTESIAN_POINT('',(1.6,0.0,-10.1085786440001));
#2562=CARTESIAN_POINT('',(1.6,3.2,-10.1085786440001));
#2563=CARTESIAN_POINT('',(-1.6,3.2,-10.1085786440001));
#2564=CARTESIAN_POINT('',(-1.6,0.0,-10.1085786440001));
#2565=CARTESIAN_POINT('',(1.558578644,0.0,-10.1500000000001));
#2566=CARTESIAN_POINT('',(1.558578644,3.117157287,-10.1500000000001));
#2567=CARTESIAN_POINT('',(-1.558578644,3.117157287,-10.1500000000001));
#2568=CARTESIAN_POINT('',(-1.558578644,0.0,-10.1500000000001));
#2569=CARTESIAN_POINT('',(1.5,0.0,-10.1500000000001));
#2570=CARTESIAN_POINT('',(1.5,3.0,-10.1500000000001));
#2571=CARTESIAN_POINT('',(-1.5,3.0,-10.1500000000001));
#2572=CARTESIAN_POINT('',(-1.5,0.0,-10.1500000000001));
#2579=EDGE_LOOP('',(#5086,#5087));
#2580=EDGE_LOOP('',(#5088,#5089));
#2581=AXIS2_PLACEMENT_3D('',#5090,#5091,#5092);
#2582=EDGE_LOOP('',(#5093,#5094,#5095,#5096));
#2583=AXIS2_PLACEMENT_3D('',#5097,#5098,#5099);
#2584=EDGE_LOOP('',(#5100,#5101));
#2585=EDGE_LOOP('',(#5102,#5103));
#2586=AXIS2_PLACEMENT_3D('',#5104,#5105,#5106);
#2587=EDGE_LOOP('',(#5107,#5108,#5109,#5110));
#2588=AXIS2_PLACEMENT_3D('',#5111,#5112,#5113);
#2589=EDGE_LOOP('',(#5114,#5115,#5116,#5117));
#2591=CARTESIAN_POINT('',(-1.049999999,0.0,-14.2000000000001));
#2592=CARTESIAN_POINT('',(-1.049999999,2.1,-14.2000000000001));
#2593=CARTESIAN_POINT('',(1.049999999,2.1,-14.2000000000001));
#2594=CARTESIAN_POINT('',(1.049999999,0.0,-14.2000000000001));
#2595=CARTESIAN_POINT('',(-1.201089019,0.0,-14.1744612940001));
#2596=CARTESIAN_POINT('',(-1.201089019,2.402178038,-14.1744612940001));
#2597=CARTESIAN_POINT('',(1.201089019,2.402178038,-14.1744612940001));
#2598=CARTESIAN_POINT('',(1.201089019,0.0,-14.1744612940001));
#2599=CARTESIAN_POINT('',(-1.3,0.0,-14.0574282430001));
#2600=CARTESIAN_POINT('',(-1.3,2.600000001,-14.0574282430001));
#2601=CARTESIAN_POINT('',(1.3,2.600000001,-14.0574282430001));
#2602=CARTESIAN_POINT('',(1.3,0.0,-14.0574282430001));
#2603=CARTESIAN_POINT('',(-1.3,0.0,-13.9041960110001));
#2604=CARTESIAN_POINT('',(-1.3,2.6,-13.9041960110001));
#2605=CARTESIAN_POINT('',(1.3,2.6,-13.9041960110001));
#2606=CARTESIAN_POINT('',(1.3,0.0,-13.9041960110001));
#2613=EDGE_LOOP('',(#5118,#5119,#5120,#5121));
#2615=CARTESIAN_POINT('',(1.049999999,0.0,-14.2000000000001));
#2616=CARTESIAN_POINT('',(1.049999999,-2.1,-14.2000000000001));
#2617=CARTESIAN_POINT('',(-1.049999999,-2.1,-14.2000000000001));
#2618=CARTESIAN_POINT('',(-1.049999999,0.0,-14.2000000000001));
#2619=CARTESIAN_POINT('',(1.201089019,0.0,-14.1744612940001));
#2620=CARTESIAN_POINT('',(1.201089019,-2.402178038,-14.1744612940001));
#2621=CARTESIAN_POINT('',(-1.201089019,-2.402178038,-14.1744612940001));
#2622=CARTESIAN_POINT('',(-1.201089019,0.0,-14.1744612940001));
#2623=CARTESIAN_POINT('',(1.3,0.0,-14.0574282430001));
#2624=CARTESIAN_POINT('',(1.3,-2.6,-14.0574282430001));
#2625=CARTESIAN_POINT('',(-1.3,-2.6,-14.0574282430001));
#2626=CARTESIAN_POINT('',(-1.3,0.0,-14.0574282430001));
#2627=CARTESIAN_POINT('',(1.3,0.0,-13.9041960110001));
#2628=CARTESIAN_POINT('',(1.3,-2.6,-13.9041960110001));
#2629=CARTESIAN_POINT('',(-1.3,-2.6,-13.9041960110001));
#2630=CARTESIAN_POINT('',(-1.3,0.0,-13.9041960110001));
#2637=EDGE_LOOP('',(#5122,#5123,#5124,#5125));
#2639=CARTESIAN_POINT('',(-0.75,0.0,-13.9000000000001));
#2640=CARTESIAN_POINT('',(-0.75,1.5,-13.9000000000001));
#2641=CARTESIAN_POINT('',(0.75,1.5,-13.9000000000001));
#2642=CARTESIAN_POINT('',(0.75,0.0,-13.9000000000001));
#2643=CARTESIAN_POINT('',(-0.75,0.0,-14.0757359320001));
#2644=CARTESIAN_POINT('',(-0.75,1.5,-14.0757359320001));
#2645=CARTESIAN_POINT('',(0.75,1.5,-14.0757359320001));
#2646=CARTESIAN_POINT('',(0.75,0.0,-14.0757359320001));
#2647=CARTESIAN_POINT('',(-0.874264068,0.0,-14.2000000000001));
#2648=CARTESIAN_POINT('',(-0.874264068,1.748528137,-14.2000000000001));
#2649=CARTESIAN_POINT('',(0.874264068,1.748528137,-14.2000000000001));
#2650=CARTESIAN_POINT('',(0.874264068,0.0,-14.2000000000001));
#2651=CARTESIAN_POINT('',(-1.05,0.0,-14.2000000000001));
#2652=CARTESIAN_POINT('',(-1.05,2.099999999,-14.2000000000001));
#2653=CARTESIAN_POINT('',(1.05,2.099999999,-14.2000000000001));
#2654=CARTESIAN_POINT('',(1.05,0.0,-14.2000000000001));
#2655=CARTESIAN_POINT('',(-1.05028451779867,0.0,-14.2000000000001));
#2656=CARTESIAN_POINT('',(-1.05028451779867,2.10056903459411,-14.2000000000001));
#2657=CARTESIAN_POINT('',(1.05028451779867,2.10056903459411,-14.2000000000001));
#2658=CARTESIAN_POINT('',(1.05028451779867,0.0,-14.2000000000001));
#2659=CARTESIAN_POINT('',(-1.05056903559734,0.0,-14.2000000000001));
#2660=CARTESIAN_POINT('',(-1.05056903559734,2.10113807018821,-14.2000000000001));
#2661=CARTESIAN_POINT('',(1.05056903559734,2.10113807018821,-14.2000000000001));
#2662=CARTESIAN_POINT('',(1.05056903559734,0.0,-14.2000000000001));
#2663=CARTESIAN_POINT('',(-1.05085355339602,0.0,-14.2000000000001));
#2664=CARTESIAN_POINT('',(-1.05085355339602,2.10170710578232,-14.2000000000001));
#2665=CARTESIAN_POINT('',(1.05085355339602,2.10170710578232,-14.2000000000001));
#2666=CARTESIAN_POINT('',(1.05085355339602,0.0,-14.2000000000001));
#2673=EDGE_LOOP('',(#5126,#5127,#5128,#5129));
#2675=CARTESIAN_POINT('',(0.75,0.0,-13.9000000000001));
#2676=CARTESIAN_POINT('',(0.75,-1.5,-13.9000000000001));
#2677=CARTESIAN_POINT('',(-0.75,-1.5,-13.9000000000001));
#2678=CARTESIAN_POINT('',(-0.75,0.0,-13.9000000000001));
#2679=CARTESIAN_POINT('',(0.75,0.0,-14.0757359320001));
#2680=CARTESIAN_POINT('',(0.75,-1.5,-14.0757359320001));
#2681=CARTESIAN_POINT('',(-0.75,-1.5,-14.0757359320001));
#2682=CARTESIAN_POINT('',(-0.75,0.0,-14.0757359320001));
#2683=CARTESIAN_POINT('',(0.874264068,0.0,-14.2000000000001));
#2684=CARTESIAN_POINT('',(0.874264068,-1.748528137,-14.2000000000001));
#2685=CARTESIAN_POINT('',(-0.874264068,-1.748528137,-14.2000000000001));
#2686=CARTESIAN_POINT('',(-0.874264068,0.0,-14.2000000000001));
#2687=CARTESIAN_POINT('',(1.05,0.0,-14.2000000000001));
#2688=CARTESIAN_POINT('',(1.05,-2.099999999,-14.2000000000001));
#2689=CARTESIAN_POINT('',(-1.05,-2.099999999,-14.2000000000001));
#2690=CARTESIAN_POINT('',(-1.05,0.0,-14.2000000000001));
#2691=CARTESIAN_POINT('',(1.05028451779867,0.0,-14.2000000000001));
#2692=CARTESIAN_POINT('',(1.05028451779867,-2.10056903459411,-14.2000000000001));
#2693=CARTESIAN_POINT('',(-1.05028451779867,-2.10056903459411,-14.2000000000001));
#2694=CARTESIAN_POINT('',(-1.05028451779867,0.0,-14.2000000000001));
#2695=CARTESIAN_POINT('',(1.05056903559734,0.0,-14.2000000000001));
#2696=CARTESIAN_POINT('',(1.05056903559734,-2.10113807018821,-14.2000000000001));
#2697=CARTESIAN_POINT('',(-1.05056903559734,-2.10113807018821,-14.2000000000001));
#2698=CARTESIAN_POINT('',(-1.05056903559734,0.0,-14.2000000000001));
#2699=CARTESIAN_POINT('',(1.05085355339602,0.0,-14.2000000000001));
#2700=CARTESIAN_POINT('',(1.05085355339602,-2.10170710578232,-14.2000000000001));
#2701=CARTESIAN_POINT('',(-1.05085355339602,-2.10170710578232,-14.2000000000001));
#2702=CARTESIAN_POINT('',(-1.05085355339602,0.0,-14.2000000000001));
#2709=EDGE_LOOP('',(#5130,#5131,#5132,#5133));
#2710=AXIS2_PLACEMENT_3D('',#5134,#5135,#5136);
#2711=EDGE_LOOP('',(#5137,#5138,#5139));
#2712=AXIS2_PLACEMENT_3D('',#5140,#5141,#5142);
#2713=FILL_AREA_STYLE_COLOUR('',#5143);
#2714=ORIENTED_EDGE('',*,*,#5144,.F.);
#2715=ORIENTED_EDGE('',*,*,#5145,.F.);
#2716=ORIENTED_EDGE('',*,*,#5146,.F.);
#2717=ORIENTED_EDGE('',*,*,#5147,.T.);
#2718=CARTESIAN_POINT('',(0.0,2.557950229,-7.8));
#2719=DIRECTION('',(0.0,-1.0,0.0));
#2720=DIRECTION('',(0.0,0.0,1.0));
#2721=ORIENTED_EDGE('',*,*,#5148,.T.);
#2722=ORIENTED_EDGE('',*,*,#5149,.T.);
#2723=ORIENTED_EDGE('',*,*,#5150,.T.);
#2724=ORIENTED_EDGE('',*,*,#5151,.F.);
#2725=CARTESIAN_POINT('',(0.0,-6.4,-9.5));
#2726=DIRECTION('',(0.0,1.0,0.0));
#2727=DIRECTION('',(0.0,0.0,-1.0));
#2728=ORIENTED_EDGE('',*,*,#5152,.T.);
#2729=ORIENTED_EDGE('',*,*,#5153,.T.);
#2730=ORIENTED_EDGE('',*,*,#5154,.F.);
#2731=ORIENTED_EDGE('',*,*,#5155,.F.);
#2732=CARTESIAN_POINT('',(0.0,-6.2,-5.0));
#2733=DIRECTION('',(0.0,1.0,0.0));
#2734=DIRECTION('',(0.0,0.0,-1.0));
#2735=ORIENTED_EDGE('',*,*,#5156,.F.);
#2736=ORIENTED_EDGE('',*,*,#5157,.T.);
#2737=ORIENTED_EDGE('',*,*,#5158,.T.);
#2738=ORIENTED_EDGE('',*,*,#5159,.F.);
#2739=CARTESIAN_POINT('',(0.0,0.0,-12.25));
#2740=DIRECTION('',(1.13752359080446E-15,0.0,-1.0));
#2741=DIRECTION('',(1.0,0.0,1.13752359080446E-15));
#2742=ORIENTED_EDGE('',*,*,#5160,.F.);
#2743=ORIENTED_EDGE('',*,*,#5161,.T.);
#2744=ORIENTED_EDGE('',*,*,#5162,.F.);
#2745=ORIENTED_EDGE('',*,*,#5163,.F.);
#2746=ORIENTED_EDGE('',*,*,#5164,.F.);
#2747=CARTESIAN_POINT('',(0.0,-7.0,-5.0));
#2748=DIRECTION('',(1.23908819712629E-15,-1.0,0.0));
#2749=DIRECTION('',(-1.0,-1.23908819712629E-15,0.0));
#2750=ORIENTED_EDGE('',*,*,#5165,.T.);
#2751=ORIENTED_EDGE('',*,*,#5166,.T.);
#2752=ORIENTED_EDGE('',*,*,#5167,.F.);
#2753=ORIENTED_EDGE('',*,*,#5168,.F.);
#2754=ORIENTED_EDGE('',*,*,#5169,.T.);
#2755=ORIENTED_EDGE('',*,*,#5170,.T.);
#2756=ORIENTED_EDGE('',*,*,#5171,.T.);
#2757=ORIENTED_EDGE('',*,*,#5172,.T.);
#2758=CARTESIAN_POINT('',(0.0,0.0,-9.5));
#2759=DIRECTION('',(0.0,0.0,-1.0));
#2760=DIRECTION('',(1.0,0.0,0.0));
#2761=ORIENTED_EDGE('',*,*,#5173,.F.);
#2762=ORIENTED_EDGE('',*,*,#5174,.T.);
#2763=ORIENTED_EDGE('',*,*,#5156,.T.);
#2764=ORIENTED_EDGE('',*,*,#5175,.F.);
#2765=CARTESIAN_POINT('',(0.0,0.0,-12.45));
#2766=DIRECTION('',(-1.30922526488816E-15,-0.0,1.0));
#2767=DIRECTION('',(1.0,0.0,1.30922526488816E-15));
#2768=ORIENTED_EDGE('',*,*,#5176,.F.);
#2769=ORIENTED_EDGE('',*,*,#5177,.T.);
#2770=ORIENTED_EDGE('',*,*,#5178,.T.);
#2771=ORIENTED_EDGE('',*,*,#5160,.T.);
#2772=ORIENTED_EDGE('',*,*,#5179,.F.);
#2773=CARTESIAN_POINT('',(0.0,-7.7,-5.0));
#2774=DIRECTION('',(-0.0,1.0,-0.0));
#2775=DIRECTION('',(0.0,0.0,1.0));
#2776=ORIENTED_EDGE('',*,*,#5180,.T.);
#2777=ORIENTED_EDGE('',*,*,#5181,.T.);
#2778=ORIENTED_EDGE('',*,*,#5182,.F.);
#2779=ORIENTED_EDGE('',*,*,#5183,.F.);
#2780=CARTESIAN_POINT('',(0.0,0.0,-10.15));
#2781=DIRECTION('',(0.0,0.0,-1.0));
#2782=DIRECTION('',(1.0,0.0,0.0));
#2783=ORIENTED_EDGE('',*,*,#5184,.T.);
#2784=ORIENTED_EDGE('',*,*,#5185,.T.);
#2785=ORIENTED_EDGE('',*,*,#5186,.T.);
#2786=ORIENTED_EDGE('',*,*,#5187,.F.);
#2787=CARTESIAN_POINT('',(0.0,0.0,-12.45));
#2788=DIRECTION('',(1.65211759616839E-15,0.0,-1.0));
#2789=DIRECTION('',(1.0,0.0,1.65211759616839E-15));
#2790=ORIENTED_EDGE('',*,*,#5149,.F.);
#2791=ORIENTED_EDGE('',*,*,#5188,.T.);
#2792=ORIENTED_EDGE('',*,*,#5151,.T.);
#2793=ORIENTED_EDGE('',*,*,#5189,.T.);
#2794=CARTESIAN_POINT('',(0.0,-6.4,-9.5));
#2795=DIRECTION('',(0.0,1.0,0.0));
#2796=DIRECTION('',(0.0,0.0,-1.0));
#2797=ORIENTED_EDGE('',*,*,#5190,.T.);
#2798=ORIENTED_EDGE('',*,*,#5191,.T.);
#2799=ORIENTED_EDGE('',*,*,#5192,.T.);
#2800=ORIENTED_EDGE('',*,*,#5193,.T.);
#2801=ORIENTED_EDGE('',*,*,#5189,.F.);
#2802=ORIENTED_EDGE('',*,*,#5150,.F.);
#2803=ORIENTED_EDGE('',*,*,#5154,.T.);
#2804=ORIENTED_EDGE('',*,*,#5194,.T.);
#2805=CARTESIAN_POINT('',(-4.0,-6.5,-11.9));
#2806=DIRECTION('',(0.0,-1.0,0.0));
#2807=DIRECTION('',(0.0,0.0,-1.0));
#2808=ORIENTED_EDGE('',*,*,#5148,.F.);
#2809=ORIENTED_EDGE('',*,*,#5188,.F.);
#2810=CARTESIAN_POINT('',(-1.265,-6.4,-10.765));
#2811=DIRECTION('',(0.0,-1.0,0.0));
#2812=DIRECTION('',(0.0,0.0,-1.0));
#2813=ORIENTED_EDGE('',*,*,#5153,.F.);
#2814=ORIENTED_EDGE('',*,*,#5195,.T.);
#2815=ORIENTED_EDGE('',*,*,#5155,.T.);
#2816=ORIENTED_EDGE('',*,*,#5194,.F.);
#2817=CARTESIAN_POINT('',(0.0,-6.2,-5.0));
#2818=DIRECTION('',(0.0,1.0,0.0));
#2819=DIRECTION('',(0.0,0.0,-1.0));
#2820=ORIENTED_EDGE('',*,*,#5196,.F.);
#2821=ORIENTED_EDGE('',*,*,#5197,.F.);
#2822=ORIENTED_EDGE('',*,*,#5198,.F.);
#2823=ORIENTED_EDGE('',*,*,#5191,.F.);
#2824=CARTESIAN_POINT('',(-4.048,-5.7,-0.8));
#2825=DIRECTION('',(-1.0,0.0,-0.0));
#2826=DIRECTION('',(0.0,0.0,-1.0));
#2827=ORIENTED_EDGE('',*,*,#5190,.F.);
#2828=ORIENTED_EDGE('',*,*,#5199,.F.);
#2829=ORIENTED_EDGE('',*,*,#5200,.F.);
#2830=ORIENTED_EDGE('',*,*,#5201,.F.);
#2831=CARTESIAN_POINT('',(4.0,-6.0,-11.9));
#2832=DIRECTION('',(0.0,0.0,-1.0));
#2833=DIRECTION('',(1.0,0.0,0.0));
#2834=ORIENTED_EDGE('',*,*,#5202,.T.);
#2835=ORIENTED_EDGE('',*,*,#5203,.F.);
#2836=ORIENTED_EDGE('',*,*,#5204,.F.);
#2837=ORIENTED_EDGE('',*,*,#5205,.F.);
#2838=ORIENTED_EDGE('',*,*,#5206,.T.);
#2839=ORIENTED_EDGE('',*,*,#5207,.T.);
#2840=ORIENTED_EDGE('',*,*,#5208,.T.);
#2841=ORIENTED_EDGE('',*,*,#5209,.F.);
#2842=ORIENTED_EDGE('',*,*,#5210,.F.);
#2843=ORIENTED_EDGE('',*,*,#5199,.T.);
#2844=ORIENTED_EDGE('',*,*,#5193,.F.);
#2845=ORIENTED_EDGE('',*,*,#5211,.F.);
#2846=ORIENTED_EDGE('',*,*,#5212,.F.);
#2847=ORIENTED_EDGE('',*,*,#5213,.T.);
#2848=ORIENTED_EDGE('',*,*,#5214,.F.);
#2849=ORIENTED_EDGE('',*,*,#5215,.T.);
#2850=ORIENTED_EDGE('',*,*,#5216,.F.);
#2851=ORIENTED_EDGE('',*,*,#5217,.F.);
#2852=ORIENTED_EDGE('',*,*,#5218,.T.);
#2853=ORIENTED_EDGE('',*,*,#5219,.T.);
#2854=ORIENTED_EDGE('',*,*,#5220,.T.);
#2855=ORIENTED_EDGE('',*,*,#5221,.F.);
#2856=ORIENTED_EDGE('',*,*,#5222,.T.);
#2857=ORIENTED_EDGE('',*,*,#5223,.T.);
#2858=ORIENTED_EDGE('',*,*,#5224,.T.);
#2859=ORIENTED_EDGE('',*,*,#5225,.T.);
#2860=ORIENTED_EDGE('',*,*,#5226,.T.);
#2861=ORIENTED_EDGE('',*,*,#5227,.F.);
#2862=ORIENTED_EDGE('',*,*,#5228,.F.);
#2863=ORIENTED_EDGE('',*,*,#5158,.F.);
#2864=CARTESIAN_POINT('',(-4.5,-6.5,-11.9));
#2865=DIRECTION('',(0.0,0.0,1.0));
#2866=DIRECTION('',(1.0,0.0,0.0));
#2867=ORIENTED_EDGE('',*,*,#5229,.F.);
#2868=ORIENTED_EDGE('',*,*,#5211,.T.);
#2869=ORIENTED_EDGE('',*,*,#5192,.F.);
#2870=ORIENTED_EDGE('',*,*,#5230,.F.);
#2871=CARTESIAN_POINT('',(-4.0,-6.0,-11.9));
#2872=DIRECTION('',(0.0,0.0,-1.0));
#2873=DIRECTION('',(1.0,0.0,0.0));
#2874=ORIENTED_EDGE('',*,*,#5152,.F.);
#2875=ORIENTED_EDGE('',*,*,#5195,.F.);
#2876=ORIENTED_EDGE('',*,*,#5162,.T.);
#2877=ORIENTED_EDGE('',*,*,#5231,.T.);
#2878=CARTESIAN_POINT('',(-1.1132,-6.2,-6.1132));
#2879=DIRECTION('',(0.0,-1.0,0.0));
#2880=DIRECTION('',(0.0,0.0,-1.0));
#2881=ORIENTED_EDGE('',*,*,#5232,.T.);
#2882=ORIENTED_EDGE('',*,*,#5196,.T.);
#2883=ORIENTED_EDGE('',*,*,#5201,.T.);
#2884=ORIENTED_EDGE('',*,*,#5197,.T.);
#2885=ORIENTED_EDGE('',*,*,#5233,.T.);
#2886=ORIENTED_EDGE('',*,*,#5234,.T.);
#2887=ORIENTED_EDGE('',*,*,#5235,.T.);
#2888=ORIENTED_EDGE('',*,*,#5167,.T.);
#2889=ORIENTED_EDGE('',*,*,#5236,.T.);
#2890=CARTESIAN_POINT('',(-3.7,-5.7,0.0));
#2891=DIRECTION('',(0.0,0.0,1.0));
#2892=DIRECTION('',(1.0,0.0,0.0));
#2893=ORIENTED_EDGE('',*,*,#5198,.T.);
#2894=ORIENTED_EDGE('',*,*,#5237,.T.);
#2895=ORIENTED_EDGE('',*,*,#5230,.T.);
#2896=ORIENTED_EDGE('',*,*,#5238,.T.);
#2897=ORIENTED_EDGE('',*,*,#5239,.T.);
#2898=ORIENTED_EDGE('',*,*,#5240,.T.);
#2899=ORIENTED_EDGE('',*,*,#5241,.T.);
#2900=ORIENTED_EDGE('',*,*,#5242,.T.);
#2901=ORIENTED_EDGE('',*,*,#5243,.T.);
#2902=ORIENTED_EDGE('',*,*,#5244,.T.);
#2903=ORIENTED_EDGE('',*,*,#5245,.F.);
#2904=ORIENTED_EDGE('',*,*,#5246,.T.);
#2905=ORIENTED_EDGE('',*,*,#5216,.T.);
#2906=ORIENTED_EDGE('',*,*,#5247,.T.);
#2907=ORIENTED_EDGE('',*,*,#5248,.T.);
#2908=ORIENTED_EDGE('',*,*,#5249,.T.);
#2909=ORIENTED_EDGE('',*,*,#5250,.T.);
#2910=ORIENTED_EDGE('',*,*,#5200,.T.);
#2911=ORIENTED_EDGE('',*,*,#5210,.T.);
#2912=CARTESIAN_POINT('',(4.5,-6.0,-11.9));
#2913=DIRECTION('',(1.0,0.0,0.0));
#2914=DIRECTION('',(0.0,1.0,0.0));
#2915=ORIENTED_EDGE('',*,*,#5157,.F.);
#2916=ORIENTED_EDGE('',*,*,#5251,.F.);
#2917=ORIENTED_EDGE('',*,*,#5159,.T.);
#2918=ORIENTED_EDGE('',*,*,#5228,.T.);
#2919=CARTESIAN_POINT('',(0.0,0.0,-12.25));
#2920=DIRECTION('',(1.13752359080446E-15,0.0,-1.0));
#2921=DIRECTION('',(1.0,0.0,1.13752359080446E-15));
#2922=ORIENTED_EDGE('',*,*,#5252,.T.);
#2923=ORIENTED_EDGE('',*,*,#5253,.T.);
#2924=ORIENTED_EDGE('',*,*,#5254,.T.);
#2925=ORIENTED_EDGE('',*,*,#5227,.T.);
#2926=CARTESIAN_POINT('',(-3.6,-2.95,-11.6));
#2927=DIRECTION('',(0.0,-0.70710678118655,0.707106781186546));
#2928=DIRECTION('',(-1.0,0.0,0.0));
#2929=ORIENTED_EDGE('',*,*,#5255,.F.);
#2930=ORIENTED_EDGE('',*,*,#5203,.T.);
#2931=ORIENTED_EDGE('',*,*,#5256,.T.);
#2932=ORIENTED_EDGE('',*,*,#5257,.F.);
#2933=CARTESIAN_POINT('',(-3.856899999,-3.800000001,-11.899999999));
#2934=DIRECTION('',(-0.0,0.707106781186551,0.707106781186544));
#2935=DIRECTION('',(1.0,0.0,0.0));
#2936=ORIENTED_EDGE('',*,*,#5258,.F.);
#2937=ORIENTED_EDGE('',*,*,#5204,.T.);
#2938=ORIENTED_EDGE('',*,*,#5255,.T.);
#2939=ORIENTED_EDGE('',*,*,#5259,.F.);
#2940=CARTESIAN_POINT('',(-3.85,-4.856299999,-11.9));
#2941=DIRECTION('',(-0.707106781186549,0.0,0.707106781186546));
#2942=DIRECTION('',(0.0,1.0,0.0));
#2943=ORIENTED_EDGE('',*,*,#5258,.T.);
#2944=ORIENTED_EDGE('',*,*,#5260,.F.);
#2945=ORIENTED_EDGE('',*,*,#5261,.T.);
#2946=ORIENTED_EDGE('',*,*,#5205,.T.);
#2947=CARTESIAN_POINT('',(-3.8569,-4.649999999,-11.699999999));
#2948=DIRECTION('',(0.0,-0.707106781186546,0.707106781186549));
#2949=DIRECTION('',(-1.0,0.0,0.0));
#2950=ORIENTED_EDGE('',*,*,#5262,.T.);
#2951=ORIENTED_EDGE('',*,*,#5263,.F.);
#2952=ORIENTED_EDGE('',*,*,#5238,.F.);
#2953=ORIENTED_EDGE('',*,*,#5209,.T.);
#2954=CARTESIAN_POINT('',(-3.6,-5.5,-11.6));
#2955=DIRECTION('',(0.0,-0.70710678118655,0.707106781186546));
#2956=DIRECTION('',(-1.0,0.0,0.0));
#2957=ORIENTED_EDGE('',*,*,#5264,.T.);
#2958=ORIENTED_EDGE('',*,*,#5265,.T.);
#2959=ORIENTED_EDGE('',*,*,#5266,.T.);
#2960=ORIENTED_EDGE('',*,*,#5212,.T.);
#2961=ORIENTED_EDGE('',*,*,#5229,.T.);
#2962=ORIENTED_EDGE('',*,*,#5267,.T.);
#2963=ORIENTED_EDGE('',*,*,#5268,.T.);
#2964=ORIENTED_EDGE('',*,*,#5269,.T.);
#2965=ORIENTED_EDGE('',*,*,#5270,.T.);
#2966=ORIENTED_EDGE('',*,*,#5271,.T.);
#2967=ORIENTED_EDGE('',*,*,#5272,.T.);
#2968=ORIENTED_EDGE('',*,*,#5273,.T.);
#2969=ORIENTED_EDGE('',*,*,#5274,.T.);
#2970=ORIENTED_EDGE('',*,*,#5275,.T.);
#2971=ORIENTED_EDGE('',*,*,#5276,.T.);
#2972=ORIENTED_EDGE('',*,*,#5277,.T.);
#2973=ORIENTED_EDGE('',*,*,#5278,.T.);
#2974=CARTESIAN_POINT('',(-4.5,-6.0,-11.9));
#2975=DIRECTION('',(-1.0,0.0,0.0));
#2976=DIRECTION('',(0.0,0.0,1.0));
#2977=ORIENTED_EDGE('',*,*,#5147,.F.);
#2978=ORIENTED_EDGE('',*,*,#5279,.F.);
#2979=ORIENTED_EDGE('',*,*,#5280,.F.);
#2980=ORIENTED_EDGE('',*,*,#5281,.F.);
#2981=ORIENTED_EDGE('',*,*,#5214,.T.);
#2982=ORIENTED_EDGE('',*,*,#5282,.F.);
#2983=ORIENTED_EDGE('',*,*,#5283,.F.);
#2984=ORIENTED_EDGE('',*,*,#5284,.F.);
#2985=ORIENTED_EDGE('',*,*,#5285,.F.);
#2986=CARTESIAN_POINT('',(0.0,0.0,-11.9));
#2987=DIRECTION('',(0.0,0.0,-1.0));
#2988=DIRECTION('',(1.0,0.0,0.0));
#2989=ORIENTED_EDGE('',*,*,#5286,.F.);
#2990=ORIENTED_EDGE('',*,*,#5217,.T.);
#2991=ORIENTED_EDGE('',*,*,#5246,.F.);
#2992=ORIENTED_EDGE('',*,*,#5287,.F.);
#2993=CARTESIAN_POINT('',(2.7,-2.5,-11.9));
#2994=DIRECTION('',(-0.0,1.0,0.0));
#2995=DIRECTION('',(1.0,0.0,0.0));
#2996=ORIENTED_EDGE('',*,*,#5221,.T.);
#2997=ORIENTED_EDGE('',*,*,#5288,.F.);
#2998=ORIENTED_EDGE('',*,*,#5289,.F.);
#2999=ORIENTED_EDGE('',*,*,#5290,.F.);
#3000=CARTESIAN_POINT('',(-1.985000001,-2.5,-11.9));
#3001=DIRECTION('',(-0.0,1.0,0.0));
#3002=DIRECTION('',(1.0,0.0,0.0));
#3003=ORIENTED_EDGE('',*,*,#5161,.F.);
#3004=ORIENTED_EDGE('',*,*,#5178,.F.);
#3005=ORIENTED_EDGE('',*,*,#5291,.F.);
#3006=ORIENTED_EDGE('',*,*,#5163,.T.);
#3007=ORIENTED_EDGE('',*,*,#5231,.F.);
#3008=CARTESIAN_POINT('',(0.0,-7.0,-5.0));
#3009=DIRECTION('',(1.23908819712629E-15,-1.0,0.0));
#3010=DIRECTION('',(-1.0,-1.23908819712629E-15,0.0));
#3011=ORIENTED_EDGE('',*,*,#5166,.F.);
#3012=ORIENTED_EDGE('',*,*,#5292,.T.);
#3013=ORIENTED_EDGE('',*,*,#5168,.T.);
#3014=ORIENTED_EDGE('',*,*,#5236,.F.);
#3015=CARTESIAN_POINT('',(0.0,0.0,-9.5));
#3016=DIRECTION('',(0.0,0.0,-1.0));
#3017=DIRECTION('',(1.0,0.0,0.0));
#3018=ORIENTED_EDGE('',*,*,#5293,.F.);
#3019=ORIENTED_EDGE('',*,*,#5233,.F.);
#3020=ORIENTED_EDGE('',*,*,#5232,.F.);
#3021=ORIENTED_EDGE('',*,*,#5250,.F.);
#3022=CARTESIAN_POINT('',(3.7,-6.06,-0.8));
#3023=DIRECTION('',(0.0,-1.0,0.0));
#3024=DIRECTION('',(0.0,0.0,1.0));
#3025=ORIENTED_EDGE('',*,*,#5294,.F.);
#3026=ORIENTED_EDGE('',*,*,#5267,.F.);
#3027=ORIENTED_EDGE('',*,*,#5237,.F.);
#3028=ORIENTED_EDGE('',*,*,#5235,.F.);
#3029=CARTESIAN_POINT('',(-3.7,4.06,-0.8));
#3030=DIRECTION('',(0.0,1.0,0.0));
#3031=DIRECTION('',(0.0,0.0,-1.0));
#3032=ORIENTED_EDGE('',*,*,#5295,.F.);
#3033=ORIENTED_EDGE('',*,*,#5296,.F.);
#3034=ORIENTED_EDGE('',*,*,#5297,.F.);
#3035=ORIENTED_EDGE('',*,*,#5234,.F.);
#3036=CARTESIAN_POINT('',(4.047999998,3.7,-0.8));
#3037=DIRECTION('',(1.0,-0.0,0.0));
#3038=DIRECTION('',(0.0,0.0,1.0));
#3039=ORIENTED_EDGE('',*,*,#5298,.F.);
#3040=ORIENTED_EDGE('',*,*,#5299,.F.);
#3041=ORIENTED_EDGE('',*,*,#5300,.F.);
#3042=ORIENTED_EDGE('',*,*,#5301,.F.);
#3043=ORIENTED_EDGE('',*,*,#5302,.F.);
#3044=ORIENTED_EDGE('',*,*,#5303,.F.);
#3045=ORIENTED_EDGE('',*,*,#5304,.F.);
#3046=ORIENTED_EDGE('',*,*,#5305,.F.);
#3047=ORIENTED_EDGE('',*,*,#5239,.F.);
#3048=ORIENTED_EDGE('',*,*,#5263,.T.);
#3049=CARTESIAN_POINT('',(-3.6,-5.5,-11.6));
#3050=DIRECTION('',(0.0,-1.0,0.0));
#3051=DIRECTION('',(0.0,0.0,-1.0));
#3052=ORIENTED_EDGE('',*,*,#5249,.F.);
#3053=ORIENTED_EDGE('',*,*,#5306,.F.);
#3054=ORIENTED_EDGE('',*,*,#5307,.F.);
#3055=ORIENTED_EDGE('',*,*,#5308,.F.);
#3056=CARTESIAN_POINT('',(4.0,4.0,-3.499999999));
#3057=DIRECTION('',(8.67361737988403E-16,-7.52316384526264E-31,-1.0));
#3058=DIRECTION('',(1.0,0.0,8.67361737988403E-16));
#3059=ORIENTED_EDGE('',*,*,#5248,.F.);
#3060=ORIENTED_EDGE('',*,*,#5309,.F.);
#3061=ORIENTED_EDGE('',*,*,#5280,.T.);
#3062=ORIENTED_EDGE('',*,*,#5310,.F.);
#3063=ORIENTED_EDGE('',*,*,#5311,.F.);
#3064=ORIENTED_EDGE('',*,*,#5306,.T.);
#3065=CARTESIAN_POINT('',(3.0,0.0,-3.5));
#3066=DIRECTION('',(0.0,0.0,1.0));
#3067=DIRECTION('',(1.0,0.0,0.0));
#3068=ORIENTED_EDGE('',*,*,#5215,.F.);
#3069=ORIENTED_EDGE('',*,*,#5281,.T.);
#3070=ORIENTED_EDGE('',*,*,#5309,.T.);
#3071=ORIENTED_EDGE('',*,*,#5247,.F.);
#3072=CARTESIAN_POINT('',(3.95,0.0,-3.5));
#3073=DIRECTION('',(0.0,-1.0,0.0));
#3074=DIRECTION('',(0.0,0.0,-1.0));
#3075=ORIENTED_EDGE('',*,*,#5242,.F.);
#3076=ORIENTED_EDGE('',*,*,#5312,.F.);
#3077=ORIENTED_EDGE('',*,*,#5313,.F.);
#3078=ORIENTED_EDGE('',*,*,#5314,.F.);
#3079=ORIENTED_EDGE('',*,*,#5315,.F.);
#3080=ORIENTED_EDGE('',*,*,#5316,.F.);
#3081=ORIENTED_EDGE('',*,*,#5317,.F.);
#3082=ORIENTED_EDGE('',*,*,#5318,.F.);
#3083=CARTESIAN_POINT('',(2.7,-5.1,-11.9));
#3084=DIRECTION('',(0.0,0.0,1.0));
#3085=DIRECTION('',(1.0,0.0,0.0));
#3086=ORIENTED_EDGE('',*,*,#5319,.F.);
#3087=ORIENTED_EDGE('',*,*,#5320,.F.);
#3088=ORIENTED_EDGE('',*,*,#5321,.F.);
#3089=ORIENTED_EDGE('',*,*,#5322,.F.);
#3090=ORIENTED_EDGE('',*,*,#5312,.T.);
#3091=ORIENTED_EDGE('',*,*,#5241,.F.);
#3092=CARTESIAN_POINT('',(4.5,-5.1,-11.9));
#3093=DIRECTION('',(0.0,1.0,0.0));
#3094=DIRECTION('',(1.0,-0.0,0.0));
#3095=ORIENTED_EDGE('',*,*,#5240,.F.);
#3096=ORIENTED_EDGE('',*,*,#5305,.T.);
#3097=ORIENTED_EDGE('',*,*,#5323,.F.);
#3098=ORIENTED_EDGE('',*,*,#5319,.T.);
#3099=CARTESIAN_POINT('',(3.6,-5.5,-4.2));
#3100=DIRECTION('',(0.0,0.0,1.0));
#3101=DIRECTION('',(1.0,0.0,0.0));
#3102=ORIENTED_EDGE('',*,*,#5174,.F.);
#3103=ORIENTED_EDGE('',*,*,#5324,.F.);
#3104=ORIENTED_EDGE('',*,*,#5175,.T.);
#3105=ORIENTED_EDGE('',*,*,#5251,.T.);
#3106=CARTESIAN_POINT('',(0.0,0.0,-12.45));
#3107=DIRECTION('',(-1.30922526488816E-15,-0.0,1.0));
#3108=DIRECTION('',(1.0,0.0,1.30922526488816E-15));
#3109=ORIENTED_EDGE('',*,*,#5325,.F.);
#3110=ORIENTED_EDGE('',*,*,#5326,.F.);
#3111=ORIENTED_EDGE('',*,*,#5327,.F.);
#3112=ORIENTED_EDGE('',*,*,#5257,.T.);
#3113=CARTESIAN_POINT('',(-3.65,-4.0,-11.7));
#3114=DIRECTION('',(-0.0,1.0,0.0));
#3115=DIRECTION('',(1.0,0.0,0.0));
#3116=ORIENTED_EDGE('',*,*,#5327,.T.);
#3117=ORIENTED_EDGE('',*,*,#5328,.F.);
#3118=ORIENTED_EDGE('',*,*,#5329,.F.);
#3119=ORIENTED_EDGE('',*,*,#5259,.T.);
#3120=CARTESIAN_POINT('',(-3.65,-4.65,-11.7));
#3121=DIRECTION('',(-1.0,0.0,0.0));
#3122=DIRECTION('',(0.0,0.0,1.0));
#3123=ORIENTED_EDGE('',*,*,#5329,.T.);
#3124=ORIENTED_EDGE('',*,*,#5330,.F.);
#3125=ORIENTED_EDGE('',*,*,#5331,.F.);
#3126=ORIENTED_EDGE('',*,*,#5260,.T.);
#3127=CARTESIAN_POINT('',(-3.65,-4.65,-10.850000002));
#3128=DIRECTION('',(0.0,-1.0,0.0));
#3129=DIRECTION('',(0.0,0.0,-1.0));
#3130=ORIENTED_EDGE('',*,*,#5332,.F.);
#3131=ORIENTED_EDGE('',*,*,#5333,.F.);
#3132=ORIENTED_EDGE('',*,*,#5269,.F.);
#3133=ORIENTED_EDGE('',*,*,#5334,.F.);
#3134=CARTESIAN_POINT('',(-5.1,-1.9,-3.5));
#3135=DIRECTION('',(0.0,-1.0,0.0));
#3136=DIRECTION('',(0.0,0.0,-1.0));
#3137=ORIENTED_EDGE('',*,*,#5335,.F.);
#3138=ORIENTED_EDGE('',*,*,#5334,.T.);
#3139=ORIENTED_EDGE('',*,*,#5268,.F.);
#3140=ORIENTED_EDGE('',*,*,#5336,.F.);
#3141=CARTESIAN_POINT('',(-5.1,-2.7,-5.1));
#3142=DIRECTION('',(0.0,0.0,1.0));
#3143=DIRECTION('',(1.0,0.0,0.0));
#3144=ORIENTED_EDGE('',*,*,#5337,.F.);
#3145=ORIENTED_EDGE('',*,*,#5336,.T.);
#3146=ORIENTED_EDGE('',*,*,#5272,.F.);
#3147=ORIENTED_EDGE('',*,*,#5338,.F.);
#3148=CARTESIAN_POINT('',(-5.1,-2.7,-4.9));
#3149=DIRECTION('',(-1.0,0.0,4.33680868994203E-15));
#3150=DIRECTION('',(-4.33680868994203E-15,0.0,-1.0));
#3151=ORIENTED_EDGE('',*,*,#5339,.F.);
#3152=ORIENTED_EDGE('',*,*,#5338,.T.);
#3153=ORIENTED_EDGE('',*,*,#5271,.F.);
#3154=ORIENTED_EDGE('',*,*,#5340,.F.);
#3155=CARTESIAN_POINT('',(-5.1,-2.9,-4.9));
#3156=DIRECTION('',(-0.0,1.0,0.0));
#3157=DIRECTION('',(1.0,0.0,0.0));
#3158=ORIENTED_EDGE('',*,*,#5341,.F.);
#3159=ORIENTED_EDGE('',*,*,#5340,.T.);
#3160=ORIENTED_EDGE('',*,*,#5270,.F.);
#3161=ORIENTED_EDGE('',*,*,#5333,.T.);
#3162=CARTESIAN_POINT('',(-4.5,-2.9,-3.5));
#3163=DIRECTION('',(0.0,0.0,-1.0));
#3164=DIRECTION('',(0.0,-1.0,0.0));
#3165=ORIENTED_EDGE('',*,*,#5342,.T.);
#3166=ORIENTED_EDGE('',*,*,#5343,.F.);
#3167=ORIENTED_EDGE('',*,*,#5274,.F.);
#3168=ORIENTED_EDGE('',*,*,#5344,.F.);
#3169=CARTESIAN_POINT('',(-5.1,-4.9,-4.0));
#3170=DIRECTION('',(-0.0,1.0,0.0));
#3171=DIRECTION('',(1.0,0.0,0.0));
#3172=ORIENTED_EDGE('',*,*,#5345,.F.);
#3173=ORIENTED_EDGE('',*,*,#5344,.T.);
#3174=ORIENTED_EDGE('',*,*,#5273,.F.);
#3175=ORIENTED_EDGE('',*,*,#5346,.F.);
#3176=CARTESIAN_POINT('',(-4.5,-4.9,-3.5));
#3177=DIRECTION('',(0.0,0.0,-1.0));
#3178=DIRECTION('',(0.0,-1.0,0.0));
#3179=ORIENTED_EDGE('',*,*,#5347,.F.);
#3180=ORIENTED_EDGE('',*,*,#5346,.T.);
#3181=ORIENTED_EDGE('',*,*,#5278,.F.);
#3182=ORIENTED_EDGE('',*,*,#5348,.F.);
#3183=CARTESIAN_POINT('',(-5.1,-3.9,-3.5));
#3184=DIRECTION('',(0.0,-1.0,0.0));
#3185=DIRECTION('',(0.0,0.0,-1.0));
#3186=ORIENTED_EDGE('',*,*,#5349,.F.);
#3187=ORIENTED_EDGE('',*,*,#5348,.T.);
#3188=ORIENTED_EDGE('',*,*,#5277,.F.);
#3189=ORIENTED_EDGE('',*,*,#5350,.F.);
#3190=CARTESIAN_POINT('',(-5.1,-4.1,-4.9));
#3191=DIRECTION('',(-1.0,0.0,4.33680868994203E-15));
#3192=DIRECTION('',(-4.33680868994203E-15,0.0,-1.0));
#3193=ORIENTED_EDGE('',*,*,#5351,.F.);
#3194=ORIENTED_EDGE('',*,*,#5350,.T.);
#3195=ORIENTED_EDGE('',*,*,#5276,.F.);
#3196=ORIENTED_EDGE('',*,*,#5352,.F.);
#3197=CARTESIAN_POINT('',(-5.1,-4.1,-5.1));
#3198=DIRECTION('',(-0.0,0.0,1.0));
#3199=DIRECTION('',(1.0,-0.0,0.0));
#3200=ORIENTED_EDGE('',*,*,#5353,.F.);
#3201=ORIENTED_EDGE('',*,*,#5352,.T.);
#3202=ORIENTED_EDGE('',*,*,#5275,.F.);
#3203=ORIENTED_EDGE('',*,*,#5343,.T.);
#3204=CARTESIAN_POINT('',(-5.1,-4.4,-5.1));
#3205=DIRECTION('',(-0.0,0.910366477462604,0.413802944301185));
#3206=DIRECTION('',(1.0,0.0,0.0));
#3207=ORIENTED_EDGE('',*,*,#5354,.F.);
#3208=ORIENTED_EDGE('',*,*,#5355,.F.);
#3209=ORIENTED_EDGE('',*,*,#5283,.T.);
#3210=ORIENTED_EDGE('',*,*,#5356,.F.);
#3211=ORIENTED_EDGE('',*,*,#5265,.F.);
#3212=ORIENTED_EDGE('',*,*,#5357,.F.);
#3213=CARTESIAN_POINT('',(-4.5,-1.0E-09,-3.5));
#3214=DIRECTION('',(0.0,0.0,1.0));
#3215=DIRECTION('',(1.0,0.0,0.0));
#3216=ORIENTED_EDGE('',*,*,#5358,.F.);
#3217=ORIENTED_EDGE('',*,*,#5357,.T.);
#3218=ORIENTED_EDGE('',*,*,#5264,.F.);
#3219=ORIENTED_EDGE('',*,*,#5359,.F.);
#3220=CARTESIAN_POINT('',(-4.0,4.0,-3.5));
#3221=DIRECTION('',(0.0,-5.64237288394697E-31,-1.0));
#3222=DIRECTION('',(1.0,0.0,0.0));
#3223=ORIENTED_EDGE('',*,*,#5213,.F.);
#3224=ORIENTED_EDGE('',*,*,#5266,.F.);
#3225=ORIENTED_EDGE('',*,*,#5356,.T.);
#3226=ORIENTED_EDGE('',*,*,#5282,.T.);
#3227=CARTESIAN_POINT('',(-4.5,0.0,-3.5));
#3228=DIRECTION('',(0.0,-1.0,0.0));
#3229=DIRECTION('',(0.0,0.0,-1.0));
#3230=ORIENTED_EDGE('',*,*,#5360,.T.);
#3231=ORIENTED_EDGE('',*,*,#5284,.T.);
#3232=ORIENTED_EDGE('',*,*,#5355,.T.);
#3233=ORIENTED_EDGE('',*,*,#5361,.T.);
#3234=CARTESIAN_POINT('',(-3.0,2.569533032,-7.8));
#3235=DIRECTION('',(-1.0,0.0,0.0));
#3236=DIRECTION('',(0.0,0.0,1.0));
#3237=ORIENTED_EDGE('',*,*,#5144,.T.);
#3238=ORIENTED_EDGE('',*,*,#5285,.T.);
#3239=ORIENTED_EDGE('',*,*,#5360,.F.);
#3240=ORIENTED_EDGE('',*,*,#5362,.F.);
#3241=CARTESIAN_POINT('',(0.0,2.557950229,-7.8));
#3242=DIRECTION('',(0.0,-1.0,0.0));
#3243=DIRECTION('',(0.0,0.0,1.0));
#3244=ORIENTED_EDGE('',*,*,#5310,.T.);
#3245=ORIENTED_EDGE('',*,*,#5279,.T.);
#3246=ORIENTED_EDGE('',*,*,#5146,.T.);
#3247=ORIENTED_EDGE('',*,*,#5363,.T.);
#3248=CARTESIAN_POINT('',(3.0,2.569533031,-3.5));
#3249=DIRECTION('',(1.0,-0.0,0.0));
#3250=DIRECTION('',(0.0,1.0,-0.0));
#3251=ORIENTED_EDGE('',*,*,#5245,.T.);
#3252=ORIENTED_EDGE('',*,*,#5364,.T.);
#3253=ORIENTED_EDGE('',*,*,#5365,.T.);
#3254=ORIENTED_EDGE('',*,*,#5287,.T.);
#3255=CARTESIAN_POINT('',(4.5,-2.95,-9.95));
#3256=DIRECTION('',(0.0,0.0,-1.0));
#3257=DIRECTION('',(0.0,-1.0,0.0));
#3258=ORIENTED_EDGE('',*,*,#5317,.T.);
#3259=ORIENTED_EDGE('',*,*,#5366,.F.);
#3260=ORIENTED_EDGE('',*,*,#5367,.F.);
#3261=ORIENTED_EDGE('',*,*,#5368,.F.);
#3262=ORIENTED_EDGE('',*,*,#5369,.F.);
#3263=ORIENTED_EDGE('',*,*,#5370,.F.);
#3264=ORIENTED_EDGE('',*,*,#5371,.F.);
#3265=ORIENTED_EDGE('',*,*,#5372,.F.);
#3266=ORIENTED_EDGE('',*,*,#5313,.T.);
#3267=ORIENTED_EDGE('',*,*,#5322,.T.);
#3268=ORIENTED_EDGE('',*,*,#5373,.F.);
#3269=ORIENTED_EDGE('',*,*,#5302,.T.);
#3270=ORIENTED_EDGE('',*,*,#5374,.F.);
#3271=ORIENTED_EDGE('',*,*,#5170,.F.);
#3272=ORIENTED_EDGE('',*,*,#5375,.F.);
#3273=ORIENTED_EDGE('',*,*,#5376,.F.);
#3274=ORIENTED_EDGE('',*,*,#5218,.F.);
#3275=ORIENTED_EDGE('',*,*,#5286,.T.);
#3276=ORIENTED_EDGE('',*,*,#5365,.F.);
#3277=ORIENTED_EDGE('',*,*,#5377,.F.);
#3278=ORIENTED_EDGE('',*,*,#5378,.F.);
#3279=CARTESIAN_POINT('',(2.7,-5.5,-11.9));
#3280=DIRECTION('',(1.0,0.0,0.0));
#3281=DIRECTION('',(0.0,1.0,0.0));
#3282=ORIENTED_EDGE('',*,*,#5222,.F.);
#3283=ORIENTED_EDGE('',*,*,#5290,.T.);
#3284=ORIENTED_EDGE('',*,*,#5379,.F.);
#3285=ORIENTED_EDGE('',*,*,#5380,.F.);
#3286=CARTESIAN_POINT('',(-1.985000001,-2.499999999,-11.9));
#3287=DIRECTION('',(0.84083681271732,0.54128869781234,0.0));
#3288=DIRECTION('',(0.0,-0.0,-1.0));
#3289=ORIENTED_EDGE('',*,*,#5220,.F.);
#3290=ORIENTED_EDGE('',*,*,#5381,.F.);
#3291=ORIENTED_EDGE('',*,*,#5382,.F.);
#3292=ORIENTED_EDGE('',*,*,#5288,.T.);
#3293=CARTESIAN_POINT('',(2.499999999,-1.700000001,-11.9));
#3294=DIRECTION('',(-0.84083681271732,0.54128869781234,0.0));
#3295=DIRECTION('',(0.0,0.0,1.0));
#3296=ORIENTED_EDGE('',*,*,#5379,.T.);
#3297=ORIENTED_EDGE('',*,*,#5289,.T.);
#3298=ORIENTED_EDGE('',*,*,#5382,.T.);
#3299=ORIENTED_EDGE('',*,*,#5383,.T.);
#3300=ORIENTED_EDGE('',*,*,#5375,.T.);
#3301=ORIENTED_EDGE('',*,*,#5169,.F.);
#3302=ORIENTED_EDGE('',*,*,#5292,.F.);
#3303=ORIENTED_EDGE('',*,*,#5165,.F.);
#3304=ORIENTED_EDGE('',*,*,#5384,.T.);
#3305=ORIENTED_EDGE('',*,*,#5385,.T.);
#3306=ORIENTED_EDGE('',*,*,#5182,.T.);
#3307=ORIENTED_EDGE('',*,*,#5386,.T.);
#3308=CARTESIAN_POINT('',(-3.2384,-2.5,-9.5));
#3309=DIRECTION('',(0.0,0.0,1.0));
#3310=DIRECTION('',(1.0,0.0,0.0));
#3311=ORIENTED_EDGE('',*,*,#5177,.F.);
#3312=ORIENTED_EDGE('',*,*,#5387,.F.);
#3313=ORIENTED_EDGE('',*,*,#5179,.T.);
#3314=ORIENTED_EDGE('',*,*,#5164,.T.);
#3315=ORIENTED_EDGE('',*,*,#5291,.T.);
#3316=CARTESIAN_POINT('',(0.0,-7.7,-5.0));
#3317=DIRECTION('',(-0.0,1.0,-0.0));
#3318=DIRECTION('',(0.0,0.0,1.0));
#3319=ORIENTED_EDGE('',*,*,#5388,.F.);
#3320=ORIENTED_EDGE('',*,*,#5389,.F.);
#3321=ORIENTED_EDGE('',*,*,#5390,.F.);
#3322=ORIENTED_EDGE('',*,*,#5224,.F.);
#3323=ORIENTED_EDGE('',*,*,#5391,.F.);
#3324=ORIENTED_EDGE('',*,*,#5384,.F.);
#3325=ORIENTED_EDGE('',*,*,#5172,.F.);
#3326=ORIENTED_EDGE('',*,*,#5392,.F.);
#3327=ORIENTED_EDGE('',*,*,#5300,.T.);
#3328=ORIENTED_EDGE('',*,*,#5393,.F.);
#3329=ORIENTED_EDGE('',*,*,#5394,.F.);
#3330=ORIENTED_EDGE('',*,*,#5206,.F.);
#3331=ORIENTED_EDGE('',*,*,#5261,.F.);
#3332=ORIENTED_EDGE('',*,*,#5331,.T.);
#3333=ORIENTED_EDGE('',*,*,#5395,.F.);
#3334=ORIENTED_EDGE('',*,*,#5325,.T.);
#3335=ORIENTED_EDGE('',*,*,#5256,.F.);
#3336=ORIENTED_EDGE('',*,*,#5202,.F.);
#3337=ORIENTED_EDGE('',*,*,#5254,.F.);
#3338=CARTESIAN_POINT('',(-2.7,-1.7,-11.9));
#3339=DIRECTION('',(-1.0,0.0,0.0));
#3340=DIRECTION('',(0.0,0.0,1.0));
#3341=ORIENTED_EDGE('',*,*,#5392,.T.);
#3342=ORIENTED_EDGE('',*,*,#5171,.F.);
#3343=ORIENTED_EDGE('',*,*,#5374,.T.);
#3344=ORIENTED_EDGE('',*,*,#5301,.T.);
#3345=CARTESIAN_POINT('',(-2.7,-5.5,-0.9));
#3346=DIRECTION('',(0.0,0.0,1.0));
#3347=DIRECTION('',(1.0,0.0,0.0));
#3348=ORIENTED_EDGE('',*,*,#5293,.T.);
#3349=ORIENTED_EDGE('',*,*,#5308,.T.);
#3350=ORIENTED_EDGE('',*,*,#5295,.T.);
#3351=ORIENTED_EDGE('',*,*,#5297,.T.);
#3352=ORIENTED_EDGE('',*,*,#5359,.T.);
#3353=ORIENTED_EDGE('',*,*,#5294,.T.);
#3354=ORIENTED_EDGE('',*,*,#5363,.F.);
#3355=ORIENTED_EDGE('',*,*,#5145,.T.);
#3356=ORIENTED_EDGE('',*,*,#5362,.T.);
#3357=ORIENTED_EDGE('',*,*,#5361,.F.);
#3358=ORIENTED_EDGE('',*,*,#5354,.T.);
#3359=ORIENTED_EDGE('',*,*,#5358,.T.);
#3360=ORIENTED_EDGE('',*,*,#5296,.T.);
#3361=ORIENTED_EDGE('',*,*,#5307,.T.);
#3362=ORIENTED_EDGE('',*,*,#5311,.T.);
#3363=CARTESIAN_POINT('',(4.0,4.5,-10.86));
#3364=DIRECTION('',(0.0,1.0,0.0));
#3365=DIRECTION('',(1.0,-0.0,0.0));
#3366=ORIENTED_EDGE('',*,*,#5396,.F.);
#3367=ORIENTED_EDGE('',*,*,#5298,.T.);
#3368=ORIENTED_EDGE('',*,*,#5262,.F.);
#3369=ORIENTED_EDGE('',*,*,#5208,.F.);
#3370=ORIENTED_EDGE('',*,*,#5397,.F.);
#3371=CARTESIAN_POINT('',(-3.6,-5.1,-11.9));
#3372=DIRECTION('',(-1.0,0.0,0.0));
#3373=DIRECTION('',(0.0,0.0,1.0));
#3374=ORIENTED_EDGE('',*,*,#5398,.F.);
#3375=ORIENTED_EDGE('',*,*,#5393,.T.);
#3376=ORIENTED_EDGE('',*,*,#5299,.T.);
#3377=ORIENTED_EDGE('',*,*,#5396,.T.);
#3378=CARTESIAN_POINT('',(-3.6,-5.5,-3.2));
#3379=DIRECTION('',(0.0,0.0,1.0));
#3380=DIRECTION('',(1.0,0.0,0.0));
#3381=ORIENTED_EDGE('',*,*,#5303,.T.);
#3382=ORIENTED_EDGE('',*,*,#5373,.T.);
#3383=ORIENTED_EDGE('',*,*,#5321,.T.);
#3384=ORIENTED_EDGE('',*,*,#5399,.F.);
#3385=CARTESIAN_POINT('',(2.7,-5.5,-3.2));
#3386=DIRECTION('',(0.0,0.0,1.0));
#3387=DIRECTION('',(1.0,0.0,0.0));
#3388=ORIENTED_EDGE('',*,*,#5304,.T.);
#3389=ORIENTED_EDGE('',*,*,#5399,.T.);
#3390=ORIENTED_EDGE('',*,*,#5320,.T.);
#3391=ORIENTED_EDGE('',*,*,#5323,.T.);
#3392=CARTESIAN_POINT('',(3.6,-5.5,-3.2));
#3393=DIRECTION('',(1.0,-0.0,0.0));
#3394=DIRECTION('',(0.0,1.0,-0.0));
#3395=ORIENTED_EDGE('',*,*,#5378,.T.);
#3396=ORIENTED_EDGE('',*,*,#5400,.F.);
#3397=ORIENTED_EDGE('',*,*,#5243,.F.);
#3398=ORIENTED_EDGE('',*,*,#5318,.T.);
#3399=CARTESIAN_POINT('',(2.7,-2.95,-11.6));
#3400=DIRECTION('',(0.0,-0.707106781186549,0.707106781186546));
#3401=DIRECTION('',(-1.0,0.0,0.0));
#3402=ORIENTED_EDGE('',*,*,#5372,.T.);
#3403=ORIENTED_EDGE('',*,*,#5401,.F.);
#3404=ORIENTED_EDGE('',*,*,#5402,.F.);
#3405=ORIENTED_EDGE('',*,*,#5314,.T.);
#3406=CARTESIAN_POINT('',(2.7,-4.649999999,-11.699999999));
#3407=DIRECTION('',(0.0,-0.707106781186546,0.707106781186549));
#3408=DIRECTION('',(-1.0,0.0,0.0));
#3409=ORIENTED_EDGE('',*,*,#5402,.T.);
#3410=ORIENTED_EDGE('',*,*,#5403,.T.);
#3411=ORIENTED_EDGE('',*,*,#5404,.F.);
#3412=ORIENTED_EDGE('',*,*,#5315,.T.);
#3413=CARTESIAN_POINT('',(3.65,-4.8563,-11.7));
#3414=DIRECTION('',(0.707106781186549,0.0,0.707106781186546));
#3415=DIRECTION('',(0.0,-1.0,-0.0));
#3416=ORIENTED_EDGE('',*,*,#5404,.T.);
#3417=ORIENTED_EDGE('',*,*,#5405,.F.);
#3418=ORIENTED_EDGE('',*,*,#5366,.T.);
#3419=ORIENTED_EDGE('',*,*,#5316,.T.);
#3420=CARTESIAN_POINT('',(2.7,-3.8,-11.9));
#3421=DIRECTION('',(-0.0,0.707106781186548,0.707106781186547));
#3422=DIRECTION('',(1.0,0.0,0.0));
#3423=ORIENTED_EDGE('',*,*,#5324,.T.);
#3424=ORIENTED_EDGE('',*,*,#5173,.T.);
#3425=ORIENTED_EDGE('',*,*,#5184,.F.);
#3426=ORIENTED_EDGE('',*,*,#5406,.F.);
#3427=CARTESIAN_POINT('',(-1.3409,-1.3409,-12.45));
#3428=DIRECTION('',(0.0,0.0,1.0));
#3429=DIRECTION('',(1.0,0.0,0.0));
#3430=ORIENTED_EDGE('',*,*,#5326,.T.);
#3431=ORIENTED_EDGE('',*,*,#5395,.T.);
#3432=ORIENTED_EDGE('',*,*,#5330,.T.);
#3433=ORIENTED_EDGE('',*,*,#5328,.T.);
#3434=CARTESIAN_POINT('',(-3.65,-4.649999999,-10.85));
#3435=DIRECTION('',(0.0,0.0,1.0));
#3436=DIRECTION('',(1.0,0.0,0.0));
#3437=ORIENTED_EDGE('',*,*,#5337,.T.);
#3438=ORIENTED_EDGE('',*,*,#5339,.T.);
#3439=ORIENTED_EDGE('',*,*,#5341,.T.);
#3440=ORIENTED_EDGE('',*,*,#5332,.T.);
#3441=ORIENTED_EDGE('',*,*,#5335,.T.);
#3442=CARTESIAN_POINT('',(-5.1,-2.9,-5.1));
#3443=DIRECTION('',(-1.0,0.0,0.0));
#3444=DIRECTION('',(0.0,0.0,1.0));
#3445=ORIENTED_EDGE('',*,*,#5351,.T.);
#3446=ORIENTED_EDGE('',*,*,#5353,.T.);
#3447=ORIENTED_EDGE('',*,*,#5342,.F.);
#3448=ORIENTED_EDGE('',*,*,#5345,.T.);
#3449=ORIENTED_EDGE('',*,*,#5347,.T.);
#3450=ORIENTED_EDGE('',*,*,#5349,.T.);
#3451=CARTESIAN_POINT('',(-5.1,-4.9,-3.5));
#3452=DIRECTION('',(1.0,-0.0,0.0));
#3453=DIRECTION('',(0.0,1.0,-0.0));
#3454=ORIENTED_EDGE('',*,*,#5377,.T.);
#3455=ORIENTED_EDGE('',*,*,#5364,.F.);
#3456=ORIENTED_EDGE('',*,*,#5244,.F.);
#3457=ORIENTED_EDGE('',*,*,#5400,.T.);
#3458=CARTESIAN_POINT('',(2.7,-2.95,-9.949999998));
#3459=DIRECTION('',(0.0,-1.0,0.0));
#3460=DIRECTION('',(0.0,0.0,-1.0));
#3461=ORIENTED_EDGE('',*,*,#5407,.F.);
#3462=ORIENTED_EDGE('',*,*,#5408,.F.);
#3463=ORIENTED_EDGE('',*,*,#5367,.T.);
#3464=ORIENTED_EDGE('',*,*,#5405,.T.);
#3465=CARTESIAN_POINT('',(3.65,-4.0,-11.7));
#3466=DIRECTION('',(0.0,1.0,0.0));
#3467=DIRECTION('',(1.0,-0.0,0.0));
#3468=ORIENTED_EDGE('',*,*,#5409,.T.);
#3469=ORIENTED_EDGE('',*,*,#5410,.T.);
#3470=ORIENTED_EDGE('',*,*,#5368,.T.);
#3471=ORIENTED_EDGE('',*,*,#5408,.T.);
#3472=ORIENTED_EDGE('',*,*,#5411,.T.);
#3473=CARTESIAN_POINT('',(3.65,-4.55,-7.3));
#3474=DIRECTION('',(0.0,0.0,-1.0));
#3475=DIRECTION('',(0.0,-1.0,0.0));
#3476=ORIENTED_EDGE('',*,*,#5369,.T.);
#3477=ORIENTED_EDGE('',*,*,#5410,.F.);
#3478=ORIENTED_EDGE('',*,*,#5412,.F.);
#3479=ORIENTED_EDGE('',*,*,#5413,.F.);
#3480=CARTESIAN_POINT('',(2.7,-4.55,-10.7707));
#3481=DIRECTION('',(0.707106781186549,-0.707106781186546,0.0));
#3482=DIRECTION('',(0.0,0.0,-1.0));
#3483=ORIENTED_EDGE('',*,*,#5370,.T.);
#3484=ORIENTED_EDGE('',*,*,#5413,.T.);
#3485=ORIENTED_EDGE('',*,*,#5414,.F.);
#3486=ORIENTED_EDGE('',*,*,#5415,.F.);
#3487=ORIENTED_EDGE('',*,*,#5416,.F.);
#3488=CARTESIAN_POINT('',(2.7,-4.35,-10.55));
#3489=DIRECTION('',(0.0,-0.70710678118655,0.707106781186546));
#3490=DIRECTION('',(-1.0,0.0,0.0));
#3491=ORIENTED_EDGE('',*,*,#5371,.T.);
#3492=ORIENTED_EDGE('',*,*,#5416,.T.);
#3493=ORIENTED_EDGE('',*,*,#5417,.F.);
#3494=ORIENTED_EDGE('',*,*,#5401,.T.);
#3495=CARTESIAN_POINT('',(2.7,-4.65,-10.849999999));
#3496=DIRECTION('',(0.0,-1.0,0.0));
#3497=DIRECTION('',(0.0,0.0,-1.0));
#3498=ORIENTED_EDGE('',*,*,#5219,.F.);
#3499=ORIENTED_EDGE('',*,*,#5376,.T.);
#3500=ORIENTED_EDGE('',*,*,#5383,.F.);
#3501=ORIENTED_EDGE('',*,*,#5381,.T.);
#3502=CARTESIAN_POINT('',(2.7,-1.7,-11.9));
#3503=DIRECTION('',(0.0,1.0,0.0));
#3504=DIRECTION('',(1.0,-0.0,0.0));
#3505=ORIENTED_EDGE('',*,*,#5223,.F.);
#3506=ORIENTED_EDGE('',*,*,#5380,.T.);
#3507=ORIENTED_EDGE('',*,*,#5385,.F.);
#3508=ORIENTED_EDGE('',*,*,#5391,.T.);
#3509=CARTESIAN_POINT('',(-2.5,-1.7,-11.9));
#3510=DIRECTION('',(0.0,1.0,0.0));
#3511=DIRECTION('',(1.0,-0.0,0.0));
#3512=ORIENTED_EDGE('',*,*,#5181,.F.);
#3513=ORIENTED_EDGE('',*,*,#5418,.T.);
#3514=ORIENTED_EDGE('',*,*,#5183,.T.);
#3515=ORIENTED_EDGE('',*,*,#5386,.F.);
#3516=CARTESIAN_POINT('',(0.0,0.0,-10.15));
#3517=DIRECTION('',(0.0,0.0,-1.0));
#3518=DIRECTION('',(1.0,0.0,0.0));
#3519=ORIENTED_EDGE('',*,*,#5387,.T.);
#3520=ORIENTED_EDGE('',*,*,#5176,.T.);
#3521=CARTESIAN_POINT('',(-0.3542,-7.7,-5.3542));
#3522=DIRECTION('',(0.0,-1.0,0.0));
#3523=DIRECTION('',(0.0,0.0,-1.0));
#3524=ORIENTED_EDGE('',*,*,#5419,.F.);
#3525=ORIENTED_EDGE('',*,*,#5420,.F.);
#3526=ORIENTED_EDGE('',*,*,#5388,.T.);
#3527=ORIENTED_EDGE('',*,*,#5253,.F.);
#3528=CARTESIAN_POINT('',(-3.6,-2.95,-9.25));
#3529=DIRECTION('',(0.0,-1.0,0.0));
#3530=DIRECTION('',(0.0,0.0,-1.0));
#3531=ORIENTED_EDGE('',*,*,#5389,.T.);
#3532=ORIENTED_EDGE('',*,*,#5420,.T.);
#3533=ORIENTED_EDGE('',*,*,#5421,.T.);
#3534=ORIENTED_EDGE('',*,*,#5422,.T.);
#3535=CARTESIAN_POINT('',(-2.7,-2.95,-9.25));
#3536=DIRECTION('',(0.0,0.0,-1.0));
#3537=DIRECTION('',(0.0,-1.0,0.0));
#3538=ORIENTED_EDGE('',*,*,#5225,.F.);
#3539=ORIENTED_EDGE('',*,*,#5390,.T.);
#3540=ORIENTED_EDGE('',*,*,#5422,.F.);
#3541=ORIENTED_EDGE('',*,*,#5423,.F.);
#3542=CARTESIAN_POINT('',(-3.6,-2.5,-11.9));
#3543=DIRECTION('',(-0.0,1.0,0.0));
#3544=DIRECTION('',(1.0,0.0,0.0));
#3545=ORIENTED_EDGE('',*,*,#5207,.F.);
#3546=ORIENTED_EDGE('',*,*,#5394,.T.);
#3547=ORIENTED_EDGE('',*,*,#5398,.T.);
#3548=ORIENTED_EDGE('',*,*,#5397,.T.);
#3549=CARTESIAN_POINT('',(-2.7,-5.1,-11.9));
#3550=DIRECTION('',(0.0,1.0,0.0));
#3551=DIRECTION('',(1.0,-0.0,0.0));
#3552=ORIENTED_EDGE('',*,*,#5185,.F.);
#3553=ORIENTED_EDGE('',*,*,#5406,.T.);
#3554=ORIENTED_EDGE('',*,*,#5187,.T.);
#3555=ORIENTED_EDGE('',*,*,#5424,.T.);
#3556=CARTESIAN_POINT('',(0.0,0.0,-12.45));
#3557=DIRECTION('',(1.65211759616839E-15,0.0,-1.0));
#3558=DIRECTION('',(1.0,0.0,1.65211759616839E-15));
#3559=ORIENTED_EDGE('',*,*,#5417,.T.);
#3560=ORIENTED_EDGE('',*,*,#5415,.T.);
#3561=ORIENTED_EDGE('',*,*,#5425,.F.);
#3562=ORIENTED_EDGE('',*,*,#5411,.F.);
#3563=ORIENTED_EDGE('',*,*,#5407,.T.);
#3564=ORIENTED_EDGE('',*,*,#5403,.F.);
#3565=CARTESIAN_POINT('',(3.65,-4.65,-7.3));
#3566=DIRECTION('',(1.0,-0.0,0.0));
#3567=DIRECTION('',(0.0,1.0,-0.0));
#3568=ORIENTED_EDGE('',*,*,#5412,.T.);
#3569=ORIENTED_EDGE('',*,*,#5409,.F.);
#3570=ORIENTED_EDGE('',*,*,#5425,.T.);
#3571=ORIENTED_EDGE('',*,*,#5414,.T.);
#3572=CARTESIAN_POINT('',(2.9,-4.35,-7.3));
#3573=DIRECTION('',(0.0,-1.0,0.0));
#3574=DIRECTION('',(0.0,0.0,-1.0));
#3575=ORIENTED_EDGE('',*,*,#5180,.F.);
#3576=ORIENTED_EDGE('',*,*,#5418,.F.);
#3577=ORIENTED_EDGE('',*,*,#5424,.F.);
#3578=ORIENTED_EDGE('',*,*,#5186,.F.);
#3579=CARTESIAN_POINT('',(-1.771,-1.771,-10.15));
#3580=DIRECTION('',(0.0,0.0,1.0));
#3581=DIRECTION('',(1.0,0.0,0.0));
#3582=ORIENTED_EDGE('',*,*,#5421,.F.);
#3583=ORIENTED_EDGE('',*,*,#5419,.T.);
#3584=ORIENTED_EDGE('',*,*,#5252,.F.);
#3585=ORIENTED_EDGE('',*,*,#5226,.F.);
#3586=ORIENTED_EDGE('',*,*,#5423,.T.);
#3587=CARTESIAN_POINT('',(-3.6,-3.250000002,-11.9));
#3588=DIRECTION('',(-1.0,0.0,0.0));
#3589=DIRECTION('',(0.0,0.0,1.0));
#3590=FILL_AREA_STYLE_COLOUR('',#5426);
#3591=ORIENTED_EDGE('',*,*,#5427,.F.);
#3592=ORIENTED_EDGE('',*,*,#5428,.T.);
#3593=ORIENTED_EDGE('',*,*,#5429,.F.);
#3594=ORIENTED_EDGE('',*,*,#5430,.F.);
#3595=ORIENTED_EDGE('',*,*,#5431,.F.);
#3596=CARTESIAN_POINT('',(0.0,-7.0,-9.5));
#3597=DIRECTION('',(1.0842021724855E-15,-1.0,0.0));
#3598=DIRECTION('',(-1.0,-1.0842021724855E-15,0.0));
#3599=ORIENTED_EDGE('',*,*,#5432,.F.);
#3600=ORIENTED_EDGE('',*,*,#5433,.T.);
#3601=ORIENTED_EDGE('',*,*,#5434,.T.);
#3602=ORIENTED_EDGE('',*,*,#5427,.T.);
#3603=ORIENTED_EDGE('',*,*,#5435,.F.);
#3604=CARTESIAN_POINT('',(0.0,-7.7,-9.5));
#3605=DIRECTION('',(-0.0,1.0,-0.0));
#3606=DIRECTION('',(0.0,0.0,1.0));
#3607=ORIENTED_EDGE('',*,*,#5428,.F.);
#3608=ORIENTED_EDGE('',*,*,#5434,.F.);
#3609=ORIENTED_EDGE('',*,*,#5436,.F.);
#3610=ORIENTED_EDGE('',*,*,#5430,.T.);
#3611=ORIENTED_EDGE('',*,*,#5437,.F.);
#3612=CARTESIAN_POINT('',(0.0,-7.0,-9.5));
#3613=DIRECTION('',(1.0842021724855E-15,-1.0,0.0));
#3614=DIRECTION('',(-1.0,-1.0842021724855E-15,0.0));
#3615=ORIENTED_EDGE('',*,*,#5433,.F.);
#3616=ORIENTED_EDGE('',*,*,#5438,.F.);
#3617=ORIENTED_EDGE('',*,*,#5435,.T.);
#3618=ORIENTED_EDGE('',*,*,#5431,.T.);
#3619=ORIENTED_EDGE('',*,*,#5436,.T.);
#3620=CARTESIAN_POINT('',(0.0,-7.7,-9.5));
#3621=DIRECTION('',(-0.0,1.0,-0.0));
#3622=DIRECTION('',(0.0,0.0,1.0));
#3623=ORIENTED_EDGE('',*,*,#5429,.T.);
#3624=ORIENTED_EDGE('',*,*,#5437,.T.);
#3625=CARTESIAN_POINT('',(-0.8096,-6.5,-10.3096));
#3626=DIRECTION('',(0.0,-1.0,0.0));
#3627=DIRECTION('',(0.0,0.0,-1.0));
#3628=ORIENTED_EDGE('',*,*,#5438,.T.);
#3629=ORIENTED_EDGE('',*,*,#5432,.T.);
#3630=CARTESIAN_POINT('',(-0.4554,-7.7,-9.9554));
#3631=DIRECTION('',(0.0,-1.0,0.0));
#3632=DIRECTION('',(0.0,0.0,-1.0));
#3633=FILL_AREA_STYLE_COLOUR('',#5439);
#3634=ORIENTED_EDGE('',*,*,#5440,.T.);
#3635=ORIENTED_EDGE('',*,*,#5441,.T.);
#3636=ORIENTED_EDGE('',*,*,#5442,.T.);
#3637=ORIENTED_EDGE('',*,*,#5443,.T.);
#3638=CARTESIAN_POINT('',(4.37,-5.15,-4.2500000000013));
#3639=DIRECTION('',(0.0,1.0,0.0));
#3640=DIRECTION('',(-1.0,0.0,0.0));
#3641=ORIENTED_EDGE('',*,*,#5444,.F.);
#3642=ORIENTED_EDGE('',*,*,#5445,.F.);
#3643=ORIENTED_EDGE('',*,*,#5446,.F.);
#3644=ORIENTED_EDGE('',*,*,#5447,.F.);
#3645=ORIENTED_EDGE('',*,*,#5448,.F.);
#3646=ORIENTED_EDGE('',*,*,#5441,.F.);
#3647=ORIENTED_EDGE('',*,*,#5449,.F.);
#3648=ORIENTED_EDGE('',*,*,#5450,.T.);
#3649=ORIENTED_EDGE('',*,*,#5451,.F.);
#3650=ORIENTED_EDGE('',*,*,#5452,.T.);
#3651=ORIENTED_EDGE('',*,*,#5453,.T.);
#3652=ORIENTED_EDGE('',*,*,#5454,.T.);
#3653=CARTESIAN_POINT('',(5.946110669,-6.497866777,-4.2500000000013));
#3654=DIRECTION('',(0.0,0.0,-1.0));
#3655=DIRECTION('',(-1.0,0.0,0.0));
#3656=ORIENTED_EDGE('',*,*,#5440,.F.);
#3657=ORIENTED_EDGE('',*,*,#5455,.F.);
#3658=ORIENTED_EDGE('',*,*,#5456,.F.);
#3659=ORIENTED_EDGE('',*,*,#5449,.T.);
#3660=CARTESIAN_POINT('',(3.924608305,-5.45,-4.2500000000013));
#3661=DIRECTION('',(1.0,0.0,0.0));
#3662=DIRECTION('',(0.0,0.0,-1.0));
#3663=ORIENTED_EDGE('',*,*,#5457,.F.);
#3664=ORIENTED_EDGE('',*,*,#5458,.T.);
#3665=ORIENTED_EDGE('',*,*,#5459,.T.);
#3666=ORIENTED_EDGE('',*,*,#5460,.T.);
#3667=ORIENTED_EDGE('',*,*,#5461,.F.);
#3668=ORIENTED_EDGE('',*,*,#5462,.F.);
#3669=ORIENTED_EDGE('',*,*,#5455,.T.);
#3670=ORIENTED_EDGE('',*,*,#5443,.F.);
#3671=ORIENTED_EDGE('',*,*,#5463,.F.);
#3672=ORIENTED_EDGE('',*,*,#5464,.F.);
#3673=ORIENTED_EDGE('',*,*,#5465,.F.);
#3674=ORIENTED_EDGE('',*,*,#5466,.F.);
#3675=CARTESIAN_POINT('',(3.924608305,-6.497866777,-5.7500000000013));
#3676=DIRECTION('',(0.0,0.0,1.0));
#3677=DIRECTION('',(-0.0,-1.0,0.0));
#3678=ORIENTED_EDGE('',*,*,#5467,.F.);
#3679=ORIENTED_EDGE('',*,*,#5463,.T.);
#3680=ORIENTED_EDGE('',*,*,#5442,.F.);
#3681=ORIENTED_EDGE('',*,*,#5448,.T.);
#3682=CARTESIAN_POINT('',(4.37,-5.65,-4.2500000000013));
#3683=DIRECTION('',(0.0,0.0,1.0));
#3684=DIRECTION('',(-1.0,0.0,0.0));
#3685=ORIENTED_EDGE('',*,*,#5468,.F.);
#3686=ORIENTED_EDGE('',*,*,#5444,.T.);
#3687=ORIENTED_EDGE('',*,*,#5469,.T.);
#3688=ORIENTED_EDGE('',*,*,#5470,.F.);
#3689=CARTESIAN_POINT('',(5.946110669,-6.197866773,-4.5500000000013));
#3690=DIRECTION('',(0.0,1.0,0.0));
#3691=DIRECTION('',(0.0,0.0,1.0));
#3692=ORIENTED_EDGE('',*,*,#5462,.T.);
#3693=ORIENTED_EDGE('',*,*,#5471,.F.);
#3694=ORIENTED_EDGE('',*,*,#5450,.F.);
#3695=ORIENTED_EDGE('',*,*,#5456,.T.);
#3696=CARTESIAN_POINT('',(4.37,-5.45,-4.2500000000013));
#3697=DIRECTION('',(0.0,1.0,0.0));
#3698=DIRECTION('',(-1.0,0.0,0.0));
#3699=ORIENTED_EDGE('',*,*,#5472,.F.);
#3700=ORIENTED_EDGE('',*,*,#5473,.F.);
#3701=ORIENTED_EDGE('',*,*,#5474,.T.);
#3702=ORIENTED_EDGE('',*,*,#5457,.T.);
#3703=CARTESIAN_POINT('',(5.946110669,-6.197866773,-5.4500000000013));
#3704=DIRECTION('',(0.0,1.0,0.0));
#3705=DIRECTION('',(0.0,0.0,1.0));
#3706=ORIENTED_EDGE('',*,*,#5464,.T.);
#3707=ORIENTED_EDGE('',*,*,#5467,.T.);
#3708=ORIENTED_EDGE('',*,*,#5447,.T.);
#3709=ORIENTED_EDGE('',*,*,#5475,.T.);
#3710=CARTESIAN_POINT('',(5.017076824,-6.056341114,-4.2500000000013));
#3711=DIRECTION('',(0.95630475588535,0.292371704976835,0.0));
#3712=DIRECTION('',(0.0,0.0,-1.0));
#3713=ORIENTED_EDGE('',*,*,#5476,.F.);
#3714=ORIENTED_EDGE('',*,*,#5470,.T.);
#3715=ORIENTED_EDGE('',*,*,#5477,.F.);
#3716=ORIENTED_EDGE('',*,*,#5473,.T.);
#3717=CARTESIAN_POINT('',(6.246110669,-6.497866773,-5.4500000000013));
#3718=DIRECTION('',(-1.0,0.0,0.0));
#3719=DIRECTION('',(0.0,1.0,0.0));
#3720=ORIENTED_EDGE('',*,*,#5471,.T.);
#3721=ORIENTED_EDGE('',*,*,#5461,.T.);
#3722=ORIENTED_EDGE('',*,*,#5478,.T.);
#3723=ORIENTED_EDGE('',*,*,#5451,.T.);
#3724=CARTESIAN_POINT('',(4.37,-5.65,-4.2500000000013));
#3725=DIRECTION('',(-4.33680862488989E-15,0.0,1.0));
#3726=DIRECTION('',(-1.0,0.0,-4.33680862488989E-15));
#3727=ORIENTED_EDGE('',*,*,#5475,.F.);
#3728=ORIENTED_EDGE('',*,*,#5446,.T.);
#3729=ORIENTED_EDGE('',*,*,#5479,.T.);
#3730=ORIENTED_EDGE('',*,*,#5465,.T.);
#3731=CARTESIAN_POINT('',(5.208337775,-5.997866773,-4.2500000000013));
#3732=DIRECTION('',(0.0,4.33680860320583E-15,1.0));
#3733=DIRECTION('',(-0.0,-1.0,4.33680860320583E-15));
#3734=ORIENTED_EDGE('',*,*,#5445,.T.);
#3735=ORIENTED_EDGE('',*,*,#5468,.T.);
#3736=ORIENTED_EDGE('',*,*,#5476,.T.);
#3737=ORIENTED_EDGE('',*,*,#5472,.T.);
#3738=ORIENTED_EDGE('',*,*,#5466,.T.);
#3739=ORIENTED_EDGE('',*,*,#5479,.F.);
#3740=CARTESIAN_POINT('',(6.246110669,-6.197866773,-4.2500000000013));
#3741=DIRECTION('',(0.0,1.0,0.0));
#3742=DIRECTION('',(-1.0,0.0,0.0));
#3743=ORIENTED_EDGE('',*,*,#5474,.F.);
#3744=ORIENTED_EDGE('',*,*,#5477,.T.);
#3745=ORIENTED_EDGE('',*,*,#5469,.F.);
#3746=ORIENTED_EDGE('',*,*,#5454,.F.);
#3747=ORIENTED_EDGE('',*,*,#5480,.F.);
#3748=ORIENTED_EDGE('',*,*,#5458,.F.);
#3749=CARTESIAN_POINT('',(6.246110669,-6.497866773,-4.2500000000013));
#3750=DIRECTION('',(0.0,1.0,0.0));
#3751=DIRECTION('',(-1.0,0.0,0.0));
#3752=ORIENTED_EDGE('',*,*,#5481,.F.);
#3753=ORIENTED_EDGE('',*,*,#5452,.F.);
#3754=ORIENTED_EDGE('',*,*,#5478,.F.);
#3755=ORIENTED_EDGE('',*,*,#5460,.F.);
#3756=CARTESIAN_POINT('',(4.730185397,-6.144052625,-4.2500000000013));
#3757=DIRECTION('',(0.95630475588535,0.292371704976834,0.0));
#3758=DIRECTION('',(0.0,0.0,-1.0));
#3759=ORIENTED_EDGE('',*,*,#5480,.T.);
#3760=ORIENTED_EDGE('',*,*,#5453,.F.);
#3761=ORIENTED_EDGE('',*,*,#5481,.T.);
#3762=ORIENTED_EDGE('',*,*,#5459,.F.);
#3763=CARTESIAN_POINT('',(5.208337775,-5.997866773,-4.2500000000013));
#3764=DIRECTION('',(0.0,1.73472346209902E-15,1.0));
#3765=DIRECTION('',(-0.0,-1.0,1.73472346209902E-15));
#3766=FILL_AREA_STYLE_COLOUR('',#5482);
#3767=ORIENTED_EDGE('',*,*,#5483,.F.);
#3768=ORIENTED_EDGE('',*,*,#5484,.T.);
#3769=ORIENTED_EDGE('',*,*,#5485,.T.);
#3770=ORIENTED_EDGE('',*,*,#5486,.T.);
#3771=CARTESIAN_POINT('',(-2.385429486,-4.45,-2.6000000000013));
#3772=DIRECTION('',(-1.0,0.0,0.0));
#3773=DIRECTION('',(0.0,0.0,-1.0));
#3774=ORIENTED_EDGE('',*,*,#5487,.F.);
#3775=ORIENTED_EDGE('',*,*,#5488,.F.);
#3776=ORIENTED_EDGE('',*,*,#5489,.F.);
#3777=ORIENTED_EDGE('',*,*,#5490,.F.);
#3778=CARTESIAN_POINT('',(-2.385429484,-4.45,-2.6000000000013));
#3779=DIRECTION('',(-1.0,0.0,0.0));
#3780=DIRECTION('',(0.0,0.0,-1.0));
#3781=ORIENTED_EDGE('',*,*,#5491,.F.);
#3782=ORIENTED_EDGE('',*,*,#5492,.F.);
#3783=ORIENTED_EDGE('',*,*,#5493,.F.);
#3784=ORIENTED_EDGE('',*,*,#5494,.F.);
#3785=CARTESIAN_POINT('',(2.404022082,-5.45,-2.6000000000013));
#3786=DIRECTION('',(0.0,1.0,0.0));
#3787=DIRECTION('',(-1.0,0.0,0.0));
#3788=ORIENTED_EDGE('',*,*,#5495,.F.);
#3789=ORIENTED_EDGE('',*,*,#5496,.F.);
#3790=ORIENTED_EDGE('',*,*,#5494,.T.);
#3791=ORIENTED_EDGE('',*,*,#5497,.F.);
#3792=CARTESIAN_POINT('',(-2.375515891,-5.45,-2.8777859200013));
#3793=DIRECTION('',(0.0,0.0,1.0));
#3794=DIRECTION('',(-0.0,-1.0,0.0));
#3795=ORIENTED_EDGE('',*,*,#5498,.F.);
#3796=ORIENTED_EDGE('',*,*,#5499,.T.);
#3797=ORIENTED_EDGE('',*,*,#5491,.T.);
#3798=ORIENTED_EDGE('',*,*,#5496,.T.);
#3799=CARTESIAN_POINT('',(2.375515891,-5.45,-2.8777859200013));
#3800=DIRECTION('',(-0.997820049192695,-0.0,-0.0659935559663877));
#3801=DIRECTION('',(0.0,-1.0,0.0));
#3802=ORIENTED_EDGE('',*,*,#5487,.T.);
#3803=ORIENTED_EDGE('',*,*,#5500,.F.);
#3804=ORIENTED_EDGE('',*,*,#5492,.T.);
#3805=ORIENTED_EDGE('',*,*,#5501,.F.);
#3806=CARTESIAN_POINT('',(-2.385429484,-4.45,-2.6000000000013));
#3807=DIRECTION('',(-1.0,0.0,0.0));
#3808=DIRECTION('',(0.0,0.0,-1.0));
#3809=ORIENTED_EDGE('',*,*,#5493,.T.);
#3810=ORIENTED_EDGE('',*,*,#5502,.F.);
#3811=ORIENTED_EDGE('',*,*,#5503,.F.);
#3812=ORIENTED_EDGE('',*,*,#5497,.T.);
#3813=CARTESIAN_POINT('',(-2.35714376,-5.450000004,-2.6000000000013));
#3814=DIRECTION('',(0.997820049192695,0.0,-0.0659935559663877));
#3815=DIRECTION('',(0.0,1.0,0.0));
#3816=ORIENTED_EDGE('',*,*,#5495,.T.);
#3817=ORIENTED_EDGE('',*,*,#5503,.T.);
#3818=ORIENTED_EDGE('',*,*,#5504,.T.);
#3819=ORIENTED_EDGE('',*,*,#5498,.T.);
#3820=CARTESIAN_POINT('',(2.404022081,-5.15,-2.6000000000013));
#3821=DIRECTION('',(0.0,1.0,0.0));
#3822=DIRECTION('',(-1.0,0.0,0.0));
#3823=ORIENTED_EDGE('',*,*,#5505,.F.);
#3824=ORIENTED_EDGE('',*,*,#5506,.F.);
#3825=ORIENTED_EDGE('',*,*,#5507,.F.);
#3826=ORIENTED_EDGE('',*,*,#5489,.T.);
#3827=CARTESIAN_POINT('',(2.245248718,-2.156172147,-4.5730263840013));
#3828=DIRECTION('',(0.0,-0.866025403710963,-0.500000000127264));
#3829=DIRECTION('',(1.0,0.0,0.0));
#3830=ORIENTED_EDGE('',*,*,#5508,.F.);
#3831=ORIENTED_EDGE('',*,*,#5484,.F.);
#3832=ORIENTED_EDGE('',*,*,#5509,.F.);
#3833=ORIENTED_EDGE('',*,*,#5502,.T.);
#3834=ORIENTED_EDGE('',*,*,#5500,.T.);
#3835=ORIENTED_EDGE('',*,*,#5490,.T.);
#3836=ORIENTED_EDGE('',*,*,#5499,.F.);
#3837=ORIENTED_EDGE('',*,*,#5510,.F.);
#3838=ORIENTED_EDGE('',*,*,#5486,.F.);
#3839=ORIENTED_EDGE('',*,*,#5511,.F.);
#3840=ORIENTED_EDGE('',*,*,#5488,.T.);
#3841=ORIENTED_EDGE('',*,*,#5501,.T.);
#3842=ORIENTED_EDGE('',*,*,#5483,.T.);
#3843=ORIENTED_EDGE('',*,*,#5510,.T.);
#3844=ORIENTED_EDGE('',*,*,#5504,.F.);
#3845=ORIENTED_EDGE('',*,*,#5509,.T.);
#3846=CARTESIAN_POINT('',(-2.385429486,-4.45,-2.6000000000013));
#3847=DIRECTION('',(-1.0,0.0,0.0));
#3848=DIRECTION('',(0.0,0.0,-1.0));
#3849=ORIENTED_EDGE('',*,*,#5512,.F.);
#3850=ORIENTED_EDGE('',*,*,#5513,.F.);
#3851=ORIENTED_EDGE('',*,*,#5505,.T.);
#3852=ORIENTED_EDGE('',*,*,#5511,.T.);
#3853=CARTESIAN_POINT('',(2.218625215,-3.583974593,-2.0999999980013));
#3854=DIRECTION('',(-0.997820049173502,-0.0329967782364349,0.05715209614184));
#3855=DIRECTION('',(0.0,-0.86602540283833,-0.500000001638708));
#3856=ORIENTED_EDGE('',*,*,#5514,.F.);
#3857=ORIENTED_EDGE('',*,*,#5506,.T.);
#3858=ORIENTED_EDGE('',*,*,#5515,.F.);
#3859=ORIENTED_EDGE('',*,*,#5516,.F.);
#3860=CARTESIAN_POINT('',(-2.054119124,-2.84899247,-4.9730263840013));
#3861=DIRECTION('',(-1.0,0.0,0.0));
#3862=DIRECTION('',(0.0,0.0,-1.0));
#3863=ORIENTED_EDGE('',*,*,#5507,.T.);
#3864=ORIENTED_EDGE('',*,*,#5517,.F.);
#3865=ORIENTED_EDGE('',*,*,#5518,.F.);
#3866=ORIENTED_EDGE('',*,*,#5508,.T.);
#3867=CARTESIAN_POINT('',(-2.02976198,-2.156172143,-4.5730263820013));
#3868=DIRECTION('',(0.997820049173502,-0.0329967781411815,0.0571520961968346));
#3869=DIRECTION('',(0.0571832348668742,0.0,-0.998363700086376));
#3870=ORIENTED_EDGE('',*,*,#5485,.F.);
#3871=ORIENTED_EDGE('',*,*,#5518,.T.);
#3872=ORIENTED_EDGE('',*,*,#5519,.T.);
#3873=ORIENTED_EDGE('',*,*,#5512,.T.);
#3874=CARTESIAN_POINT('',(2.245248717,-2.415979769,-4.7230263840013));
#3875=DIRECTION('',(0.0,-0.866025403862599,-0.499999999864622));
#3876=DIRECTION('',(1.0,0.0,0.0));
#3877=ORIENTED_EDGE('',*,*,#5513,.T.);
#3878=ORIENTED_EDGE('',*,*,#5520,.F.);
#3879=ORIENTED_EDGE('',*,*,#5521,.T.);
#3880=ORIENTED_EDGE('',*,*,#5515,.T.);
#3881=ORIENTED_EDGE('',*,*,#5522,.F.);
#3882=ORIENTED_EDGE('',*,*,#5523,.F.);
#3883=ORIENTED_EDGE('',*,*,#5524,.F.);
#3884=ORIENTED_EDGE('',*,*,#5516,.T.);
#3885=CARTESIAN_POINT('',(2.007158567,-3.232193242,-6.8108630960013));
#3886=DIRECTION('',(0.0,-0.798635509738146,0.6018150235623));
#3887=DIRECTION('',(0.0,0.6018150235623,0.798635509738146));
#3888=ORIENTED_EDGE('',*,*,#5525,.F.);
#3889=ORIENTED_EDGE('',*,*,#5526,.F.);
#3890=ORIENTED_EDGE('',*,*,#5517,.T.);
#3891=ORIENTED_EDGE('',*,*,#5514,.T.);
#3892=ORIENTED_EDGE('',*,*,#5520,.T.);
#3893=ORIENTED_EDGE('',*,*,#5519,.F.);
#3894=ORIENTED_EDGE('',*,*,#5526,.T.);
#3895=ORIENTED_EDGE('',*,*,#5527,.T.);
#3896=CARTESIAN_POINT('',(-2.054119123,-2.84899247,-4.9730263840013));
#3897=DIRECTION('',(-1.0,0.0,0.0));
#3898=DIRECTION('',(0.0,0.0,-1.0));
#3899=ORIENTED_EDGE('',*,*,#5528,.F.);
#3900=ORIENTED_EDGE('',*,*,#5529,.F.);
#3901=ORIENTED_EDGE('',*,*,#5522,.T.);
#3902=ORIENTED_EDGE('',*,*,#5521,.F.);
#3903=CARTESIAN_POINT('',(1.983358268,-2.210084058,-5.4544784050013));
#3904=DIRECTION('',(-0.997820049152182,0.0397159137895655,0.0527047977113683));
#3905=DIRECTION('',(0.0,-0.798635509943034,0.601815023290405));
#3906=ORIENTED_EDGE('',*,*,#5523,.T.);
#3907=ORIENTED_EDGE('',*,*,#5530,.T.);
#3908=ORIENTED_EDGE('',*,*,#5531,.T.);
#3909=ORIENTED_EDGE('',*,*,#5532,.T.);
#3910=CARTESIAN_POINT('',(-1.893483797,-2.832875487,-7.1117706080013));
#3911=DIRECTION('',(-1.0,0.0,0.0));
#3912=DIRECTION('',(0.0,0.0,-1.0));
#3913=ORIENTED_EDGE('',*,*,#5524,.T.);
#3914=ORIENTED_EDGE('',*,*,#5533,.F.);
#3915=ORIENTED_EDGE('',*,*,#5534,.F.);
#3916=ORIENTED_EDGE('',*,*,#5525,.T.);
#3917=CARTESIAN_POINT('',(-1.87103142,-3.232193247,-6.8108630930013));
#3918=DIRECTION('',(0.997820049150139,0.0397159139178778,0.0527047976533657));
#3919=DIRECTION('',(0.0527464139494714,0.0,-0.998607938990809));
#3920=ORIENTED_EDGE('',*,*,#5527,.F.);
#3921=ORIENTED_EDGE('',*,*,#5534,.T.);
#3922=ORIENTED_EDGE('',*,*,#5535,.T.);
#3923=ORIENTED_EDGE('',*,*,#5528,.T.);
#3924=CARTESIAN_POINT('',(2.007158567,-3.471783895,-6.6303185890013));
#3925=DIRECTION('',(0.0,-0.798635509738146,0.6018150235623));
#3926=DIRECTION('',(0.0,0.6018150235623,0.798635509738146));
#3927=ORIENTED_EDGE('',*,*,#5536,.T.);
#3928=ORIENTED_EDGE('',*,*,#5530,.F.);
#3929=ORIENTED_EDGE('',*,*,#5529,.T.);
#3930=ORIENTED_EDGE('',*,*,#5537,.T.);
#3931=ORIENTED_EDGE('',*,*,#5532,.F.);
#3932=ORIENTED_EDGE('',*,*,#5538,.T.);
#3933=ORIENTED_EDGE('',*,*,#5539,.T.);
#3934=ORIENTED_EDGE('',*,*,#5533,.T.);
#3935=ORIENTED_EDGE('',*,*,#5540,.F.);
#3936=ORIENTED_EDGE('',*,*,#5541,.F.);
#3937=ORIENTED_EDGE('',*,*,#5531,.F.);
#3938=ORIENTED_EDGE('',*,*,#5542,.F.);
#3939=ORIENTED_EDGE('',*,*,#5543,.F.);
#3940=ORIENTED_EDGE('',*,*,#5544,.F.);
#3941=CARTESIAN_POINT('',(1.864045836,-3.011967388,-10.8015974290013));
#3942=DIRECTION('',(0.0,-0.996194698080319,-0.0871557428782632));
#3943=DIRECTION('',(1.0,0.0,0.0));
#3944=ORIENTED_EDGE('',*,*,#5545,.F.);
#3945=ORIENTED_EDGE('',*,*,#5537,.F.);
#3946=ORIENTED_EDGE('',*,*,#5535,.F.);
#3947=ORIENTED_EDGE('',*,*,#5539,.F.);
#3948=CARTESIAN_POINT('',(-1.893483797,-2.832875487,-7.1117706080013));
#3949=DIRECTION('',(-1.0,0.0,0.0));
#3950=DIRECTION('',(0.0,0.0,-1.0));
#3951=ORIENTED_EDGE('',*,*,#5546,.F.);
#3952=ORIENTED_EDGE('',*,*,#5547,.F.);
#3953=ORIENTED_EDGE('',*,*,#5544,.T.);
#3954=ORIENTED_EDGE('',*,*,#5548,.F.);
#3955=CARTESIAN_POINT('',(1.478180606,-3.011967388,-10.8015974290013));
#3956=DIRECTION('',(0.0,-0.087155743163203,0.99619469805539));
#3957=DIRECTION('',(0.0,-0.99619469805539,-0.087155743163203));
#3958=ORIENTED_EDGE('',*,*,#5549,.F.);
#3959=ORIENTED_EDGE('',*,*,#5550,.F.);
#3960=ORIENTED_EDGE('',*,*,#5540,.T.);
#3961=ORIENTED_EDGE('',*,*,#5547,.T.);
#3962=CARTESIAN_POINT('',(-1.478180606,-3.32215604458201,-10.6982388409647));
#3963=DIRECTION('',(7.26880349409078E-17,-0.996194698091804,-0.087155742746982));
#3964=DIRECTION('',(0.0,0.087155742746982,-0.996194698091805));
#3965=ORIENTED_EDGE('',*,*,#5550,.T.);
#3966=ORIENTED_EDGE('',*,*,#5551,.F.);
#3967=ORIENTED_EDGE('',*,*,#5538,.F.);
#3968=ORIENTED_EDGE('',*,*,#5541,.T.);
#3969=CARTESIAN_POINT('',(-1.607897213,-3.022549911,-10.6806386340013));
#3970=DIRECTION('',(0.997820049173993,-0.00575171743887716,0.0657424308412228));
#3971=DIRECTION('',(0.0657435183220864,0.0,-0.997836554651429));
#3972=ORIENTED_EDGE('',*,*,#5552,.F.);
#3973=ORIENTED_EDGE('',*,*,#5542,.T.);
#3974=ORIENTED_EDGE('',*,*,#5536,.F.);
#3975=ORIENTED_EDGE('',*,*,#5553,.F.);
#3976=CARTESIAN_POINT('',(1.841942526,-3.330972842,-7.1553484800013));
#3977=DIRECTION('',(-0.997820049173993,-0.00575171733516627,0.0657424308502963));
#3978=DIRECTION('',(8.65470932051229E-19,-0.996194698192881,-0.087155741591671));
#3979=ORIENTED_EDGE('',*,*,#5554,.F.);
#3980=ORIENTED_EDGE('',*,*,#5548,.T.);
#3981=ORIENTED_EDGE('',*,*,#5543,.T.);
#3982=ORIENTED_EDGE('',*,*,#5552,.T.);
#3983=CARTESIAN_POINT('',(1.478180606,-3.32215604458201,-10.6982388409647));
#3984=DIRECTION('',(7.26880349409077E-17,-0.996194698091804,-0.087155742746982));
#3985=DIRECTION('',(0.0,0.087155742746982,-0.996194698091805));
#3986=ORIENTED_EDGE('',*,*,#5553,.T.);
#3987=ORIENTED_EDGE('',*,*,#5545,.T.);
#3988=ORIENTED_EDGE('',*,*,#5551,.T.);
#3989=ORIENTED_EDGE('',*,*,#5549,.T.);
#3990=ORIENTED_EDGE('',*,*,#5546,.T.);
#3991=ORIENTED_EDGE('',*,*,#5554,.T.);
#3992=CARTESIAN_POINT('',(1.864045836,-3.310825798,-10.8277441520013));
#3993=DIRECTION('',(0.0,-0.99619469810404,-0.0871557426071278));
#3994=DIRECTION('',(1.0,0.0,0.0));
#3995=FILL_AREA_STYLE_COLOUR('',#5555);
#3996=ORIENTED_EDGE('',*,*,#5556,.T.);
#3997=ORIENTED_EDGE('',*,*,#5557,.T.);
#3998=ORIENTED_EDGE('',*,*,#5558,.T.);
#3999=ORIENTED_EDGE('',*,*,#5559,.F.);
#4000=CARTESIAN_POINT('',(0.0,0.0,-12.5));
#4001=DIRECTION('',(0.0,0.0,-1.0));
#4002=DIRECTION('',(1.0,0.0,0.0));
#4003=ORIENTED_EDGE('',*,*,#5560,.F.);
#4004=ORIENTED_EDGE('',*,*,#5561,.T.);
#4005=ORIENTED_EDGE('',*,*,#5562,.T.);
#4006=ORIENTED_EDGE('',*,*,#5563,.F.);
#4007=CARTESIAN_POINT('',(0.0,0.0,-12.5));
#4008=DIRECTION('',(0.0,0.0,1.0));
#4009=DIRECTION('',(-1.0,0.0,0.0));
#4010=ORIENTED_EDGE('',*,*,#5564,.F.);
#4011=ORIENTED_EDGE('',*,*,#5565,.T.);
#4012=ORIENTED_EDGE('',*,*,#5566,.T.);
#4013=ORIENTED_EDGE('',*,*,#5567,.F.);
#4014=CARTESIAN_POINT('',(0.0,-4.4,-13.75));
#4015=DIRECTION('',(0.0,0.0,-1.0));
#4016=DIRECTION('',(1.0,0.0,0.0));
#4017=ORIENTED_EDGE('',*,*,#5568,.F.);
#4018=ORIENTED_EDGE('',*,*,#5569,.T.);
#4019=ORIENTED_EDGE('',*,*,#5564,.T.);
#4020=ORIENTED_EDGE('',*,*,#5570,.F.);
#4021=CARTESIAN_POINT('',(0.0,-4.4,-14.25));
#4022=DIRECTION('',(-0.0,-0.0,1.0));
#4023=DIRECTION('',(1.0,0.0,0.0));
#4024=ORIENTED_EDGE('',*,*,#5557,.F.);
#4025=ORIENTED_EDGE('',*,*,#5571,.T.);
#4026=ORIENTED_EDGE('',*,*,#5559,.T.);
#4027=ORIENTED_EDGE('',*,*,#5572,.T.);
#4028=CARTESIAN_POINT('',(0.0,0.0,-12.5));
#4029=DIRECTION('',(0.0,0.0,-1.0));
#4030=DIRECTION('',(1.0,0.0,0.0));
#4031=ORIENTED_EDGE('',*,*,#5573,.T.);
#4032=ORIENTED_EDGE('',*,*,#5574,.T.);
#4033=ORIENTED_EDGE('',*,*,#5575,.T.);
#4034=ORIENTED_EDGE('',*,*,#5576,.T.);
#4035=ORIENTED_EDGE('',*,*,#5577,.F.);
#4036=ORIENTED_EDGE('',*,*,#5578,.T.);
#4037=ORIENTED_EDGE('',*,*,#5579,.F.);
#4038=ORIENTED_EDGE('',*,*,#5580,.T.);
#4039=ORIENTED_EDGE('',*,*,#5581,.T.);
#4040=ORIENTED_EDGE('',*,*,#5582,.T.);
#4041=ORIENTED_EDGE('',*,*,#5583,.T.);
#4042=ORIENTED_EDGE('',*,*,#5584,.T.);
#4043=ORIENTED_EDGE('',*,*,#5585,.T.);
#4044=ORIENTED_EDGE('',*,*,#5586,.T.);
#4045=ORIENTED_EDGE('',*,*,#5587,.T.);
#4046=ORIENTED_EDGE('',*,*,#5588,.T.);
#4047=ORIENTED_EDGE('',*,*,#5572,.F.);
#4048=ORIENTED_EDGE('',*,*,#5558,.F.);
#4049=ORIENTED_EDGE('',*,*,#5589,.T.);
#4050=ORIENTED_EDGE('',*,*,#5590,.T.);
#4051=ORIENTED_EDGE('',*,*,#5591,.T.);
#4052=ORIENTED_EDGE('',*,*,#5592,.T.);
#4053=CARTESIAN_POINT('',(-4.4,-6.4,-11.9));
#4054=DIRECTION('',(0.0,0.0,1.0));
#4055=DIRECTION('',(-0.0,-1.0,0.0));
#4056=ORIENTED_EDGE('',*,*,#5556,.F.);
#4057=ORIENTED_EDGE('',*,*,#5571,.F.);
#4058=ORIENTED_EDGE('',*,*,#5593,.T.);
#4059=ORIENTED_EDGE('',*,*,#5560,.T.);
#4060=CARTESIAN_POINT('',(-1.5686,-1.5686,-12.5));
#4061=DIRECTION('',(0.0,0.0,1.0));
#4062=DIRECTION('',(-0.0,-1.0,0.0));
#4063=ORIENTED_EDGE('',*,*,#5594,.T.);
#4064=ORIENTED_EDGE('',*,*,#5582,.F.);
#4065=ORIENTED_EDGE('',*,*,#5595,.T.);
#4066=ORIENTED_EDGE('',*,*,#5596,.T.);
#4067=CARTESIAN_POINT('',(3.821,-5.17,-12.1));
#4068=DIRECTION('',(0.0,-0.707106781186548,0.707106781186548));
#4069=DIRECTION('',(0.0,-0.707106781186548,-0.707106781186548));
#4070=ORIENTED_EDGE('',*,*,#5597,.T.);
#4071=ORIENTED_EDGE('',*,*,#5598,.T.);
#4072=ORIENTED_EDGE('',*,*,#5595,.F.);
#4073=ORIENTED_EDGE('',*,*,#5581,.F.);
#4074=CARTESIAN_POINT('',(0.300000001,-5.704379999,-11.900000001));
#4075=DIRECTION('',(0.707106781186547,0.0,0.707106781186548));
#4076=DIRECTION('',(0.707106781186548,0.0,-0.707106781186547));
#4077=ORIENTED_EDGE('',*,*,#5597,.F.);
#4078=ORIENTED_EDGE('',*,*,#5584,.F.);
#4079=ORIENTED_EDGE('',*,*,#5599,.T.);
#4080=ORIENTED_EDGE('',*,*,#5600,.T.);
#4081=CARTESIAN_POINT('',(3.820999999,-5.7,-11.9));
#4082=DIRECTION('',(-0.0,0.707106781186548,0.707106781186547));
#4083=DIRECTION('',(1.0,0.0,0.0));
#4084=ORIENTED_EDGE('',*,*,#5599,.F.);
#4085=ORIENTED_EDGE('',*,*,#5583,.F.);
#4086=ORIENTED_EDGE('',*,*,#5594,.F.);
#4087=ORIENTED_EDGE('',*,*,#5601,.T.);
#4088=CARTESIAN_POINT('',(3.6,-5.704379999,-12.1));
#4089=DIRECTION('',(-0.707106781186548,0.0,0.707106781186547));
#4090=DIRECTION('',(0.0,-1.0,0.0));
#4091=ORIENTED_EDGE('',*,*,#5602,.T.);
#4092=ORIENTED_EDGE('',*,*,#5603,.T.);
#4093=ORIENTED_EDGE('',*,*,#5586,.F.);
#4094=ORIENTED_EDGE('',*,*,#5604,.T.);
#4095=ORIENTED_EDGE('',*,*,#5605,.T.);
#4096=CARTESIAN_POINT('',(-2.549999999,-4.6,-10.9));
#4097=DIRECTION('',(0.0,-1.0,0.0));
#4098=DIRECTION('',(-0.0,0.0,1.0));
#4099=ORIENTED_EDGE('',*,*,#5606,.T.);
#4100=ORIENTED_EDGE('',*,*,#5607,.T.);
#4101=ORIENTED_EDGE('',*,*,#5604,.F.);
#4102=ORIENTED_EDGE('',*,*,#5585,.F.);
#4103=ORIENTED_EDGE('',*,*,#5608,.T.);
#4104=CARTESIAN_POINT('',(-2.55,-4.6,-10.9));
#4105=DIRECTION('',(1.0,0.0,0.0));
#4106=DIRECTION('',(0.0,0.0,-1.0));
#4107=ORIENTED_EDGE('',*,*,#5609,.T.);
#4108=ORIENTED_EDGE('',*,*,#5610,.T.);
#4109=ORIENTED_EDGE('',*,*,#5608,.F.);
#4110=ORIENTED_EDGE('',*,*,#5588,.F.);
#4111=CARTESIAN_POINT('',(-3.55,-4.0,-11.1));
#4112=DIRECTION('',(0.0,1.0,0.0));
#4113=DIRECTION('',(-1.0,0.0,0.0));
#4114=ORIENTED_EDGE('',*,*,#5603,.F.);
#4115=ORIENTED_EDGE('',*,*,#5611,.T.);
#4116=ORIENTED_EDGE('',*,*,#5609,.F.);
#4117=ORIENTED_EDGE('',*,*,#5587,.F.);
#4118=CARTESIAN_POINT('',(-3.55,-4.6,-11.9));
#4119=DIRECTION('',(-1.0,0.0,0.0));
#4120=DIRECTION('',(0.0,1.0,0.0));
#4121=ORIENTED_EDGE('',*,*,#5612,.F.);
#4122=ORIENTED_EDGE('',*,*,#5590,.F.);
#4123=ORIENTED_EDGE('',*,*,#5613,.F.);
#4124=ORIENTED_EDGE('',*,*,#5614,.F.);
#4125=ORIENTED_EDGE('',*,*,#5615,.F.);
#4126=CARTESIAN_POINT('',(2.55,-4.6,-10.9));
#4127=DIRECTION('',(1.0,0.0,0.0));
#4128=DIRECTION('',(0.0,0.0,-1.0));
#4129=ORIENTED_EDGE('',*,*,#5616,.F.);
#4130=ORIENTED_EDGE('',*,*,#5613,.T.);
#4131=ORIENTED_EDGE('',*,*,#5589,.F.);
#4132=ORIENTED_EDGE('',*,*,#5617,.F.);
#4133=ORIENTED_EDGE('',*,*,#5618,.F.);
#4134=CARTESIAN_POINT('',(2.549999999,-4.6,-10.9));
#4135=DIRECTION('',(0.0,1.0,0.0));
#4136=DIRECTION('',(-1.0,0.0,0.0));
#4137=ORIENTED_EDGE('',*,*,#5617,.T.);
#4138=ORIENTED_EDGE('',*,*,#5592,.F.);
#4139=ORIENTED_EDGE('',*,*,#5619,.F.);
#4140=ORIENTED_EDGE('',*,*,#5620,.F.);
#4141=CARTESIAN_POINT('',(3.55,-4.6,-11.9));
#4142=DIRECTION('',(-1.0,0.0,0.0));
#4143=DIRECTION('',(0.0,1.0,0.0));
#4144=ORIENTED_EDGE('',*,*,#5619,.T.);
#4145=ORIENTED_EDGE('',*,*,#5591,.F.);
#4146=ORIENTED_EDGE('',*,*,#5612,.T.);
#4147=ORIENTED_EDGE('',*,*,#5621,.F.);
#4148=CARTESIAN_POINT('',(3.55,-4.0,-11.1));
#4149=DIRECTION('',(0.0,-1.0,0.0));
#4150=DIRECTION('',(-0.0,0.0,1.0));
#4151=ORIENTED_EDGE('',*,*,#5622,.T.);
#4152=ORIENTED_EDGE('',*,*,#5623,.T.);
#4153=ORIENTED_EDGE('',*,*,#5574,.F.);
#4154=ORIENTED_EDGE('',*,*,#5624,.T.);
#4155=ORIENTED_EDGE('',*,*,#5625,.T.);
#4156=ORIENTED_EDGE('',*,*,#5626,.T.);
#4157=CARTESIAN_POINT('',(4.0,-6.4,-11.9));
#4158=DIRECTION('',(0.0,-1.0,0.0));
#4159=DIRECTION('',(-0.0,0.0,1.0));
#4160=ORIENTED_EDGE('',*,*,#5627,.T.);
#4161=ORIENTED_EDGE('',*,*,#5628,.T.);
#4162=ORIENTED_EDGE('',*,*,#5580,.F.);
#4163=ORIENTED_EDGE('',*,*,#5629,.T.);
#4164=CARTESIAN_POINT('',(-4.4,-6.0,-11.9));
#4165=DIRECTION('',(-1.0,0.0,0.0));
#4166=DIRECTION('',(0.0,1.0,0.0));
#4167=ORIENTED_EDGE('',*,*,#5578,.F.);
#4168=ORIENTED_EDGE('',*,*,#5630,.F.);
#4169=ORIENTED_EDGE('',*,*,#5631,.F.);
#4170=ORIENTED_EDGE('',*,*,#5632,.F.);
#4171=CARTESIAN_POINT('',(0.0,0.0,-11.9));
#4172=DIRECTION('',(0.0,0.0,1.0));
#4173=DIRECTION('',(-1.0,0.0,0.0));
#4174=ORIENTED_EDGE('',*,*,#5576,.F.);
#4175=ORIENTED_EDGE('',*,*,#5633,.T.);
#4176=ORIENTED_EDGE('',*,*,#5634,.T.);
#4177=ORIENTED_EDGE('',*,*,#5635,.T.);
#4178=ORIENTED_EDGE('',*,*,#5636,.T.);
#4179=ORIENTED_EDGE('',*,*,#5637,.T.);
#4180=CARTESIAN_POINT('',(4.4,-6.0,-11.9));
#4181=DIRECTION('',(1.0,0.0,0.0));
#4182=DIRECTION('',(0.0,0.0,-1.0));
#4183=ORIENTED_EDGE('',*,*,#5561,.F.);
#4184=ORIENTED_EDGE('',*,*,#5593,.F.);
#4185=ORIENTED_EDGE('',*,*,#5563,.T.);
#4186=ORIENTED_EDGE('',*,*,#5638,.T.);
#4187=CARTESIAN_POINT('',(0.0,0.0,-12.5));
#4188=DIRECTION('',(0.0,0.0,1.0));
#4189=DIRECTION('',(-1.0,0.0,0.0));
#4190=ORIENTED_EDGE('',*,*,#5639,.F.);
#4191=ORIENTED_EDGE('',*,*,#5640,.F.);
#4192=ORIENTED_EDGE('',*,*,#5641,.F.);
#4193=ORIENTED_EDGE('',*,*,#5596,.F.);
#4194=CARTESIAN_POINT('',(0.5,-5.17,-12.1));
#4195=DIRECTION('',(0.0,1.0,0.0));
#4196=DIRECTION('',(-1.0,0.0,0.0));
#4197=ORIENTED_EDGE('',*,*,#5642,.F.);
#4198=ORIENTED_EDGE('',*,*,#5643,.F.);
#4199=ORIENTED_EDGE('',*,*,#5639,.T.);
#4200=ORIENTED_EDGE('',*,*,#5598,.F.);
#4201=CARTESIAN_POINT('',(0.5,-5.5,-12.1));
#4202=DIRECTION('',(-1.0,0.0,0.0));
#4203=DIRECTION('',(0.0,1.0,0.0));
#4204=ORIENTED_EDGE('',*,*,#5644,.F.);
#4205=ORIENTED_EDGE('',*,*,#5645,.F.);
#4206=ORIENTED_EDGE('',*,*,#5642,.T.);
#4207=ORIENTED_EDGE('',*,*,#5600,.F.);
#4208=CARTESIAN_POINT('',(3.6,-5.5,-12.8));
#4209=DIRECTION('',(0.0,-1.0,0.0));
#4210=DIRECTION('',(-0.0,0.0,1.0));
#4211=ORIENTED_EDGE('',*,*,#5641,.T.);
#4212=ORIENTED_EDGE('',*,*,#5646,.F.);
#4213=ORIENTED_EDGE('',*,*,#5644,.T.);
#4214=ORIENTED_EDGE('',*,*,#5601,.F.);
#4215=CARTESIAN_POINT('',(3.6,-5.5,-12.1));
#4216=DIRECTION('',(1.0,0.0,0.0));
#4217=DIRECTION('',(0.0,0.0,-1.0));
#4218=ORIENTED_EDGE('',*,*,#5647,.F.);
#4219=ORIENTED_EDGE('',*,*,#5611,.F.);
#4220=ORIENTED_EDGE('',*,*,#5602,.F.);
#4221=ORIENTED_EDGE('',*,*,#5648,.F.);
#4222=CARTESIAN_POINT('',(-3.35,-4.6,-10.9));
#4223=DIRECTION('',(0.707106781186548,0.0,-0.707106781186548));
#4224=DIRECTION('',(0.0,1.0,0.0));
#4225=ORIENTED_EDGE('',*,*,#5607,.F.);
#4226=ORIENTED_EDGE('',*,*,#5649,.T.);
#4227=ORIENTED_EDGE('',*,*,#5648,.T.);
#4228=ORIENTED_EDGE('',*,*,#5605,.F.);
#4229=CARTESIAN_POINT('',(-2.55,-4.2,-10.9));
#4230=DIRECTION('',(0.0,0.0,1.0));
#4231=DIRECTION('',(-0.0,-1.0,0.0));
#4232=ORIENTED_EDGE('',*,*,#5606,.F.);
#4233=ORIENTED_EDGE('',*,*,#5610,.F.);
#4234=ORIENTED_EDGE('',*,*,#5647,.T.);
#4235=ORIENTED_EDGE('',*,*,#5649,.F.);
#4236=CARTESIAN_POINT('',(-2.55,-4.0,-11.1));
#4237=DIRECTION('',(0.0,-0.707106781186548,-0.707106781186547));
#4238=DIRECTION('',(1.0,0.0,0.0));
#4239=ORIENTED_EDGE('',*,*,#5650,.T.);
#4240=ORIENTED_EDGE('',*,*,#5621,.T.);
#4241=ORIENTED_EDGE('',*,*,#5615,.T.);
#4242=ORIENTED_EDGE('',*,*,#5651,.T.);
#4243=CARTESIAN_POINT('',(3.556,-4.2,-10.9));
#4244=DIRECTION('',(-0.0,0.707106781186548,0.707106781186547));
#4245=DIRECTION('',(1.0,0.0,0.0));
#4246=ORIENTED_EDGE('',*,*,#5652,.T.);
#4247=ORIENTED_EDGE('',*,*,#5651,.F.);
#4248=ORIENTED_EDGE('',*,*,#5614,.T.);
#4249=ORIENTED_EDGE('',*,*,#5616,.T.);
#4250=CARTESIAN_POINT('',(2.55,-4.6,-10.9));
#4251=DIRECTION('',(0.0,0.0,1.0));
#4252=DIRECTION('',(-0.0,-1.0,0.0));
#4253=ORIENTED_EDGE('',*,*,#5618,.T.);
#4254=ORIENTED_EDGE('',*,*,#5620,.T.);
#4255=ORIENTED_EDGE('',*,*,#5650,.F.);
#4256=ORIENTED_EDGE('',*,*,#5652,.F.);
#4257=CARTESIAN_POINT('',(3.35,-4.6,-10.9));
#4258=DIRECTION('',(0.707106781186548,0.0,0.707106781186548));
#4259=DIRECTION('',(0.707106781186548,0.0,-0.707106781186548));
#4260=ORIENTED_EDGE('',*,*,#5633,.F.);
#4261=ORIENTED_EDGE('',*,*,#5575,.F.);
#4262=ORIENTED_EDGE('',*,*,#5623,.F.);
#4263=ORIENTED_EDGE('',*,*,#5653,.F.);
#4264=CARTESIAN_POINT('',(4.0,-6.0,-11.9));
#4265=DIRECTION('',(0.0,0.0,1.0));
#4266=DIRECTION('',(-1.0,0.0,0.0));
#4267=ORIENTED_EDGE('',*,*,#5653,.T.);
#4268=ORIENTED_EDGE('',*,*,#5622,.F.);
#4269=ORIENTED_EDGE('',*,*,#5654,.T.);
#4270=ORIENTED_EDGE('',*,*,#5655,.T.);
#4271=ORIENTED_EDGE('',*,*,#5634,.F.);
#4272=CARTESIAN_POINT('',(4.4,-6.4,-14.7));
#4273=DIRECTION('',(0.0,0.0,-1.0));
#4274=DIRECTION('',(-1.0,0.0,0.0));
#4275=ORIENTED_EDGE('',*,*,#5625,.F.);
#4276=ORIENTED_EDGE('',*,*,#5656,.F.);
#4277=ORIENTED_EDGE('',*,*,#5627,.F.);
#4278=ORIENTED_EDGE('',*,*,#5657,.F.);
#4279=ORIENTED_EDGE('',*,*,#5631,.T.);
#4280=ORIENTED_EDGE('',*,*,#5658,.F.);
#4281=ORIENTED_EDGE('',*,*,#5636,.F.);
#4282=ORIENTED_EDGE('',*,*,#5659,.F.);
#4283=ORIENTED_EDGE('',*,*,#5660,.F.);
#4284=ORIENTED_EDGE('',*,*,#5638,.F.);
#4285=ORIENTED_EDGE('',*,*,#5562,.F.);
#4286=ORIENTED_EDGE('',*,*,#5661,.F.);
#4287=ORIENTED_EDGE('',*,*,#5566,.F.);
#4288=CARTESIAN_POINT('',(-4.4,-6.4,-13.45));
#4289=DIRECTION('',(0.0,0.0,1.0));
#4290=DIRECTION('',(-0.0,-1.0,0.0));
#4291=ORIENTED_EDGE('',*,*,#5573,.F.);
#4292=ORIENTED_EDGE('',*,*,#5628,.F.);
#4293=ORIENTED_EDGE('',*,*,#5656,.T.);
#4294=ORIENTED_EDGE('',*,*,#5624,.F.);
#4295=CARTESIAN_POINT('',(-4.0,-6.0,-11.9));
#4296=DIRECTION('',(0.0,0.0,1.0));
#4297=DIRECTION('',(-1.0,0.0,0.0));
#4298=ORIENTED_EDGE('',*,*,#5657,.T.);
#4299=ORIENTED_EDGE('',*,*,#5629,.F.);
#4300=ORIENTED_EDGE('',*,*,#5579,.T.);
#4301=ORIENTED_EDGE('',*,*,#5632,.T.);
#4302=CARTESIAN_POINT('',(-3.85,0.0,-11.9));
#4303=DIRECTION('',(0.0,1.0,0.0));
#4304=DIRECTION('',(-1.0,0.0,0.0));
#4305=ORIENTED_EDGE('',*,*,#5658,.T.);
#4306=ORIENTED_EDGE('',*,*,#5630,.T.);
#4307=ORIENTED_EDGE('',*,*,#5577,.T.);
#4308=ORIENTED_EDGE('',*,*,#5637,.F.);
#4309=CARTESIAN_POINT('',(4.4,0.0,-11.9));
#4310=DIRECTION('',(0.0,1.0,0.0));
#4311=DIRECTION('',(-1.0,0.0,0.0));
#4312=ORIENTED_EDGE('',*,*,#5643,.T.);
#4313=ORIENTED_EDGE('',*,*,#5645,.T.);
#4314=ORIENTED_EDGE('',*,*,#5646,.T.);
#4315=ORIENTED_EDGE('',*,*,#5640,.T.);
#4316=CARTESIAN_POINT('',(0.5,-5.5,-12.8));
#4317=DIRECTION('',(0.0,0.0,1.0));
#4318=DIRECTION('',(-0.0,-1.0,0.0));
#4319=ORIENTED_EDGE('',*,*,#5655,.F.);
#4320=ORIENTED_EDGE('',*,*,#5662,.F.);
#4321=ORIENTED_EDGE('',*,*,#5659,.T.);
#4322=ORIENTED_EDGE('',*,*,#5635,.F.);
#4323=CARTESIAN_POINT('',(4.4,-3.1,-14.7));
#4324=DIRECTION('',(0.0,-1.0,0.0));
#4325=DIRECTION('',(-0.0,0.0,1.0));
#4326=ORIENTED_EDGE('',*,*,#5654,.F.);
#4327=ORIENTED_EDGE('',*,*,#5626,.F.);
#4328=ORIENTED_EDGE('',*,*,#5660,.T.);
#4329=ORIENTED_EDGE('',*,*,#5662,.T.);
#4330=CARTESIAN_POINT('',(1.55,-3.1,-13.45));
#4331=DIRECTION('',(1.0,0.0,0.0));
#4332=DIRECTION('',(0.0,0.0,-1.0));
#4333=ORIENTED_EDGE('',*,*,#5565,.F.);
#4334=ORIENTED_EDGE('',*,*,#5663,.F.);
#4335=ORIENTED_EDGE('',*,*,#5567,.T.);
#4336=ORIENTED_EDGE('',*,*,#5661,.T.);
#4337=CARTESIAN_POINT('',(0.0,-4.4,-13.75));
#4338=DIRECTION('',(0.0,0.0,-1.0));
#4339=DIRECTION('',(1.0,0.0,0.0));
#4340=ORIENTED_EDGE('',*,*,#5569,.F.);
#4341=ORIENTED_EDGE('',*,*,#5664,.F.);
#4342=ORIENTED_EDGE('',*,*,#5570,.T.);
#4343=ORIENTED_EDGE('',*,*,#5663,.T.);
#4344=CARTESIAN_POINT('',(0.0,-4.4,-14.25));
#4345=DIRECTION('',(-0.0,-0.0,1.0));
#4346=DIRECTION('',(1.0,0.0,0.0));
#4347=ORIENTED_EDGE('',*,*,#5664,.T.);
#4348=ORIENTED_EDGE('',*,*,#5568,.T.);
#4349=CARTESIAN_POINT('',(0.4301,-4.8301,-14.25));
#4350=DIRECTION('',(0.0,0.0,-1.0));
#4351=DIRECTION('',(-1.0,0.0,0.0));
#4352=FILL_AREA_STYLE_COLOUR('',#5665);
#4353=ORIENTED_EDGE('',*,*,#5666,.T.);
#4354=ORIENTED_EDGE('',*,*,#5667,.T.);
#4355=ORIENTED_EDGE('',*,*,#5668,.T.);
#4356=ORIENTED_EDGE('',*,*,#5669,.T.);
#4357=ORIENTED_EDGE('',*,*,#5670,.T.);
#4358=ORIENTED_EDGE('',*,*,#5671,.T.);
#4359=CARTESIAN_POINT('',(6.24494104100006,-6.09999999950724,-10.4));
#4360=DIRECTION('',(0.0,1.0,0.0));
#4361=DIRECTION('',(-1.0,0.0,0.0));
#4362=ORIENTED_EDGE('',*,*,#5667,.F.);
#4363=ORIENTED_EDGE('',*,*,#5672,.F.);
#4364=ORIENTED_EDGE('',*,*,#5673,.T.);
#4365=ORIENTED_EDGE('',*,*,#5674,.F.);
#4366=CARTESIAN_POINT('',(5.94494104100006,-6.09999999950724,-10.7));
#4367=DIRECTION('',(0.0,1.0,0.0));
#4368=DIRECTION('',(0.0,0.0,1.0));
#4369=ORIENTED_EDGE('',*,*,#5675,.F.);
#4370=ORIENTED_EDGE('',*,*,#5676,.F.);
#4371=ORIENTED_EDGE('',*,*,#5672,.T.);
#4372=ORIENTED_EDGE('',*,*,#5666,.F.);
#4373=ORIENTED_EDGE('',*,*,#5677,.F.);
#4374=ORIENTED_EDGE('',*,*,#5678,.F.);
#4375=ORIENTED_EDGE('',*,*,#5679,.F.);
#4376=ORIENTED_EDGE('',*,*,#5680,.T.);
#4377=CARTESIAN_POINT('',(4.49999999700006,-6.50000000250724,-10.4));
#4378=DIRECTION('',(0.0,0.0,-1.0));
#4379=DIRECTION('',(-1.0,0.0,0.0));
#4380=ORIENTED_EDGE('',*,*,#5681,.F.);
#4381=ORIENTED_EDGE('',*,*,#5677,.T.);
#4382=ORIENTED_EDGE('',*,*,#5671,.F.);
#4383=ORIENTED_EDGE('',*,*,#5682,.T.);
#4384=CARTESIAN_POINT('',(5.05000000000006,-5.94999999950724,-10.4));
#4385=DIRECTION('',(0.0,0.0,1.0));
#4386=DIRECTION('',(-1.0,0.0,0.0));
#4387=ORIENTED_EDGE('',*,*,#5683,.T.);
#4388=ORIENTED_EDGE('',*,*,#5684,.F.);
#4389=ORIENTED_EDGE('',*,*,#5682,.F.);
#4390=ORIENTED_EDGE('',*,*,#5670,.F.);
#4391=ORIENTED_EDGE('',*,*,#5685,.F.);
#4392=ORIENTED_EDGE('',*,*,#5686,.F.);
#4393=ORIENTED_EDGE('',*,*,#5687,.F.);
#4394=ORIENTED_EDGE('',*,*,#5688,.F.);
#4395=ORIENTED_EDGE('',*,*,#5689,.F.);
#4396=ORIENTED_EDGE('',*,*,#5690,.F.);
#4397=ORIENTED_EDGE('',*,*,#5691,.F.);
#4398=ORIENTED_EDGE('',*,*,#5692,.F.);
#4399=CARTESIAN_POINT('',(-3.41999999999994,-6.50000000250724,-11.9));
#4400=DIRECTION('',(0.0,0.0,1.0));
#4401=DIRECTION('',(-0.0,-1.0,0.0));
#4402=ORIENTED_EDGE('',*,*,#5669,.F.);
#4403=ORIENTED_EDGE('',*,*,#5693,.F.);
#4404=ORIENTED_EDGE('',*,*,#5694,.F.);
#4405=ORIENTED_EDGE('',*,*,#5685,.T.);
#4406=CARTESIAN_POINT('',(5.94494104100006,-6.09999999950724,-11.6));
#4407=DIRECTION('',(0.0,1.0,0.0));
#4408=DIRECTION('',(0.0,0.0,1.0));
#4409=ORIENTED_EDGE('',*,*,#5668,.F.);
#4410=ORIENTED_EDGE('',*,*,#5674,.T.);
#4411=ORIENTED_EDGE('',*,*,#5695,.F.);
#4412=ORIENTED_EDGE('',*,*,#5693,.T.);
#4413=CARTESIAN_POINT('',(6.24494104100006,-6.49999999950724,-11.6));
#4414=DIRECTION('',(-1.0,0.0,0.0));
#4415=DIRECTION('',(0.0,1.0,0.0));
#4416=ORIENTED_EDGE('',*,*,#5696,.F.);
#4417=ORIENTED_EDGE('',*,*,#5675,.T.);
#4418=ORIENTED_EDGE('',*,*,#5697,.F.);
#4419=ORIENTED_EDGE('',*,*,#5687,.T.);
#4420=CARTESIAN_POINT('',(5.05000000000006,-5.94999999950724,-10.4));
#4421=DIRECTION('',(0.0,0.0,1.0));
#4422=DIRECTION('',(-1.0,0.0,0.0));
#4423=ORIENTED_EDGE('',*,*,#5694,.T.);
#4424=ORIENTED_EDGE('',*,*,#5695,.T.);
#4425=ORIENTED_EDGE('',*,*,#5673,.F.);
#4426=ORIENTED_EDGE('',*,*,#5676,.T.);
#4427=ORIENTED_EDGE('',*,*,#5696,.T.);
#4428=ORIENTED_EDGE('',*,*,#5686,.T.);
#4429=CARTESIAN_POINT('',(6.24494104100006,-6.49999999950724,-10.4));
#4430=DIRECTION('',(0.0,1.0,0.0));
#4431=DIRECTION('',(-1.0,0.0,0.0));
#4432=ORIENTED_EDGE('',*,*,#5698,.T.);
#4433=ORIENTED_EDGE('',*,*,#5679,.T.);
#4434=ORIENTED_EDGE('',*,*,#5699,.T.);
#4435=ORIENTED_EDGE('',*,*,#5700,.T.);
#4436=CARTESIAN_POINT('',(4.90000000000006,-5.75384776350724,-10.27));
#4437=DIRECTION('',(1.0,0.0,-0.0));
#4438=DIRECTION('',(0.0,0.0,1.0));
#4439=ORIENTED_EDGE('',*,*,#5701,.T.);
#4440=ORIENTED_EDGE('',*,*,#5702,.T.);
#4441=ORIENTED_EDGE('',*,*,#5703,.T.);
#4442=ORIENTED_EDGE('',*,*,#5704,.T.);
#4443=ORIENTED_EDGE('',*,*,#5705,.T.);
#4444=ORIENTED_EDGE('',*,*,#5692,.T.);
#4445=ORIENTED_EDGE('',*,*,#5706,.T.);
#4446=ORIENTED_EDGE('',*,*,#5707,.T.);
#4447=ORIENTED_EDGE('',*,*,#5708,.T.);
#4448=ORIENTED_EDGE('',*,*,#5709,.T.);
#4449=ORIENTED_EDGE('',*,*,#5710,.T.);
#4450=CARTESIAN_POINT('',(4.49000000000006,-2.50514747350724,-9.2));
#4451=DIRECTION('',(0.0,1.0,0.0));
#4452=DIRECTION('',(-1.0,0.0,0.0));
#4453=ORIENTED_EDGE('',*,*,#5711,.T.);
#4454=ORIENTED_EDGE('',*,*,#5699,.F.);
#4455=ORIENTED_EDGE('',*,*,#5678,.T.);
#4456=ORIENTED_EDGE('',*,*,#5681,.T.);
#4457=ORIENTED_EDGE('',*,*,#5684,.T.);
#4458=ORIENTED_EDGE('',*,*,#5712,.T.);
#4459=ORIENTED_EDGE('',*,*,#5713,.T.);
#4460=ORIENTED_EDGE('',*,*,#5714,.T.);
#4461=CARTESIAN_POINT('',(4.90000000000006,-5.94999999950724,-9.9));
#4462=DIRECTION('',(1.0,0.0,0.0));
#4463=DIRECTION('',(0.0,0.0,-1.0));
#4464=ORIENTED_EDGE('',*,*,#5697,.T.);
#4465=ORIENTED_EDGE('',*,*,#5680,.F.);
#4466=ORIENTED_EDGE('',*,*,#5698,.F.);
#4467=ORIENTED_EDGE('',*,*,#5715,.F.);
#4468=ORIENTED_EDGE('',*,*,#5716,.F.);
#4469=ORIENTED_EDGE('',*,*,#5717,.F.);
#4470=ORIENTED_EDGE('',*,*,#5718,.F.);
#4471=ORIENTED_EDGE('',*,*,#5688,.T.);
#4472=CARTESIAN_POINT('',(4.50000000000006,-5.94999999950724,-9.9));
#4473=DIRECTION('',(1.0,0.0,0.0));
#4474=DIRECTION('',(0.0,0.0,-1.0));
#4475=ORIENTED_EDGE('',*,*,#5719,.F.);
#4476=ORIENTED_EDGE('',*,*,#5720,.F.);
#4477=ORIENTED_EDGE('',*,*,#5721,.F.);
#4478=ORIENTED_EDGE('',*,*,#5722,.F.);
#4479=ORIENTED_EDGE('',*,*,#5723,.F.);
#4480=ORIENTED_EDGE('',*,*,#5724,.F.);
#4481=ORIENTED_EDGE('',*,*,#5725,.F.);
#4482=ORIENTED_EDGE('',*,*,#5690,.T.);
#4483=ORIENTED_EDGE('',*,*,#5726,.F.);
#4484=ORIENTED_EDGE('',*,*,#5727,.F.);
#4485=ORIENTED_EDGE('',*,*,#5728,.F.);
#4486=CARTESIAN_POINT('',(4.49000000000006,-2.90514747350724,-9.2));
#4487=DIRECTION('',(0.0,1.0,0.0));
#4488=DIRECTION('',(-1.0,0.0,0.0));
#4489=ORIENTED_EDGE('',*,*,#5706,.F.);
#4490=ORIENTED_EDGE('',*,*,#5691,.T.);
#4491=ORIENTED_EDGE('',*,*,#5725,.T.);
#4492=ORIENTED_EDGE('',*,*,#5729,.F.);
#4493=CARTESIAN_POINT('',(-3.41999999999994,-2.50514747250724,-11.77));
#4494=DIRECTION('',(0.0,1.0,0.0));
#4495=DIRECTION('',(0.0,0.0,1.0));
#4496=ORIENTED_EDGE('',*,*,#5711,.F.);
#4497=ORIENTED_EDGE('',*,*,#5730,.F.);
#4498=ORIENTED_EDGE('',*,*,#5715,.T.);
#4499=ORIENTED_EDGE('',*,*,#5700,.F.);
#4500=CARTESIAN_POINT('',(4.50000000000006,-5.66192388150724,-10.361923882));
#4501=DIRECTION('',(0.0,0.707106782020699,-0.707106780352396));
#4502=DIRECTION('',(-1.0,0.0,0.0));
#4503=ORIENTED_EDGE('',*,*,#5710,.F.);
#4504=ORIENTED_EDGE('',*,*,#5731,.T.);
#4505=ORIENTED_EDGE('',*,*,#5732,.T.);
#4506=ORIENTED_EDGE('',*,*,#5733,.T.);
#4507=ORIENTED_EDGE('',*,*,#5731,.F.);
#4508=ORIENTED_EDGE('',*,*,#5709,.F.);
#4509=ORIENTED_EDGE('',*,*,#5733,.F.);
#4510=ORIENTED_EDGE('',*,*,#5734,.T.);
#4511=ORIENTED_EDGE('',*,*,#5702,.F.);
#4512=ORIENTED_EDGE('',*,*,#5735,.F.);
#4513=ORIENTED_EDGE('',*,*,#5721,.T.);
#4514=ORIENTED_EDGE('',*,*,#5736,.F.);
#4515=CARTESIAN_POINT('',(2.65000000000006,-2.90514747350724,-9.77));
#4516=DIRECTION('',(-1.0,0.0,0.0));
#4517=DIRECTION('',(0.0,1.0,0.0));
#4518=ORIENTED_EDGE('',*,*,#5701,.F.);
#4519=ORIENTED_EDGE('',*,*,#5737,.F.);
#4520=ORIENTED_EDGE('',*,*,#5722,.T.);
#4521=ORIENTED_EDGE('',*,*,#5735,.T.);
#4522=CARTESIAN_POINT('',(2.65000000000006,-2.90514747350724,-9.2));
#4523=DIRECTION('',(0.0,0.0,-1.0));
#4524=DIRECTION('',(-1.0,0.0,0.0));
#4525=ORIENTED_EDGE('',*,*,#5708,.F.);
#4526=ORIENTED_EDGE('',*,*,#5738,.F.);
#4527=ORIENTED_EDGE('',*,*,#5723,.T.);
#4528=ORIENTED_EDGE('',*,*,#5737,.T.);
#4529=CARTESIAN_POINT('',(-3.41999999999994,-2.50514747350724,-9.33));
#4530=DIRECTION('',(0.0,1.0,0.0));
#4531=DIRECTION('',(0.0,0.0,1.0));
#4532=ORIENTED_EDGE('',*,*,#5707,.F.);
#4533=ORIENTED_EDGE('',*,*,#5729,.T.);
#4534=ORIENTED_EDGE('',*,*,#5724,.T.);
#4535=ORIENTED_EDGE('',*,*,#5738,.T.);
#4536=CARTESIAN_POINT('',(-3.54999999999994,-2.90514747350724,-9.33));
#4537=DIRECTION('',(1.0,0.0,0.0));
#4538=DIRECTION('',(0.0,0.0,-1.0));
#4539=ORIENTED_EDGE('',*,*,#5712,.F.);
#4540=ORIENTED_EDGE('',*,*,#5683,.F.);
#4541=ORIENTED_EDGE('',*,*,#5705,.F.);
#4542=ORIENTED_EDGE('',*,*,#5739,.F.);
#4543=CARTESIAN_POINT('',(4.49000000000006,-2.91514747350724,-9.9));
#4544=DIRECTION('',(0.0,0.0,1.0));
#4545=DIRECTION('',(-1.0,0.0,0.0));
#4546=ORIENTED_EDGE('',*,*,#5720,.T.);
#4547=ORIENTED_EDGE('',*,*,#5740,.T.);
#4548=ORIENTED_EDGE('',*,*,#5703,.F.);
#4549=ORIENTED_EDGE('',*,*,#5736,.T.);
#4550=CARTESIAN_POINT('',(2.78000000000006,-2.50514747250724,-9.77));
#4551=DIRECTION('',(0.0,1.0,0.0));
#4552=DIRECTION('',(0.0,0.0,1.0));
#4553=ORIENTED_EDGE('',*,*,#5714,.F.);
#4554=ORIENTED_EDGE('',*,*,#5741,.F.);
#4555=ORIENTED_EDGE('',*,*,#5716,.T.);
#4556=ORIENTED_EDGE('',*,*,#5730,.T.);
#4557=CARTESIAN_POINT('',(4.90000000000006,-5.14615223650724,-10.03));
#4558=DIRECTION('',(1.0,0.0,-0.0));
#4559=DIRECTION('',(0.0,0.0,1.0));
#4560=ORIENTED_EDGE('',*,*,#5742,.F.);
#4561=ORIENTED_EDGE('',*,*,#5717,.T.);
#4562=ORIENTED_EDGE('',*,*,#5741,.T.);
#4563=ORIENTED_EDGE('',*,*,#5713,.F.);
#4564=ORIENTED_EDGE('',*,*,#5739,.T.);
#4565=ORIENTED_EDGE('',*,*,#5704,.F.);
#4566=ORIENTED_EDGE('',*,*,#5740,.F.);
#4567=ORIENTED_EDGE('',*,*,#5719,.T.);
#4568=CARTESIAN_POINT('',(4.90000000100006,-5.14615223650724,-9.9));
#4569=DIRECTION('',(0.0,0.0,-1.0));
#4570=DIRECTION('',(-1.0,0.0,0.0));
#4571=ORIENTED_EDGE('',*,*,#5726,.T.);
#4572=ORIENTED_EDGE('',*,*,#5689,.T.);
#4573=ORIENTED_EDGE('',*,*,#5718,.T.);
#4574=ORIENTED_EDGE('',*,*,#5742,.T.);
#4575=CARTESIAN_POINT('',(4.49000000000006,-2.91514747350724,-9.9));
#4576=DIRECTION('',(0.0,0.0,1.0));
#4577=DIRECTION('',(-1.0,0.0,0.0));
#4578=ORIENTED_EDGE('',*,*,#5743,.F.);
#4579=ORIENTED_EDGE('',*,*,#5744,.F.);
#4580=ORIENTED_EDGE('',*,*,#5745,.F.);
#4581=ORIENTED_EDGE('',*,*,#5728,.T.);
#4582=ORIENTED_EDGE('',*,*,#5746,.F.);
#4583=ORIENTED_EDGE('',*,*,#5743,.T.);
#4584=ORIENTED_EDGE('',*,*,#5727,.T.);
#4585=ORIENTED_EDGE('',*,*,#5745,.T.);
#4586=ORIENTED_EDGE('',*,*,#5747,.F.);
#4587=ORIENTED_EDGE('',*,*,#5748,.F.);
#4588=ORIENTED_EDGE('',*,*,#5749,.F.);
#4589=ORIENTED_EDGE('',*,*,#5732,.F.);
#4590=ORIENTED_EDGE('',*,*,#5750,.F.);
#4591=ORIENTED_EDGE('',*,*,#5747,.T.);
#4592=ORIENTED_EDGE('',*,*,#5734,.F.);
#4593=ORIENTED_EDGE('',*,*,#5749,.T.);
#4594=ORIENTED_EDGE('',*,*,#5744,.T.);
#4595=ORIENTED_EDGE('',*,*,#5751,.T.);
#4596=ORIENTED_EDGE('',*,*,#5752,.T.);
#4597=ORIENTED_EDGE('',*,*,#5753,.T.);
#4598=ORIENTED_EDGE('',*,*,#5751,.F.);
#4599=ORIENTED_EDGE('',*,*,#5746,.T.);
#4600=ORIENTED_EDGE('',*,*,#5753,.F.);
#4601=ORIENTED_EDGE('',*,*,#5754,.T.);
#4602=ORIENTED_EDGE('',*,*,#5748,.T.);
#4603=ORIENTED_EDGE('',*,*,#5750,.T.);
#4604=CARTESIAN_POINT('',(-0.0506689109999403,-2.70514747350724,-9.8494));
#4605=DIRECTION('',(0.0,-1.0,0.0));
#4606=DIRECTION('',(-0.0,0.0,1.0));
#4607=ORIENTED_EDGE('',*,*,#5752,.F.);
#4608=ORIENTED_EDGE('',*,*,#5754,.F.);
#4609=CARTESIAN_POINT('',(-0.0506689109999403,-3.10514747350724,-9.8494));
#4610=DIRECTION('',(0.0,-1.0,0.0));
#4611=DIRECTION('',(-0.0,0.0,1.0));
#4612=FILL_AREA_STYLE_COLOUR('',#5755);
#4613=ORIENTED_EDGE('',*,*,#5756,.F.);
#4614=ORIENTED_EDGE('',*,*,#5757,.T.);
#4615=ORIENTED_EDGE('',*,*,#5758,.F.);
#4616=ORIENTED_EDGE('',*,*,#5759,.F.);
#4617=CARTESIAN_POINT('',(0.0,0.0034993995195211,-13.85));
#4618=DIRECTION('',(0.0,0.0,-1.0));
#4619=DIRECTION('',(1.0,0.0,0.0));
#4620=ORIENTED_EDGE('',*,*,#5760,.F.);
#4621=ORIENTED_EDGE('',*,*,#5759,.T.);
#4622=ORIENTED_EDGE('',*,*,#5761,.F.);
#4623=ORIENTED_EDGE('',*,*,#5762,.T.);
#4624=CARTESIAN_POINT('',(0.0,0.0034993995195211,-13.85));
#4625=DIRECTION('',(0.0,0.0,-1.0));
#4626=DIRECTION('',(1.0,0.0,0.0));
#4627=ORIENTED_EDGE('',*,*,#5763,.F.);
#4628=ORIENTED_EDGE('',*,*,#5764,.T.);
#4629=ORIENTED_EDGE('',*,*,#5765,.T.);
#4630=ORIENTED_EDGE('',*,*,#5766,.F.);
#4631=CARTESIAN_POINT('',(0.0,0.0034993995195211,-13.85));
#4632=DIRECTION('',(0.0,0.0,-1.0));
#4633=DIRECTION('',(1.0,0.0,0.0));
#4634=ORIENTED_EDGE('',*,*,#5767,.F.);
#4635=ORIENTED_EDGE('',*,*,#5768,.T.);
#4636=ORIENTED_EDGE('',*,*,#5769,.T.);
#4637=ORIENTED_EDGE('',*,*,#5770,.F.);
#4638=CARTESIAN_POINT('',(0.0,-4.40000000048048,-13.85));
#4639=DIRECTION('',(0.0,0.0,-1.0));
#4640=DIRECTION('',(1.0,0.0,0.0));
#4641=ORIENTED_EDGE('',*,*,#5757,.F.);
#4642=ORIENTED_EDGE('',*,*,#5771,.F.);
#4643=ORIENTED_EDGE('',*,*,#5772,.F.);
#4644=ORIENTED_EDGE('',*,*,#5773,.F.);
#4645=CARTESIAN_POINT('',(0.0,0.0034993995195211,-13.85));
#4646=DIRECTION('',(0.0,0.0,-1.0));
#4647=DIRECTION('',(1.0,0.0,0.0));
#4648=ORIENTED_EDGE('',*,*,#5771,.T.);
#4649=ORIENTED_EDGE('',*,*,#5756,.T.);
#4650=ORIENTED_EDGE('',*,*,#5760,.T.);
#4651=ORIENTED_EDGE('',*,*,#5774,.T.);
#4652=ORIENTED_EDGE('',*,*,#5775,.T.);
#4653=ORIENTED_EDGE('',*,*,#5776,.T.);
#4654=ORIENTED_EDGE('',*,*,#5777,.T.);
#4655=ORIENTED_EDGE('',*,*,#5778,.T.);
#4656=ORIENTED_EDGE('',*,*,#5779,.T.);
#4657=ORIENTED_EDGE('',*,*,#5780,.T.);
#4658=ORIENTED_EDGE('',*,*,#5763,.T.);
#4659=ORIENTED_EDGE('',*,*,#5781,.T.);
#4660=ORIENTED_EDGE('',*,*,#5767,.T.);
#4661=CARTESIAN_POINT('',(2.441126283,-5.90000000048048,-13.85));
#4662=DIRECTION('',(0.0,0.0,-1.0));
#4663=DIRECTION('',(-1.0,0.0,0.0));
#4664=ORIENTED_EDGE('',*,*,#5782,.F.);
#4665=ORIENTED_EDGE('',*,*,#5783,.F.);
#4666=ORIENTED_EDGE('',*,*,#5784,.F.);
#4667=ORIENTED_EDGE('',*,*,#5761,.T.);
#4668=ORIENTED_EDGE('',*,*,#5758,.T.);
#4669=ORIENTED_EDGE('',*,*,#5773,.T.);
#4670=ORIENTED_EDGE('',*,*,#5785,.F.);
#4671=ORIENTED_EDGE('',*,*,#5786,.F.);
#4672=ORIENTED_EDGE('',*,*,#5787,.F.);
#4673=ORIENTED_EDGE('',*,*,#5788,.F.);
#4674=ORIENTED_EDGE('',*,*,#5769,.F.);
#4675=ORIENTED_EDGE('',*,*,#5789,.F.);
#4676=ORIENTED_EDGE('',*,*,#5765,.F.);
#4677=CARTESIAN_POINT('',(2.441126283,-5.90000000048048,-13.45));
#4678=DIRECTION('',(0.0,0.0,-1.0));
#4679=DIRECTION('',(-1.0,0.0,0.0));
#4680=ORIENTED_EDGE('',*,*,#5764,.F.);
#4681=ORIENTED_EDGE('',*,*,#5780,.F.);
#4682=ORIENTED_EDGE('',*,*,#5766,.T.);
#4683=ORIENTED_EDGE('',*,*,#5789,.T.);
#4684=CARTESIAN_POINT('',(0.0,0.0034993995195211,-13.85));
#4685=DIRECTION('',(0.0,0.0,-1.0));
#4686=DIRECTION('',(1.0,0.0,0.0));
#4687=ORIENTED_EDGE('',*,*,#5768,.F.);
#4688=ORIENTED_EDGE('',*,*,#5781,.F.);
#4689=ORIENTED_EDGE('',*,*,#5770,.T.);
#4690=ORIENTED_EDGE('',*,*,#5788,.T.);
#4691=CARTESIAN_POINT('',(0.0,-4.40000000048048,-13.85));
#4692=DIRECTION('',(0.0,0.0,-1.0));
#4693=DIRECTION('',(1.0,0.0,0.0));
#4694=ORIENTED_EDGE('',*,*,#5774,.F.);
#4695=ORIENTED_EDGE('',*,*,#5762,.F.);
#4696=ORIENTED_EDGE('',*,*,#5784,.T.);
#4697=ORIENTED_EDGE('',*,*,#5790,.F.);
#4698=CARTESIAN_POINT('',(1.5,-5.40000000048048,-13.45));
#4699=DIRECTION('',(-1.0,0.0,0.0));
#4700=DIRECTION('',(0.0,1.0,0.0));
#4701=ORIENTED_EDGE('',*,*,#5779,.F.);
#4702=ORIENTED_EDGE('',*,*,#5791,.F.);
#4703=ORIENTED_EDGE('',*,*,#5785,.T.);
#4704=ORIENTED_EDGE('',*,*,#5772,.T.);
#4705=CARTESIAN_POINT('',(-1.5,-1.86999999948048,-13.45));
#4706=DIRECTION('',(1.0,0.0,0.0));
#4707=DIRECTION('',(0.0,0.0,-1.0));
#4708=ORIENTED_EDGE('',*,*,#5792,.F.);
#4709=ORIENTED_EDGE('',*,*,#5793,.F.);
#4710=ORIENTED_EDGE('',*,*,#5794,.F.);
#4711=ORIENTED_EDGE('',*,*,#5795,.F.);
#4712=ORIENTED_EDGE('',*,*,#5796,.F.);
#4713=ORIENTED_EDGE('',*,*,#5786,.T.);
#4714=ORIENTED_EDGE('',*,*,#5791,.T.);
#4715=ORIENTED_EDGE('',*,*,#5778,.F.);
#4716=CARTESIAN_POINT('',(-1.5,-2.90000000048048,-4.55));
#4717=DIRECTION('',(0.0,-1.0,0.0));
#4718=DIRECTION('',(-0.0,0.0,1.0));
#4719=ORIENTED_EDGE('',*,*,#5797,.F.);
#4720=ORIENTED_EDGE('',*,*,#5792,.T.);
#4721=ORIENTED_EDGE('',*,*,#5777,.F.);
#4722=ORIENTED_EDGE('',*,*,#5798,.F.);
#4723=CARTESIAN_POINT('',(-4.454380551,-5.89999999948048,-13.35));
#4724=DIRECTION('',(0.0,-1.0,0.0));
#4725=DIRECTION('',(0.0,0.0,-1.0));
#4726=ORIENTED_EDGE('',*,*,#5799,.F.);
#4727=ORIENTED_EDGE('',*,*,#5800,.F.);
#4728=ORIENTED_EDGE('',*,*,#5801,.F.);
#4729=ORIENTED_EDGE('',*,*,#5802,.F.);
#4730=ORIENTED_EDGE('',*,*,#5798,.T.);
#4731=ORIENTED_EDGE('',*,*,#5776,.F.);
#4732=ORIENTED_EDGE('',*,*,#5803,.F.);
#4733=ORIENTED_EDGE('',*,*,#5782,.T.);
#4734=CARTESIAN_POINT('',(-4.954380551,-5.90000000048048,-11.9));
#4735=DIRECTION('',(0.0,1.0,0.0));
#4736=DIRECTION('',(-1.0,0.0,0.0));
#4737=ORIENTED_EDGE('',*,*,#5775,.F.);
#4738=ORIENTED_EDGE('',*,*,#5790,.T.);
#4739=ORIENTED_EDGE('',*,*,#5783,.T.);
#4740=ORIENTED_EDGE('',*,*,#5803,.T.);
#4741=CARTESIAN_POINT('',(1.0,-5.40000000048048,-13.85));
#4742=DIRECTION('',(0.0,0.0,-1.0));
#4743=DIRECTION('',(1.0,0.0,0.0));
#4744=ORIENTED_EDGE('',*,*,#5787,.T.);
#4745=ORIENTED_EDGE('',*,*,#5796,.T.);
#4746=ORIENTED_EDGE('',*,*,#5804,.T.);
#4747=ORIENTED_EDGE('',*,*,#5799,.T.);
#4748=CARTESIAN_POINT('',(-4.454380551,-5.89999999948048,-13.35));
#4749=DIRECTION('',(0.0,-1.0,0.0));
#4750=DIRECTION('',(0.0,0.0,-1.0));
#4751=ORIENTED_EDGE('',*,*,#5802,.T.);
#4752=ORIENTED_EDGE('',*,*,#5805,.T.);
#4753=ORIENTED_EDGE('',*,*,#5806,.T.);
#4754=ORIENTED_EDGE('',*,*,#5807,.T.);
#4755=ORIENTED_EDGE('',*,*,#5808,.T.);
#4756=ORIENTED_EDGE('',*,*,#5809,.T.);
#4757=ORIENTED_EDGE('',*,*,#5810,.T.);
#4758=ORIENTED_EDGE('',*,*,#5811,.T.);
#4759=ORIENTED_EDGE('',*,*,#5812,.T.);
#4760=ORIENTED_EDGE('',*,*,#5813,.T.);
#4761=ORIENTED_EDGE('',*,*,#5814,.T.);
#4762=ORIENTED_EDGE('',*,*,#5815,.T.);
#4763=ORIENTED_EDGE('',*,*,#5816,.T.);
#4764=ORIENTED_EDGE('',*,*,#5817,.T.);
#4765=ORIENTED_EDGE('',*,*,#5818,.T.);
#4766=ORIENTED_EDGE('',*,*,#5793,.T.);
#4767=ORIENTED_EDGE('',*,*,#5797,.T.);
#4768=CARTESIAN_POINT('',(-4.954380551,-5.95000000048048,-13.35));
#4769=DIRECTION('',(-1.0,0.0,0.0));
#4770=DIRECTION('',(0.0,1.0,0.0));
#4771=ORIENTED_EDGE('',*,*,#5818,.F.);
#4772=ORIENTED_EDGE('',*,*,#5819,.F.);
#4773=ORIENTED_EDGE('',*,*,#5820,.F.);
#4774=ORIENTED_EDGE('',*,*,#5794,.T.);
#4775=CARTESIAN_POINT('',(-4.954380551,-3.20000000048048,-4.55));
#4776=DIRECTION('',(-1.0,0.0,0.0));
#4777=DIRECTION('',(0.0,0.0,-1.0));
#4778=ORIENTED_EDGE('',*,*,#5821,.F.);
#4779=ORIENTED_EDGE('',*,*,#5822,.F.);
#4780=ORIENTED_EDGE('',*,*,#5823,.F.);
#4781=ORIENTED_EDGE('',*,*,#5800,.T.);
#4782=ORIENTED_EDGE('',*,*,#5804,.F.);
#4783=ORIENTED_EDGE('',*,*,#5795,.T.);
#4784=ORIENTED_EDGE('',*,*,#5820,.T.);
#4785=ORIENTED_EDGE('',*,*,#5824,.F.);
#4786=ORIENTED_EDGE('',*,*,#5825,.F.);
#4787=ORIENTED_EDGE('',*,*,#5826,.F.);
#4788=ORIENTED_EDGE('',*,*,#5827,.F.);
#4789=ORIENTED_EDGE('',*,*,#5828,.F.);
#4790=ORIENTED_EDGE('',*,*,#5829,.F.);
#4791=ORIENTED_EDGE('',*,*,#5830,.F.);
#4792=ORIENTED_EDGE('',*,*,#5831,.F.);
#4793=ORIENTED_EDGE('',*,*,#5832,.F.);
#4794=ORIENTED_EDGE('',*,*,#5833,.F.);
#4795=CARTESIAN_POINT('',(-4.554380551,-5.95000000048048,-13.35));
#4796=DIRECTION('',(-1.0,0.0,0.0));
#4797=DIRECTION('',(0.0,1.0,0.0));
#4798=ORIENTED_EDGE('',*,*,#5834,.F.);
#4799=ORIENTED_EDGE('',*,*,#5835,.F.);
#4800=ORIENTED_EDGE('',*,*,#5836,.F.);
#4801=ORIENTED_EDGE('',*,*,#5837,.F.);
#4802=ORIENTED_EDGE('',*,*,#5838,.F.);
#4803=ORIENTED_EDGE('',*,*,#5805,.F.);
#4804=ORIENTED_EDGE('',*,*,#5801,.T.);
#4805=ORIENTED_EDGE('',*,*,#5823,.T.);
#4806=CARTESIAN_POINT('',(-4.554380551,-6.50000000048048,-11.9));
#4807=DIRECTION('',(0.0,0.0,1.0));
#4808=DIRECTION('',(-0.0,-1.0,0.0));
#4809=ORIENTED_EDGE('',*,*,#5824,.T.);
#4810=ORIENTED_EDGE('',*,*,#5819,.T.);
#4811=ORIENTED_EDGE('',*,*,#5817,.F.);
#4812=ORIENTED_EDGE('',*,*,#5839,.T.);
#4813=CARTESIAN_POINT('',(-4.554380551,-3.60000000048048,-4.25));
#4814=DIRECTION('',(0.0,0.0,1.0));
#4815=DIRECTION('',(-0.0,-1.0,0.0));
#4816=ORIENTED_EDGE('',*,*,#5816,.F.);
#4817=ORIENTED_EDGE('',*,*,#5840,.F.);
#4818=ORIENTED_EDGE('',*,*,#5825,.T.);
#4819=ORIENTED_EDGE('',*,*,#5839,.F.);
#4820=CARTESIAN_POINT('',(-4.954380551,-3.60000000048048,-4.55));
#4821=DIRECTION('',(-1.0,0.0,0.0));
#4822=DIRECTION('',(0.0,0.0,-1.0));
#4823=ORIENTED_EDGE('',*,*,#5815,.F.);
#4824=ORIENTED_EDGE('',*,*,#5841,.F.);
#4825=ORIENTED_EDGE('',*,*,#5826,.T.);
#4826=ORIENTED_EDGE('',*,*,#5840,.T.);
#4827=CARTESIAN_POINT('',(-4.554380551,-3.90000000048048,-4.55));
#4828=DIRECTION('',(0.0,1.0,0.0));
#4829=DIRECTION('',(-1.0,0.0,0.0));
#4830=ORIENTED_EDGE('',*,*,#5814,.F.);
#4831=ORIENTED_EDGE('',*,*,#5842,.F.);
#4832=ORIENTED_EDGE('',*,*,#5827,.T.);
#4833=ORIENTED_EDGE('',*,*,#5841,.T.);
#4834=CARTESIAN_POINT('',(-4.554380551,-4.50000000148048,-5.325619449));
#4835=DIRECTION('',(0.0,0.0,-1.0));
#4836=DIRECTION('',(-1.0,0.0,0.0));
#4837=ORIENTED_EDGE('',*,*,#5828,.T.);
#4838=ORIENTED_EDGE('',*,*,#5842,.T.);
#4839=ORIENTED_EDGE('',*,*,#5813,.F.);
#4840=ORIENTED_EDGE('',*,*,#5843,.F.);
#4841=CARTESIAN_POINT('',(-4.554380551,-4.50000000148048,-5.325619447));
#4842=DIRECTION('',(0.0,-0.944515996143259,-0.328465421360465));
#4843=DIRECTION('',(1.0,0.0,0.0));
#4844=ORIENTED_EDGE('',*,*,#5829,.T.);
#4845=ORIENTED_EDGE('',*,*,#5843,.T.);
#4846=ORIENTED_EDGE('',*,*,#5812,.F.);
#4847=ORIENTED_EDGE('',*,*,#5844,.F.);
#4848=CARTESIAN_POINT('',(-4.554380551,-5.08735285848048,-4.55));
#4849=DIRECTION('',(1.0,0.0,-0.0));
#4850=DIRECTION('',(0.0,0.0,1.0));
#4851=ORIENTED_EDGE('',*,*,#5830,.T.);
#4852=ORIENTED_EDGE('',*,*,#5844,.T.);
#4853=ORIENTED_EDGE('',*,*,#5811,.F.);
#4854=ORIENTED_EDGE('',*,*,#5845,.T.);
#4855=ORIENTED_EDGE('',*,*,#5846,.T.);
#4856=ORIENTED_EDGE('',*,*,#5847,.T.);
#4857=ORIENTED_EDGE('',*,*,#5848,.T.);
#4858=ORIENTED_EDGE('',*,*,#5849,.T.);
#4859=CARTESIAN_POINT('',(-4.554380551,-6.50000000048048,-4.25));
#4860=DIRECTION('',(0.0,0.0,1.0));
#4861=DIRECTION('',(-0.0,-1.0,0.0));
#4862=ORIENTED_EDGE('',*,*,#5810,.F.);
#4863=ORIENTED_EDGE('',*,*,#5850,.T.);
#4864=ORIENTED_EDGE('',*,*,#5851,.T.);
#4865=ORIENTED_EDGE('',*,*,#5845,.F.);
#4866=CARTESIAN_POINT('',(-5.104380551,-5.95000000048048,-5.750000001));
#4867=DIRECTION('',(0.0,0.0,-1.0));
#4868=DIRECTION('',(1.0,0.0,0.0));
#4869=ORIENTED_EDGE('',*,*,#5852,.F.);
#4870=ORIENTED_EDGE('',*,*,#5853,.F.);
#4871=ORIENTED_EDGE('',*,*,#5854,.F.);
#4872=ORIENTED_EDGE('',*,*,#5855,.F.);
#4873=ORIENTED_EDGE('',*,*,#5850,.F.);
#4874=ORIENTED_EDGE('',*,*,#5809,.F.);
#4875=ORIENTED_EDGE('',*,*,#5856,.F.);
#4876=ORIENTED_EDGE('',*,*,#5832,.T.);
#4877=CARTESIAN_POINT('',(-4.554380551,-6.50000000048048,-5.75));
#4878=DIRECTION('',(0.0,0.0,1.0));
#4879=DIRECTION('',(-0.0,-1.0,0.0));
#4880=ORIENTED_EDGE('',*,*,#5808,.F.);
#4881=ORIENTED_EDGE('',*,*,#5857,.F.);
#4882=ORIENTED_EDGE('',*,*,#5833,.T.);
#4883=ORIENTED_EDGE('',*,*,#5856,.T.);
#4884=CARTESIAN_POINT('',(-4.554380551,-5.90000000048048,-10.4));
#4885=DIRECTION('',(0.0,1.0,0.0));
#4886=DIRECTION('',(-1.0,0.0,0.0));
#4887=ORIENTED_EDGE('',*,*,#5857,.T.);
#4888=ORIENTED_EDGE('',*,*,#5807,.F.);
#4889=ORIENTED_EDGE('',*,*,#5858,.F.);
#4890=ORIENTED_EDGE('',*,*,#5859,.F.);
#4891=ORIENTED_EDGE('',*,*,#5860,.F.);
#4892=ORIENTED_EDGE('',*,*,#5861,.F.);
#4893=ORIENTED_EDGE('',*,*,#5862,.F.);
#4894=ORIENTED_EDGE('',*,*,#5821,.T.);
#4895=CARTESIAN_POINT('',(-4.554380551,-5.89999999948048,-10.4));
#4896=DIRECTION('',(0.0,0.0,-1.0));
#4897=DIRECTION('',(-1.0,0.0,0.0));
#4898=ORIENTED_EDGE('',*,*,#5806,.F.);
#4899=ORIENTED_EDGE('',*,*,#5838,.T.);
#4900=ORIENTED_EDGE('',*,*,#5863,.T.);
#4901=ORIENTED_EDGE('',*,*,#5858,.T.);
#4902=CARTESIAN_POINT('',(-5.104380551,-5.95000000048048,-11.900000002));
#4903=DIRECTION('',(0.0,0.0,-1.0));
#4904=DIRECTION('',(1.0,0.0,0.0));
#4905=ORIENTED_EDGE('',*,*,#5862,.T.);
#4906=ORIENTED_EDGE('',*,*,#5864,.F.);
#4907=ORIENTED_EDGE('',*,*,#5834,.T.);
#4908=ORIENTED_EDGE('',*,*,#5822,.T.);
#4909=CARTESIAN_POINT('',(-5.104380551,-5.95000000048048,-11.900000002));
#4910=DIRECTION('',(0.0,0.0,-1.0));
#4911=DIRECTION('',(1.0,0.0,0.0));
#4912=ORIENTED_EDGE('',*,*,#5849,.F.);
#4913=ORIENTED_EDGE('',*,*,#5865,.F.);
#4914=ORIENTED_EDGE('',*,*,#5852,.T.);
#4915=ORIENTED_EDGE('',*,*,#5831,.T.);
#4916=CARTESIAN_POINT('',(-5.104380551,-5.95000000048048,-5.750000001));
#4917=DIRECTION('',(0.0,0.0,-1.0));
#4918=DIRECTION('',(1.0,0.0,0.0));
#4919=ORIENTED_EDGE('',*,*,#5835,.T.);
#4920=ORIENTED_EDGE('',*,*,#5864,.T.);
#4921=ORIENTED_EDGE('',*,*,#5861,.T.);
#4922=ORIENTED_EDGE('',*,*,#5866,.F.);
#4923=ORIENTED_EDGE('',*,*,#5867,.F.);
#4924=ORIENTED_EDGE('',*,*,#5868,.F.);
#4925=CARTESIAN_POINT('',(-6.254601837,-6.50000000048048,-11.9));
#4926=DIRECTION('',(0.0,1.0,0.0));
#4927=DIRECTION('',(-1.0,0.0,0.0));
#4928=ORIENTED_EDGE('',*,*,#5868,.T.);
#4929=ORIENTED_EDGE('',*,*,#5869,.F.);
#4930=ORIENTED_EDGE('',*,*,#5870,.F.);
#4931=ORIENTED_EDGE('',*,*,#5836,.T.);
#4932=CARTESIAN_POINT('',(-5.954601837,-6.10000000048048,-11.6));
#4933=DIRECTION('',(2.89120579329468E-15,1.0,0.0));
#4934=DIRECTION('',(-1.0,2.89120579329468E-15,0.0));
#4935=ORIENTED_EDGE('',*,*,#5871,.T.);
#4936=ORIENTED_EDGE('',*,*,#5872,.T.);
#4937=ORIENTED_EDGE('',*,*,#5859,.T.);
#4938=ORIENTED_EDGE('',*,*,#5863,.F.);
#4939=ORIENTED_EDGE('',*,*,#5837,.T.);
#4940=ORIENTED_EDGE('',*,*,#5870,.T.);
#4941=CARTESIAN_POINT('',(-6.254601837,-6.10000000048048,-11.9));
#4942=DIRECTION('',(0.0,1.0,0.0));
#4943=DIRECTION('',(-1.0,0.0,0.0));
#4944=ORIENTED_EDGE('',*,*,#5853,.T.);
#4945=ORIENTED_EDGE('',*,*,#5865,.T.);
#4946=ORIENTED_EDGE('',*,*,#5848,.F.);
#4947=ORIENTED_EDGE('',*,*,#5873,.F.);
#4948=ORIENTED_EDGE('',*,*,#5874,.F.);
#4949=ORIENTED_EDGE('',*,*,#5875,.F.);
#4950=CARTESIAN_POINT('',(-6.254601837,-6.50000000048048,-5.75));
#4951=DIRECTION('',(0.0,1.0,0.0));
#4952=DIRECTION('',(-1.0,0.0,0.0));
#4953=ORIENTED_EDGE('',*,*,#5876,.F.);
#4954=ORIENTED_EDGE('',*,*,#5877,.F.);
#4955=ORIENTED_EDGE('',*,*,#5873,.T.);
#4956=ORIENTED_EDGE('',*,*,#5847,.F.);
#4957=CARTESIAN_POINT('',(-5.954601837,-6.10000000048048,-4.55));
#4958=DIRECTION('',(2.89120579329468E-15,1.0,0.0));
#4959=DIRECTION('',(-1.0,2.89120579329468E-15,0.0));
#4960=ORIENTED_EDGE('',*,*,#5878,.T.);
#4961=ORIENTED_EDGE('',*,*,#5876,.T.);
#4962=ORIENTED_EDGE('',*,*,#5846,.F.);
#4963=ORIENTED_EDGE('',*,*,#5851,.F.);
#4964=ORIENTED_EDGE('',*,*,#5855,.T.);
#4965=ORIENTED_EDGE('',*,*,#5879,.T.);
#4966=CARTESIAN_POINT('',(-6.254601837,-6.10000000048048,-5.75));
#4967=DIRECTION('',(0.0,1.0,0.0));
#4968=DIRECTION('',(-1.0,0.0,0.0));
#4969=ORIENTED_EDGE('',*,*,#5875,.T.);
#4970=ORIENTED_EDGE('',*,*,#5880,.F.);
#4971=ORIENTED_EDGE('',*,*,#5879,.F.);
#4972=ORIENTED_EDGE('',*,*,#5854,.T.);
#4973=CARTESIAN_POINT('',(-5.954601837,-6.10000000048048,-5.45));
#4974=DIRECTION('',(2.89120579329468E-15,1.0,0.0));
#4975=DIRECTION('',(-1.0,2.89120579329468E-15,0.0));
#4976=ORIENTED_EDGE('',*,*,#5872,.F.);
#4977=ORIENTED_EDGE('',*,*,#5881,.F.);
#4978=ORIENTED_EDGE('',*,*,#5866,.T.);
#4979=ORIENTED_EDGE('',*,*,#5860,.T.);
#4980=CARTESIAN_POINT('',(-5.954601837,-6.10000000048048,-10.7));
#4981=DIRECTION('',(2.89120579329468E-15,1.0,0.0));
#4982=DIRECTION('',(-1.0,2.89120579329468E-15,0.0));
#4983=ORIENTED_EDGE('',*,*,#5867,.T.);
#4984=ORIENTED_EDGE('',*,*,#5881,.T.);
#4985=ORIENTED_EDGE('',*,*,#5871,.F.);
#4986=ORIENTED_EDGE('',*,*,#5869,.T.);
#4987=CARTESIAN_POINT('',(-6.254601837,-6.50000000048048,-11.6));
#4988=DIRECTION('',(1.0,0.0,0.0));
#4989=DIRECTION('',(0.0,0.0,-1.0));
#4990=ORIENTED_EDGE('',*,*,#5874,.T.);
#4991=ORIENTED_EDGE('',*,*,#5877,.T.);
#4992=ORIENTED_EDGE('',*,*,#5878,.F.);
#4993=ORIENTED_EDGE('',*,*,#5880,.T.);
#4994=CARTESIAN_POINT('',(-6.254601837,-6.50000000048048,-4.55));
#4995=DIRECTION('',(1.0,0.0,0.0));
#4996=DIRECTION('',(0.0,0.0,-1.0));
#4997=FILL_AREA_STYLE_COLOUR('',#5882);
#4998=ORIENTED_EDGE('',*,*,#5883,.F.);
#4999=ORIENTED_EDGE('',*,*,#5884,.T.);
#5000=ORIENTED_EDGE('',*,*,#5885,.F.);
#5001=ORIENTED_EDGE('',*,*,#5886,.F.);
#5002=ORIENTED_EDGE('',*,*,#5886,.T.);
#5003=ORIENTED_EDGE('',*,*,#5887,.T.);
#5004=ORIENTED_EDGE('',*,*,#5888,.T.);
#5005=ORIENTED_EDGE('',*,*,#5889,.F.);
#5006=ORIENTED_EDGE('',*,*,#5890,.F.);
#5007=CARTESIAN_POINT('',(0.0,0.0,-2.60000000000008));
#5008=DIRECTION('',(0.0,6.93889390390723E-16,1.0));
#5009=DIRECTION('',(0.0,1.0,-6.93889390390723E-16));
#5010=ORIENTED_EDGE('',*,*,#5891,.F.);
#5011=ORIENTED_EDGE('',*,*,#5892,.T.);
#5012=ORIENTED_EDGE('',*,*,#5893,.F.);
#5013=ORIENTED_EDGE('',*,*,#5894,.F.);
#5014=CARTESIAN_POINT('',(0.0,0.0,-10.0500000000001));
#5015=DIRECTION('',(0.0,0.0,-1.0));
#5016=DIRECTION('',(1.0,0.0,0.0));
#5017=ORIENTED_EDGE('',*,*,#5895,.F.);
#5018=ORIENTED_EDGE('',*,*,#5896,.T.);
#5019=ORIENTED_EDGE('',*,*,#5897,.T.);
#5020=ORIENTED_EDGE('',*,*,#5898,.F.);
#5021=CARTESIAN_POINT('',(0.0,0.0,-13.8500000000001));
#5022=DIRECTION('',(0.0,0.0,-1.0));
#5023=DIRECTION('',(1.0,0.0,0.0));
#5024=ORIENTED_EDGE('',*,*,#5899,.F.);
#5025=ORIENTED_EDGE('',*,*,#5900,.T.);
#5026=ORIENTED_EDGE('',*,*,#5901,.T.);
#5027=ORIENTED_EDGE('',*,*,#5902,.F.);
#5028=CARTESIAN_POINT('',(0.0,0.0,-13.9041960110001));
#5029=DIRECTION('',(0.0,0.0,-1.0));
#5030=DIRECTION('',(1.0,0.0,0.0));
#5031=ORIENTED_EDGE('',*,*,#5903,.F.);
#5032=ORIENTED_EDGE('',*,*,#5904,.T.);
#5033=ORIENTED_EDGE('',*,*,#5905,.T.);
#5034=ORIENTED_EDGE('',*,*,#5906,.F.);
#5035=CARTESIAN_POINT('',(0.0,0.0,-13.9000000000001));
#5036=DIRECTION('',(0.0,0.0,-1.0));
#5037=DIRECTION('',(1.0,0.0,0.0));
#5038=ORIENTED_EDGE('',*,*,#5907,.F.);
#5039=ORIENTED_EDGE('',*,*,#5908,.T.);
#5040=ORIENTED_EDGE('',*,*,#5905,.F.);
#5041=CARTESIAN_POINT('',(2.89120579329468E-13,0.0,-1012.716987298));
#5042=DIRECTION('',(3.84592537372441E-16,-0.0,-1.0));
#5043=DIRECTION('',(-1.0,0.0,-3.84592537372441E-16));
#5044=ORIENTED_EDGE('',*,*,#5884,.F.);
#5045=ORIENTED_EDGE('',*,*,#5909,.F.);
#5046=ORIENTED_EDGE('',*,*,#5887,.F.);
#5047=ORIENTED_EDGE('',*,*,#5885,.T.);
#5048=ORIENTED_EDGE('',*,*,#5888,.F.);
#5049=ORIENTED_EDGE('',*,*,#5909,.T.);
#5050=ORIENTED_EDGE('',*,*,#5883,.T.);
#5051=ORIENTED_EDGE('',*,*,#5890,.T.);
#5052=ORIENTED_EDGE('',*,*,#5910,.F.);
#5053=CARTESIAN_POINT('',(0.0,0.0,-2.60000000000008));
#5054=DIRECTION('',(0.0,6.93889390390723E-16,1.0));
#5055=DIRECTION('',(0.0,1.0,-6.93889390390723E-16));
#5056=ORIENTED_EDGE('',*,*,#5911,.F.);
#5057=ORIENTED_EDGE('',*,*,#5912,.F.);
#5058=ORIENTED_EDGE('',*,*,#5889,.T.);
#5059=ORIENTED_EDGE('',*,*,#5910,.T.);
#5060=CARTESIAN_POINT('',(1.518,-1.518034686,-9.35000000000008));
#5061=DIRECTION('',(0.0,0.0,-1.0));
#5062=DIRECTION('',(0.0,-1.0,0.0));
#5063=ORIENTED_EDGE('',*,*,#5913,.T.);
#5064=ORIENTED_EDGE('',*,*,#5914,.T.);
#5065=ORIENTED_EDGE('',*,*,#5915,.T.);
#5066=ORIENTED_EDGE('',*,*,#5912,.T.);
#5067=ORIENTED_EDGE('',*,*,#5893,.T.);
#5068=ORIENTED_EDGE('',*,*,#5913,.F.);
#5069=ORIENTED_EDGE('',*,*,#5911,.T.);
#5070=ORIENTED_EDGE('',*,*,#5915,.F.);
#5071=ORIENTED_EDGE('',*,*,#5892,.F.);
#5072=ORIENTED_EDGE('',*,*,#5916,.F.);
#5073=ORIENTED_EDGE('',*,*,#5894,.T.);
#5074=ORIENTED_EDGE('',*,*,#5914,.F.);
#5075=CARTESIAN_POINT('',(0.0,0.0,-10.0500000000001));
#5076=DIRECTION('',(0.0,0.0,-1.0));
#5077=DIRECTION('',(1.0,0.0,0.0));
#5078=ORIENTED_EDGE('',*,*,#5917,.T.);
#5079=ORIENTED_EDGE('',*,*,#5918,.T.);
#5080=ORIENTED_EDGE('',*,*,#5919,.T.);
#5081=ORIENTED_EDGE('',*,*,#5916,.T.);
#5082=ORIENTED_EDGE('',*,*,#5920,.T.);
#5083=ORIENTED_EDGE('',*,*,#5917,.F.);
#5084=ORIENTED_EDGE('',*,*,#5891,.T.);
#5085=ORIENTED_EDGE('',*,*,#5919,.F.);
#5086=ORIENTED_EDGE('',*,*,#5920,.F.);
#5087=ORIENTED_EDGE('',*,*,#5918,.F.);
#5088=ORIENTED_EDGE('',*,*,#5921,.F.);
#5089=ORIENTED_EDGE('',*,*,#5897,.F.);
#5090=CARTESIAN_POINT('',(-1.518,-1.518034686,-10.1500000000001));
#5091=DIRECTION('',(0.0,0.0,1.0));
#5092=DIRECTION('',(1.0,0.0,0.0));
#5093=ORIENTED_EDGE('',*,*,#5896,.F.);
#5094=ORIENTED_EDGE('',*,*,#5922,.F.);
#5095=ORIENTED_EDGE('',*,*,#5898,.T.);
#5096=ORIENTED_EDGE('',*,*,#5921,.T.);
#5097=CARTESIAN_POINT('',(0.0,0.0,-13.8500000000001));
#5098=DIRECTION('',(0.0,0.0,-1.0));
#5099=DIRECTION('',(1.0,0.0,0.0));
#5100=ORIENTED_EDGE('',*,*,#5923,.F.);
#5101=ORIENTED_EDGE('',*,*,#5901,.F.);
#5102=ORIENTED_EDGE('',*,*,#5922,.T.);
#5103=ORIENTED_EDGE('',*,*,#5895,.T.);
#5104=CARTESIAN_POINT('',(1.3156,-1.3156,-13.8500000000001));
#5105=DIRECTION('',(0.0,0.0,-1.0));
#5106=DIRECTION('',(0.0,-1.0,0.0));
#5107=ORIENTED_EDGE('',*,*,#5900,.F.);
#5108=ORIENTED_EDGE('',*,*,#5924,.F.);
#5109=ORIENTED_EDGE('',*,*,#5902,.T.);
#5110=ORIENTED_EDGE('',*,*,#5923,.T.);
#5111=CARTESIAN_POINT('',(0.0,0.0,-13.9041960110001));
#5112=DIRECTION('',(0.0,0.0,-1.0));
#5113=DIRECTION('',(1.0,0.0,0.0));
#5114=ORIENTED_EDGE('',*,*,#5899,.T.);
#5115=ORIENTED_EDGE('',*,*,#5925,.T.);
#5116=ORIENTED_EDGE('',*,*,#5926,.T.);
#5117=ORIENTED_EDGE('',*,*,#5927,.T.);
#5118=ORIENTED_EDGE('',*,*,#5925,.F.);
#5119=ORIENTED_EDGE('',*,*,#5924,.T.);
#5120=ORIENTED_EDGE('',*,*,#5927,.F.);
#5121=ORIENTED_EDGE('',*,*,#5928,.T.);
#5122=ORIENTED_EDGE('',*,*,#5926,.F.);
#5123=ORIENTED_EDGE('',*,*,#5929,.T.);
#5124=ORIENTED_EDGE('',*,*,#5930,.T.);
#5125=ORIENTED_EDGE('',*,*,#5931,.T.);
#5126=ORIENTED_EDGE('',*,*,#5929,.F.);
#5127=ORIENTED_EDGE('',*,*,#5928,.F.);
#5128=ORIENTED_EDGE('',*,*,#5931,.F.);
#5129=ORIENTED_EDGE('',*,*,#5903,.T.);
#5130=ORIENTED_EDGE('',*,*,#5904,.F.);
#5131=ORIENTED_EDGE('',*,*,#5930,.F.);
#5132=ORIENTED_EDGE('',*,*,#5906,.T.);
#5133=ORIENTED_EDGE('',*,*,#5932,.T.);
#5134=CARTESIAN_POINT('',(0.0,0.0,-13.9000000000001));
#5135=DIRECTION('',(0.0,0.0,-1.0));
#5136=DIRECTION('',(1.0,0.0,0.0));
#5137=ORIENTED_EDGE('',*,*,#5908,.F.);
#5138=ORIENTED_EDGE('',*,*,#5907,.T.);
#5139=ORIENTED_EDGE('',*,*,#5932,.F.);
#5140=CARTESIAN_POINT('',(2.89120579329468E-13,0.0,-1012.716987298));
#5141=DIRECTION('',(3.84592537372441E-16,-0.0,-1.0));
#5142=DIRECTION('',(-1.0,0.0,-3.84592537372441E-16));
#5143=COLOUR_RGB('',0.411764711141586,0.411764711141586,0.411764711141586);
#5144=EDGE_CURVE('',#5933,#5934,#5935,.T.);
#5145=EDGE_CURVE('NONE',#5936,#5933,#5937,.T.);
#5146=EDGE_CURVE('NONE',#5938,#5936,#5939,.T.);
#5147=EDGE_CURVE('NONE',#5938,#5934,#5940,.T.);
#5148=EDGE_CURVE('NONE',#5941,#5942,#5943,.T.);
#5149=EDGE_CURVE('NONE',#5942,#5944,#5945,.T.);
#5150=EDGE_CURVE('NONE',#5944,#5946,#5947,.T.);
#5151=EDGE_CURVE('NONE',#5941,#5946,#5948,.T.);
#5152=EDGE_CURVE('NONE',#5949,#5950,#5951,.T.);
#5153=EDGE_CURVE('NONE',#5950,#5952,#5953,.T.);
#5154=EDGE_CURVE('NONE',#5954,#5952,#5955,.T.);
#5155=EDGE_CURVE('NONE',#5949,#5954,#5956,.T.);
#5156=EDGE_CURVE('NONE',#5957,#5958,#5959,.T.);
#5157=EDGE_CURVE('NONE',#5957,#5960,#5961,.T.);
#5158=EDGE_CURVE('NONE',#5960,#5962,#5963,.T.);
#5159=EDGE_CURVE('NONE',#5958,#5962,#5964,.T.);
#5160=EDGE_CURVE('NONE',#5965,#5966,#5967,.T.);
#5161=EDGE_CURVE('NONE',#5965,#5968,#5969,.T.);
#5162=EDGE_CURVE('NONE',#5970,#5968,#5971,.T.);
#5163=EDGE_CURVE('NONE',#5972,#5970,#5973,.T.);
#5164=EDGE_CURVE('NONE',#5966,#5972,#5974,.T.);
#5165=EDGE_CURVE('NONE',#5975,#5976,#5977,.T.);
#5166=EDGE_CURVE('NONE',#5976,#5978,#5979,.T.);
#5167=EDGE_CURVE('NONE',#5980,#5978,#5981,.T.);
#5168=EDGE_CURVE('NONE',#5982,#5980,#5983,.T.);
#5169=EDGE_CURVE('NONE',#5982,#5984,#5985,.T.);
#5170=EDGE_CURVE('NONE',#5984,#5986,#5987,.T.);
#5171=EDGE_CURVE('NONE',#5986,#5988,#5989,.T.);
#5172=EDGE_CURVE('NONE',#5988,#5975,#5990,.T.);
#5173=EDGE_CURVE('NONE',#5991,#5992,#5993,.T.);
#5174=EDGE_CURVE('NONE',#5991,#5957,#5994,.T.);
#5175=EDGE_CURVE('NONE',#5992,#5958,#5995,.T.);
#5176=EDGE_CURVE('NONE',#5996,#5997,#5998,.T.);
#5177=EDGE_CURVE('NONE',#5996,#5999,#6000,.T.);
#5178=EDGE_CURVE('NONE',#5999,#5965,#6001,.T.);
#5179=EDGE_CURVE('NONE',#5997,#5966,#6002,.T.);
#5180=EDGE_CURVE('NONE',#6003,#6004,#6005,.T.);
#5181=EDGE_CURVE('NONE',#6004,#6006,#6007,.T.);
#5182=EDGE_CURVE('NONE',#6008,#6006,#6009,.T.);
#5183=EDGE_CURVE('NONE',#6003,#6008,#6010,.T.);
#5184=EDGE_CURVE('NONE',#6011,#6012,#6013,.T.);
#5185=EDGE_CURVE('NONE',#6012,#6014,#6015,.T.);
#5186=EDGE_CURVE('NONE',#6014,#6016,#6017,.T.);
#5187=EDGE_CURVE('NONE',#6011,#6016,#6018,.T.);
#5188=EDGE_CURVE('NONE',#5942,#5941,#6019,.T.);
#5189=EDGE_CURVE('NONE',#5946,#5944,#6020,.T.);
#5190=EDGE_CURVE('NONE',#6021,#6022,#6023,.T.);
#5191=EDGE_CURVE('NONE',#6022,#6024,#6025,.T.);
#5192=EDGE_CURVE('NONE',#6024,#6026,#6027,.T.);
#5193=EDGE_CURVE('NONE',#6026,#6021,#6028,.T.);
#5194=EDGE_CURVE('NONE',#5952,#5954,#6029,.T.);
#5195=EDGE_CURVE('NONE',#5950,#5949,#6030,.T.);
#5196=EDGE_CURVE('NONE',#6031,#6022,#6032,.T.);
#5197=EDGE_CURVE('NONE',#6033,#6031,#6034,.T.);
#5198=EDGE_CURVE('NONE',#6024,#6033,#6035,.T.);
#5199=EDGE_CURVE('NONE',#6036,#6021,#6037,.T.);
#5200=EDGE_CURVE('NONE',#6038,#6036,#6039,.T.);
#5201=EDGE_CURVE('NONE',#6022,#6038,#6040,.T.);
#5202=EDGE_CURVE('NONE',#6041,#6042,#6043,.T.);
#5203=EDGE_CURVE('NONE',#6044,#6042,#6045,.T.);
#5204=EDGE_CURVE('NONE',#6046,#6044,#6047,.T.);
#5205=EDGE_CURVE('NONE',#6048,#6046,#6049,.T.);
#5206=EDGE_CURVE('NONE',#6048,#6050,#6051,.T.);
#5207=EDGE_CURVE('NONE',#6050,#6052,#6053,.T.);
#5208=EDGE_CURVE('NONE',#6052,#6054,#6055,.T.);
#5209=EDGE_CURVE('NONE',#6056,#6054,#6057,.T.);
#5210=EDGE_CURVE('NONE',#6036,#6056,#6058,.T.);
#5211=EDGE_CURVE('NONE',#6059,#6026,#6060,.T.);
#5212=EDGE_CURVE('NONE',#6061,#6059,#6062,.T.);
#5213=EDGE_CURVE('NONE',#6061,#6063,#6064,.T.);
#5214=EDGE_CURVE('NONE',#6065,#6063,#6066,.T.);
#5215=EDGE_CURVE('NONE',#6065,#6067,#6068,.T.);
#5216=EDGE_CURVE('NONE',#6069,#6067,#6070,.T.);
#5217=EDGE_CURVE('NONE',#6071,#6069,#6072,.T.);
#5218=EDGE_CURVE('NONE',#6071,#6073,#6074,.T.);
#5219=EDGE_CURVE('NONE',#6073,#6075,#6076,.T.);
#5220=EDGE_CURVE('NONE',#6075,#6077,#6078,.T.);
#5221=EDGE_CURVE('NONE',#6079,#6077,#6080,.T.);
#5222=EDGE_CURVE('NONE',#6079,#6081,#6082,.T.);
#5223=EDGE_CURVE('NONE',#6081,#6083,#6084,.T.);
#5224=EDGE_CURVE('NONE',#6083,#6085,#6086,.T.);
#5225=EDGE_CURVE('NONE',#6085,#6087,#6088,.T.);
#5226=EDGE_CURVE('NONE',#6087,#6089,#6090,.T.);
#5227=EDGE_CURVE('NONE',#6041,#6089,#6091,.T.);
#5228=EDGE_CURVE('NONE',#5962,#5960,#6092,.T.);
#5229=EDGE_CURVE('NONE',#6059,#6093,#6094,.T.);
#5230=EDGE_CURVE('NONE',#6093,#6024,#6095,.T.);
#5231=EDGE_CURVE('NONE',#5968,#5970,#6096,.T.);
#5232=EDGE_CURVE('NONE',#6038,#6031,#6097,.T.);
#5233=EDGE_CURVE('NONE',#6031,#6098,#6099,.T.);
#5234=EDGE_CURVE('NONE',#6098,#6100,#6101,.T.);
#5235=EDGE_CURVE('NONE',#6100,#6033,#6102,.T.);
#5236=EDGE_CURVE('NONE',#5978,#5980,#6103,.T.);
#5237=EDGE_CURVE('NONE',#6033,#6093,#6104,.T.);
#5238=EDGE_CURVE('NONE',#6056,#6105,#6106,.T.);
#5239=EDGE_CURVE('NONE',#6105,#6107,#6108,.T.);
#5240=EDGE_CURVE('NONE',#6107,#6109,#6110,.T.);
#5241=EDGE_CURVE('NONE',#6109,#6111,#6112,.T.);
#5242=EDGE_CURVE('NONE',#6111,#6113,#6114,.T.);
#5243=EDGE_CURVE('NONE',#6113,#6115,#6116,.T.);
#5244=EDGE_CURVE('NONE',#6115,#6117,#6118,.T.);
#5245=EDGE_CURVE('NONE',#6119,#6117,#6120,.T.);
#5246=EDGE_CURVE('NONE',#6119,#6069,#6121,.T.);
#5247=EDGE_CURVE('NONE',#6067,#6122,#6123,.T.);
#5248=EDGE_CURVE('NONE',#6122,#6124,#6125,.T.);
#5249=EDGE_CURVE('NONE',#6124,#6126,#6127,.T.);
#5250=EDGE_CURVE('NONE',#6126,#6038,#6128,.T.);
#5251=EDGE_CURVE('NONE',#5958,#5957,#6129,.T.);
#5252=EDGE_CURVE('NONE',#6089,#6130,#6131,.T.);
#5253=EDGE_CURVE('NONE',#6130,#6132,#6133,.T.);
#5254=EDGE_CURVE('NONE',#6132,#6041,#6134,.T.);
#5255=EDGE_CURVE('NONE',#6044,#6135,#6136,.T.);
#5256=EDGE_CURVE('NONE',#6042,#6137,#6138,.T.);
#5257=EDGE_CURVE('NONE',#6135,#6137,#6139,.T.);
#5258=EDGE_CURVE('NONE',#6046,#6140,#6141,.T.);
#5259=EDGE_CURVE('NONE',#6140,#6135,#6142,.T.);
#5260=EDGE_CURVE('NONE',#6143,#6140,#6144,.T.);
#5261=EDGE_CURVE('NONE',#6143,#6048,#6145,.T.);
#5262=EDGE_CURVE('NONE',#6054,#6146,#6147,.T.);
#5263=EDGE_CURVE('NONE',#6105,#6146,#6148,.T.);
#5264=EDGE_CURVE('NONE',#6149,#6150,#6151,.T.);
#5265=EDGE_CURVE('NONE',#6150,#6152,#6153,.T.);
#5266=EDGE_CURVE('NONE',#6152,#6061,#6154,.T.);
#5267=EDGE_CURVE('NONE',#6093,#6149,#6155,.T.);
#5268=EDGE_CURVE('NONE',#6156,#6157,#6158,.T.);
#5269=EDGE_CURVE('NONE',#6157,#6159,#6160,.T.);
#5270=EDGE_CURVE('NONE',#6159,#6161,#6162,.T.);
#5271=EDGE_CURVE('NONE',#6161,#6163,#6164,.T.);
#5272=EDGE_CURVE('NONE',#6163,#6156,#6165,.T.);
#5273=EDGE_CURVE('NONE',#6166,#6167,#6168,.T.);
#5274=EDGE_CURVE('NONE',#6167,#6169,#6170,.T.);
#5275=EDGE_CURVE('NONE',#6169,#6171,#6172,.T.);
#5276=EDGE_CURVE('NONE',#6171,#6173,#6174,.T.);
#5277=EDGE_CURVE('NONE',#6173,#6175,#6176,.T.);
#5278=EDGE_CURVE('NONE',#6175,#6166,#6177,.T.);
#5279=EDGE_CURVE('NONE',#6178,#5938,#6179,.T.);
#5280=EDGE_CURVE('NONE',#6180,#6178,#6181,.T.);
#5281=EDGE_CURVE('NONE',#6065,#6180,#6182,.T.);
#5282=EDGE_CURVE('NONE',#6183,#6063,#6184,.T.);
#5283=EDGE_CURVE('NONE',#6185,#6183,#6186,.T.);
#5284=EDGE_CURVE('NONE',#6187,#6185,#6188,.T.);
#5285=EDGE_CURVE('NONE',#5934,#6187,#6189,.T.);
#5286=EDGE_CURVE('NONE',#6071,#6190,#6191,.T.);
#5287=EDGE_CURVE('NONE',#6190,#6119,#6192,.T.);
#5288=EDGE_CURVE('NONE',#6193,#6077,#6194,.T.);
#5289=EDGE_CURVE('NONE',#6195,#6193,#6196,.T.);
#5290=EDGE_CURVE('NONE',#6079,#6195,#6197,.T.);
#5291=EDGE_CURVE('NONE',#5972,#5999,#6198,.T.);
#5292=EDGE_CURVE('NONE',#5976,#5982,#6199,.T.);
#5293=EDGE_CURVE('NONE',#6098,#6126,#6200,.T.);
#5294=EDGE_CURVE('NONE',#6149,#6100,#6201,.T.);
#5295=EDGE_CURVE('NONE',#6202,#6098,#6203,.T.);
#5296=EDGE_CURVE('NONE',#6204,#6202,#6205,.T.);
#5297=EDGE_CURVE('NONE',#6100,#6204,#6206,.T.);
#5298=EDGE_CURVE('NONE',#6207,#6146,#6208,.T.);
#5299=EDGE_CURVE('NONE',#6209,#6207,#6210,.T.);
#5300=EDGE_CURVE('NONE',#6211,#6209,#6212,.T.);
#5301=EDGE_CURVE('NONE',#6213,#6211,#6214,.T.);
#5302=EDGE_CURVE('NONE',#6215,#6213,#6216,.T.);
#5303=EDGE_CURVE('NONE',#6217,#6215,#6218,.T.);
#5304=EDGE_CURVE('NONE',#6219,#6217,#6220,.T.);
#5305=EDGE_CURVE('NONE',#6107,#6219,#6221,.T.);
#5306=EDGE_CURVE('NONE',#6222,#6124,#6223,.T.);
#5307=EDGE_CURVE('NONE',#6202,#6222,#6224,.T.);
#5308=EDGE_CURVE('NONE',#6126,#6202,#6225,.T.);
#5309=EDGE_CURVE('NONE',#6180,#6122,#6226,.T.);
#5310=EDGE_CURVE('NONE',#6227,#6178,#6228,.T.);
#5311=EDGE_CURVE('NONE',#6222,#6227,#6229,.T.);
#5312=EDGE_CURVE('NONE',#6230,#6111,#6231,.T.);
#5313=EDGE_CURVE('NONE',#6232,#6230,#6233,.T.);
#5314=EDGE_CURVE('NONE',#6234,#6232,#6235,.T.);
#5315=EDGE_CURVE('NONE',#6236,#6234,#6237,.T.);
#5316=EDGE_CURVE('NONE',#6238,#6236,#6239,.T.);
#5317=EDGE_CURVE('NONE',#6240,#6238,#6241,.T.);
#5318=EDGE_CURVE('NONE',#6113,#6240,#6242,.T.);
#5319=EDGE_CURVE('NONE',#6243,#6109,#6244,.T.);
#5320=EDGE_CURVE('NONE',#6245,#6243,#6246,.T.);
#5321=EDGE_CURVE('NONE',#6247,#6245,#6248,.T.);
#5322=EDGE_CURVE('NONE',#6230,#6247,#6249,.T.);
#5323=EDGE_CURVE('NONE',#6243,#6219,#6250,.T.);
#5324=EDGE_CURVE('NONE',#5992,#5991,#6251,.T.);
#5325=EDGE_CURVE('NONE',#6252,#6137,#6253,.T.);
#5326=EDGE_CURVE('NONE',#6254,#6252,#6255,.T.);
#5327=EDGE_CURVE('NONE',#6135,#6254,#6256,.T.);
#5328=EDGE_CURVE('NONE',#6257,#6254,#6258,.T.);
#5329=EDGE_CURVE('NONE',#6140,#6257,#6259,.T.);
#5330=EDGE_CURVE('NONE',#6260,#6257,#6261,.T.);
#5331=EDGE_CURVE('NONE',#6143,#6260,#6262,.T.);
#5332=EDGE_CURVE('NONE',#6263,#6264,#6265,.T.);
#5333=EDGE_CURVE('NONE',#6159,#6263,#6266,.T.);
#5334=EDGE_CURVE('NONE',#6264,#6157,#6267,.T.);
#5335=EDGE_CURVE('NONE',#6264,#6268,#6269,.T.);
#5336=EDGE_CURVE('NONE',#6268,#6156,#6270,.T.);
#5337=EDGE_CURVE('NONE',#6268,#6271,#6272,.T.);
#5338=EDGE_CURVE('NONE',#6271,#6163,#6273,.T.);
#5339=EDGE_CURVE('NONE',#6271,#6274,#6275,.T.);
#5340=EDGE_CURVE('NONE',#6274,#6161,#6276,.T.);
#5341=EDGE_CURVE('NONE',#6274,#6263,#6277,.T.);
#5342=EDGE_CURVE('NONE',#6278,#6279,#6280,.T.);
#5343=EDGE_CURVE('NONE',#6169,#6279,#6281,.T.);
#5344=EDGE_CURVE('NONE',#6278,#6167,#6282,.T.);
#5345=EDGE_CURVE('NONE',#6278,#6283,#6284,.T.);
#5346=EDGE_CURVE('NONE',#6283,#6166,#6285,.T.);
#5347=EDGE_CURVE('NONE',#6283,#6286,#6287,.T.);
#5348=EDGE_CURVE('NONE',#6286,#6175,#6288,.T.);
#5349=EDGE_CURVE('NONE',#6286,#6289,#6290,.T.);
#5350=EDGE_CURVE('NONE',#6289,#6173,#6291,.T.);
#5351=EDGE_CURVE('NONE',#6289,#6292,#6293,.T.);
#5352=EDGE_CURVE('NONE',#6292,#6171,#6294,.T.);
#5353=EDGE_CURVE('NONE',#6292,#6279,#6295,.T.);
#5354=EDGE_CURVE('NONE',#6296,#6297,#6298,.T.);
#5355=EDGE_CURVE('NONE',#6185,#6296,#6299,.T.);
#5356=EDGE_CURVE('NONE',#6152,#6183,#6300,.T.);
#5357=EDGE_CURVE('NONE',#6297,#6150,#6301,.T.);
#5358=EDGE_CURVE('NONE',#6297,#6204,#6302,.T.);
#5359=EDGE_CURVE('NONE',#6204,#6149,#6303,.T.);
#5360=EDGE_CURVE('NONE',#6304,#6187,#6305,.T.);
#5361=EDGE_CURVE('NONE',#6296,#6304,#6306,.T.);
#5362=EDGE_CURVE('NONE',#5933,#6304,#6307,.T.);
#5363=EDGE_CURVE('NONE',#5936,#6227,#6308,.T.);
#5364=EDGE_CURVE('NONE',#6117,#6309,#6310,.T.);
#5365=EDGE_CURVE('NONE',#6309,#6190,#6311,.T.);
#5366=EDGE_CURVE('NONE',#6312,#6238,#6313,.T.);
#5367=EDGE_CURVE('NONE',#6314,#6312,#6315,.T.);
#5368=EDGE_CURVE('NONE',#6316,#6314,#6317,.T.);
#5369=EDGE_CURVE('NONE',#6318,#6316,#6319,.T.);
#5370=EDGE_CURVE('NONE',#6320,#6318,#6321,.T.);
#5371=EDGE_CURVE('NONE',#6322,#6320,#6323,.T.);
#5372=EDGE_CURVE('NONE',#6232,#6322,#6324,.T.);
#5373=EDGE_CURVE('NONE',#6215,#6247,#6325,.T.);
#5374=EDGE_CURVE('NONE',#5986,#6213,#6326,.T.);
#5375=EDGE_CURVE('NONE',#6327,#5984,#6328,.T.);
#5376=EDGE_CURVE('NONE',#6073,#6327,#6329,.T.);
#5377=EDGE_CURVE('NONE',#6330,#6309,#6331,.T.);
#5378=EDGE_CURVE('NONE',#6240,#6330,#6332,.T.);
#5379=EDGE_CURVE('NONE',#6333,#6195,#6334,.T.);
#5380=EDGE_CURVE('NONE',#6081,#6333,#6335,.T.);
#5381=EDGE_CURVE('NONE',#6336,#6075,#6337,.T.);
#5382=EDGE_CURVE('NONE',#6193,#6336,#6338,.T.);
#5383=EDGE_CURVE('NONE',#6336,#6327,#6339,.T.);
#5384=EDGE_CURVE('NONE',#5975,#6340,#6341,.T.);
#5385=EDGE_CURVE('NONE',#6340,#6333,#6342,.T.);
#5386=EDGE_CURVE('NONE',#6006,#6008,#6343,.T.);
#5387=EDGE_CURVE('NONE',#5997,#5996,#6344,.T.);
#5388=EDGE_CURVE('NONE',#6345,#6132,#6346,.T.);
#5389=EDGE_CURVE('NONE',#6347,#6345,#6348,.T.);
#5390=EDGE_CURVE('NONE',#6085,#6347,#6349,.T.);
#5391=EDGE_CURVE('NONE',#6340,#6083,#6350,.T.);
#5392=EDGE_CURVE('NONE',#6211,#5988,#6351,.T.);
#5393=EDGE_CURVE('NONE',#6352,#6209,#6353,.T.);
#5394=EDGE_CURVE('NONE',#6050,#6352,#6354,.T.);
#5395=EDGE_CURVE('NONE',#6252,#6260,#6355,.T.);
#5396=EDGE_CURVE('NONE',#6207,#6356,#6357,.T.);
#5397=EDGE_CURVE('NONE',#6356,#6052,#6358,.T.);
#5398=EDGE_CURVE('NONE',#6352,#6356,#6359,.T.);
#5399=EDGE_CURVE('NONE',#6217,#6245,#6360,.T.);
#5400=EDGE_CURVE('NONE',#6115,#6330,#6361,.T.);
#5401=EDGE_CURVE('NONE',#6362,#6322,#6363,.T.);
#5402=EDGE_CURVE('NONE',#6234,#6362,#6364,.T.);
#5403=EDGE_CURVE('NONE',#6362,#6365,#6366,.T.);
#5404=EDGE_CURVE('NONE',#6236,#6365,#6367,.T.);
#5405=EDGE_CURVE('NONE',#6312,#6365,#6368,.T.);
#5406=EDGE_CURVE('NONE',#6012,#6011,#6369,.T.);
#5407=EDGE_CURVE('NONE',#6370,#6365,#6371,.T.);
#5408=EDGE_CURVE('NONE',#6314,#6370,#6372,.T.);
#5409=EDGE_CURVE('NONE',#6373,#6374,#6375,.T.);
#5410=EDGE_CURVE('NONE',#6374,#6316,#6376,.T.);
#5411=EDGE_CURVE('NONE',#6370,#6373,#6377,.T.);
#5412=EDGE_CURVE('NONE',#6378,#6374,#6379,.T.);
#5413=EDGE_CURVE('NONE',#6318,#6378,#6380,.T.);
#5414=EDGE_CURVE('NONE',#6381,#6378,#6382,.T.);
#5415=EDGE_CURVE('NONE',#6383,#6381,#6384,.T.);
#5416=EDGE_CURVE('NONE',#6320,#6383,#6385,.T.);
#5417=EDGE_CURVE('NONE',#6362,#6383,#6386,.T.);
#5418=EDGE_CURVE('NONE',#6004,#6003,#6387,.T.);
#5419=EDGE_CURVE('NONE',#6388,#6130,#6389,.T.);
#5420=EDGE_CURVE('NONE',#6345,#6388,#6390,.T.);
#5421=EDGE_CURVE('NONE',#6388,#6391,#6392,.T.);
#5422=EDGE_CURVE('NONE',#6391,#6347,#6393,.T.);
#5423=EDGE_CURVE('NONE',#6087,#6391,#6394,.T.);
#5424=EDGE_CURVE('NONE',#6016,#6014,#6395,.T.);
#5425=EDGE_CURVE('NONE',#6373,#6381,#6396,.T.);
#5426=COLOUR_RGB('',0.411764711141586,0.411764711141586,0.411764711141586);
#5427=EDGE_CURVE('NONE',#6397,#6398,#6399,.T.);
#5428=EDGE_CURVE('NONE',#6397,#6400,#6401,.T.);
#5429=EDGE_CURVE('NONE',#6402,#6400,#6403,.T.);
#5430=EDGE_CURVE('NONE',#6404,#6402,#6405,.T.);
#5431=EDGE_CURVE('NONE',#6398,#6404,#6406,.T.);
#5432=EDGE_CURVE('NONE',#6407,#6408,#6409,.T.);
#5433=EDGE_CURVE('NONE',#6407,#6410,#6411,.T.);
#5434=EDGE_CURVE('NONE',#6410,#6397,#6412,.T.);
#5435=EDGE_CURVE('NONE',#6408,#6398,#6413,.T.);
#5436=EDGE_CURVE('NONE',#6404,#6410,#6414,.T.);
#5437=EDGE_CURVE('NONE',#6400,#6402,#6415,.T.);
#5438=EDGE_CURVE('NONE',#6408,#6407,#6416,.T.);
#5439=COLOUR_RGB('',1.0,1.0,1.0);
#5440=EDGE_CURVE('NONE',#6417,#6418,#6419,.T.);
#5441=EDGE_CURVE('NONE',#6418,#6420,#6421,.T.);
#5442=EDGE_CURVE('NONE',#6420,#6422,#6423,.T.);
#5443=EDGE_CURVE('NONE',#6422,#6417,#6424,.T.);
#5444=EDGE_CURVE('NONE',#6425,#6426,#6427,.T.);
#5445=EDGE_CURVE('NONE',#6428,#6425,#6429,.T.);
#5446=EDGE_CURVE('NONE',#6430,#6428,#6431,.T.);
#5447=EDGE_CURVE('NONE',#6432,#6430,#6433,.T.);
#5448=EDGE_CURVE('NONE',#6420,#6432,#6434,.T.);
#5449=EDGE_CURVE('NONE',#6435,#6418,#6436,.T.);
#5450=EDGE_CURVE('NONE',#6435,#6437,#6438,.T.);
#5451=EDGE_CURVE('NONE',#6439,#6437,#6440,.T.);
#5452=EDGE_CURVE('NONE',#6439,#6441,#6442,.T.);
#5453=EDGE_CURVE('NONE',#6441,#6443,#6444,.T.);
#5454=EDGE_CURVE('NONE',#6443,#6426,#6445,.T.);
#5455=EDGE_CURVE('NONE',#6446,#6417,#6447,.T.);
#5456=EDGE_CURVE('NONE',#6435,#6446,#6448,.T.);
#5457=EDGE_CURVE('NONE',#6449,#6450,#6451,.T.);
#5458=EDGE_CURVE('NONE',#6449,#6452,#6453,.T.);
#5459=EDGE_CURVE('NONE',#6452,#6454,#6455,.T.);
#5460=EDGE_CURVE('NONE',#6454,#6456,#6457,.T.);
#5461=EDGE_CURVE('NONE',#6458,#6456,#6459,.T.);
#5462=EDGE_CURVE('NONE',#6446,#6458,#6460,.T.);
#5463=EDGE_CURVE('NONE',#6461,#6422,#6462,.T.);
#5464=EDGE_CURVE('NONE',#6463,#6461,#6464,.T.);
#5465=EDGE_CURVE('NONE',#6465,#6463,#6466,.T.);
#5466=EDGE_CURVE('NONE',#6450,#6465,#6467,.T.);
#5467=EDGE_CURVE('NONE',#6461,#6432,#6468,.T.);
#5468=EDGE_CURVE('NONE',#6425,#6469,#6470,.T.);
#5469=EDGE_CURVE('NONE',#6426,#6471,#6472,.T.);
#5470=EDGE_CURVE('NONE',#6469,#6471,#6473,.T.);
#5471=EDGE_CURVE('NONE',#6437,#6458,#6474,.T.);
#5472=EDGE_CURVE('NONE',#6475,#6450,#6476,.T.);
#5473=EDGE_CURVE('NONE',#6477,#6475,#6478,.T.);
#5474=EDGE_CURVE('NONE',#6477,#6449,#6479,.T.);
#5475=EDGE_CURVE('NONE',#6430,#6463,#6480,.T.);
#5476=EDGE_CURVE('NONE',#6469,#6475,#6481,.T.);
#5477=EDGE_CURVE('NONE',#6477,#6471,#6482,.T.);
#5478=EDGE_CURVE('NONE',#6456,#6439,#6483,.T.);
#5479=EDGE_CURVE('NONE',#6428,#6465,#6484,.T.);
#5480=EDGE_CURVE('NONE',#6452,#6443,#6485,.T.);
#5481=EDGE_CURVE('NONE',#6441,#6454,#6486,.T.);
#5482=COLOUR_RGB('',1.0,1.0,1.0);
#5483=EDGE_CURVE('',#6487,#6488,#6489,.T.);
#5484=EDGE_CURVE('NONE',#6487,#6490,#6491,.T.);
#5485=EDGE_CURVE('NONE',#6490,#6492,#6493,.T.);
#5486=EDGE_CURVE('NONE',#6492,#6488,#6494,.T.);
#5487=EDGE_CURVE('',#6495,#6496,#6497,.T.);
#5488=EDGE_CURVE('NONE',#6498,#6495,#6499,.T.);
#5489=EDGE_CURVE('NONE',#6500,#6498,#6501,.T.);
#5490=EDGE_CURVE('NONE',#6496,#6500,#6502,.T.);
#5491=EDGE_CURVE('NONE',#6503,#6504,#6505,.T.);
#5492=EDGE_CURVE('NONE',#6506,#6503,#6507,.T.);
#5493=EDGE_CURVE('NONE',#6508,#6506,#6509,.T.);
#5494=EDGE_CURVE('NONE',#6504,#6508,#6510,.T.);
#5495=EDGE_CURVE('NONE',#6511,#6512,#6513,.T.);
#5496=EDGE_CURVE('NONE',#6504,#6511,#6514,.T.);
#5497=EDGE_CURVE('NONE',#6512,#6508,#6515,.T.);
#5498=EDGE_CURVE('NONE',#6516,#6511,#6517,.T.);
#5499=EDGE_CURVE('NONE',#6516,#6503,#6518,.T.);
#5500=EDGE_CURVE('NONE',#6506,#6496,#6519,.T.);
#5501=EDGE_CURVE('NONE',#6495,#6503,#6520,.T.);
#5502=EDGE_CURVE('NONE',#6521,#6506,#6522,.T.);
#5503=EDGE_CURVE('NONE',#6512,#6521,#6523,.T.);
#5504=EDGE_CURVE('NONE',#6521,#6516,#6524,.T.);
#5505=EDGE_CURVE('NONE',#6525,#6498,#6526,.T.);
#5506=EDGE_CURVE('NONE',#6527,#6525,#6528,.T.);
#5507=EDGE_CURVE('NONE',#6500,#6527,#6529,.T.);
#5508=EDGE_CURVE('NONE',#6490,#6500,#6530,.T.);
#5509=EDGE_CURVE('NONE',#6521,#6487,#6531,.T.);
#5510=EDGE_CURVE('NONE',#6488,#6516,#6532,.T.);
#5511=EDGE_CURVE('NONE',#6498,#6492,#6533,.T.);
#5512=EDGE_CURVE('NONE',#6534,#6492,#6535,.T.);
#5513=EDGE_CURVE('NONE',#6525,#6534,#6536,.T.);
#5514=EDGE_CURVE('NONE',#6527,#6537,#6538,.T.);
#5515=EDGE_CURVE('NONE',#6539,#6525,#6540,.T.);
#5516=EDGE_CURVE('NONE',#6537,#6539,#6541,.T.);
#5517=EDGE_CURVE('NONE',#6542,#6527,#6543,.T.);
#5518=EDGE_CURVE('NONE',#6490,#6542,#6544,.T.);
#5519=EDGE_CURVE('NONE',#6542,#6534,#6545,.T.);
#5520=EDGE_CURVE('NONE',#6546,#6534,#6547,.T.);
#5521=EDGE_CURVE('NONE',#6546,#6539,#6548,.T.);
#5522=EDGE_CURVE('NONE',#6549,#6539,#6550,.T.);
#5523=EDGE_CURVE('NONE',#6551,#6549,#6552,.T.);
#5524=EDGE_CURVE('NONE',#6537,#6551,#6553,.T.);
#5525=EDGE_CURVE('NONE',#6554,#6537,#6555,.T.);
#5526=EDGE_CURVE('NONE',#6542,#6554,#6556,.T.);
#5527=EDGE_CURVE('NONE',#6554,#6546,#6557,.T.);
#5528=EDGE_CURVE('NONE',#6558,#6546,#6559,.T.);
#5529=EDGE_CURVE('NONE',#6549,#6558,#6560,.T.);
#5530=EDGE_CURVE('NONE',#6549,#6561,#6562,.T.);
#5531=EDGE_CURVE('NONE',#6561,#6563,#6564,.T.);
#5532=EDGE_CURVE('NONE',#6563,#6551,#6565,.T.);
#5533=EDGE_CURVE('NONE',#6566,#6551,#6567,.T.);
#5534=EDGE_CURVE('NONE',#6554,#6566,#6568,.T.);
#5535=EDGE_CURVE('NONE',#6566,#6558,#6569,.T.);
#5536=EDGE_CURVE('NONE',#6570,#6561,#6571,.T.);
#5537=EDGE_CURVE('NONE',#6558,#6570,#6572,.T.);
#5538=EDGE_CURVE('NONE',#6563,#6573,#6574,.T.);
#5539=EDGE_CURVE('NONE',#6573,#6566,#6575,.T.);
#5540=EDGE_CURVE('NONE',#6576,#6577,#6578,.T.);
#5541=EDGE_CURVE('NONE',#6563,#6576,#6579,.T.);
#5542=EDGE_CURVE('NONE',#6580,#6561,#6581,.T.);
#5543=EDGE_CURVE('NONE',#6582,#6580,#6583,.T.);
#5544=EDGE_CURVE('NONE',#6577,#6582,#6584,.T.);
#5545=EDGE_CURVE('NONE',#6570,#6573,#6585,.T.);
#5546=EDGE_CURVE('NONE',#6586,#6587,#6588,.T.);
#5547=EDGE_CURVE('NONE',#6577,#6586,#6589,.T.);
#5548=EDGE_CURVE('NONE',#6587,#6582,#6590,.T.);
#5549=EDGE_CURVE('NONE',#6591,#6586,#6592,.T.);
#5550=EDGE_CURVE('NONE',#6576,#6591,#6593,.T.);
#5551=EDGE_CURVE('NONE',#6573,#6591,#6594,.T.);
#5552=EDGE_CURVE('NONE',#6580,#6595,#6596,.T.);
#5553=EDGE_CURVE('NONE',#6595,#6570,#6597,.T.);
#5554=EDGE_CURVE('NONE',#6587,#6595,#6598,.T.);
#5555=COLOUR_RGB('',0.411764711141586,0.411764711141586,0.411764711141586);
#5556=EDGE_CURVE('NONE',#6599,#6600,#6601,.T.);
#5557=EDGE_CURVE('NONE',#6600,#6602,#6603,.T.);
#5558=EDGE_CURVE('NONE',#6602,#6604,#6605,.T.);
#5559=EDGE_CURVE('NONE',#6599,#6604,#6606,.T.);
#5560=EDGE_CURVE('NONE',#6607,#6608,#6609,.T.);
#5561=EDGE_CURVE('NONE',#6607,#6610,#6611,.T.);
#5562=EDGE_CURVE('NONE',#6610,#6612,#6613,.T.);
#5563=EDGE_CURVE('NONE',#6608,#6612,#6614,.T.);
#5564=EDGE_CURVE('NONE',#6615,#6616,#6617,.T.);
#5565=EDGE_CURVE('NONE',#6615,#6618,#6619,.T.);
#5566=EDGE_CURVE('NONE',#6618,#6620,#6621,.T.);
#5567=EDGE_CURVE('NONE',#6616,#6620,#6622,.T.);
#5568=EDGE_CURVE('NONE',#6623,#6624,#6625,.T.);
#5569=EDGE_CURVE('NONE',#6623,#6615,#6626,.T.);
#5570=EDGE_CURVE('NONE',#6624,#6616,#6627,.T.);
#5571=EDGE_CURVE('NONE',#6600,#6599,#6628,.T.);
#5572=EDGE_CURVE('NONE',#6604,#6602,#6629,.T.);
#5573=EDGE_CURVE('NONE',#6630,#6631,#6632,.T.);
#5574=EDGE_CURVE('NONE',#6631,#6633,#6634,.T.);
#5575=EDGE_CURVE('NONE',#6633,#6635,#6636,.T.);
#5576=EDGE_CURVE('NONE',#6635,#6637,#6638,.T.);
#5577=EDGE_CURVE('NONE',#6639,#6637,#6640,.T.);
#5578=EDGE_CURVE('NONE',#6639,#6641,#6642,.T.);
#5579=EDGE_CURVE('NONE',#6643,#6641,#6644,.T.);
#5580=EDGE_CURVE('NONE',#6643,#6630,#6645,.T.);
#5581=EDGE_CURVE('NONE',#6646,#6647,#6648,.T.);
#5582=EDGE_CURVE('NONE',#6647,#6649,#6650,.T.);
#5583=EDGE_CURVE('NONE',#6649,#6651,#6652,.T.);
#5584=EDGE_CURVE('NONE',#6651,#6646,#6653,.T.);
#5585=EDGE_CURVE('NONE',#6654,#6655,#6656,.T.);
#5586=EDGE_CURVE('NONE',#6655,#6657,#6658,.T.);
#5587=EDGE_CURVE('NONE',#6657,#6659,#6660,.T.);
#5588=EDGE_CURVE('NONE',#6659,#6654,#6661,.T.);
#5589=EDGE_CURVE('NONE',#6662,#6663,#6664,.T.);
#5590=EDGE_CURVE('NONE',#6663,#6665,#6666,.T.);
#5591=EDGE_CURVE('NONE',#6665,#6667,#6668,.T.);
#5592=EDGE_CURVE('NONE',#6667,#6662,#6669,.T.);
#5593=EDGE_CURVE('NONE',#6608,#6607,#6670,.T.);
#5594=EDGE_CURVE('NONE',#6671,#6649,#6672,.T.);
#5595=EDGE_CURVE('NONE',#6647,#6673,#6674,.T.);
#5596=EDGE_CURVE('NONE',#6673,#6671,#6675,.T.);
#5597=EDGE_CURVE('NONE',#6646,#6676,#6677,.T.);
#5598=EDGE_CURVE('NONE',#6676,#6673,#6678,.T.);
#5599=EDGE_CURVE('NONE',#6651,#6679,#6680,.T.);
#5600=EDGE_CURVE('NONE',#6679,#6676,#6681,.T.);
#5601=EDGE_CURVE('NONE',#6671,#6679,#6682,.T.);
#5602=EDGE_CURVE('NONE',#6683,#6684,#6685,.T.);
#5603=EDGE_CURVE('NONE',#6684,#6657,#6686,.T.);
#5604=EDGE_CURVE('NONE',#6655,#6687,#6688,.T.);
#5605=EDGE_CURVE('NONE',#6687,#6683,#6689,.T.);
#5606=EDGE_CURVE('NONE',#6690,#6691,#6692,.T.);
#5607=EDGE_CURVE('NONE',#6691,#6687,#6693,.T.);
#5608=EDGE_CURVE('NONE',#6654,#6690,#6694,.T.);
#5609=EDGE_CURVE('NONE',#6659,#6695,#6696,.T.);
#5610=EDGE_CURVE('NONE',#6695,#6690,#6697,.T.);
#5611=EDGE_CURVE('NONE',#6684,#6695,#6698,.T.);
#5612=EDGE_CURVE('NONE',#6665,#6699,#6700,.T.);
#5613=EDGE_CURVE('NONE',#6701,#6663,#6702,.T.);
#5614=EDGE_CURVE('NONE',#6703,#6701,#6704,.T.);
#5615=EDGE_CURVE('NONE',#6699,#6703,#6705,.T.);
#5616=EDGE_CURVE('NONE',#6701,#6706,#6707,.T.);
#5617=EDGE_CURVE('NONE',#6708,#6662,#6709,.T.);
#5618=EDGE_CURVE('NONE',#6706,#6708,#6710,.T.);
#5619=EDGE_CURVE('NONE',#6711,#6667,#6712,.T.);
#5620=EDGE_CURVE('NONE',#6708,#6711,#6713,.T.);
#5621=EDGE_CURVE('NONE',#6711,#6699,#6714,.T.);
#5622=EDGE_CURVE('NONE',#6715,#6716,#6717,.T.);
#5623=EDGE_CURVE('NONE',#6716,#6633,#6718,.T.);
#5624=EDGE_CURVE('NONE',#6631,#6719,#6720,.T.);
#5625=EDGE_CURVE('NONE',#6719,#6721,#6722,.T.);
#5626=EDGE_CURVE('NONE',#6721,#6715,#6723,.T.);
#5627=EDGE_CURVE('NONE',#6724,#6725,#6726,.T.);
#5628=EDGE_CURVE('NONE',#6725,#6630,#6727,.T.);
#5629=EDGE_CURVE('NONE',#6643,#6724,#6728,.T.);
#5630=EDGE_CURVE('NONE',#6729,#6639,#6730,.T.);
#5631=EDGE_CURVE('NONE',#6731,#6729,#6732,.T.);
#5632=EDGE_CURVE('NONE',#6641,#6731,#6733,.T.);
#5633=EDGE_CURVE('NONE',#6635,#6734,#6735,.T.);
#5634=EDGE_CURVE('NONE',#6734,#6736,#6737,.T.);
#5635=EDGE_CURVE('NONE',#6736,#6738,#6739,.T.);
#5636=EDGE_CURVE('NONE',#6738,#6740,#6741,.T.);
#5637=EDGE_CURVE('NONE',#6740,#6637,#6742,.T.);
#5638=EDGE_CURVE('NONE',#6612,#6610,#6743,.T.);
#5639=EDGE_CURVE('NONE',#6744,#6673,#6745,.T.);
#5640=EDGE_CURVE('NONE',#6746,#6744,#6747,.T.);
#5641=EDGE_CURVE('NONE',#6671,#6746,#6748,.T.);
#5642=EDGE_CURVE('NONE',#6749,#6676,#6750,.T.);
#5643=EDGE_CURVE('NONE',#6744,#6749,#6751,.T.);
#5644=EDGE_CURVE('NONE',#6752,#6679,#6753,.T.);
#5645=EDGE_CURVE('NONE',#6749,#6752,#6754,.T.);
#5646=EDGE_CURVE('NONE',#6752,#6746,#6755,.T.);
#5647=EDGE_CURVE('NONE',#6695,#6756,#6757,.T.);
#5648=EDGE_CURVE('NONE',#6756,#6683,#6758,.T.);
#5649=EDGE_CURVE('NONE',#6691,#6756,#6759,.T.);
#5650=EDGE_CURVE('NONE',#6760,#6711,#6761,.T.);
#5651=EDGE_CURVE('NONE',#6703,#6760,#6762,.T.);
#5652=EDGE_CURVE('NONE',#6706,#6760,#6763,.T.);
#5653=EDGE_CURVE('NONE',#6734,#6716,#6764,.T.);
#5654=EDGE_CURVE('NONE',#6715,#6765,#6766,.T.);
#5655=EDGE_CURVE('NONE',#6765,#6736,#6767,.T.);
#5656=EDGE_CURVE('NONE',#6725,#6719,#6768,.T.);
#5657=EDGE_CURVE('NONE',#6731,#6724,#6769,.T.);
#5658=EDGE_CURVE('NONE',#6740,#6729,#6770,.T.);
#5659=EDGE_CURVE('NONE',#6771,#6738,#6772,.T.);
#5660=EDGE_CURVE('NONE',#6721,#6771,#6773,.T.);
#5661=EDGE_CURVE('NONE',#6620,#6618,#6774,.T.);
#5662=EDGE_CURVE('NONE',#6771,#6765,#6775,.T.);
#5663=EDGE_CURVE('NONE',#6616,#6615,#6776,.T.);
#5664=EDGE_CURVE('NONE',#6624,#6623,#6777,.T.);
#5665=COLOUR_RGB('',1.0,1.0,1.0);
#5666=EDGE_CURVE('NONE',#6778,#6779,#6780,.T.);
#5667=EDGE_CURVE('NONE',#6779,#6781,#6782,.T.);
#5668=EDGE_CURVE('NONE',#6781,#6783,#6784,.T.);
#5669=EDGE_CURVE('NONE',#6783,#6785,#6786,.T.);
#5670=EDGE_CURVE('NONE',#6785,#6787,#6788,.T.);
#5671=EDGE_CURVE('NONE',#6787,#6778,#6789,.T.);
#5672=EDGE_CURVE('NONE',#6790,#6779,#6791,.T.);
#5673=EDGE_CURVE('NONE',#6790,#6792,#6793,.T.);
#5674=EDGE_CURVE('NONE',#6781,#6792,#6794,.T.);
#5675=EDGE_CURVE('NONE',#6795,#6796,#6797,.T.);
#5676=EDGE_CURVE('NONE',#6790,#6795,#6798,.T.);
#5677=EDGE_CURVE('NONE',#6799,#6778,#6800,.T.);
#5678=EDGE_CURVE('NONE',#6801,#6799,#6802,.T.);
#5679=EDGE_CURVE('NONE',#6803,#6801,#6804,.T.);
#5680=EDGE_CURVE('NONE',#6803,#6796,#6805,.T.);
#5681=EDGE_CURVE('NONE',#6799,#6806,#6807,.T.);
#5682=EDGE_CURVE('NONE',#6787,#6806,#6808,.T.);
#5683=EDGE_CURVE('NONE',#6809,#6810,#6811,.T.);
#5684=EDGE_CURVE('NONE',#6806,#6810,#6812,.T.);
#5685=EDGE_CURVE('NONE',#6813,#6785,#6814,.T.);
#5686=EDGE_CURVE('NONE',#6815,#6813,#6816,.T.);
#5687=EDGE_CURVE('NONE',#6817,#6815,#6818,.T.);
#5688=EDGE_CURVE('NONE',#6819,#6817,#6820,.T.);
#5689=EDGE_CURVE('NONE',#6821,#6819,#6822,.T.);
#5690=EDGE_CURVE('NONE',#6823,#6821,#6824,.T.);
#5691=EDGE_CURVE('NONE',#6825,#6823,#6826,.T.);
#5692=EDGE_CURVE('NONE',#6809,#6825,#6827,.T.);
#5693=EDGE_CURVE('NONE',#6828,#6783,#6829,.T.);
#5694=EDGE_CURVE('NONE',#6813,#6828,#6830,.T.);
#5695=EDGE_CURVE('NONE',#6828,#6792,#6831,.T.);
#5696=EDGE_CURVE('NONE',#6795,#6815,#6832,.T.);
#5697=EDGE_CURVE('NONE',#6817,#6796,#6833,.T.);
#5698=EDGE_CURVE('NONE',#6834,#6803,#6835,.T.);
#5699=EDGE_CURVE('NONE',#6801,#6836,#6837,.T.);
#5700=EDGE_CURVE('NONE',#6836,#6834,#6838,.T.);
#5701=EDGE_CURVE('NONE',#6839,#6840,#6841,.T.);
#5702=EDGE_CURVE('NONE',#6840,#6842,#6843,.T.);
#5703=EDGE_CURVE('NONE',#6842,#6844,#6845,.T.);
#5704=EDGE_CURVE('NONE',#6844,#6846,#6847,.T.);
#5705=EDGE_CURVE('NONE',#6846,#6809,#6848,.T.);
#5706=EDGE_CURVE('NONE',#6825,#6849,#6850,.T.);
#5707=EDGE_CURVE('NONE',#6849,#6851,#6852,.T.);
#5708=EDGE_CURVE('NONE',#6851,#6839,#6853,.T.);
#5709=EDGE_CURVE('NONE',#6854,#6855,#6856,.T.);
#5710=EDGE_CURVE('NONE',#6855,#6854,#6857,.T.);
#5711=EDGE_CURVE('NONE',#6858,#6836,#6859,.T.);
#5712=EDGE_CURVE('NONE',#6810,#6860,#6861,.T.);
#5713=EDGE_CURVE('NONE',#6860,#6862,#6863,.T.);
#5714=EDGE_CURVE('NONE',#6862,#6858,#6864,.T.);
#5715=EDGE_CURVE('NONE',#6865,#6834,#6866,.T.);
#5716=EDGE_CURVE('NONE',#6867,#6865,#6868,.T.);
#5717=EDGE_CURVE('NONE',#6869,#6867,#6870,.T.);
#5718=EDGE_CURVE('NONE',#6819,#6869,#6871,.T.);
#5719=EDGE_CURVE('NONE',#6872,#6873,#6874,.T.);
#5720=EDGE_CURVE('NONE',#6875,#6872,#6876,.T.);
#5721=EDGE_CURVE('NONE',#6877,#6875,#6878,.T.);
#5722=EDGE_CURVE('NONE',#6879,#6877,#6880,.T.);
#5723=EDGE_CURVE('NONE',#6881,#6879,#6882,.T.);
#5724=EDGE_CURVE('NONE',#6883,#6881,#6884,.T.);
#5725=EDGE_CURVE('NONE',#6823,#6883,#6885,.T.);
#5726=EDGE_CURVE('NONE',#6873,#6821,#6886,.T.);
#5727=EDGE_CURVE('NONE',#6887,#6888,#6889,.T.);
#5728=EDGE_CURVE('NONE',#6888,#6887,#6890,.T.);
#5729=EDGE_CURVE('NONE',#6849,#6883,#6891,.T.);
#5730=EDGE_CURVE('NONE',#6865,#6858,#6892,.T.);
#5731=EDGE_CURVE('NONE',#6855,#6893,#6894,.T.);
#5732=EDGE_CURVE('NONE',#6893,#6895,#6896,.T.);
#5733=EDGE_CURVE('NONE',#6895,#6854,#6897,.T.);
#5734=EDGE_CURVE('NONE',#6895,#6893,#6898,.T.);
#5735=EDGE_CURVE('NONE',#6877,#6840,#6899,.T.);
#5736=EDGE_CURVE('NONE',#6842,#6875,#6900,.T.);
#5737=EDGE_CURVE('NONE',#6879,#6839,#6901,.T.);
#5738=EDGE_CURVE('NONE',#6881,#6851,#6902,.T.);
#5739=EDGE_CURVE('NONE',#6860,#6846,#6903,.T.);
#5740=EDGE_CURVE('NONE',#6872,#6844,#6904,.T.);
#5741=EDGE_CURVE('NONE',#6867,#6862,#6905,.T.);
#5742=EDGE_CURVE('NONE',#6869,#6873,#6906,.T.);
#5743=EDGE_CURVE('NONE',#6907,#6887,#6908,.T.);
#5744=EDGE_CURVE('NONE',#6909,#6907,#6910,.T.);
#5745=EDGE_CURVE('NONE',#6888,#6909,#6911,.T.);
#5746=EDGE_CURVE('NONE',#6907,#6909,#6912,.T.);
#5747=EDGE_CURVE('NONE',#6913,#6893,#6914,.T.);
#5748=EDGE_CURVE('NONE',#6915,#6913,#6916,.T.);
#5749=EDGE_CURVE('NONE',#6895,#6915,#6917,.T.);
#5750=EDGE_CURVE('NONE',#6913,#6915,#6918,.T.);
#5751=EDGE_CURVE('NONE',#6907,#6919,#6920,.T.);
#5752=EDGE_CURVE('NONE',#6919,#6921,#6922,.T.);
#5753=EDGE_CURVE('NONE',#6921,#6909,#6923,.T.);
#5754=EDGE_CURVE('NONE',#6921,#6919,#6924,.T.);
#5755=COLOUR_RGB('',1.0,1.0,1.0);
#5756=EDGE_CURVE('NONE',#6925,#6926,#6927,.T.);
#5757=EDGE_CURVE('NONE',#6925,#6928,#6929,.T.);
#5758=EDGE_CURVE('NONE',#6930,#6928,#6931,.T.);
#5759=EDGE_CURVE('NONE',#6926,#6930,#6932,.T.);
#5760=EDGE_CURVE('NONE',#6926,#6933,#6934,.T.);
#5761=EDGE_CURVE('NONE',#6935,#6930,#6936,.T.);
#5762=EDGE_CURVE('NONE',#6935,#6933,#6937,.T.);
#5763=EDGE_CURVE('NONE',#6938,#6939,#6940,.T.);
#5764=EDGE_CURVE('NONE',#6938,#6941,#6942,.T.);
#5765=EDGE_CURVE('NONE',#6941,#6943,#6944,.T.);
#5766=EDGE_CURVE('NONE',#6939,#6943,#6945,.T.);
#5767=EDGE_CURVE('NONE',#6946,#6947,#6948,.T.);
#5768=EDGE_CURVE('NONE',#6946,#6949,#6950,.T.);
#5769=EDGE_CURVE('NONE',#6949,#6951,#6952,.T.);
#5770=EDGE_CURVE('NONE',#6947,#6951,#6953,.T.);
#5771=EDGE_CURVE('NONE',#6954,#6925,#6955,.T.);
#5772=EDGE_CURVE('NONE',#6956,#6954,#6957,.T.);
#5773=EDGE_CURVE('NONE',#6928,#6956,#6958,.T.);
#5774=EDGE_CURVE('NONE',#6933,#6959,#6960,.T.);
#5775=EDGE_CURVE('NONE',#6959,#6961,#6962,.T.);
#5776=EDGE_CURVE('NONE',#6961,#6963,#6964,.T.);
#5777=EDGE_CURVE('NONE',#6963,#6965,#6966,.T.);
#5778=EDGE_CURVE('NONE',#6965,#6967,#6968,.T.);
#5779=EDGE_CURVE('NONE',#6967,#6954,#6969,.T.);
#5780=EDGE_CURVE('NONE',#6939,#6938,#6970,.T.);
#5781=EDGE_CURVE('NONE',#6947,#6946,#6971,.T.);
#5782=EDGE_CURVE('NONE',#6972,#6973,#6974,.T.);
#5783=EDGE_CURVE('NONE',#6975,#6972,#6976,.T.);
#5784=EDGE_CURVE('NONE',#6935,#6975,#6977,.T.);
#5785=EDGE_CURVE('NONE',#6978,#6956,#6979,.T.);
#5786=EDGE_CURVE('NONE',#6980,#6978,#6981,.T.);
#5787=EDGE_CURVE('NONE',#6973,#6980,#6982,.T.);
#5788=EDGE_CURVE('NONE',#6951,#6949,#6983,.T.);
#5789=EDGE_CURVE('NONE',#6943,#6941,#6984,.T.);
#5790=EDGE_CURVE('NONE',#6959,#6975,#6985,.T.);
#5791=EDGE_CURVE('NONE',#6978,#6967,#6986,.T.);
#5792=EDGE_CURVE('NONE',#6987,#6965,#6988,.T.);
#5793=EDGE_CURVE('NONE',#6989,#6987,#6990,.T.);
#5794=EDGE_CURVE('NONE',#6991,#6989,#6992,.T.);
#5795=EDGE_CURVE('NONE',#6993,#6991,#6994,.T.);
#5796=EDGE_CURVE('NONE',#6980,#6993,#6995,.T.);
#5797=EDGE_CURVE('NONE',#6987,#6996,#6997,.T.);
#5798=EDGE_CURVE('NONE',#6996,#6963,#6998,.T.);
#5799=EDGE_CURVE('NONE',#6999,#6973,#7000,.T.);
#5800=EDGE_CURVE('NONE',#7001,#6999,#7002,.T.);
#5801=EDGE_CURVE('NONE',#7003,#7001,#7004,.T.);
#5802=EDGE_CURVE('NONE',#6996,#7003,#7005,.T.);
#5803=EDGE_CURVE('NONE',#6972,#6961,#7006,.T.);
#5804=EDGE_CURVE('NONE',#6993,#6999,#7007,.T.);
#5805=EDGE_CURVE('NONE',#7003,#7008,#7009,.T.);
#5806=EDGE_CURVE('NONE',#7008,#7010,#7011,.T.);
#5807=EDGE_CURVE('NONE',#7010,#7012,#7013,.T.);
#5808=EDGE_CURVE('NONE',#7012,#7014,#7015,.T.);
#5809=EDGE_CURVE('NONE',#7014,#7016,#7017,.T.);
#5810=EDGE_CURVE('NONE',#7016,#7018,#7019,.T.);
#5811=EDGE_CURVE('NONE',#7018,#7020,#7021,.T.);
#5812=EDGE_CURVE('NONE',#7020,#7022,#7023,.T.);
#5813=EDGE_CURVE('NONE',#7022,#7024,#7025,.T.);
#5814=EDGE_CURVE('NONE',#7024,#7026,#7027,.T.);
#5815=EDGE_CURVE('NONE',#7026,#7028,#7029,.T.);
#5816=EDGE_CURVE('NONE',#7028,#7030,#7031,.T.);
#5817=EDGE_CURVE('NONE',#7030,#7032,#7033,.T.);
#5818=EDGE_CURVE('NONE',#7032,#6989,#7034,.T.);
#5819=EDGE_CURVE('NONE',#7035,#7032,#7036,.T.);
#5820=EDGE_CURVE('NONE',#6991,#7035,#7037,.T.);
#5821=EDGE_CURVE('NONE',#7038,#7039,#7040,.T.);
#5822=EDGE_CURVE('NONE',#7041,#7038,#7042,.T.);
#5823=EDGE_CURVE('NONE',#7001,#7041,#7043,.T.);
#5824=EDGE_CURVE('NONE',#7044,#7035,#7045,.T.);
#5825=EDGE_CURVE('NONE',#7046,#7044,#7047,.T.);
#5826=EDGE_CURVE('NONE',#7048,#7046,#7049,.T.);
#5827=EDGE_CURVE('NONE',#7050,#7048,#7051,.T.);
#5828=EDGE_CURVE('NONE',#7052,#7050,#7053,.T.);
#5829=EDGE_CURVE('NONE',#7054,#7052,#7055,.T.);
#5830=EDGE_CURVE('NONE',#7056,#7054,#7057,.T.);
#5831=EDGE_CURVE('NONE',#7058,#7056,#7059,.T.);
#5832=EDGE_CURVE('NONE',#7060,#7058,#7061,.T.);
#5833=EDGE_CURVE('NONE',#7039,#7060,#7062,.T.);
#5834=EDGE_CURVE('NONE',#7063,#7041,#7064,.T.);
#5835=EDGE_CURVE('NONE',#7065,#7063,#7066,.T.);
#5836=EDGE_CURVE('NONE',#7067,#7065,#7068,.T.);
#5837=EDGE_CURVE('NONE',#7069,#7067,#7070,.T.);
#5838=EDGE_CURVE('NONE',#7008,#7069,#7071,.T.);
#5839=EDGE_CURVE('NONE',#7030,#7044,#7072,.T.);
#5840=EDGE_CURVE('NONE',#7046,#7028,#7073,.T.);
#5841=EDGE_CURVE('NONE',#7048,#7026,#7074,.T.);
#5842=EDGE_CURVE('NONE',#7050,#7024,#7075,.T.);
#5843=EDGE_CURVE('NONE',#7052,#7022,#7076,.T.);
#5844=EDGE_CURVE('NONE',#7054,#7020,#7077,.T.);
#5845=EDGE_CURVE('NONE',#7018,#7078,#7079,.T.);
#5846=EDGE_CURVE('NONE',#7078,#7080,#7081,.T.);
#5847=EDGE_CURVE('NONE',#7080,#7082,#7083,.T.);
#5848=EDGE_CURVE('NONE',#7082,#7084,#7085,.T.);
#5849=EDGE_CURVE('NONE',#7084,#7056,#7086,.T.);
#5850=EDGE_CURVE('NONE',#7016,#7087,#7088,.T.);
#5851=EDGE_CURVE('NONE',#7087,#7078,#7089,.T.);
#5852=EDGE_CURVE('NONE',#7090,#7058,#7091,.T.);
#5853=EDGE_CURVE('NONE',#7092,#7090,#7093,.T.);
#5854=EDGE_CURVE('NONE',#7094,#7092,#7095,.T.);
#5855=EDGE_CURVE('NONE',#7087,#7094,#7096,.T.);
#5856=EDGE_CURVE('NONE',#7060,#7014,#7097,.T.);
#5857=EDGE_CURVE('NONE',#7039,#7012,#7098,.T.);
#5858=EDGE_CURVE('NONE',#7099,#7010,#7100,.T.);
#5859=EDGE_CURVE('NONE',#7101,#7099,#7102,.T.);
#5860=EDGE_CURVE('NONE',#7103,#7101,#7104,.T.);
#5861=EDGE_CURVE('NONE',#7105,#7103,#7106,.T.);
#5862=EDGE_CURVE('NONE',#7038,#7105,#7107,.T.);
#5863=EDGE_CURVE('NONE',#7069,#7099,#7108,.T.);
#5864=EDGE_CURVE('NONE',#7063,#7105,#7109,.T.);
#5865=EDGE_CURVE('NONE',#7090,#7084,#7110,.T.);
#5866=EDGE_CURVE('NONE',#7111,#7103,#7112,.T.);
#5867=EDGE_CURVE('NONE',#7113,#7111,#7114,.T.);
#5868=EDGE_CURVE('NONE',#7065,#7113,#7115,.T.);
#5869=EDGE_CURVE('NONE',#7116,#7113,#7117,.T.);
#5870=EDGE_CURVE('NONE',#7067,#7116,#7118,.T.);
#5871=EDGE_CURVE('NONE',#7116,#7119,#7120,.T.);
#5872=EDGE_CURVE('NONE',#7119,#7101,#7121,.T.);
#5873=EDGE_CURVE('NONE',#7122,#7082,#7123,.T.);
#5874=EDGE_CURVE('NONE',#7124,#7122,#7125,.T.);
#5875=EDGE_CURVE('NONE',#7092,#7124,#7126,.T.);
#5876=EDGE_CURVE('NONE',#7127,#7080,#7128,.T.);
#5877=EDGE_CURVE('NONE',#7122,#7127,#7129,.T.);
#5878=EDGE_CURVE('NONE',#7130,#7127,#7131,.T.);
#5879=EDGE_CURVE('NONE',#7094,#7130,#7132,.T.);
#5880=EDGE_CURVE('NONE',#7130,#7124,#7133,.T.);
#5881=EDGE_CURVE('NONE',#7111,#7119,#7134,.T.);
#5882=COLOUR_RGB('',1.0,0.807843148708344,0.498039215803146);
#5883=EDGE_CURVE('NONE',#7135,#7136,#7137,.T.);
#5884=EDGE_CURVE('NONE',#7135,#7138,#7139,.T.);
#5885=EDGE_CURVE('NONE',#7140,#7138,#7141,.T.);
#5886=EDGE_CURVE('NONE',#7136,#7140,#7142,.T.);
#5887=EDGE_CURVE('NONE',#7140,#7143,#7144,.T.);
#5888=EDGE_CURVE('NONE',#7143,#7145,#7146,.T.);
#5889=EDGE_CURVE('NONE',#7147,#7145,#7148,.T.);
#5890=EDGE_CURVE('NONE',#7136,#7147,#7149,.T.);
#5891=EDGE_CURVE('NONE',#7150,#7151,#7152,.T.);
#5892=EDGE_CURVE('NONE',#7150,#7153,#7154,.T.);
#5893=EDGE_CURVE('NONE',#7155,#7153,#7156,.T.);
#5894=EDGE_CURVE('NONE',#7151,#7155,#7157,.T.);
#5895=EDGE_CURVE('NONE',#7158,#7159,#7160,.T.);
#5896=EDGE_CURVE('NONE',#7158,#7161,#7162,.T.);
#5897=EDGE_CURVE('NONE',#7161,#7163,#7164,.T.);
#5898=EDGE_CURVE('NONE',#7159,#7163,#7165,.T.);
#5899=EDGE_CURVE('NONE',#7166,#7167,#7168,.T.);
#5900=EDGE_CURVE('NONE',#7166,#7169,#7170,.T.);
#5901=EDGE_CURVE('NONE',#7169,#7171,#7172,.T.);
#5902=EDGE_CURVE('NONE',#7167,#7171,#7173,.T.);
#5903=EDGE_CURVE('NONE',#7174,#7175,#7176,.T.);
#5904=EDGE_CURVE('NONE',#7174,#7177,#7178,.T.);
#5905=EDGE_CURVE('NONE',#7177,#7179,#7180,.T.);
#5906=EDGE_CURVE('NONE',#7175,#7179,#7181,.T.);
#5907=EDGE_CURVE('NONE',#7182,#7177,#7183,.T.);
#5908=EDGE_CURVE('NONE',#7182,#7179,#7184,.T.);
#5909=EDGE_CURVE('NONE',#7143,#7135,#7185,.T.);
#5910=EDGE_CURVE('NONE',#7145,#7147,#7186,.T.);
#5911=EDGE_CURVE('NONE',#7187,#7188,#7189,.T.);
#5912=EDGE_CURVE('NONE',#7188,#7187,#7190,.T.);
#5913=EDGE_CURVE('NONE',#7187,#7153,#7191,.T.);
#5914=EDGE_CURVE('NONE',#7153,#7155,#7192,.T.);
#5915=EDGE_CURVE('NONE',#7155,#7188,#7193,.T.);
#5916=EDGE_CURVE('NONE',#7151,#7150,#7194,.T.);
#5917=EDGE_CURVE('NONE',#7150,#7195,#7196,.T.);
#5918=EDGE_CURVE('NONE',#7195,#7197,#7198,.T.);
#5919=EDGE_CURVE('NONE',#7197,#7151,#7199,.T.);
#5920=EDGE_CURVE('NONE',#7197,#7195,#7200,.T.);
#5921=EDGE_CURVE('NONE',#7163,#7161,#7201,.T.);
#5922=EDGE_CURVE('NONE',#7159,#7158,#7202,.T.);
#5923=EDGE_CURVE('NONE',#7171,#7169,#7203,.T.);
#5924=EDGE_CURVE('NONE',#7167,#7166,#7204,.T.);
#5925=EDGE_CURVE('NONE',#7167,#7205,#7206,.T.);
#5926=EDGE_CURVE('NONE',#7205,#7207,#7208,.T.);
#5927=EDGE_CURVE('NONE',#7207,#7166,#7209,.T.);
#5928=EDGE_CURVE('NONE',#7207,#7205,#7210,.T.);
#5929=EDGE_CURVE('NONE',#7205,#7175,#7211,.T.);
#5930=EDGE_CURVE('NONE',#7175,#7174,#7212,.T.);
#5931=EDGE_CURVE('NONE',#7174,#7207,#7213,.T.);
#5932=EDGE_CURVE('NONE',#7179,#7177,#7214,.T.);
#5933=VERTEX_POINT('',#7215);
#5934=VERTEX_POINT('',#7216);
#5935=LINE('',#7217,#7218);
#5936=VERTEX_POINT('NONE',#7219);
#5937=CIRCLE('',#7220,3.0);
#5938=VERTEX_POINT('NONE',#7221);
#5939=LINE('',#7222,#7223);
#5940=B_SPLINE_CURVE_WITH_KNOTS('',3,(#7224,#7225,#7226,#7227,#7228,#7229,#7230,#7231,#7232,#7233,#7234,#7235,#7236,#7237,#7238,#7239,#7240,#7241,#7242,#7243,#7244,#7245,#7246,#7247,#7248,#7249,#7250,#7251,#7252,#7253,#7254,#7255),.UNSPECIFIED.,.F.,.F.,(4,2,2,2,2,2,2,2,2,2,2,2,2,2,2,4),(0.0,0.000614170050879864,0.00122834010175973,0.00245668020351946,0.00307085025439932,0.00368502030527918,0.00429919035615904,0.0049133604070389,0.00552753045791877,0.00614170050879863,0.00675587055967849,0.00737004061055835,0.00798421066143822,0.00859838071231808,0.00921255076319794,0.0098267208140778),.UNSPECIFIED.);
#5941=VERTEX_POINT('NONE',#7256);
#5942=VERTEX_POINT('NONE',#7257);
#5943=CIRCLE('',#7258,1.25);
#5944=VERTEX_POINT('NONE',#7259);
#5945=LINE('',#7260,#7261);
#5946=VERTEX_POINT('NONE',#7262);
#5947=CIRCLE('',#7263,1.25);
#5948=LINE('',#7264,#7265);
#5949=VERTEX_POINT('NONE',#7266);
#5950=VERTEX_POINT('NONE',#7267);
#5951=CIRCLE('',#7268,1.1);
#5952=VERTEX_POINT('NONE',#7269);
#5953=LINE('',#7270,#7271);
#5954=VERTEX_POINT('NONE',#7272);
#5955=CIRCLE('',#7273,1.1);
#5956=LINE('',#7274,#7275);
#5957=VERTEX_POINT('NONE',#7276);
#5958=VERTEX_POINT('NONE',#7277);
#5959=CIRCLE('',#7278,1.525);
#5960=VERTEX_POINT('NONE',#7279);
#5961=LINE('',#7280,#7281);
#5962=VERTEX_POINT('NONE',#7282);
#5963=CIRCLE('',#7283,1.525);
#5964=LINE('',#7284,#7285);
#5965=VERTEX_POINT('NONE',#7286);
#5966=VERTEX_POINT('NONE',#7287);
#5967=CIRCLE('',#7288,0.7);
#5968=VERTEX_POINT('NONE',#7289);
#5969=LINE('',#7290,#7291);
#5970=VERTEX_POINT('NONE',#7292);
#5971=CIRCLE('',#7293,0.7);
#5972=VERTEX_POINT('NONE',#7294);
#5973=LINE('',#7295,#7296);
#5974=CIRCLE('',#7297,0.7);
#5975=VERTEX_POINT('NONE',#7298);
#5976=VERTEX_POINT('NONE',#7299);
#5977=CIRCLE('',#7300,3.2);
#5978=VERTEX_POINT('NONE',#7301);
#5979=LINE('',#7302,#7303);
#5980=VERTEX_POINT('NONE',#7304);
#5981=CIRCLE('',#7305,3.2);
#5982=VERTEX_POINT('NONE',#7306);
#5983=LINE('',#7307,#7308);
#5984=VERTEX_POINT('NONE',#7309);
#5985=CIRCLE('',#7310,3.2);
#5986=VERTEX_POINT('NONE',#7311);
#5987=LINE('',#7312,#7313);
#5988=VERTEX_POINT('NONE',#7314);
#5989=CIRCLE('',#7315,3.2);
#5990=LINE('',#7316,#7317);
#5991=VERTEX_POINT('NONE',#7318);
#5992=VERTEX_POINT('NONE',#7319);
#5993=CIRCLE('',#7320,1.32500000000004);
#5994=LINE('',#7321,#7322);
#5995=LINE('',#7323,#7324);
#5996=VERTEX_POINT('NONE',#7325);
#5997=VERTEX_POINT('NONE',#7326);
#5998=CIRCLE('',#7327,0.34999999999998);
#5999=VERTEX_POINT('NONE',#7328);
#6000=LINE('',#7329,#7330);
#6001=CIRCLE('',#7331,0.7);
#6002=LINE('',#7332,#7333);
#6003=VERTEX_POINT('NONE',#7334);
#6004=VERTEX_POINT('NONE',#7335);
#6005=CIRCLE('',#7336,1.75);
#6006=VERTEX_POINT('NONE',#7337);
#6007=LINE('',#7338,#7339);
#6008=VERTEX_POINT('NONE',#7340);
#6009=CIRCLE('',#7341,1.75);
#6010=LINE('',#7342,#7343);
#6011=VERTEX_POINT('NONE',#7344);
#6012=VERTEX_POINT('NONE',#7345);
#6013=CIRCLE('',#7346,1.05);
#6014=VERTEX_POINT('NONE',#7347);
#6015=LINE('',#7348,#7349);
#6016=VERTEX_POINT('NONE',#7350);
#6017=CIRCLE('',#7351,1.05);
#6018=LINE('',#7352,#7353);
#6019=CIRCLE('',#7354,1.25);
#6020=CIRCLE('',#7355,1.25);
#6021=VERTEX_POINT('NONE',#7356);
#6022=VERTEX_POINT('NONE',#7357);
#6023=LINE('',#7358,#7359);
#6024=VERTEX_POINT('NONE',#7360);
#6025=LINE('',#7361,#7362);
#6026=VERTEX_POINT('NONE',#7363);
#6027=LINE('',#7364,#7365);
#6028=LINE('',#7366,#7367);
#6029=CIRCLE('',#7368,1.1);
#6030=CIRCLE('',#7369,1.1);
#6031=VERTEX_POINT('NONE',#7370);
#6032=B_SPLINE_CURVE_WITH_KNOTS('',3,(#7371,#7372,#7373,#7374,#7375,#7376,#7377,#7378,#7379,#7380,#7381,#7382,#7383,#7384,#7385,#7386,#7387,#7388),.UNSPECIFIED.,.F.,.F.,(4,2,2,2,2,2,2,2,4),(0.0,0.249999999999998,0.374999999999998,0.5,0.625000000000002,0.750000000000002,0.875000000000001,0.9375,1.0),.UNSPECIFIED.);
#6033=VERTEX_POINT('NONE',#7389);
#6034=LINE('',#7390,#7391);
#6035=B_SPLINE_CURVE_WITH_KNOTS('',3,(#7392,#7393,#7394,#7395,#7396,#7397,#7398,#7399,#7400,#7401,#7402,#7403,#7404,#7405,#7406,#7407,#7408,#7409),.UNSPECIFIED.,.F.,.F.,(4,2,2,2,2,2,2,2,4),(0.0,0.0624999999999995,0.124999999999999,0.249999999999998,0.374999999999998,0.5,0.625000000000002,0.750000000000002,1.0),.UNSPECIFIED.);
#6036=VERTEX_POINT('NONE',#7410);
#6037=CIRCLE('',#7411,0.5);
#6038=VERTEX_POINT('NONE',#7412);
#6039=LINE('',#7413,#7414);
#6040=CIRCLE('',#7415,0.5);
#6041=VERTEX_POINT('NONE',#7416);
#6042=VERTEX_POINT('NONE',#7417);
#6043=LINE('',#7418,#7419);
#6044=VERTEX_POINT('NONE',#7420);
#6045=LINE('',#7421,#7422);
#6046=VERTEX_POINT('NONE',#7423);
#6047=LINE('',#7424,#7425);
#6048=VERTEX_POINT('NONE',#7426);
#6049=LINE('',#7427,#7428);
#6050=VERTEX_POINT('NONE',#7429);
#6051=LINE('',#7430,#7431);
#6052=VERTEX_POINT('NONE',#7432);
#6053=LINE('',#7433,#7434);
#6054=VERTEX_POINT('NONE',#7435);
#6055=LINE('',#7436,#7437);
#6056=VERTEX_POINT('NONE',#7438);
#6057=LINE('',#7439,#7440);
#6058=LINE('',#7441,#7442);
#6059=VERTEX_POINT('NONE',#7443);
#6060=CIRCLE('',#7444,0.5);
#6061=VERTEX_POINT('NONE',#7445);
#6062=LINE('',#7446,#7447);
#6063=VERTEX_POINT('NONE',#7448);
#6064=LINE('',#7449,#7450);
#6065=VERTEX_POINT('NONE',#7451);
#6066=CIRCLE('',#7452,3.95);
#6067=VERTEX_POINT('NONE',#7453);
#6068=LINE('',#7454,#7455);
#6069=VERTEX_POINT('NONE',#7456);
#6070=LINE('',#7457,#7458);
#6071=VERTEX_POINT('NONE',#7459);
#6072=LINE('',#7460,#7461);
#6073=VERTEX_POINT('NONE',#7462);
#6074=LINE('',#7463,#7464);
#6075=VERTEX_POINT('NONE',#7465);
#6076=LINE('',#7466,#7467);
#6077=VERTEX_POINT('NONE',#7468);
#6078=LINE('',#7469,#7470);
#6079=VERTEX_POINT('NONE',#7471);
#6080=LINE('',#7472,#7473);
#6081=VERTEX_POINT('NONE',#7474);
#6082=LINE('',#7475,#7476);
#6083=VERTEX_POINT('NONE',#7477);
#6084=LINE('',#7478,#7479);
#6085=VERTEX_POINT('NONE',#7480);
#6086=LINE('',#7481,#7482);
#6087=VERTEX_POINT('NONE',#7483);
#6088=LINE('',#7484,#7485);
#6089=VERTEX_POINT('NONE',#7486);
#6090=LINE('',#7487,#7488);
#6091=LINE('',#7489,#7490);
#6092=CIRCLE('',#7491,1.525);
#6093=VERTEX_POINT('NONE',#7492);
#6094=LINE('',#7493,#7494);
#6095=CIRCLE('',#7495,0.5);
#6096=CIRCLE('',#7496,0.7);
#6097=B_SPLINE_CURVE_WITH_KNOTS('',3,(#7497,#7498,#7499,#7500,#7501,#7502,#7503,#7504,#7505,#7506,#7507,#7508,#7509,#7510,#7511,#7512,#7513,#7514),.UNSPECIFIED.,.F.,.F.,(4,2,2,2,2,2,2,2,4),(0.0,0.0624999999999995,0.124999999999999,0.249999999999998,0.374999999999998,0.5,0.625000000000002,0.750000000000002,1.0),.UNSPECIFIED.);
#6098=VERTEX_POINT('NONE',#7515);
#6099=LINE('',#7516,#7517);
#6100=VERTEX_POINT('NONE',#7518);
#6101=LINE('',#7519,#7520);
#6102=LINE('',#7521,#7522);
#6103=CIRCLE('',#7523,3.2);
#6104=B_SPLINE_CURVE_WITH_KNOTS('',3,(#7524,#7525,#7526,#7527,#7528,#7529,#7530,#7531,#7532,#7533,#7534,#7535,#7536,#7537,#7538,#7539,#7540,#7541),.UNSPECIFIED.,.F.,.F.,(4,2,2,2,2,2,2,2,4),(0.0,0.249999999999998,0.374999999999998,0.5,0.625000000000002,0.750000000000002,0.875000000000001,0.9375,1.0),.UNSPECIFIED.);
#6105=VERTEX_POINT('NONE',#7542);
#6106=LINE('',#7543,#7544);
#6107=VERTEX_POINT('NONE',#7545);
#6108=LINE('',#7546,#7547);
#6109=VERTEX_POINT('NONE',#7548);
#6110=LINE('',#7549,#7550);
#6111=VERTEX_POINT('NONE',#7551);
#6112=LINE('',#7552,#7553);
#6113=VERTEX_POINT('NONE',#7554);
#6114=LINE('',#7555,#7556);
#6115=VERTEX_POINT('NONE',#7557);
#6116=LINE('',#7558,#7559);
#6117=VERTEX_POINT('NONE',#7560);
#6118=LINE('',#7561,#7562);
#6119=VERTEX_POINT('NONE',#7563);
#6120=LINE('',#7564,#7565);
#6121=LINE('',#7566,#7567);
#6122=VERTEX_POINT('NONE',#7568);
#6123=LINE('',#7569,#7570);
#6124=VERTEX_POINT('NONE',#7571);
#6125=LINE('',#7572,#7573);
#6126=VERTEX_POINT('NONE',#7574);
#6127=LINE('',#7575,#7576);
#6128=LINE('',#7577,#7578);
#6129=CIRCLE('',#7579,1.525);
#6130=VERTEX_POINT('NONE',#7580);
#6131=LINE('',#7581,#7582);
#6132=VERTEX_POINT('NONE',#7583);
#6133=LINE('',#7584,#7585);
#6134=LINE('',#7586,#7587);
#6135=VERTEX_POINT('NONE',#7588);
#6136=LINE('',#7589,#7590);
#6137=VERTEX_POINT('NONE',#7591);
#6138=LINE('',#7592,#7593);
#6139=LINE('',#7594,#7595);
#6140=VERTEX_POINT('NONE',#7596);
#6141=LINE('',#7597,#7598);
#6142=LINE('',#7599,#7600);
#6143=VERTEX_POINT('NONE',#7601);
#6144=LINE('',#7602,#7603);
#6145=LINE('',#7604,#7605);
#6146=VERTEX_POINT('NONE',#7606);
#6147=LINE('',#7607,#7608);
#6148=LINE('',#7609,#7610);
#6149=VERTEX_POINT('NONE',#7611);
#6150=VERTEX_POINT('NONE',#7612);
#6151=LINE('',#7613,#7614);
#6152=VERTEX_POINT('NONE',#7615);
#6153=LINE('',#7616,#7617);
#6154=LINE('',#7618,#7619);
#6155=LINE('',#7620,#7621);
#6156=VERTEX_POINT('NONE',#7622);
#6157=VERTEX_POINT('NONE',#7623);
#6158=LINE('',#7624,#7625);
#6159=VERTEX_POINT('NONE',#7626);
#6160=LINE('',#7627,#7628);
#6161=VERTEX_POINT('NONE',#7629);
#6162=LINE('',#7630,#7631);
#6163=VERTEX_POINT('NONE',#7632);
#6164=LINE('',#7633,#7634);
#6165=CIRCLE('',#7635,0.2);
#6166=VERTEX_POINT('NONE',#7636);
#6167=VERTEX_POINT('NONE',#7637);
#6168=LINE('',#7638,#7639);
#6169=VERTEX_POINT('NONE',#7640);
#6170=LINE('',#7641,#7642);
#6171=VERTEX_POINT('NONE',#7643);
#6172=LINE('',#7644,#7645);
#6173=VERTEX_POINT('NONE',#7646);
#6174=LINE('',#7647,#7648);
#6175=VERTEX_POINT('NONE',#7649);
#6176=CIRCLE('',#7650,0.2);
#6177=LINE('',#7651,#7652);
#6178=VERTEX_POINT('NONE',#7653);
#6179=LINE('',#7654,#7655);
#6180=VERTEX_POINT('NONE',#7656);
#6181=CIRCLE('',#7657,3.95);
#6182=LINE('',#7658,#7659);
#6183=VERTEX_POINT('NONE',#7660);
#6184=LINE('',#7661,#7662);
#6185=VERTEX_POINT('NONE',#7663);
#6186=CIRCLE('',#7664,3.95);
#6187=VERTEX_POINT('NONE',#7665);
#6188=LINE('',#7666,#7667);
#6189=B_SPLINE_CURVE_WITH_KNOTS('',3,(#7668,#7669,#7670,#7671,#7672,#7673,#7674,#7675,#7676,#7677,#7678,#7679,#7680,#7681,#7682,#7683,#7684,#7685,#7686,#7687,#7688,#7689,#7690,#7691,#7692,#7693,#7694,#7695,#7696,#7697,#7698,#7699),.UNSPECIFIED.,.F.,.F.,(4,2,2,2,2,2,2,2,2,2,2,2,2,2,2,4),(0.0,0.000614170050879864,0.00122834010175973,0.00245668020351946,0.00307085025439932,0.00368502030527918,0.00429919035615904,0.0049133604070389,0.00552753045791877,0.00614170050879863,0.00675587055967849,0.00737004061055835,0.00798421066143822,0.00859838071231808,0.00921255076319794,0.0098267208140778),.UNSPECIFIED.);
#6190=VERTEX_POINT('NONE',#7700);
#6191=LINE('',#7701,#7702);
#6192=LINE('',#7703,#7704);
#6193=VERTEX_POINT('NONE',#7705);
#6194=LINE('',#7706,#7707);
#6195=VERTEX_POINT('NONE',#7708);
#6196=LINE('',#7709,#7710);
#6197=LINE('',#7711,#7712);
#6198=CIRCLE('',#7713,0.7);
#6199=CIRCLE('',#7714,3.2);
#6200=B_SPLINE_CURVE_WITH_KNOTS('',3,(#7715,#7716,#7717,#7718,#7719,#7720,#7721,#7722,#7723,#7724,#7725,#7726,#7727,#7728,#7729,#7730,#7731,#7732),.UNSPECIFIED.,.F.,.F.,(4,2,2,2,2,2,2,2,4),(0.0,0.249999999999998,0.374999999999998,0.5,0.625000000000002,0.750000000000002,0.875000000000001,0.9375,1.0),.UNSPECIFIED.);
#6201=B_SPLINE_CURVE_WITH_KNOTS('',3,(#7733,#7734,#7735,#7736,#7737,#7738,#7739,#7740,#7741,#7742,#7743,#7744,#7745,#7746,#7747,#7748,#7749,#7750),.UNSPECIFIED.,.F.,.F.,(4,2,2,2,2,2,2,2,4),(0.0,0.0624999999999995,0.124999999999999,0.249999999999998,0.374999999999998,0.5,0.625000000000002,0.750000000000002,1.0),.UNSPECIFIED.);
#6202=VERTEX_POINT('NONE',#7751);
#6203=B_SPLINE_CURVE_WITH_KNOTS('',3,(#7752,#7753,#7754,#7755,#7756,#7757,#7758,#7759,#7760,#7761,#7762,#7763,#7764,#7765,#7766,#7767,#7768,#7769),.UNSPECIFIED.,.F.,.F.,(4,2,2,2,2,2,2,2,4),(0.0,0.0624999999999995,0.124999999999999,0.249999999999998,0.374999999999998,0.5,0.625000000000002,0.750000000000002,1.0),.UNSPECIFIED.);
#6204=VERTEX_POINT('NONE',#7770);
#6205=LINE('',#7771,#7772);
#6206=B_SPLINE_CURVE_WITH_KNOTS('',3,(#7773,#7774,#7775,#7776,#7777,#7778,#7779,#7780,#7781,#7782,#7783,#7784,#7785,#7786,#7787,#7788,#7789,#7790),.UNSPECIFIED.,.F.,.F.,(4,2,2,2,2,2,2,2,4),(0.0,0.249999999999998,0.374999999999998,0.5,0.625000000000002,0.750000000000002,0.875000000000001,0.9375,1.0),.UNSPECIFIED.);
#6207=VERTEX_POINT('NONE',#7791);
#6208=LINE('',#7792,#7793);
#6209=VERTEX_POINT('NONE',#7794);
#6210=LINE('',#7795,#7796);
#6211=VERTEX_POINT('NONE',#7797);
#6212=LINE('',#7798,#7799);
#6213=VERTEX_POINT('NONE',#7800);
#6214=LINE('',#7801,#7802);
#6215=VERTEX_POINT('NONE',#7803);
#6216=LINE('',#7804,#7805);
#6217=VERTEX_POINT('NONE',#7806);
#6218=LINE('',#7807,#7808);
#6219=VERTEX_POINT('NONE',#7809);
#6220=LINE('',#7810,#7811);
#6221=LINE('',#7812,#7813);
#6222=VERTEX_POINT('NONE',#7814);
#6223=CIRCLE('',#7815,0.5);
#6224=LINE('',#7816,#7817);
#6225=CIRCLE('',#7818,0.5);
#6226=LINE('',#7819,#7820);
#6227=VERTEX_POINT('NONE',#7821);
#6228=LINE('',#7822,#7823);
#6229=LINE('',#7824,#7825);
#6230=VERTEX_POINT('NONE',#7826);
#6231=LINE('',#7827,#7828);
#6232=VERTEX_POINT('NONE',#7829);
#6233=LINE('',#7830,#7831);
#6234=VERTEX_POINT('NONE',#7832);
#6235=LINE('',#7833,#7834);
#6236=VERTEX_POINT('NONE',#7835);
#6237=LINE('',#7836,#7837);
#6238=VERTEX_POINT('NONE',#7838);
#6239=LINE('',#7839,#7840);
#6240=VERTEX_POINT('NONE',#7841);
#6241=LINE('',#7842,#7843);
#6242=LINE('',#7844,#7845);
#6243=VERTEX_POINT('NONE',#7846);
#6244=LINE('',#7847,#7848);
#6245=VERTEX_POINT('NONE',#7849);
#6246=LINE('',#7850,#7851);
#6247=VERTEX_POINT('NONE',#7852);
#6248=LINE('',#7853,#7854);
#6249=LINE('',#7855,#7856);
#6250=LINE('',#7857,#7858);
#6251=CIRCLE('',#7859,1.32500000000004);
#6252=VERTEX_POINT('NONE',#7860);
#6253=LINE('',#7861,#7862);
#6254=VERTEX_POINT('NONE',#7863);
#6255=LINE('',#7864,#7865);
#6256=LINE('',#7866,#7867);
#6257=VERTEX_POINT('NONE',#7868);
#6258=LINE('',#7869,#7870);
#6259=LINE('',#7871,#7872);
#6260=VERTEX_POINT('NONE',#7873);
#6261=LINE('',#7874,#7875);
#6262=LINE('',#7876,#7877);
#6263=VERTEX_POINT('NONE',#7878);
#6264=VERTEX_POINT('NONE',#7879);
#6265=LINE('',#7880,#7881);
#6266=LINE('',#7882,#7883);
#6267=LINE('',#7884,#7885);
#6268=VERTEX_POINT('NONE',#7886);
#6269=LINE('',#7887,#7888);
#6270=LINE('',#7889,#7890);
#6271=VERTEX_POINT('NONE',#7891);
#6272=CIRCLE('',#7892,0.2);
#6273=LINE('',#7893,#7894);
#6274=VERTEX_POINT('NONE',#7895);
#6275=LINE('',#7896,#7897);
#6276=LINE('',#7898,#7899);
#6277=LINE('',#7900,#7901);
#6278=VERTEX_POINT('NONE',#7902);
#6279=VERTEX_POINT('NONE',#7903);
#6280=LINE('',#7904,#7905);
#6281=LINE('',#7906,#7907);
#6282=LINE('',#7908,#7909);
#6283=VERTEX_POINT('NONE',#7910);
#6284=LINE('',#7911,#7912);
#6285=LINE('',#7913,#7914);
#6286=VERTEX_POINT('NONE',#7915);
#6287=LINE('',#7916,#7917);
#6288=LINE('',#7918,#7919);
#6289=VERTEX_POINT('NONE',#7920);
#6290=CIRCLE('',#7921,0.2);
#6291=LINE('',#7922,#7923);
#6292=VERTEX_POINT('NONE',#7924);
#6293=LINE('',#7925,#7926);
#6294=LINE('',#7927,#7928);
#6295=LINE('',#7929,#7930);
#6296=VERTEX_POINT('NONE',#7931);
#6297=VERTEX_POINT('NONE',#7932);
#6298=LINE('',#7933,#7934);
#6299=LINE('',#7935,#7936);
#6300=LINE('',#7937,#7938);
#6301=CIRCLE('',#7939,0.5);
#6302=LINE('',#7940,#7941);
#6303=CIRCLE('',#7942,0.5);
#6304=VERTEX_POINT('NONE',#7943);
#6305=LINE('',#7944,#7945);
#6306=LINE('',#7946,#7947);
#6307=CIRCLE('',#7948,3.0);
#6308=LINE('',#7949,#7950);
#6309=VERTEX_POINT('NONE',#7951);
#6310=LINE('',#7952,#7953);
#6311=LINE('',#7954,#7955);
#6312=VERTEX_POINT('NONE',#7956);
#6313=LINE('',#7957,#7958);
#6314=VERTEX_POINT('NONE',#7959);
#6315=LINE('',#7960,#7961);
#6316=VERTEX_POINT('NONE',#7962);
#6317=LINE('',#7963,#7964);
#6318=VERTEX_POINT('NONE',#7965);
#6319=LINE('',#7966,#7967);
#6320=VERTEX_POINT('NONE',#7968);
#6321=LINE('',#7969,#7970);
#6322=VERTEX_POINT('NONE',#7971);
#6323=LINE('',#7972,#7973);
#6324=LINE('',#7974,#7975);
#6325=LINE('',#7976,#7977);
#6326=LINE('',#7978,#7979);
#6327=VERTEX_POINT('NONE',#7980);
#6328=LINE('',#7981,#7982);
#6329=LINE('',#7983,#7984);
#6330=VERTEX_POINT('NONE',#7985);
#6331=LINE('',#7986,#7987);
#6332=LINE('',#7988,#7989);
#6333=VERTEX_POINT('NONE',#7990);
#6334=LINE('',#7991,#7992);
#6335=LINE('',#7993,#7994);
#6336=VERTEX_POINT('NONE',#7995);
#6337=LINE('',#7996,#7997);
#6338=LINE('',#7998,#7999);
#6339=LINE('',#8000,#8001);
#6340=VERTEX_POINT('NONE',#8002);
#6341=LINE('',#8003,#8004);
#6342=LINE('',#8005,#8006);
#6343=CIRCLE('',#8007,1.75);
#6344=CIRCLE('',#8008,0.34999999999998);
#6345=VERTEX_POINT('NONE',#8009);
#6346=LINE('',#8010,#8011);
#6347=VERTEX_POINT('NONE',#8012);
#6348=LINE('',#8013,#8014);
#6349=LINE('',#8015,#8016);
#6350=LINE('',#8017,#8018);
#6351=LINE('',#8019,#8020);
#6352=VERTEX_POINT('NONE',#8021);
#6353=LINE('',#8022,#8023);
#6354=LINE('',#8024,#8025);
#6355=LINE('',#8026,#8027);
#6356=VERTEX_POINT('NONE',#8028);
#6357=LINE('',#8029,#8030);
#6358=LINE('',#8031,#8032);
#6359=LINE('',#8033,#8034);
#6360=LINE('',#8035,#8036);
#6361=LINE('',#8037,#8038);
#6362=VERTEX_POINT('NONE',#8039);
#6363=LINE('',#8040,#8041);
#6364=LINE('',#8042,#8043);
#6365=VERTEX_POINT('NONE',#8044);
#6366=LINE('',#8045,#8046);
#6367=LINE('',#8047,#8048);
#6368=LINE('',#8049,#8050);
#6369=CIRCLE('',#8051,1.05);
#6370=VERTEX_POINT('NONE',#8052);
#6371=LINE('',#8053,#8054);
#6372=LINE('',#8055,#8056);
#6373=VERTEX_POINT('NONE',#8057);
#6374=VERTEX_POINT('NONE',#8058);
#6375=LINE('',#8059,#8060);
#6376=LINE('',#8061,#8062);
#6377=LINE('',#8063,#8064);
#6378=VERTEX_POINT('NONE',#8065);
#6379=LINE('',#8066,#8067);
#6380=LINE('',#8068,#8069);
#6381=VERTEX_POINT('NONE',#8070);
#6382=LINE('',#8071,#8072);
#6383=VERTEX_POINT('NONE',#8073);
#6384=LINE('',#8074,#8075);
#6385=LINE('',#8076,#8077);
#6386=LINE('',#8078,#8079);
#6387=CIRCLE('',#8080,1.75);
#6388=VERTEX_POINT('NONE',#8081);
#6389=LINE('',#8082,#8083);
#6390=LINE('',#8084,#8085);
#6391=VERTEX_POINT('NONE',#8086);
#6392=LINE('',#8087,#8088);
#6393=LINE('',#8089,#8090);
#6394=LINE('',#8091,#8092);
#6395=CIRCLE('',#8093,1.05);
#6396=LINE('',#8094,#8095);
#6397=VERTEX_POINT('NONE',#8096);
#6398=VERTEX_POINT('NONE',#8097);
#6399=CIRCLE('',#8098,0.8);
#6400=VERTEX_POINT('NONE',#8099);
#6401=LINE('',#8100,#8101);
#6402=VERTEX_POINT('NONE',#8102);
#6403=CIRCLE('',#8103,0.8);
#6404=VERTEX_POINT('NONE',#8104);
#6405=LINE('',#8105,#8106);
#6406=CIRCLE('',#8107,0.8);
#6407=VERTEX_POINT('NONE',#8108);
#6408=VERTEX_POINT('NONE',#8109);
#6409=CIRCLE('',#8110,0.44999999999998);
#6410=VERTEX_POINT('NONE',#8111);
#6411=LINE('',#8112,#8113);
#6412=CIRCLE('',#8114,0.8);
#6413=LINE('',#8115,#8116);
#6414=CIRCLE('',#8117,0.8);
#6415=CIRCLE('',#8118,0.8);
#6416=CIRCLE('',#8119,0.44999999999998);
#6417=VERTEX_POINT('NONE',#8120);
#6418=VERTEX_POINT('NONE',#8121);
#6419=LINE('',#8122,#8123);
#6420=VERTEX_POINT('NONE',#8124);
#6421=LINE('',#8125,#8126);
#6422=VERTEX_POINT('NONE',#8127);
#6423=LINE('',#8128,#8129);
#6424=LINE('',#8130,#8131);
#6425=VERTEX_POINT('NONE',#8132);
#6426=VERTEX_POINT('NONE',#8133);
#6427=LINE('',#8134,#8135);
#6428=VERTEX_POINT('NONE',#8136);
#6429=LINE('',#8137,#8138);
#6430=VERTEX_POINT('NONE',#8139);
#6431=CIRCLE('',#8140,0.200000004);
#6432=VERTEX_POINT('NONE',#8141);
#6433=LINE('',#8142,#8143);
#6434=CIRCLE('',#8144,0.500000003);
#6435=VERTEX_POINT('NONE',#8145);
#6436=LINE('',#8146,#8147);
#6437=VERTEX_POINT('NONE',#8148);
#6438=LINE('',#8149,#8150);
#6439=VERTEX_POINT('NONE',#8151);
#6440=CIRCLE('',#8152,0.200000003);
#6441=VERTEX_POINT('NONE',#8153);
#6442=LINE('',#8154,#8155);
#6443=VERTEX_POINT('NONE',#8156);
#6444=CIRCLE('',#8157,0.500000004000001);
#6445=LINE('',#8158,#8159);
#6446=VERTEX_POINT('NONE',#8160);
#6447=LINE('',#8161,#8162);
#6448=LINE('',#8163,#8164);
#6449=VERTEX_POINT('NONE',#8165);
#6450=VERTEX_POINT('NONE',#8166);
#6451=LINE('',#8167,#8168);
#6452=VERTEX_POINT('NONE',#8169);
#6453=LINE('',#8170,#8171);
#6454=VERTEX_POINT('NONE',#8172);
#6455=CIRCLE('',#8173,0.500000004000001);
#6456=VERTEX_POINT('NONE',#8174);
#6457=LINE('',#8175,#8176);
#6458=VERTEX_POINT('NONE',#8177);
#6459=CIRCLE('',#8178,0.200000003);
#6460=LINE('',#8179,#8180);
#6461=VERTEX_POINT('NONE',#8181);
#6462=CIRCLE('',#8182,0.500000003);
#6463=VERTEX_POINT('NONE',#8183);
#6464=LINE('',#8184,#8185);
#6465=VERTEX_POINT('NONE',#8186);
#6466=CIRCLE('',#8187,0.200000004);
#6467=LINE('',#8188,#8189);
#6468=LINE('',#8190,#8191);
#6469=VERTEX_POINT('NONE',#8192);
#6470=CIRCLE('',#8193,0.3);
#6471=VERTEX_POINT('NONE',#8194);
#6472=CIRCLE('',#8195,0.3);
#6473=LINE('',#8196,#8197);
#6474=LINE('',#8198,#8199);
#6475=VERTEX_POINT('NONE',#8200);
#6476=CIRCLE('',#8201,0.3);
#6477=VERTEX_POINT('NONE',#8202);
#6478=LINE('',#8203,#8204);
#6479=CIRCLE('',#8205,0.3);
#6480=LINE('',#8206,#8207);
#6481=LINE('',#8208,#8209);
#6482=LINE('',#8210,#8211);
#6483=LINE('',#8212,#8213);
#6484=LINE('',#8214,#8215);
#6485=LINE('',#8216,#8217);
#6486=LINE('',#8218,#8219);
#6487=VERTEX_POINT('',#8220);
#6488=VERTEX_POINT('',#8221);
#6489=LINE('',#8222,#8223);
#6490=VERTEX_POINT('NONE',#8224);
#6491=B_SPLINE_CURVE_WITH_KNOTS('',3,(#8225,#8226,#8227,#8228,#8229,#8230,#8231,#8232,#8233,#8234),.UNSPECIFIED.,.F.,.F.,(4,2,2,2,4),(6.17537689592195E-13,0.000457090123525546,0.000914180246433553,0.00137127036934156,0.00182836049224957),.UNSPECIFIED.);
#6492=VERTEX_POINT('NONE',#8235);
#6493=LINE('',#8236,#8237);
#6494=B_SPLINE_CURVE_WITH_KNOTS('',3,(#8238,#8239,#8240,#8241,#8242,#8243,#8244,#8245,#8246,#8247),.UNSPECIFIED.,.F.,.F.,(4,2,2,2,4),(0.0,0.000457090122955486,0.000914180245910971,0.00137127036886646,0.00182836049182194),.UNSPECIFIED.);
#6495=VERTEX_POINT('',#8248);
#6496=VERTEX_POINT('',#8249);
#6497=LINE('',#8250,#8251);
#6498=VERTEX_POINT('NONE',#8252);
#6499=B_SPLINE_CURVE_WITH_KNOTS('',3,(#8253,#8254,#8255,#8256,#8257,#8258,#8259,#8260,#8261,#8262,#8263,#8264),.UNSPECIFIED.,.F.,.F.,(4,2,2,2,2,4),(1.22476204086236E-11,0.000323969880313195,0.00064793974837877,0.00129587948450992,0.00194381922064107,0.00259175895677222),.UNSPECIFIED.);
#6500=VERTEX_POINT('NONE',#8265);
#6501=LINE('',#8266,#8267);
#6502=B_SPLINE_CURVE_WITH_KNOTS('',3,(#8268,#8269,#8270,#8271,#8272,#8273,#8274,#8275,#8276,#8277,#8278,#8279,#8280,#8281,#8282,#8283,#8284,#8285,#8286,#8287,#8288,#8289,#8290,#8291,#8292,#8293,#8294,#8295,#8296,#8297,#8298,#8299,#8300,#8301,#8302,#8303,#8304,#8305,#8306,#8307,#8308,#8309,#8310,#8311,#8312,#8313,#8314,#8315,#8316,#8317,#8318,#8319,#8320,#8321,#8322,#8323,#8324,#8325,#8326,#8327,#8328,#8329,#8330,#8331,#8332,#8333,#8334,#8335,#8336,#8337,#8338,#8339,#8340,#8341,#8342,#8343,#8344,#8345,#8346,#8347,#8348,#8349,#8350,#8351,#8352,#8353,#8354,#8355,#8356,#8357,#8358,#8359,#8360,#8361,#8362,#8363,#8364,#8365,#8366,#8367,#8368,#8369,#8370,#8371,#8372,#8373,#8374,#8375,#8376,#8377,#8378,#8379,#8380,#8381,#8382,#8383,#8384,#8385,#8386,#8387,#8388,#8389,#8390,#8391,#8392,#8393,#8394,#8395,#8396,#8397,#8398,#8399,#8400,#8401,#8402,#8403,#8404,#8405,#8406,#8407,#8408,#8409,#8410,#8411,#8412,#8413,#8414,#8415,#8416,#8417,#8418,#8419,#8420,#8421,#8422,#8423,#8424,#8425,#8426,#8427,#8428,#8429,#8430,#8431,#8432,#8433,#8434,#8435,#8436,#8437,#8438,#8439,#8440,#8441,#8442,#8443,#8444,#8445,#8446,#8447,#8448,#8449,#8450,#8451,#8452,#8453,#8454,#8455,#8456,#8457,#8458,#8459,#8460,#8461,#8462,#8463,#8464,#8465,#8466,#8467,#8468,#8469,#8470,#8471,#8472,#8473,#8474,#8475,#8476,#8477,#8478,#8479,#8480,#8481,#8482,#8483,#8484,#8485,#8486,#8487,#8488,#8489,#8490,#8491,#8492,#8493,#8494,#8495,#8496,#8497,#8498,#8499,#8500,#8501,#8502,#8503,#8504,#8505,#8506,#8507,#8508,#8509,#8510,#8511,#8512,#8513,#8514,#8515,#8516,#8517,#8518,#8519,#8520,#8521,#8522,#8523,#8524,#8525,#8526,#8527,#8528,#8529,#8530,#8531,#8532,#8533,#8534,#8535,#8536,#8537,#8538,#8539,#8540,#8541,#8542,#8543,#8544,#8545,#8546,#8547,#8548,#8549,#8550,#8551,#8552,#8553,#8554,#8555,#8556,#8557,#8558,#8559,#8560,#8561,#8562,#8563,#8564,#8565,#8566,#8567,#8568,#8569,#8570,#8571,#8572,#8573,#8574,#8575,#8576,#8577,#8578,#8579,#8580,#8581,#8582,#8583,#8584,#8585,#8586,#8587,#8588,#8589,#8590,#8591,#8592,#8593,#8594,#8595,#8596,#8597,#8598,#8599,#8600,#8601,#8602,#8603,#8604,#8605,#8606,#8607,#8608,#8609,#8610,#8611,#8612,#8613,#8614,#8615,#8616,#8617,#8618,#8619,#8620,#8621,#8622,#8623,#8624,#8625,#8626,#8627,#8628,#8629,#8630,#8631,#8632,#8633,#8634,#8635,#8636,#8637,#8638,#8639,#8640,#8641,#8642,#8643,#8644,#8645,#8646,#8647,#8648,#8649),.UNSPECIFIED.,.F.,.F.,(4,3,3,3,3,3,3,3,3,3,3,3,3,3,3,3,3,3,3,3,3,3,3,3,3,3,3,3,3,3,3,3,3,3,3,3,3,3,3,3,3,3,3,3,3,3,3,3,3,3,3,3,3,3,3,3,3,3,3,3,3,3,3,3,3,3,3,3,3,3,3,3,3,3,3,3,3,3,3,3,3,3,3,3,3,3,3,3,3,3,3,3,3,3,3,3,3,3,3,3,3,3,3,3,3,3,3,3,3,3,3,3,3,3,3,3,3,3,3,3,3,3,3,3,3,3,3,4),(2.76172240614763E-14,3.89310706454455E-05,5.83911040708636E-05,7.78511374916532E-05,9.73111709094305E-05,0.000116771204325458,0.000136231237740698,0.000155691271155837,0.000175151304571348,0.000194611337987504,0.000214071371404428,0.000233531404822114,0.000252991438240472,0.00027245147165936,0.000291911505078594,0.000311371538497984,0.000330831571917341,0.000350291605336501,0.000369751638755333,0.000408682709468199,0.000428142742886494,0.000447602776304338,0.000467062809721785,0.00048652284313892,0.00050598287655582,0.000525442909972562,0.000544902943389202,0.000564362976805742,0.000583823010222121,0.000603283043638201,0.000622743077053747,0.000642203110468682,0.00066166314388682,0.000681123177304165,0.000700583210729231,0.000720043244149602,0.000739503277567103,0.000758963310983151,0.000797894381612742,0.000817354415028342,0.000836814448445005,0.000856274481862795,0.000875734515281637,0.000895194548701361,0.000914654582121725,0.000934114615542453,0.000953574648963262,0.000973034682383889,0.000992494715804098,0.0010119547492237,0.00103141478264256,0.00105087481606063,0.00107033484947789,0.00108979488289441,0.00110925491631029,0.00112871494972568,0.00114817498314077,0.00118710605378461,0.00120656608720134,0.00122602612061837,0.00124548615403575,0.00126494618745338,0.00128440622087109,0.00130386625428817,0.00132332628770658,0.00134278632112333,0.0013622463545468,0.00138170638796621,0.00140116642138326,0.00142062645479924,0.00144008648821509,0.00145954652163147,0.00147900655504876,0.00149846658846715,0.00151792662188666,0.00153738665530718,0.00157631772600909,0.00159577775943003,0.00161523779285096,0.00163469782627162,0.0016541578596918,0.00167361789311132,0.00169307792653008,0.00171253795994804,0.0017319979933652,0.00175145802678164,0.0017709180601975,0.00179037809361292,0.0018098381270281,0.00182929816044323,0.00184875819385848,0.00186821822727399,0.00188767826068983,0.00190713829410599,0.00192659832752237,0.00196552939816017,0.00198498943157472,0.00200444946500037,0.00202390949842041,0.00204336953183673,0.00206282956525085,0.00208228959866392,0.00210174963207682,0.00212120966549015,0.00214066969890428,0.0021601297323194,0.00217958976573556,0.00219904979915267,0.00221850983257059,0.0022379698659891,0.00225742989940797,0.00227688993282695,0.00229634996624581,0.00231580999966433,0.00235474107037397,0.00237420110379135,0.00239366113720795,0.00241312117062376,0.00243258120403881,0.00245204123745314,0.00247150127086678,0.00249096130427978,0.00251042133769214,0.00252988137110384,0.00254934140451478,0.0025688014379248,0.00258826147133363,0.00262127179611556),.UNSPECIFIED.);
#6503=VERTEX_POINT('NONE',#8650);
#6504=VERTEX_POINT('NONE',#8651);
#6505=LINE('',#8652,#8653);
#6506=VERTEX_POINT('NONE',#8654);
#6507=LINE('',#8655,#8656);
#6508=VERTEX_POINT('NONE',#8657);
#6509=LINE('',#8658,#8659);
#6510=LINE('',#8660,#8661);
#6511=VERTEX_POINT('NONE',#8662);
#6512=VERTEX_POINT('NONE',#8663);
#6513=LINE('',#8664,#8665);
#6514=LINE('',#8666,#8667);
#6515=LINE('',#8668,#8669);
#6516=VERTEX_POINT('NONE',#8670);
#6517=LINE('',#8671,#8672);
#6518=LINE('',#8673,#8674);
#6519=B_SPLINE_CURVE_WITH_KNOTS('',3,(#8675,#8676,#8677,#8678,#8679,#8680,#8681,#8682,#8683,#8684,#8685,#8686,#8687,#8688,#8689,#8690,#8691,#8692,#8693,#8694,#8695,#8696,#8697,#8698,#8699,#8700,#8701,#8702,#8703,#8704,#8705,#8706,#8707,#8708,#8709,#8710,#8711,#8712,#8713,#8714,#8715,#8716,#8717,#8718,#8719,#8720,#8721,#8722,#8723,#8724,#8725,#8726,#8727,#8728,#8729,#8730,#8731,#8732,#8733,#8734,#8735,#8736,#8737,#8738,#8739,#8740,#8741,#8742,#8743,#8744,#8745,#8746,#8747,#8748,#8749,#8750,#8751,#8752,#8753,#8754,#8755,#8756,#8757,#8758,#8759,#8760,#8761,#8762,#8763,#8764,#8765,#8766,#8767,#8768,#8769,#8770,#8771,#8772,#8773,#8774,#8775,#8776,#8777,#8778,#8779,#8780,#8781,#8782,#8783,#8784,#8785,#8786,#8787,#8788,#8789,#8790,#8791,#8792,#8793,#8794,#8795,#8796,#8797,#8798,#8799,#8800,#8801,#8802,#8803,#8804,#8805,#8806,#8807,#8808,#8809,#8810,#8811,#8812,#8813,#8814,#8815,#8816,#8817,#8818,#8819,#8820,#8821,#8822,#8823,#8824,#8825,#8826,#8827,#8828,#8829,#8830,#8831,#8832,#8833,#8834,#8835,#8836,#8837,#8838,#8839,#8840,#8841,#8842,#8843,#8844,#8845,#8846,#8847,#8848,#8849,#8850,#8851,#8852,#8853,#8854,#8855,#8856,#8857,#8858,#8859,#8860,#8861,#8862,#8863,#8864,#8865,#8866,#8867,#8868,#8869,#8870,#8871,#8872,#8873,#8874,#8875,#8876,#8877,#8878,#8879,#8880,#8881,#8882,#8883,#8884,#8885,#8886,#8887,#8888,#8889,#8890,#8891,#8892,#8893,#8894,#8895,#8896,#8897,#8898,#8899,#8900,#8901,#8902,#8903,#8904,#8905,#8906,#8907,#8908,#8909,#8910,#8911,#8912,#8913,#8914,#8915,#8916,#8917,#8918,#8919,#8920,#8921,#8922,#8923,#8924,#8925,#8926,#8927,#8928,#8929,#8930,#8931,#8932,#8933,#8934,#8935,#8936,#8937,#8938,#8939,#8940,#8941,#8942,#8943,#8944,#8945,#8946,#8947,#8948,#8949,#8950,#8951,#8952,#8953,#8954,#8955,#8956,#8957,#8958,#8959,#8960,#8961,#8962,#8963,#8964,#8965,#8966,#8967,#8968,#8969,#8970,#8971,#8972,#8973,#8974,#8975,#8976,#8977,#8978,#8979,#8980,#8981,#8982,#8983,#8984,#8985,#8986,#8987,#8988,#8989,#8990,#8991,#8992,#8993,#8994,#8995,#8996,#8997,#8998,#8999,#9000,#9001,#9002,#9003,#9004,#9005,#9006,#9007,#9008,#9009,#9010,#9011,#9012,#9013,#9014,#9015,#9016,#9017,#9018,#9019,#9020,#9021,#9022,#9023,#9024,#9025,#9026,#9027,#9028,#9029,#9030,#9031,#9032,#9033,#9034,#9035,#9036,#9037,#9038,#9039,#9040,#9041,#9042,#9043,#9044,#9045,#9046,#9047,#9048,#9049,#9050,#9051,#9052,#9053,#9054,#9055,#9056),.UNSPECIFIED.,.F.,.F.,(4,3,3,3,3,3,3,3,3,3,3,3,3,3,3,3,3,3,3,3,3,3,3,3,3,3,3,3,3,3,3,3,3,3,3,3,3,3,3,3,3,3,3,3,3,3,3,3,3,3,3,3,3,3,3,3,3,3,3,3,3,3,3,3,3,3,3,3,3,3,3,3,3,3,3,3,3,3,3,3,3,3,3,3,3,3,3,3,3,3,3,3,3,3,3,3,3,3,3,3,3,3,3,3,3,3,3,3,3,3,3,3,3,3,3,3,3,3,3,3,3,3,3,3,3,3,3,4),(2.76172240614763E-14,3.89310706454455E-05,5.83911040708636E-05,7.78511374916532E-05,9.73111709094305E-05,0.000116771204325458,0.000136231237740698,0.000155691271155837,0.000175151304571348,0.000194611337987504,0.000214071371404428,0.000233531404822114,0.000252991438240472,0.00027245147165936,0.000291911505078594,0.000311371538497984,0.000330831571917341,0.000350291605336501,0.000369751638755333,0.000408682709468199,0.000428142742886494,0.000447602776304338,0.000467062809721785,0.00048652284313892,0.00050598287655582,0.000525442909972562,0.000544902943389202,0.000564362976805742,0.000583823010222121,0.000603283043638201,0.000622743077053747,0.000642203110468682,0.00066166314388682,0.000681123177304165,0.000700583210729231,0.000720043244149602,0.000739503277567103,0.000758963310983151,0.000797894381612742,0.000817354415028342,0.000836814448445005,0.000856274481862795,0.000875734515281637,0.000895194548701361,0.000914654582121725,0.000934114615542453,0.000953574648963262,0.000973034682383889,0.000992494715804098,0.0010119547492237,0.00103141478264256,0.00105087481606063,0.00107033484947789,0.00108979488289441,0.00110925491631029,0.00112871494972568,0.00114817498314077,0.00118710605378461,0.00120656608720134,0.00122602612061837,0.00124548615403575,0.00126494618745338,0.00128440622087109,0.00130386625428817,0.00132332628770658,0.00134278632112333,0.0013622463545468,0.00138170638796621,0.00140116642138326,0.00142062645479924,0.00144008648821509,0.00145954652163147,0.00147900655504876,0.00149846658846715,0.00151792662188666,0.00153738665530718,0.00157631772600909,0.00159577775943003,0.00161523779285096,0.00163469782627162,0.0016541578596918,0.00167361789311132,0.00169307792653008,0.00171253795994804,0.0017319979933652,0.00175145802678164,0.0017709180601975,0.00179037809361292,0.0018098381270281,0.00182929816044323,0.00184875819385848,0.00186821822727399,0.00188767826068983,0.00190713829410599,0.00192659832752237,0.00196552939816017,0.00198498943157472,0.00200444946500037,0.00202390949842041,0.00204336953183673,0.00206282956525085,0.00208228959866392,0.00210174963207682,0.00212120966549015,0.00214066969890428,0.0021601297323194,0.00217958976573556,0.00219904979915267,0.00221850983257059,0.0022379698659891,0.00225742989940797,0.00227688993282695,0.00229634996624581,0.00231580999966433,0.00235474107037397,0.00237420110379135,0.00239366113720795,0.00241312117062376,0.00243258120403881,0.00245204123745314,0.00247150127086678,0.00249096130427978,0.00251042133769214,0.00252988137110384,0.00254934140451478,0.0025688014379248,0.00258826147133363,0.00262127179611556),.UNSPECIFIED.);
#6520=B_SPLINE_CURVE_WITH_KNOTS('',3,(#9057,#9058,#9059,#9060,#9061,#9062,#9063,#9064,#9065,#9066,#9067,#9068),.UNSPECIFIED.,.F.,.F.,(4,2,2,2,2,4),(1.22476204086236E-11,0.000323969880313195,0.00064793974837877,0.00129587948450992,0.00194381922064107,0.00259175895677222),.UNSPECIFIED.);
#6521=VERTEX_POINT('NONE',#9069);
#6522=LINE('',#9070,#9071);
#6523=LINE('',#9072,#9073);
#6524=LINE('',#9074,#9075);
#6525=VERTEX_POINT('NONE',#9076);
#6526=LINE('',#9077,#9078);
#6527=VERTEX_POINT('NONE',#9079);
#6528=LINE('',#9080,#9081);
#6529=LINE('',#9082,#9083);
#6530=LINE('',#9084,#9085);
#6531=B_SPLINE_CURVE_WITH_KNOTS('',3,(#9086,#9087,#9088,#9089,#9090,#9091,#9092,#9093,#9094,#9095),.UNSPECIFIED.,.F.,.F.,(4,2,2,2,4),(6.17537689592195E-13,0.000457090123525546,0.000914180246433553,0.00137127036934156,0.00182836049224957),.UNSPECIFIED.);
#6532=B_SPLINE_CURVE_WITH_KNOTS('',3,(#9096,#9097,#9098,#9099,#9100,#9101,#9102,#9103,#9104,#9105),.UNSPECIFIED.,.F.,.F.,(4,2,2,2,4),(0.0,0.000457090122955486,0.000914180245910971,0.00137127036886646,0.00182836049182194),.UNSPECIFIED.);
#6533=LINE('',#9106,#9107);
#6534=VERTEX_POINT('NONE',#9108);
#6535=LINE('',#9109,#9110);
#6536=LINE('',#9111,#9112);
#6537=VERTEX_POINT('NONE',#9113);
#6538=B_SPLINE_CURVE_WITH_KNOTS('',3,(#9114,#9115,#9116,#9117,#9118,#9119),.UNSPECIFIED.,.F.,.F.,(4,2,4),(0.0,0.5,1.0),.UNSPECIFIED.);
#6539=VERTEX_POINT('NONE',#9120);
#6540=B_SPLINE_CURVE_WITH_KNOTS('',3,(#9121,#9122,#9123,#9124,#9125,#9126),.UNSPECIFIED.,.F.,.F.,(4,2,4),(0.0,0.5,1.0),.UNSPECIFIED.);
#6541=LINE('',#9127,#9128);
#6542=VERTEX_POINT('NONE',#9129);
#6543=LINE('',#9130,#9131);
#6544=LINE('',#9132,#9133);
#6545=LINE('',#9134,#9135);
#6546=VERTEX_POINT('NONE',#9136);
#6547=B_SPLINE_CURVE_WITH_KNOTS('',3,(#9137,#9138,#9139,#9140,#9141,#9142),.UNSPECIFIED.,.F.,.F.,(4,2,4),(0.0,0.5,1.0),.UNSPECIFIED.);
#6548=LINE('',#9143,#9144);
#6549=VERTEX_POINT('NONE',#9145);
#6550=LINE('',#9146,#9147);
#6551=VERTEX_POINT('NONE',#9148);
#6552=LINE('',#9149,#9150);
#6553=LINE('',#9151,#9152);
#6554=VERTEX_POINT('NONE',#9153);
#6555=LINE('',#9154,#9155);
#6556=B_SPLINE_CURVE_WITH_KNOTS('',3,(#9156,#9157,#9158,#9159,#9160,#9161),.UNSPECIFIED.,.F.,.F.,(4,2,4),(0.0,0.5,1.0),.UNSPECIFIED.);
#6557=LINE('',#9162,#9163);
#6558=VERTEX_POINT('NONE',#9164);
#6559=LINE('',#9165,#9166);
#6560=LINE('',#9167,#9168);
#6561=VERTEX_POINT('NONE',#9169);
#6562=B_SPLINE_CURVE_WITH_KNOTS('',3,(#9170,#9171,#9172,#9173),.UNSPECIFIED.,.F.,.F.,(4,4),(1.14426482331758E-12,0.000366011500735116),.UNSPECIFIED.);
#6563=VERTEX_POINT('NONE',#9174);
#6564=LINE('',#9175,#9176);
#6565=B_SPLINE_CURVE_WITH_KNOTS('',3,(#9177,#9178,#9179,#9180),.UNSPECIFIED.,.F.,.F.,(4,4),(7.18343963439633E-13,0.000366067744024037),.UNSPECIFIED.);
#6566=VERTEX_POINT('NONE',#9181);
#6567=LINE('',#9182,#9183);
#6568=LINE('',#9184,#9185);
#6569=LINE('',#9186,#9187);
#6570=VERTEX_POINT('NONE',#9188);
#6571=LINE('',#9189,#9190);
#6572=B_SPLINE_CURVE_WITH_KNOTS('',3,(#9191,#9192,#9193,#9194),.UNSPECIFIED.,.F.,.F.,(4,4),(1.43629861427018E-12,0.000583948245160641),.UNSPECIFIED.);
#6573=VERTEX_POINT('NONE',#9195);
#6574=LINE('',#9196,#9197);
#6575=B_SPLINE_CURVE_WITH_KNOTS('',3,(#9198,#9199,#9200,#9201),.UNSPECIFIED.,.F.,.F.,(4,4),(7.78351979905965E-13,0.000583948245414576),.UNSPECIFIED.);
#6576=VERTEX_POINT('NONE',#9202);
#6577=VERTEX_POINT('NONE',#9203);
#6578=CIRCLE('',#9204,0.13000000022305);
#6579=LINE('',#9205,#9206);
#6580=VERTEX_POINT('NONE',#9207);
#6581=LINE('',#9208,#9209);
#6582=VERTEX_POINT('NONE',#9210);
#6583=CIRCLE('',#9211,0.13000000022305);
#6584=LINE('',#9212,#9213);
#6585=LINE('',#9214,#9215);
#6586=VERTEX_POINT('NONE',#9216);
#6587=VERTEX_POINT('NONE',#9217);
#6588=LINE('',#9218,#9219);
#6589=LINE('',#9220,#9221);
#6590=LINE('',#9222,#9223);
#6591=VERTEX_POINT('NONE',#9224);
#6592=CIRCLE('',#9225,0.13000000022305);
#6593=LINE('',#9226,#9227);
#6594=LINE('',#9228,#9229);
#6595=VERTEX_POINT('NONE',#9230);
#6596=LINE('',#9231,#9232);
#6597=LINE('',#9233,#9234);
#6598=CIRCLE('',#9235,0.13000000022305);
#6599=VERTEX_POINT('NONE',#9236);
#6600=VERTEX_POINT('NONE',#9237);
#6601=CIRCLE('',#9238,1.55);
#6602=VERTEX_POINT('NONE',#9239);
#6603=LINE('',#9240,#9241);
#6604=VERTEX_POINT('NONE',#9242);
#6605=CIRCLE('',#9243,1.55);
#6606=LINE('',#9244,#9245);
#6607=VERTEX_POINT('NONE',#9246);
#6608=VERTEX_POINT('NONE',#9247);
#6609=CIRCLE('',#9248,1.05);
#6610=VERTEX_POINT('NONE',#9249);
#6611=LINE('',#9250,#9251);
#6612=VERTEX_POINT('NONE',#9252);
#6613=CIRCLE('',#9253,1.05);
#6614=LINE('',#9254,#9255);
#6615=VERTEX_POINT('NONE',#9256);
#6616=VERTEX_POINT('NONE',#9257);
#6617=CIRCLE('',#9258,0.725);
#6618=VERTEX_POINT('NONE',#9259);
#6619=LINE('',#9260,#9261);
#6620=VERTEX_POINT('NONE',#9262);
#6621=CIRCLE('',#9263,0.725);
#6622=LINE('',#9264,#9265);
#6623=VERTEX_POINT('NONE',#9266);
#6624=VERTEX_POINT('NONE',#9267);
#6625=CIRCLE('',#9268,0.424999999999986);
#6626=LINE('',#9269,#9270);
#6627=LINE('',#9271,#9272);
#6628=CIRCLE('',#9273,1.55);
#6629=CIRCLE('',#9274,1.55);
#6630=VERTEX_POINT('NONE',#9275);
#6631=VERTEX_POINT('NONE',#9276);
#6632=CIRCLE('',#9277,0.4);
#6633=VERTEX_POINT('NONE',#9278);
#6634=LINE('',#9279,#9280);
#6635=VERTEX_POINT('NONE',#9281);
#6636=CIRCLE('',#9282,0.4);
#6637=VERTEX_POINT('NONE',#9283);
#6638=LINE('',#9284,#9285);
#6639=VERTEX_POINT('NONE',#9286);
#6640=LINE('',#9287,#9288);
#6641=VERTEX_POINT('NONE',#9289);
#6642=CIRCLE('',#9290,3.85);
#6643=VERTEX_POINT('NONE',#9291);
#6644=LINE('',#9292,#9293);
#6645=LINE('',#9294,#9295);
#6646=VERTEX_POINT('NONE',#9296);
#6647=VERTEX_POINT('NONE',#9297);
#6648=LINE('',#9298,#9299);
#6649=VERTEX_POINT('NONE',#9300);
#6650=LINE('',#9301,#9302);
#6651=VERTEX_POINT('NONE',#9303);
#6652=LINE('',#9304,#9305);
#6653=LINE('',#9306,#9307);
#6654=VERTEX_POINT('NONE',#9308);
#6655=VERTEX_POINT('NONE',#9309);
#6656=LINE('',#9310,#9311);
#6657=VERTEX_POINT('NONE',#9312);
#6658=LINE('',#9313,#9314);
#6659=VERTEX_POINT('NONE',#9315);
#6660=LINE('',#9316,#9317);
#6661=LINE('',#9318,#9319);
#6662=VERTEX_POINT('NONE',#9320);
#6663=VERTEX_POINT('NONE',#9321);
#6664=LINE('',#9322,#9323);
#6665=VERTEX_POINT('NONE',#9324);
#6666=LINE('',#9325,#9326);
#6667=VERTEX_POINT('NONE',#9327);
#6668=LINE('',#9328,#9329);
#6669=LINE('',#9330,#9331);
#6670=CIRCLE('',#9332,1.05);
#6671=VERTEX_POINT('NONE',#9333);
#6672=LINE('',#9334,#9335);
#6673=VERTEX_POINT('NONE',#9336);
#6674=LINE('',#9337,#9338);
#6675=LINE('',#9339,#9340);
#6676=VERTEX_POINT('NONE',#9341);
#6677=LINE('',#9342,#9343);
#6678=LINE('',#9344,#9345);
#6679=VERTEX_POINT('NONE',#9346);
#6680=LINE('',#9347,#9348);
#6681=LINE('',#9349,#9350);
#6682=LINE('',#9351,#9352);
#6683=VERTEX_POINT('NONE',#9353);
#6684=VERTEX_POINT('NONE',#9354);
#6685=LINE('',#9355,#9356);
#6686=LINE('',#9357,#9358);
#6687=VERTEX_POINT('NONE',#9359);
#6688=LINE('',#9360,#9361);
#6689=LINE('',#9362,#9363);
#6690=VERTEX_POINT('NONE',#9364);
#6691=VERTEX_POINT('NONE',#9365);
#6692=LINE('',#9366,#9367);
#6693=LINE('',#9368,#9369);
#6694=LINE('',#9370,#9371);
#6695=VERTEX_POINT('NONE',#9372);
#6696=LINE('',#9373,#9374);
#6697=LINE('',#9375,#9376);
#6698=LINE('',#9377,#9378);
#6699=VERTEX_POINT('NONE',#9379);
#6700=LINE('',#9380,#9381);
#6701=VERTEX_POINT('NONE',#9382);
#6702=LINE('',#9383,#9384);
#6703=VERTEX_POINT('NONE',#9385);
#6704=LINE('',#9386,#9387);
#6705=LINE('',#9388,#9389);
#6706=VERTEX_POINT('NONE',#9390);
#6707=LINE('',#9391,#9392);
#6708=VERTEX_POINT('NONE',#9393);
#6709=LINE('',#9394,#9395);
#6710=LINE('',#9396,#9397);
#6711=VERTEX_POINT('NONE',#9398);
#6712=LINE('',#9399,#9400);
#6713=LINE('',#9401,#9402);
#6714=LINE('',#9403,#9404);
#6715=VERTEX_POINT('NONE',#9405);
#6716=VERTEX_POINT('NONE',#9406);
#6717=LINE('',#9407,#9408);
#6718=LINE('',#9409,#9410);
#6719=VERTEX_POINT('NONE',#9411);
#6720=LINE('',#9412,#9413);
#6721=VERTEX_POINT('NONE',#9414);
#6722=LINE('',#9415,#9416);
#6723=LINE('',#9417,#9418);
#6724=VERTEX_POINT('NONE',#9419);
#6725=VERTEX_POINT('NONE',#9420);
#6726=LINE('',#9421,#9422);
#6727=LINE('',#9423,#9424);
#6728=LINE('',#9425,#9426);
#6729=VERTEX_POINT('NONE',#9427);
#6730=LINE('',#9428,#9429);
#6731=VERTEX_POINT('NONE',#9430);
#6732=CIRCLE('',#9431,3.85);
#6733=LINE('',#9432,#9433);
#6734=VERTEX_POINT('NONE',#9434);
#6735=LINE('',#9435,#9436);
#6736=VERTEX_POINT('NONE',#9437);
#6737=LINE('',#9438,#9439);
#6738=VERTEX_POINT('NONE',#9440);
#6739=LINE('',#9441,#9442);
#6740=VERTEX_POINT('NONE',#9443);
#6741=LINE('',#9444,#9445);
#6742=LINE('',#9446,#9447);
#6743=CIRCLE('',#9448,1.05);
#6744=VERTEX_POINT('NONE',#9449);
#6745=LINE('',#9450,#9451);
#6746=VERTEX_POINT('NONE',#9452);
#6747=LINE('',#9453,#9454);
#6748=LINE('',#9455,#9456);
#6749=VERTEX_POINT('NONE',#9457);
#6750=LINE('',#9458,#9459);
#6751=LINE('',#9460,#9461);
#6752=VERTEX_POINT('NONE',#9462);
#6753=LINE('',#9463,#9464);
#6754=LINE('',#9465,#9466);
#6755=LINE('',#9467,#9468);
#6756=VERTEX_POINT('NONE',#9469);
#6757=LINE('',#9470,#9471);
#6758=LINE('',#9472,#9473);
#6759=LINE('',#9474,#9475);
#6760=VERTEX_POINT('NONE',#9476);
#6761=LINE('',#9477,#9478);
#6762=LINE('',#9479,#9480);
#6763=LINE('',#9481,#9482);
#6764=CIRCLE('',#9483,0.4);
#6765=VERTEX_POINT('NONE',#9484);
#6766=LINE('',#9485,#9486);
#6767=LINE('',#9487,#9488);
#6768=CIRCLE('',#9489,0.4);
#6769=LINE('',#9490,#9491);
#6770=LINE('',#9492,#9493);
#6771=VERTEX_POINT('NONE',#9494);
#6772=LINE('',#9495,#9496);
#6773=LINE('',#9497,#9498);
#6774=CIRCLE('',#9499,0.725);
#6775=LINE('',#9500,#9501);
#6776=CIRCLE('',#9502,0.725);
#6777=CIRCLE('',#9503,0.424999999999986);
#6778=VERTEX_POINT('NONE',#9504);
#6779=VERTEX_POINT('NONE',#9505);
#6780=LINE('',#9506,#9507);
#6781=VERTEX_POINT('NONE',#9508);
#6782=CIRCLE('',#9509,0.3);
#6783=VERTEX_POINT('NONE',#9510);
#6784=LINE('',#9511,#9512);
#6785=VERTEX_POINT('NONE',#9513);
#6786=CIRCLE('',#9514,0.3);
#6787=VERTEX_POINT('NONE',#9515);
#6788=LINE('',#9516,#9517);
#6789=LINE('',#9518,#9519);
#6790=VERTEX_POINT('NONE',#9520);
#6791=LINE('',#9521,#9522);
#6792=VERTEX_POINT('NONE',#9523);
#6793=CIRCLE('',#9524,0.3);
#6794=LINE('',#9525,#9526);
#6795=VERTEX_POINT('NONE',#9527);
#6796=VERTEX_POINT('NONE',#9528);
#6797=CIRCLE('',#9529,0.550000003);
#6798=LINE('',#9530,#9531);
#6799=VERTEX_POINT('NONE',#9532);
#6800=CIRCLE('',#9533,0.150000003);
#6801=VERTEX_POINT('NONE',#9534);
#6802=LINE('',#9535,#9536);
#6803=VERTEX_POINT('NONE',#9537);
#6804=LINE('',#9538,#9539);
#6805=LINE('',#9540,#9541);
#6806=VERTEX_POINT('NONE',#9542);
#6807=LINE('',#9543,#9544);
#6808=CIRCLE('',#9545,0.150000003);
#6809=VERTEX_POINT('NONE',#9546);
#6810=VERTEX_POINT('NONE',#9547);
#6811=CIRCLE('',#9548,0.410000001000001);
#6812=LINE('',#9549,#9550);
#6813=VERTEX_POINT('NONE',#9551);
#6814=LINE('',#9552,#9553);
#6815=VERTEX_POINT('NONE',#9554);
#6816=LINE('',#9555,#9556);
#6817=VERTEX_POINT('NONE',#9557);
#6818=CIRCLE('',#9558,0.550000003);
#6819=VERTEX_POINT('NONE',#9559);
#6820=LINE('',#9560,#9561);
#6821=VERTEX_POINT('NONE',#9562);
#6822=CIRCLE('',#9563,0.010000001);
#6823=VERTEX_POINT('NONE',#9564);
#6824=LINE('',#9565,#9566);
#6825=VERTEX_POINT('NONE',#9567);
#6826=LINE('',#9568,#9569);
#6827=LINE('',#9570,#9571);
#6828=VERTEX_POINT('NONE',#9572);
#6829=LINE('',#9573,#9574);
#6830=CIRCLE('',#9575,0.3);
#6831=LINE('',#9576,#9577);
#6832=LINE('',#9578,#9579);
#6833=LINE('',#9580,#9581);
#6834=VERTEX_POINT('NONE',#9582);
#6835=CIRCLE('',#9583,0.13);
#6836=VERTEX_POINT('NONE',#9584);
#6837=CIRCLE('',#9585,0.13);
#6838=LINE('',#9586,#9587);
#6839=VERTEX_POINT('NONE',#9588);
#6840=VERTEX_POINT('NONE',#9589);
#6841=LINE('',#9590,#9591);
#6842=VERTEX_POINT('NONE',#9592);
#6843=LINE('',#9593,#9594);
#6844=VERTEX_POINT('NONE',#9595);
#6845=CIRCLE('',#9596,0.13);
#6846=VERTEX_POINT('NONE',#9597);
#6847=LINE('',#9598,#9599);
#6848=LINE('',#9600,#9601);
#6849=VERTEX_POINT('NONE',#9602);
#6850=CIRCLE('',#9603,0.13);
#6851=VERTEX_POINT('NONE',#9604);
#6852=LINE('',#9605,#9606);
#6853=CIRCLE('',#9607,0.13);
#6854=VERTEX_POINT('NONE',#9608);
#6855=VERTEX_POINT('NONE',#9609);
#6856=B_SPLINE_CURVE_WITH_KNOTS('',3,(#9610,#9611,#9612,#9613,#9614,#9615,#9616,#9617,#9618,#9619,#9620,#9621,#9622,#9623,#9624,#9625,#9626,#9627,#9628,#9629,#9630,#9631,#9632,#9633,#9634,#9635,#9636,#9637,#9638,#9639,#9640,#9641,#9642,#9643,#9644,#9645,#9646,#9647,#9648,#9649,#9650),.UNSPECIFIED.,.F.,.F.,(4,1,1,2,2,1,1,2,2,1,2,2,2,2,2,2,1,1,2,2,1,1,2,2,4),(0.0,0.0625000000000032,0.0937500000000041,0.109375000000005,0.125000000000005,0.187500000000006,0.218750000000006,0.234375000000006,0.250000000000006,0.312500000000004,0.343750000000004,0.375000000000003,0.5,0.5625,0.59375,0.624999999999999,0.687499999999998,0.718749999999998,0.734374999999998,0.749999999999998,0.8125,0.84375,0.859375,0.875,1.0),.UNSPECIFIED.);
#6857=B_SPLINE_CURVE_WITH_KNOTS('',3,(#9651,#9652,#9653,#9654,#9655,#9656,#9657,#9658,#9659,#9660,#9661,#9662,#9663,#9664,#9665,#9666,#9667,#9668,#9669,#9670,#9671,#9672,#9673,#9674,#9675,#9676,#9677,#9678,#9679,#9680,#9681,#9682,#9683,#9684,#9685,#9686,#9687,#9688,#9689,#9690,#9691),.UNSPECIFIED.,.F.,.F.,(4,1,1,2,2,1,1,2,2,1,2,2,2,2,2,2,1,1,2,2,1,1,2,2,4),(0.0,0.0625000000000025,0.0937500000000043,0.109375000000005,0.125000000000006,0.187500000000008,0.218750000000008,0.234375000000008,0.250000000000008,0.312500000000006,0.343750000000006,0.375000000000005,0.5,0.562500000000002,0.593750000000002,0.625000000000002,0.687500000000001,0.718750000000001,0.734375,0.75,0.812500000000001,0.84375,0.859375000000001,0.875000000000001,1.0),.UNSPECIFIED.);
#6858=VERTEX_POINT('NONE',#9692);
#6859=LINE('',#9693,#9694);
#6860=VERTEX_POINT('NONE',#9695);
#6861=LINE('',#9696,#9697);
#6862=VERTEX_POINT('NONE',#9698);
#6863=LINE('',#9699,#9700);
#6864=CIRCLE('',#9701,0.13);
#6865=VERTEX_POINT('NONE',#9702);
#6866=LINE('',#9703,#9704);
#6867=VERTEX_POINT('NONE',#9705);
#6868=CIRCLE('',#9706,0.13);
#6869=VERTEX_POINT('NONE',#9707);
#6870=LINE('',#9708,#9709);
#6871=LINE('',#9710,#9711);
#6872=VERTEX_POINT('NONE',#9712);
#6873=VERTEX_POINT('NONE',#9713);
#6874=LINE('',#9714,#9715);
#6875=VERTEX_POINT('NONE',#9716);
#6876=CIRCLE('',#9717,0.13);
#6877=VERTEX_POINT('NONE',#9718);
#6878=LINE('',#9719,#9720);
#6879=VERTEX_POINT('NONE',#9721);
#6880=LINE('',#9722,#9723);
#6881=VERTEX_POINT('NONE',#9724);
#6882=CIRCLE('',#9725,0.13);
#6883=VERTEX_POINT('NONE',#9726);
#6884=LINE('',#9727,#9728);
#6885=CIRCLE('',#9729,0.13);
#6886=LINE('',#9730,#9731);
#6887=VERTEX_POINT('NONE',#9732);
#6888=VERTEX_POINT('NONE',#9733);
#6889=(B_SPLINE_CURVE(3,(#9735,#9736,#9737,#9738),.UNSPECIFIED.,.F.,.F.)B_SPLINE_CURVE_WITH_KNOTS((4,4),(0.0,1.0),.UNSPECIFIED.)RATIONAL_B_SPLINE_CURVE((0.976499067376862,0.325499689125621,0.325499689125621,0.976499067376862))BOUNDED_CURVE()REPRESENTATION_ITEM('')GEOMETRIC_REPRESENTATION_ITEM()CURVE());
#6890=(B_SPLINE_CURVE(3,(#9746,#9747,#9748,#9749),.UNSPECIFIED.,.F.,.F.)B_SPLINE_CURVE_WITH_KNOTS((4,4),(0.0,1.0),.UNSPECIFIED.)RATIONAL_B_SPLINE_CURVE((0.976499067376881,0.325499689125627,0.325499689125627,0.976499067376881))BOUNDED_CURVE()REPRESENTATION_ITEM('')GEOMETRIC_REPRESENTATION_ITEM()CURVE());
#6891=LINE('',#9756,#9757);
#6892=LINE('',#9758,#9759);
#6893=VERTEX_POINT('NONE',#9760);
#6894=(B_SPLINE_CURVE(3,(#9762,#9763,#9764,#9765),.UNSPECIFIED.,.F.,.F.)B_SPLINE_CURVE_WITH_KNOTS((4,4),(0.107947301171417,0.908054849161551),.UNSPECIFIED.)RATIONAL_B_SPLINE_CURVE((0.976499067419303,0.920751526100419,0.920751526121693,0.976499067483125))BOUNDED_CURVE()REPRESENTATION_ITEM('')GEOMETRIC_REPRESENTATION_ITEM()CURVE());
#6895=VERTEX_POINT('NONE',#9772);
#6896=CIRCLE('',#9773,0.198086423997248);
#6897=(B_SPLINE_CURVE(3,(#9775,#9776,#9777,#9778),.UNSPECIFIED.,.F.,.F.)B_SPLINE_CURVE_WITH_KNOTS((4,4),(0.0999462260098651,0.900053773999999),.UNSPECIFIED.)RATIONAL_B_SPLINE_CURVE((0.976499067483125,0.920751526121693,0.920751526100419,0.976499067419303))BOUNDED_CURVE()REPRESENTATION_ITEM('')GEOMETRIC_REPRESENTATION_ITEM()CURVE());
#6898=CIRCLE('',#9785,0.198086423997248);
#6899=LINE('',#9786,#9787);
#6900=LINE('',#9788,#9789);
#6901=LINE('',#9790,#9791);
#6902=LINE('',#9792,#9793);
#6903=CIRCLE('',#9794,0.410000001000001);
#6904=LINE('',#9795,#9796);
#6905=LINE('',#9797,#9798);
#6906=CIRCLE('',#9799,0.010000001);
#6907=VERTEX_POINT('NONE',#9800);
#6908=(B_SPLINE_CURVE(3,(#9802,#9803,#9804,#9805),.UNSPECIFIED.,.F.,.F.)B_SPLINE_CURVE_WITH_KNOTS((4,4),(0.099946164018153,0.900053774000021),.UNSPECIFIED.)RATIONAL_B_SPLINE_CURVE((0.976499080440955,0.92075152610053,0.920751521781145,0.976499067482802))BOUNDED_CURVE()REPRESENTATION_ITEM('')GEOMETRIC_REPRESENTATION_ITEM()CURVE());
#6909=VERTEX_POINT('NONE',#9812);
#6910=CIRCLE('',#9813,0.494259270285145);
#6911=(B_SPLINE_CURVE(3,(#9815,#9816,#9817,#9818),.UNSPECIFIED.,.F.,.F.)B_SPLINE_CURVE_WITH_KNOTS((4,4),(0.154429105817236,0.954536715780991),.UNSPECIFIED.)RATIONAL_B_SPLINE_CURVE((0.976499067482802,0.920751521782408,0.920751526100529,0.976499080437164))BOUNDED_CURVE()REPRESENTATION_ITEM('')GEOMETRIC_REPRESENTATION_ITEM()CURVE());
#6912=CIRCLE('',#9825,0.494259270285144);
#6913=VERTEX_POINT('NONE',#9826);
#6914=(B_SPLINE_CURVE(3,(#9828,#9829,#9830,#9831),.UNSPECIFIED.,.F.,.F.)B_SPLINE_CURVE_WITH_KNOTS((4,4),(0.0,1.0),.UNSPECIFIED.)RATIONAL_B_SPLINE_CURVE((1.0,0.94291080950314,0.94291080950314,1.0))BOUNDED_CURVE()REPRESENTATION_ITEM('')GEOMETRIC_REPRESENTATION_ITEM()CURVE());
#6915=VERTEX_POINT('NONE',#9838);
#6916=B_SPLINE_CURVE_WITH_KNOTS('',3,(#9839,#9840,#9841,#9842,#9843,#9844,#9845,#9846,#9847,#9848,#9849,#9850,#9851,#9852,#9853,#9854),.UNSPECIFIED.,.F.,.F.,(4,2,2,2,2,2,2,4),(0.0,0.125,0.25,0.5,0.624999999999995,0.687499999999997,0.749999999999999,1.0),.UNSPECIFIED.);
#6917=(B_SPLINE_CURVE(3,(#9856,#9857,#9858,#9859),.UNSPECIFIED.,.F.,.F.)B_SPLINE_CURVE_WITH_KNOTS((4,4),(0.0,1.0),.UNSPECIFIED.)RATIONAL_B_SPLINE_CURVE((1.0,0.94291080950314,0.94291080950314,1.0))BOUNDED_CURVE()REPRESENTATION_ITEM('')GEOMETRIC_REPRESENTATION_ITEM()CURVE());
#6918=B_SPLINE_CURVE_WITH_KNOTS('',3,(#9866,#9867,#9868,#9869,#9870,#9871,#9872,#9873,#9874,#9875,#9876,#9877,#9878,#9879,#9880,#9881),.UNSPECIFIED.,.F.,.F.,(4,2,2,2,2,2,2,4),(0.0,0.125000000000004,0.250000000000009,0.5,0.625000000000029,0.687500000000029,0.750000000000029,1.0),.UNSPECIFIED.);
#6919=VERTEX_POINT('NONE',#9882);
#6920=(B_SPLINE_CURVE(3,(#9884,#9885,#9886,#9887),.UNSPECIFIED.,.F.,.F.)B_SPLINE_CURVE_WITH_KNOTS((4,4),(0.0,1.0),.UNSPECIFIED.)RATIONAL_B_SPLINE_CURVE((1.0,0.942910809503141,0.942910809503141,1.0))BOUNDED_CURVE()REPRESENTATION_ITEM('')GEOMETRIC_REPRESENTATION_ITEM()CURVE());
#6921=VERTEX_POINT('NONE',#9894);
#6922=(B_SPLINE_CURVE(3,(#9896,#9897,#9898,#9899),.UNSPECIFIED.,.F.,.F.)B_SPLINE_CURVE_WITH_KNOTS((4,4),(0.0,1.0),.UNSPECIFIED.)RATIONAL_B_SPLINE_CURVE((0.999999999999901,0.3333333333333,0.3333333333333,0.999999999999901))BOUNDED_CURVE()REPRESENTATION_ITEM('')GEOMETRIC_REPRESENTATION_ITEM()CURVE());
#6923=(B_SPLINE_CURVE(3,(#9907,#9908,#9909,#9910),.UNSPECIFIED.,.F.,.F.)B_SPLINE_CURVE_WITH_KNOTS((4,4),(0.0,1.0),.UNSPECIFIED.)RATIONAL_B_SPLINE_CURVE((1.0,0.942910809503141,0.942910809503141,1.0))BOUNDED_CURVE()REPRESENTATION_ITEM('')GEOMETRIC_REPRESENTATION_ITEM()CURVE());
#6924=(B_SPLINE_CURVE(3,(#9918,#9919,#9920,#9921),.UNSPECIFIED.,.F.,.F.)B_SPLINE_CURVE_WITH_KNOTS((4,4),(0.0,1.0),.UNSPECIFIED.)RATIONAL_B_SPLINE_CURVE((0.999999999999901,0.3333333333333,0.3333333333333,0.999999999999901))BOUNDED_CURVE()REPRESENTATION_ITEM('')GEOMETRIC_REPRESENTATION_ITEM()CURVE());
#6925=VERTEX_POINT('NONE',#9928);
#6926=VERTEX_POINT('NONE',#9929);
#6927=CIRCLE('',#9930,2.4);
#6928=VERTEX_POINT('NONE',#9931);
#6929=LINE('',#9932,#9933);
#6930=VERTEX_POINT('NONE',#9934);
#6931=CIRCLE('',#9935,2.4);
#6932=LINE('',#9936,#9937);
#6933=VERTEX_POINT('NONE',#9938);
#6934=CIRCLE('',#9939,2.4);
#6935=VERTEX_POINT('NONE',#9940);
#6936=CIRCLE('',#9941,2.4);
#6937=LINE('',#9942,#9943);
#6938=VERTEX_POINT('NONE',#9944);
#6939=VERTEX_POINT('NONE',#9945);
#6940=CIRCLE('',#9946,1.05);
#6941=VERTEX_POINT('NONE',#9947);
#6942=LINE('',#9948,#9949);
#6943=VERTEX_POINT('NONE',#9950);
#6944=CIRCLE('',#9951,1.05);
#6945=LINE('',#9952,#9953);
#6946=VERTEX_POINT('NONE',#9954);
#6947=VERTEX_POINT('NONE',#9955);
#6948=CIRCLE('',#9956,0.775);
#6949=VERTEX_POINT('NONE',#9957);
#6950=LINE('',#9958,#9959);
#6951=VERTEX_POINT('NONE',#9960);
#6952=CIRCLE('',#9961,0.775);
#6953=LINE('',#9962,#9963);
#6954=VERTEX_POINT('NONE',#9964);
#6955=CIRCLE('',#9965,2.4);
#6956=VERTEX_POINT('NONE',#9966);
#6957=LINE('',#9967,#9968);
#6958=CIRCLE('',#9969,2.4);
#6959=VERTEX_POINT('NONE',#9970);
#6960=LINE('',#9971,#9972);
#6961=VERTEX_POINT('NONE',#9973);
#6962=CIRCLE('',#9974,0.5);
#6963=VERTEX_POINT('NONE',#9975);
#6964=LINE('',#9976,#9977);
#6965=VERTEX_POINT('NONE',#9978);
#6966=LINE('',#9979,#9980);
#6967=VERTEX_POINT('NONE',#9981);
#6968=LINE('',#9982,#9983);
#6969=LINE('',#9984,#9985);
#6970=CIRCLE('',#9986,1.05);
#6971=CIRCLE('',#9987,0.775);
#6972=VERTEX_POINT('NONE',#9988);
#6973=VERTEX_POINT('NONE',#9989);
#6974=LINE('',#9990,#9991);
#6975=VERTEX_POINT('NONE',#9992);
#6976=CIRCLE('',#9993,0.5);
#6977=LINE('',#9994,#9995);
#6978=VERTEX_POINT('NONE',#9996);
#6979=LINE('',#9997,#9998);
#6980=VERTEX_POINT('NONE',#9999);
#6981=LINE('',#10000,#10001);
#6982=LINE('',#10002,#10003);
#6983=CIRCLE('',#10004,0.775);
#6984=CIRCLE('',#10005,1.05);
#6985=LINE('',#10006,#10007);
#6986=LINE('',#10008,#10009);
#6987=VERTEX_POINT('NONE',#10010);
#6988=CIRCLE('',#10011,0.5);
#6989=VERTEX_POINT('NONE',#10012);
#6990=LINE('',#10013,#10014);
#6991=VERTEX_POINT('NONE',#10015);
#6992=LINE('',#10016,#10017);
#6993=VERTEX_POINT('NONE',#10018);
#6994=LINE('',#10019,#10020);
#6995=CIRCLE('',#10021,0.1);
#6996=VERTEX_POINT('NONE',#10022);
#6997=LINE('',#10023,#10024);
#6998=CIRCLE('',#10025,0.5);
#6999=VERTEX_POINT('NONE',#10026);
#7000=CIRCLE('',#10027,0.1);
#7001=VERTEX_POINT('NONE',#10028);
#7002=LINE('',#10029,#10030);
#7003=VERTEX_POINT('NONE',#10031);
#7004=LINE('',#10032,#10033);
#7005=LINE('',#10034,#10035);
#7006=LINE('',#10036,#10037);
#7007=LINE('',#10038,#10039);
#7008=VERTEX_POINT('NONE',#10040);
#7009=LINE('',#10041,#10042);
#7010=VERTEX_POINT('NONE',#10043);
#7011=LINE('',#10044,#10045);
#7012=VERTEX_POINT('NONE',#10046);
#7013=LINE('',#10047,#10048);
#7014=VERTEX_POINT('NONE',#10049);
#7015=LINE('',#10050,#10051);
#7016=VERTEX_POINT('NONE',#10052);
#7017=LINE('',#10053,#10054);
#7018=VERTEX_POINT('NONE',#10055);
#7019=LINE('',#10056,#10057);
#7020=VERTEX_POINT('NONE',#10058);
#7021=LINE('',#10059,#10060);
#7022=VERTEX_POINT('NONE',#10061);
#7023=CIRCLE('',#10062,0.3);
#7024=VERTEX_POINT('NONE',#10063);
#7025=LINE('',#10064,#10065);
#7026=VERTEX_POINT('NONE',#10066);
#7027=LINE('',#10067,#10068);
#7028=VERTEX_POINT('NONE',#10069);
#7029=LINE('',#10070,#10071);
#7030=VERTEX_POINT('NONE',#10072);
#7031=CIRCLE('',#10073,0.3);
#7032=VERTEX_POINT('NONE',#10074);
#7033=LINE('',#10075,#10076);
#7034=CIRCLE('',#10077,0.3);
#7035=VERTEX_POINT('NONE',#10078);
#7036=LINE('',#10079,#10080);
#7037=CIRCLE('',#10081,0.3);
#7038=VERTEX_POINT('NONE',#10082);
#7039=VERTEX_POINT('NONE',#10083);
#7040=LINE('',#10084,#10085);
#7041=VERTEX_POINT('NONE',#10086);
#7042=LINE('',#10087,#10088);
#7043=LINE('',#10089,#10090);
#7044=VERTEX_POINT('NONE',#10091);
#7045=LINE('',#10092,#10093);
#7046=VERTEX_POINT('NONE',#10094);
#7047=CIRCLE('',#10095,0.3);
#7048=VERTEX_POINT('NONE',#10096);
#7049=LINE('',#10097,#10098);
#7050=VERTEX_POINT('NONE',#10099);
#7051=LINE('',#10100,#10101);
#7052=VERTEX_POINT('NONE',#10102);
#7053=LINE('',#10103,#10104);
#7054=VERTEX_POINT('NONE',#10105);
#7055=CIRCLE('',#10106,0.3);
#7056=VERTEX_POINT('NONE',#10107);
#7057=LINE('',#10108,#10109);
#7058=VERTEX_POINT('NONE',#10110);
#7059=LINE('',#10111,#10112);
#7060=VERTEX_POINT('NONE',#10113);
#7061=LINE('',#10114,#10115);
#7062=LINE('',#10116,#10117);
#7063=VERTEX_POINT('NONE',#10118);
#7064=CIRCLE('',#10119,0.55);
#7065=VERTEX_POINT('NONE',#10120);
#7066=LINE('',#10121,#10122);
#7067=VERTEX_POINT('NONE',#10123);
#7068=LINE('',#10124,#10125);
#7069=VERTEX_POINT('NONE',#10126);
#7070=LINE('',#10127,#10128);
#7071=CIRCLE('',#10129,0.15);
#7072=LINE('',#10130,#10131);
#7073=LINE('',#10132,#10133);
#7074=LINE('',#10134,#10135);
#7075=LINE('',#10136,#10137);
#7076=LINE('',#10138,#10139);
#7077=LINE('',#10140,#10141);
#7078=VERTEX_POINT('NONE',#10142);
#7079=CIRCLE('',#10143,0.15);
#7080=VERTEX_POINT('NONE',#10144);
#7081=LINE('',#10145,#10146);
#7082=VERTEX_POINT('NONE',#10147);
#7083=LINE('',#10148,#10149);
#7084=VERTEX_POINT('NONE',#10150);
#7085=LINE('',#10151,#10152);
#7086=CIRCLE('',#10153,0.55);
#7087=VERTEX_POINT('NONE',#10154);
#7088=CIRCLE('',#10155,0.15);
#7089=LINE('',#10156,#10157);
#7090=VERTEX_POINT('NONE',#10158);
#7091=CIRCLE('',#10159,0.55);
#7092=VERTEX_POINT('NONE',#10160);
#7093=LINE('',#10161,#10162);
#7094=VERTEX_POINT('NONE',#10163);
#7095=LINE('',#10164,#10165);
#7096=LINE('',#10166,#10167);
#7097=LINE('',#10168,#10169);
#7098=LINE('',#10170,#10171);
#7099=VERTEX_POINT('NONE',#10172);
#7100=CIRCLE('',#10173,0.15);
#7101=VERTEX_POINT('NONE',#10174);
#7102=LINE('',#10175,#10176);
#7103=VERTEX_POINT('NONE',#10177);
#7104=LINE('',#10178,#10179);
#7105=VERTEX_POINT('NONE',#10180);
#7106=LINE('',#10181,#10182);
#7107=CIRCLE('',#10183,0.55);
#7108=LINE('',#10184,#10185);
#7109=LINE('',#10186,#10187);
#7110=LINE('',#10188,#10189);
#7111=VERTEX_POINT('NONE',#10190);
#7112=CIRCLE('',#10191,0.3);
#7113=VERTEX_POINT('NONE',#10192);
#7114=LINE('',#10193,#10194);
#7115=CIRCLE('',#10195,0.3);
#7116=VERTEX_POINT('NONE',#10196);
#7117=LINE('',#10197,#10198);
#7118=CIRCLE('',#10199,0.3);
#7119=VERTEX_POINT('NONE',#10200);
#7120=LINE('',#10201,#10202);
#7121=CIRCLE('',#10203,0.3);
#7122=VERTEX_POINT('NONE',#10204);
#7123=CIRCLE('',#10205,0.3);
#7124=VERTEX_POINT('NONE',#10206);
#7125=LINE('',#10207,#10208);
#7126=CIRCLE('',#10209,0.3);
#7127=VERTEX_POINT('NONE',#10210);
#7128=CIRCLE('',#10211,0.3);
#7129=LINE('',#10212,#10213);
#7130=VERTEX_POINT('NONE',#10214);
#7131=LINE('',#10215,#10216);
#7132=CIRCLE('',#10217,0.3);
#7133=LINE('',#10218,#10219);
#7134=LINE('',#10220,#10221);
#7135=VERTEX_POINT('NONE',#10222);
#7136=VERTEX_POINT('NONE',#10223);
#7137=CIRCLE('',#10224,1.25);
#7138=VERTEX_POINT('NONE',#10225);
#7139=CIRCLE('',#10226,1.25);
#7140=VERTEX_POINT('NONE',#10227);
#7141=CIRCLE('',#10228,1.25);
#7142=CIRCLE('',#10229,1.25);
#7143=VERTEX_POINT('NONE',#10230);
#7144=CIRCLE('',#10231,1.25);
#7145=VERTEX_POINT('NONE',#10232);
#7146=LINE('',#10233,#10234);
#7147=VERTEX_POINT('NONE',#10235);
#7148=CIRCLE('',#10236,1.25);
#7149=LINE('',#10237,#10238);
#7150=VERTEX_POINT('NONE',#10239);
#7151=VERTEX_POINT('NONE',#10240);
#7152=CIRCLE('',#10241,1.6);
#7153=VERTEX_POINT('NONE',#10242);
#7154=LINE('',#10243,#10244);
#7155=VERTEX_POINT('NONE',#10245);
#7156=CIRCLE('',#10246,1.6);
#7157=LINE('',#10247,#10248);
#7158=VERTEX_POINT('NONE',#10249);
#7159=VERTEX_POINT('NONE',#10250);
#7160=CIRCLE('',#10251,1.0);
#7161=VERTEX_POINT('NONE',#10252);
#7162=LINE('',#10253,#10254);
#7163=VERTEX_POINT('NONE',#10255);
#7164=CIRCLE('',#10256,1.0);
#7165=LINE('',#10257,#10258);
#7166=VERTEX_POINT('NONE',#10259);
#7167=VERTEX_POINT('NONE',#10260);
#7168=CIRCLE('',#10261,1.3);
#7169=VERTEX_POINT('NONE',#10262);
#7170=LINE('',#10263,#10264);
#7171=VERTEX_POINT('NONE',#10265);
#7172=CIRCLE('',#10266,1.3);
#7173=LINE('',#10267,#10268);
#7174=VERTEX_POINT('NONE',#10269);
#7175=VERTEX_POINT('NONE',#10270);
#7176=CIRCLE('',#10271,0.75);
#7177=VERTEX_POINT('NONE',#10272);
#7178=LINE('',#10273,#10274);
#7179=VERTEX_POINT('NONE',#10275);
#7180=CIRCLE('',#10276,0.75);
#7181=LINE('',#10277,#10278);
#7182=VERTEX_POINT('NONE',#10279);
#7183=LINE('',#10280,#10281);
#7184=LINE('',#10282,#10283);
#7185=CIRCLE('',#10284,1.25);
#7186=CIRCLE('',#10285,1.25);
#7187=VERTEX_POINT('NONE',#10286);
#7188=VERTEX_POINT('NONE',#10287);
#7189=(B_SPLINE_CURVE(3,(#10289,#10290,#10291,#10292),.UNSPECIFIED.,.F.,.F.)B_SPLINE_CURVE_WITH_KNOTS((4,4),(0.0,1.0),.UNSPECIFIED.)RATIONAL_B_SPLINE_CURVE((0.956578302851905,0.318859434283968,0.318859434283968,0.956578302851905))BOUNDED_CURVE()REPRESENTATION_ITEM('')GEOMETRIC_REPRESENTATION_ITEM()CURVE());
#7190=(B_SPLINE_CURVE(3,(#10300,#10301,#10302,#10303),.UNSPECIFIED.,.F.,.F.)B_SPLINE_CURVE_WITH_KNOTS((4,4),(0.0,1.0),.UNSPECIFIED.)RATIONAL_B_SPLINE_CURVE((0.956578302851905,0.318859434283968,0.318859434283968,0.956578302851905))BOUNDED_CURVE()REPRESENTATION_ITEM('')GEOMETRIC_REPRESENTATION_ITEM()CURVE());
#7191=(B_SPLINE_CURVE(3,(#10311,#10312,#10313,#10314),.UNSPECIFIED.,.F.,.F.)B_SPLINE_CURVE_WITH_KNOTS((4,4),(0.0631414558540607,0.936858542),.UNSPECIFIED.)RATIONAL_B_SPLINE_CURVE((0.956578302900931,0.769794770637084,0.769794770150995,0.956578301442665))BOUNDED_CURVE()REPRESENTATION_ITEM('')GEOMETRIC_REPRESENTATION_ITEM()CURVE());
#7192=CIRCLE('',#10321,1.6);
#7193=(B_SPLINE_CURVE(3,(#10323,#10324,#10325,#10326),.UNSPECIFIED.,.F.,.F.)B_SPLINE_CURVE_WITH_KNOTS((4,4),(0.0718786265864044,0.945595712732344),.UNSPECIFIED.)RATIONAL_B_SPLINE_CURVE((0.956578301442665,0.769794770150995,0.769794770637084,0.956578302900931))BOUNDED_CURVE()REPRESENTATION_ITEM('')GEOMETRIC_REPRESENTATION_ITEM()CURVE());
#7194=CIRCLE('',#10333,1.6);
#7195=VERTEX_POINT('NONE',#10334);
#7196=(B_SPLINE_CURVE(3,(#10336,#10337,#10338,#10339),.UNSPECIFIED.,.F.,.F.)B_SPLINE_CURVE_WITH_KNOTS((4,4),(0.063141457006827,0.936858544145939),.UNSPECIFIED.)RATIONAL_B_SPLINE_CURVE((0.956578302161615,0.769794770150997,0.769794770397436,0.956578302900931))BOUNDED_CURVE()REPRESENTATION_ITEM('')GEOMETRIC_REPRESENTATION_ITEM()CURVE());
#7197=VERTEX_POINT('NONE',#10346);
#7198=(B_SPLINE_CURVE(3,(#10348,#10349,#10350,#10351),.UNSPECIFIED.,.F.,.F.)B_SPLINE_CURVE_WITH_KNOTS((4,4),(0.0,1.0),.UNSPECIFIED.)RATIONAL_B_SPLINE_CURVE((0.956578302851984,0.318859434283994,0.318859434283994,0.956578302851984))BOUNDED_CURVE()REPRESENTATION_ITEM('')GEOMETRIC_REPRESENTATION_ITEM()CURVE());
#7199=(B_SPLINE_CURVE(3,(#10359,#10360,#10361,#10362),.UNSPECIFIED.,.F.,.F.)B_SPLINE_CURVE_WITH_KNOTS((4,4),(0.063141457006827,0.936858544145939),.UNSPECIFIED.)RATIONAL_B_SPLINE_CURVE((0.956578302900931,0.769794770397436,0.769794770150997,0.956578302161615))BOUNDED_CURVE()REPRESENTATION_ITEM('')GEOMETRIC_REPRESENTATION_ITEM()CURVE());
#7200=(B_SPLINE_CURVE(3,(#10370,#10371,#10372,#10373),.UNSPECIFIED.,.F.,.F.)B_SPLINE_CURVE_WITH_KNOTS((4,4),(0.0,1.0),.UNSPECIFIED.)RATIONAL_B_SPLINE_CURVE((0.956578302851984,0.318859434283994,0.318859434283994,0.956578302851984))BOUNDED_CURVE()REPRESENTATION_ITEM('')GEOMETRIC_REPRESENTATION_ITEM()CURVE());
#7201=CIRCLE('',#10380,1.0);
#7202=CIRCLE('',#10381,1.0);
#7203=CIRCLE('',#10382,1.3);
#7204=CIRCLE('',#10383,1.3);
#7205=VERTEX_POINT('NONE',#10384);
#7206=(B_SPLINE_CURVE(3,(#10386,#10387,#10388,#10389),.UNSPECIFIED.,.F.,.F.)B_SPLINE_CURVE_WITH_KNOTS((4,4),(8.39924379193249E-30,1.0),.UNSPECIFIED.)RATIONAL_B_SPLINE_CURVE((0.96129988001344,0.809903233704398,0.809903233786048,0.96129988025839))BOUNDED_CURVE()REPRESENTATION_ITEM('')GEOMETRIC_REPRESENTATION_ITEM()CURVE());
#7207=VERTEX_POINT('NONE',#10396);
#7208=CIRCLE('',#10397,1.04999999920587);
#7209=(B_SPLINE_CURVE(3,(#10399,#10400,#10401,#10402),.UNSPECIFIED.,.F.,.F.)B_SPLINE_CURVE_WITH_KNOTS((4,4),(0.0,1.0),.UNSPECIFIED.)RATIONAL_B_SPLINE_CURVE((0.96129988025839,0.809903233786048,0.809903233704398,0.96129988001344))BOUNDED_CURVE()REPRESENTATION_ITEM('')GEOMETRIC_REPRESENTATION_ITEM()CURVE());
#7210=CIRCLE('',#10409,1.04999999920587);
#7211=(B_SPLINE_CURVE(3,(#10411,#10412,#10413,#10414),.UNSPECIFIED.,.F.,.F.)B_SPLINE_CURVE_WITH_KNOTS((4,4),(0.0718786283202568,0.945595713320199),.UNSPECIFIED.)RATIONAL_B_SPLINE_CURVE((0.956578301823225,0.769794770395987,0.769794770510231,0.956578302165956))BOUNDED_CURVE()REPRESENTATION_ITEM('')GEOMETRIC_REPRESENTATION_ITEM()CURVE());
#7212=CIRCLE('',#10421,0.75);
#7213=(B_SPLINE_CURVE(3,(#10423,#10424,#10425,#10426),.UNSPECIFIED.,.F.,.F.)B_SPLINE_CURVE_WITH_KNOTS((4,4),(0.0631414570000575,0.936858543),.UNSPECIFIED.)RATIONAL_B_SPLINE_CURVE((0.956578302165956,0.769794770510231,0.769794770395987,0.956578301823225))BOUNDED_CURVE()REPRESENTATION_ITEM('')GEOMETRIC_REPRESENTATION_ITEM()CURVE());
#7214=CIRCLE('',#10433,0.75);
#7215=CARTESIAN_POINT('',(-3.67381906039616E-16,4.5,-10.8));
#7216=CARTESIAN_POINT('',(-1.37400383869671E-12,3.95,-10.8));
#7217=CARTESIAN_POINT('',(-3.67381906039616E-16,3.53426651546414,-10.8));
#7218=VECTOR('',#10434,1.0);
#7219=CARTESIAN_POINT('',(3.0,4.5,-7.80000000030765));
#7220=AXIS2_PLACEMENT_3D('',#10435,#10436,#10437);
#7221=CARTESIAN_POINT('',(3.00000000024738,2.56953303092827,-7.80000000067303));
#7222=CARTESIAN_POINT('',(3.0,3.5289751145,-7.80000000061531));
#7223=VECTOR('',#10438,1000.0);
#7224=CARTESIAN_POINT('',(3.00000000024738,2.56953303092827,-7.80000000067303));
#7225=CARTESIAN_POINT('',(3.00000000005022,2.56953303160277,-8.00908131710605));
#7226=CARTESIAN_POINT('',(2.9784483802678,2.5951958380775,-8.21121459607747));
#7227=CARTESIAN_POINT('',(2.89716869308662,2.68563023435719,-8.60415530946815));
#7228=CARTESIAN_POINT('',(2.83677116991716,2.75067334920519,-8.79474777296577));
#7229=CARTESIAN_POINT('',(2.61208821360553,2.97041972494573,-9.32452299868428));
#7230=CARTESIAN_POINT('',(2.39972010089704,3.15304945315199,-9.63898165503632));
#7231=CARTESIAN_POINT('',(2.00501666772427,3.40688677773648,-10.0394275350411));
#7232=CARTESIAN_POINT('',(1.85837476598352,3.48992882441238,-10.1628888037506));
#7233=CARTESIAN_POINT('',(1.54228154117204,3.64067680769231,-10.3803425969228));
#7234=CARTESIAN_POINT('',(1.37316440389381,3.70854957217935,-10.4746447740585));
#7235=CARTESIAN_POINT('',(1.0092515641835,3.82365423248832,-10.6320869385865));
#7236=CARTESIAN_POINT('',(0.815096790551642,3.87015759462529,-10.6941957176774));
#7237=CARTESIAN_POINT('',(0.420002813620412,3.93269630428721,-10.7773057059598));
#7238=CARTESIAN_POINT('',(0.214709570040507,3.94961869439876,-10.7994979470295));
#7239=CARTESIAN_POINT('',(-0.200442884307295,3.95036842341847,-10.8004850914197));
#7240=CARTESIAN_POINT('',(-0.404150110362292,3.9344814667441,-10.7796606523742));
#7241=CARTESIAN_POINT('',(-0.804264274147731,3.87254963831173,-10.6973908766928));
#7242=CARTESIAN_POINT('',(-0.999008632172102,3.82633800564763,-10.6356985129869));
#7243=CARTESIAN_POINT('',(-1.36303315204706,3.71227981260014,-10.4798031513772));
#7244=CARTESIAN_POINT('',(-1.53619373612636,3.64327016597071,-10.3839946081249));
#7245=CARTESIAN_POINT('',(-1.85328900869945,3.49265351092832,-10.1669049790742));
#7246=CARTESIAN_POINT('',(-1.99841011839169,3.41084574123366,-10.0454753707328));
#7247=CARTESIAN_POINT('',(-2.26470418197857,3.24015842821164,-9.77659242384123));
#7248=CARTESIAN_POINT('',(-2.38339269161671,3.15278573797924,-9.63151479033322));
#7249=CARTESIAN_POINT('',(-2.59249143658216,2.98322087403957,-9.32118220503313));
#7250=CARTESIAN_POINT('',(-2.68382488269229,2.90014865046017,-9.15448760931308));
#7251=CARTESIAN_POINT('',(-2.83578060607302,2.75174972516477,-8.79794841498));
#7252=CARTESIAN_POINT('',(-2.8952840316421,2.68768573763706,-8.61133141819164));
#7253=CARTESIAN_POINT('',(-2.97800033260277,2.5957346295793,-8.21526174040524));
#7254=CARTESIAN_POINT('',(-2.99999999995816,2.56953303155476,-8.00888686492074));
#7255=CARTESIAN_POINT('',(-2.99999999973701,2.56953303181296,-7.8));
#7256=CARTESIAN_POINT('',(0.0,-6.4,-10.75));
#7257=CARTESIAN_POINT('',(1.53080849893419E-16,-6.4,-8.25));
#7258=AXIS2_PLACEMENT_3D('',#10439,#10440,#10441);
#7259=CARTESIAN_POINT('',(1.53080849893419E-16,-6.5,-8.25));
#7260=CARTESIAN_POINT('',(1.53080849893419E-16,-6.4,-8.25));
#7261=VECTOR('',#10442,1000.0);
#7262=CARTESIAN_POINT('',(0.0,-6.5,-10.75));
#7263=AXIS2_PLACEMENT_3D('',#10443,#10444,#10445);
#7264=CARTESIAN_POINT('',(0.0,-6.4,-10.75));
#7265=VECTOR('',#10446,1000.0);
#7266=CARTESIAN_POINT('',(0.0,-6.2,-6.1));
#7267=CARTESIAN_POINT('',(1.34711147906209E-16,-6.2,-3.9));
#7268=AXIS2_PLACEMENT_3D('',#10447,#10448,#10449);
#7269=CARTESIAN_POINT('',(1.34711147906209E-16,-6.5,-3.9));
#7270=CARTESIAN_POINT('',(1.34711147906209E-16,-6.2,-3.9));
#7271=VECTOR('',#10450,1000.0);
#7272=CARTESIAN_POINT('',(0.0,-6.5,-6.1));
#7273=AXIS2_PLACEMENT_3D('',#10451,#10452,#10453);
#7274=CARTESIAN_POINT('',(0.0,-6.2,-6.1));
#7275=VECTOR('',#10454,1000.0);
#7276=CARTESIAN_POINT('',(-1.525,1.86758636869972E-16,-12.25));
#7277=CARTESIAN_POINT('',(1.525,0.0,-12.25));
#7278=AXIS2_PLACEMENT_3D('',#10455,#10456,#10457);
#7279=CARTESIAN_POINT('',(-1.525,1.86758636869971E-16,-11.9));
#7280=CARTESIAN_POINT('',(-1.525,1.86758636869971E-16,-12.25));
#7281=VECTOR('',#10458,1000.0);
#7282=CARTESIAN_POINT('',(1.525,0.0,-11.9));
#7283=AXIS2_PLACEMENT_3D('',#10459,#10460,#10461);
#7284=CARTESIAN_POINT('',(1.525,0.0,-12.25));
#7285=VECTOR('',#10462,1000.0);
#7286=CARTESIAN_POINT('',(0.7,-7.0,-5.0));
#7287=CARTESIAN_POINT('',(0.0,-7.0,-4.3));
#7288=AXIS2_PLACEMENT_3D('',#10463,#10464,#10465);
#7289=CARTESIAN_POINT('',(0.7,-6.2,-5.0));
#7290=CARTESIAN_POINT('',(0.7,-7.0,-5.0));
#7291=VECTOR('',#10466,1000.0);
#7292=CARTESIAN_POINT('',(-0.700000000000001,-6.2,-5.0));
#7293=AXIS2_PLACEMENT_3D('',#10467,#10468,#10469);
#7294=CARTESIAN_POINT('',(-0.7,-7.0,-5.0));
#7295=CARTESIAN_POINT('',(-0.7,-7.0,-5.0));
#7296=VECTOR('',#10470,1000.0);
#7297=AXIS2_PLACEMENT_3D('',#10471,#10472,#10473);
#7298=CARTESIAN_POINT('',(-2.70000000133309,-1.71755640163615,-9.500000001));
#7299=CARTESIAN_POINT('',(-3.2,3.91886975727153E-16,-9.5));
#7300=AXIS2_PLACEMENT_3D('',#10474,#10475,#10476);
#7301=CARTESIAN_POINT('',(-3.2,3.91886975727153E-16,0.0));
#7302=CARTESIAN_POINT('',(-3.2,3.91886975727153E-16,-9.5));
#7303=VECTOR('',#10477,1000.0);
#7304=CARTESIAN_POINT('',(3.2,0.0,0.0));
#7305=AXIS2_PLACEMENT_3D('',#10478,#10479,#10480);
#7306=CARTESIAN_POINT('',(3.2,0.0,-9.5));
#7307=CARTESIAN_POINT('',(3.2,0.0,-9.5));
#7308=VECTOR('',#10481,1000.0);
#7309=CARTESIAN_POINT('',(2.70000000018957,-1.71755640313575,-9.5000000015));
#7310=AXIS2_PLACEMENT_3D('',#10482,#10483,#10484);
#7311=CARTESIAN_POINT('',(2.70000000018957,-1.71755640313575,-0.899999999547369));
#7312=CARTESIAN_POINT('',(2.70000000075829,-1.71755640253974,-4.7500000005));
#7313=VECTOR('',#10485,1000.0);
#7314=CARTESIAN_POINT('',(-2.70000000009055,-1.71755640344709,-0.899999999547369));
#7315=AXIS2_PLACEMENT_3D('',#10486,#10487,#10488);
#7316=CARTESIAN_POINT('',(-2.70000000036218,-1.71755640316241,-4.7500000005));
#7317=VECTOR('',#10489,1000.0);
#7318=CARTESIAN_POINT('',(-1.32500000000004,1.745121688785E-16,-12.45));
#7319=CARTESIAN_POINT('',(1.32500000000004,0.0,-12.45));
#7320=AXIS2_PLACEMENT_3D('',#10490,#10491,#10492);
#7321=CARTESIAN_POINT('',(-1.325,1.62265700887024E-16,-12.45));
#7322=VECTOR('',#10493,1000.0);
#7323=CARTESIAN_POINT('',(1.325,0.0,-12.45));
#7324=VECTOR('',#10494,1000.0);
#7325=CARTESIAN_POINT('',(6.42939569552348E-17,-7.70000000000004,-5.34999999999998));
#7326=CARTESIAN_POINT('',(0.0,-7.70000000000004,-4.65000000000002));
#7327=AXIS2_PLACEMENT_3D('',#10495,#10496,#10497);
#7328=CARTESIAN_POINT('',(8.57252759403147E-17,-7.0,-5.7));
#7329=CARTESIAN_POINT('',(4.28626379701574E-17,-7.7,-5.35));
#7330=VECTOR('',#10498,1000.0);
#7331=AXIS2_PLACEMENT_3D('',#10499,#10500,#10501);
#7332=CARTESIAN_POINT('',(0.0,-7.7,-4.65));
#7333=VECTOR('',#10502,1000.0);
#7334=CARTESIAN_POINT('',(1.75,0.0,-10.15));
#7335=CARTESIAN_POINT('',(-1.75,2.14313189850787E-16,-10.15));
#7336=AXIS2_PLACEMENT_3D('',#10503,#10504,#10505);
#7337=CARTESIAN_POINT('',(-1.75,2.14313189850787E-16,-9.5));
#7338=CARTESIAN_POINT('',(-1.75,2.14313189850787E-16,-10.15));
#7339=VECTOR('',#10506,1000.0);
#7340=CARTESIAN_POINT('',(1.75,0.0,-9.5));
#7341=AXIS2_PLACEMENT_3D('',#10507,#10508,#10509);
#7342=CARTESIAN_POINT('',(1.75,0.0,-10.15));
#7343=VECTOR('',#10510,1000.0);
#7344=CARTESIAN_POINT('',(1.05,0.0,-12.45));
#7345=CARTESIAN_POINT('',(-1.05,1.28587913910472E-16,-12.45));
#7346=AXIS2_PLACEMENT_3D('',#10511,#10512,#10513);
#7347=CARTESIAN_POINT('',(-1.05,1.28587913910472E-16,-10.15));
#7348=CARTESIAN_POINT('',(-1.05,1.28587913910472E-16,-12.45));
#7349=VECTOR('',#10514,1000.0);
#7350=CARTESIAN_POINT('',(1.05,0.0,-10.15));
#7351=AXIS2_PLACEMENT_3D('',#10515,#10516,#10517);
#7352=CARTESIAN_POINT('',(1.05,0.0,-12.45));
#7353=VECTOR('',#10518,1000.0);
#7354=AXIS2_PLACEMENT_3D('',#10519,#10520,#10521);
#7355=AXIS2_PLACEMENT_3D('',#10522,#10523,#10524);
#7356=CARTESIAN_POINT('',(4.0,-6.5,-11.9));
#7357=CARTESIAN_POINT('',(3.99999999936633,-6.5,-0.800000000083062));
#7358=CARTESIAN_POINT('',(4.0,-6.5,-6.35));
#7359=VECTOR('',#10525,1000.0);
#7360=CARTESIAN_POINT('',(-3.9999999996032,-6.5,-0.800000000067675));
#7361=CARTESIAN_POINT('',(0.0,-6.5,-0.8));
#7362=VECTOR('',#10526,1000.0);
#7363=CARTESIAN_POINT('',(-4.0,-6.5,-11.9));
#7364=CARTESIAN_POINT('',(-4.0,-6.5,-6.35));
#7365=VECTOR('',#10527,1000.0);
#7366=CARTESIAN_POINT('',(0.0,-6.5,-11.9));
#7367=VECTOR('',#10528,1000.0);
#7368=AXIS2_PLACEMENT_3D('',#10529,#10530,#10531);
#7369=AXIS2_PLACEMENT_3D('',#10532,#10533,#10534);
#7370=CARTESIAN_POINT('',(3.69999999925333,-5.69999999931605,0.0));
#7371=CARTESIAN_POINT('',(3.69999999925333,-5.69999999931605,0.0));
#7372=CARTESIAN_POINT('',(3.739276961,-5.804738563,0.0));
#7373=CARTESIAN_POINT('',(3.778524402,-5.909398404,-0.020821899));
#7374=CARTESIAN_POINT('',(3.832945344,-6.054520917,-0.080933612));
#7375=CARTESIAN_POINT('',(3.85034522,-6.100920587,-0.105734753));
#7376=CARTESIAN_POINT('',(3.88299692,-6.187991786,-0.163913868));
#7377=CARTESIAN_POINT('',(3.898248042,-6.228661446,-0.197290596));
#7378=CARTESIAN_POINT('',(3.926016026,-6.302709404,-0.271338554));
#7379=CARTESIAN_POINT('',(3.938532303,-6.336086142,-0.312008228));
#7380=CARTESIAN_POINT('',(3.960349464,-6.394265238,-0.399079399));
#7381=CARTESIAN_POINT('',(3.9696499,-6.419066401,-0.445479113));
#7382=CARTESIAN_POINT('',(3.984677819,-6.459140851,-0.542227395));
#7383=CARTESIAN_POINT('',(3.990405001,-6.474413337,-0.592574037));
#7384=CARTESIAN_POINT('',(3.996150875,-6.489735668,-0.669604595));
#7385=CARTESIAN_POINT('',(3.997593139,-6.493581703,-0.69553246));
#7386=CARTESIAN_POINT('',(3.999517697,-6.498713859,-0.747640115));
#7387=CARTESIAN_POINT('',(4.0,-6.5,-0.773820079));
#7388=CARTESIAN_POINT('',(3.99999999936633,-6.5,-0.800000000083062));
#7389=CARTESIAN_POINT('',(-3.69999999925333,-5.70000000016408,0.0));
#7390=CARTESIAN_POINT('',(0.0,-5.70000000032817,0.0));
#7391=VECTOR('',#10535,1000.0);
#7392=CARTESIAN_POINT('',(-3.9999999996032,-6.5,-0.800000000067675));
#7393=CARTESIAN_POINT('',(-4.0,-6.5,-0.773820079));
#7394=CARTESIAN_POINT('',(-3.999517697,-6.498713859,-0.747640115));
#7395=CARTESIAN_POINT('',(-3.997593139,-6.493581703,-0.69553246));
#7396=CARTESIAN_POINT('',(-3.996150875,-6.489735668,-0.669604595));
#7397=CARTESIAN_POINT('',(-3.990405001,-6.474413337,-0.592574037));
#7398=CARTESIAN_POINT('',(-3.984677819,-6.459140851,-0.542227395));
#7399=CARTESIAN_POINT('',(-3.9696499,-6.419066401,-0.445479113));
#7400=CARTESIAN_POINT('',(-3.960349464,-6.394265238,-0.399079399));
#7401=CARTESIAN_POINT('',(-3.938532303,-6.336086142,-0.312008228));
#7402=CARTESIAN_POINT('',(-3.926016026,-6.302709404,-0.271338554));
#7403=CARTESIAN_POINT('',(-3.898248042,-6.228661446,-0.197290596));
#7404=CARTESIAN_POINT('',(-3.88299692,-6.187991786,-0.163913868));
#7405=CARTESIAN_POINT('',(-3.85034522,-6.100920587,-0.105734753));
#7406=CARTESIAN_POINT('',(-3.832945344,-6.054520917,-0.0809336120000001));
#7407=CARTESIAN_POINT('',(-3.778524402,-5.909398404,-0.020821899));
#7408=CARTESIAN_POINT('',(-3.739276961,-5.804738563,0.0));
#7409=CARTESIAN_POINT('',(-3.69999999925333,-5.70000000016408,0.0));
#7410=CARTESIAN_POINT('',(4.5,-6.0000000000449,-11.9));
#7411=AXIS2_PLACEMENT_3D('',#10536,#10537,#10538);
#7412=CARTESIAN_POINT('',(4.5,-5.99999999953992,-0.800000000032817));
#7413=CARTESIAN_POINT('',(4.5,-6.00000000008979,-6.35));
#7414=VECTOR('',#10539,1000.0);
#7415=AXIS2_PLACEMENT_3D('',#10540,#10541,#10542);
#7416=CARTESIAN_POINT('',(-2.7,-3.25000000198025,-11.9));
#7417=CARTESIAN_POINT('',(-2.7,-3.8000000024538,-11.9));
#7418=CARTESIAN_POINT('',(-2.7,-3.6,-11.9));
#7419=VECTOR('',#10543,1000.0);
#7420=CARTESIAN_POINT('',(-3.84999999948216,-3.800000001238,-11.8999999996161));
#7421=CARTESIAN_POINT('',(0.0,-3.8000000049076,-11.9));
#7422=VECTOR('',#10544,1000.0);
#7423=CARTESIAN_POINT('',(-3.85000000003528,-4.84999999943627,-11.8999999998957));
#7424=CARTESIAN_POINT('',(-3.850000002,-1.24365,-11.9));
#7425=VECTOR('',#10545,1000.0);
#7426=CARTESIAN_POINT('',(-2.7,-4.84999999857935,-11.9));
#7427=CARTESIAN_POINT('',(0.0,-4.8499999971587,-11.9));
#7428=VECTOR('',#10546,1000.0);
#7429=CARTESIAN_POINT('',(-2.7,-5.09999999973334,-11.9));
#7430=CARTESIAN_POINT('',(-2.7,-3.6,-11.9));
#7431=VECTOR('',#10547,1000.0);
#7432=CARTESIAN_POINT('',(-3.6,-5.1,-11.9));
#7433=CARTESIAN_POINT('',(-3.15,-5.1,-11.9));
#7434=VECTOR('',#10548,1000.0);
#7435=CARTESIAN_POINT('',(-3.6,-5.80000000083085,-11.9));
#7436=CARTESIAN_POINT('',(-3.6,-5.4500000005,-11.9));
#7437=VECTOR('',#10549,1000.0);
#7438=CARTESIAN_POINT('',(4.5,-5.80000000083085,-11.9));
#7439=CARTESIAN_POINT('',(0.0,-5.8000000016617,-11.9));
#7440=VECTOR('',#10550,1000.0);
#7441=CARTESIAN_POINT('',(4.5,-1.24365,-11.9));
#7442=VECTOR('',#10551,1000.0);
#7443=CARTESIAN_POINT('',(-4.5,-6.00000000010255,-11.9));
#7444=AXIS2_PLACEMENT_3D('',#10552,#10553,#10554);
#7445=CARTESIAN_POINT('',(-4.5,8.6390067553325E-10,-11.9));
#7446=CARTESIAN_POINT('',(-4.5,-1.24365,-11.9));
#7447=VECTOR('',#10555,1000.0);
#7448=CARTESIAN_POINT('',(-3.95,-8.10158542635558E-10,-11.9));
#7449=CARTESIAN_POINT('',(-4.225,0.0,-11.9));
#7450=VECTOR('',#10556,1000.0);
#7451=CARTESIAN_POINT('',(3.95,0.0,-11.9));
#7452=AXIS2_PLACEMENT_3D('',#10557,#10558,#10559);
#7453=CARTESIAN_POINT('',(4.5,4.31950626887205E-10,-11.9));
#7454=CARTESIAN_POINT('',(4.225,0.0,-11.9));
#7455=VECTOR('',#10560,1000.0);
#7456=CARTESIAN_POINT('',(4.5,-2.49999999899477,-11.9));
#7457=CARTESIAN_POINT('',(4.5,-1.24365,-11.9));
#7458=VECTOR('',#10561,1000.0);
#7459=CARTESIAN_POINT('',(2.7,-2.49999999939477,-11.9));
#7460=CARTESIAN_POINT('',(0.0,-2.4999999959791,-11.9));
#7461=VECTOR('',#10562,1000.0);
#7462=CARTESIAN_POINT('',(2.7,-1.7,-11.9));
#7463=CARTESIAN_POINT('',(2.7,-3.6,-11.9));
#7464=VECTOR('',#10563,1000.0);
#7465=CARTESIAN_POINT('',(2.4999999995,-1.7000000005,-11.9));
#7466=CARTESIAN_POINT('',(2.6,-1.7,-11.9));
#7467=VECTOR('',#10564,1000.0);
#7468=CARTESIAN_POINT('',(1.985000001,-2.49999999899478,-11.9));
#7469=CARTESIAN_POINT('',(2.2424999995,-2.1000000005,-11.9));
#7470=VECTOR('',#10565,1000.0);
#7471=CARTESIAN_POINT('',(-1.98500000175,-2.49999999849477,-11.9));
#7472=CARTESIAN_POINT('',(0.0,-2.4999999959791,-11.9));
#7473=VECTOR('',#10566,1000.0);
#7474=CARTESIAN_POINT('',(-2.500000001,-1.7,-11.9));
#7475=CARTESIAN_POINT('',(-2.2425000005,-2.0999999995,-11.9));
#7476=VECTOR('',#10567,1000.0);
#7477=CARTESIAN_POINT('',(-2.7,-1.7,-11.9));
#7478=CARTESIAN_POINT('',(-2.6,-1.7,-11.9));
#7479=VECTOR('',#10568,1000.0);
#7480=CARTESIAN_POINT('',(-2.7,-2.49999999818955,-11.9));
#7481=CARTESIAN_POINT('',(-2.7,-3.6,-11.9));
#7482=VECTOR('',#10569,1000.0);
#7483=CARTESIAN_POINT('',(-3.6,-2.49999999748955,-11.9));
#7484=CARTESIAN_POINT('',(-3.15,-2.5,-11.9));
#7485=VECTOR('',#10570,1000.0);
#7486=CARTESIAN_POINT('',(-3.6,-3.25000000198025,-11.9));
#7487=CARTESIAN_POINT('',(-3.6,-2.875,-11.9));
#7488=VECTOR('',#10571,1000.0);
#7489=CARTESIAN_POINT('',(0.0,-3.2500000039605,-11.9));
#7490=VECTOR('',#10572,1000.0);
#7491=AXIS2_PLACEMENT_3D('',#10573,#10574,#10575);
#7492=CARTESIAN_POINT('',(-4.5,-6.00000000008204,-0.8));
#7493=CARTESIAN_POINT('',(-4.5,-6.0000000002051,-6.35));
#7494=VECTOR('',#10576,1000.0);
#7495=AXIS2_PLACEMENT_3D('',#10577,#10578,#10579);
#7496=AXIS2_PLACEMENT_3D('',#10580,#10581,#10582);
#7497=CARTESIAN_POINT('',(4.5,-5.99999999953992,-0.800000000032817));
#7498=CARTESIAN_POINT('',(4.5,-6.0,-0.773820079));
#7499=CARTESIAN_POINT('',(4.498713859,-5.999517697,-0.747640115));
#7500=CARTESIAN_POINT('',(4.493581703,-5.997593139,-0.69553246));
#7501=CARTESIAN_POINT('',(4.489735668,-5.996150875,-0.669604595));
#7502=CARTESIAN_POINT('',(4.474413337,-5.990405001,-0.592574037));
#7503=CARTESIAN_POINT('',(4.459140851,-5.984677819,-0.542227395));
#7504=CARTESIAN_POINT('',(4.419066401,-5.9696499,-0.445479113000001));
#7505=CARTESIAN_POINT('',(4.394265238,-5.960349464,-0.399079399000001));
#7506=CARTESIAN_POINT('',(4.336086142,-5.938532303,-0.312008228));
#7507=CARTESIAN_POINT('',(4.302709404,-5.926016026,-0.271338554));
#7508=CARTESIAN_POINT('',(4.228661446,-5.898248042,-0.197290596));
#7509=CARTESIAN_POINT('',(4.187991786,-5.88299692,-0.163913868));
#7510=CARTESIAN_POINT('',(4.100920587,-5.85034522,-0.105734753));
#7511=CARTESIAN_POINT('',(4.054520917,-5.832945344,-0.0809336120000002));
#7512=CARTESIAN_POINT('',(3.909398404,-5.778524402,-0.020821899));
#7513=CARTESIAN_POINT('',(3.804738563,-5.739276961,0.0));
#7514=CARTESIAN_POINT('',(3.69999999925333,-5.69999999931605,0.0));
#7515=CARTESIAN_POINT('',(3.69999999932199,3.69999999920667,0.0));
#7516=CARTESIAN_POINT('',(3.7,-1.0,0.0));
#7517=VECTOR('',#10583,1000.0);
#7518=CARTESIAN_POINT('',(-3.69999999937669,3.69999999920667,0.0));
#7519=CARTESIAN_POINT('',(0.0,3.7,0.0));
#7520=VECTOR('',#10584,1000.0);
#7521=CARTESIAN_POINT('',(-3.7,-1.0,0.0));
#7522=VECTOR('',#10585,1000.0);
#7523=AXIS2_PLACEMENT_3D('',#10586,#10587,#10588);
#7524=CARTESIAN_POINT('',(-3.69999999925333,-5.70000000016408,0.0));
#7525=CARTESIAN_POINT('',(-3.804738563,-5.739276961,0.0));
#7526=CARTESIAN_POINT('',(-3.909398404,-5.778524402,-0.0208218989999998));
#7527=CARTESIAN_POINT('',(-4.054520917,-5.832945344,-0.0809336119999995));
#7528=CARTESIAN_POINT('',(-4.100920587,-5.85034522,-0.105734752999999));
#7529=CARTESIAN_POINT('',(-4.187991786,-5.88299692,-0.163913867999999));
#7530=CARTESIAN_POINT('',(-4.228661446,-5.898248042,-0.197290595999999));
#7531=CARTESIAN_POINT('',(-4.302709404,-5.926016026,-0.271338553999999));
#7532=CARTESIAN_POINT('',(-4.336086142,-5.938532303,-0.312008227999999));
#7533=CARTESIAN_POINT('',(-4.394265238,-5.960349464,-0.399079398999999));
#7534=CARTESIAN_POINT('',(-4.419066401,-5.9696499,-0.445479112999999));
#7535=CARTESIAN_POINT('',(-4.459140851,-5.984677819,-0.542227394999999));
#7536=CARTESIAN_POINT('',(-4.474413337,-5.990405001,-0.592574036999999));
#7537=CARTESIAN_POINT('',(-4.489735668,-5.996150875,-0.669604595));
#7538=CARTESIAN_POINT('',(-4.493581703,-5.997593139,-0.695532459999999));
#7539=CARTESIAN_POINT('',(-4.498713859,-5.999517697,-0.747640115));
#7540=CARTESIAN_POINT('',(-4.5,-6.0,-0.773820079));
#7541=CARTESIAN_POINT('',(-4.5,-6.00000000008204,-0.8));
#7542=CARTESIAN_POINT('',(4.5,-5.5,-11.60000000015));
#7543=CARTESIAN_POINT('',(4.5,-5.8,-11.9));
#7544=VECTOR('',#10589,1000.0);
#7545=CARTESIAN_POINT('',(4.5,-5.5,-4.199999999525));
#7546=CARTESIAN_POINT('',(4.5,-5.5,-6.35));
#7547=VECTOR('',#10590,1000.0);
#7548=CARTESIAN_POINT('',(4.5,-5.1,-4.199999999725));
#7549=CARTESIAN_POINT('',(4.5,-1.0,-4.1999999966));
#7550=VECTOR('',#10591,1000.0);
#7551=CARTESIAN_POINT('',(4.5,-5.1,-11.9));
#7552=CARTESIAN_POINT('',(4.5,-5.1,-6.35));
#7553=VECTOR('',#10592,1000.0);
#7554=CARTESIAN_POINT('',(4.5,-3.25,-11.9));
#7555=CARTESIAN_POINT('',(4.5,-1.0,-11.9));
#7556=VECTOR('',#10593,1000.0);
#7557=CARTESIAN_POINT('',(4.5,-2.95,-11.60000000015));
#7558=CARTESIAN_POINT('',(4.5,-3.1,-11.75));
#7559=VECTOR('',#10594,1000.0);
#7560=CARTESIAN_POINT('',(4.5,-2.95,-9.9499999977));
#7561=CARTESIAN_POINT('',(4.5,-2.95,-10.774999999));
#7562=VECTOR('',#10595,1000.0);
#7563=CARTESIAN_POINT('',(4.5,-2.5,-9.94999999935));
#7564=CARTESIAN_POINT('',(4.5,-2.725,-9.95));
#7565=VECTOR('',#10596,1000.0);
#7566=CARTESIAN_POINT('',(4.5,-2.5,-6.35));
#7567=VECTOR('',#10597,1000.0);
#7568=CARTESIAN_POINT('',(4.5,5.78241158658936E-16,-3.49999999865));
#7569=CARTESIAN_POINT('',(4.5,8.67361737988403E-16,-6.35));
#7570=VECTOR('',#10598,1000.0);
#7571=CARTESIAN_POINT('',(4.5,4.0,-3.49999999815));
#7572=CARTESIAN_POINT('',(4.5,-1.0,-3.4999999973));
#7573=VECTOR('',#10599,1000.0);
#7574=CARTESIAN_POINT('',(4.5,3.99999999952451,-0.800000000049225));
#7575=CARTESIAN_POINT('',(4.5,4.0,-6.35));
#7576=VECTOR('',#10600,1000.0);
#7577=CARTESIAN_POINT('',(4.5,-1.0,-0.8));
#7578=VECTOR('',#10601,1000.0);
#7579=AXIS2_PLACEMENT_3D('',#10602,#10603,#10604);
#7580=CARTESIAN_POINT('',(-3.6,-2.95,-11.6));
#7581=CARTESIAN_POINT('',(-3.6,-2.95,-11.6));
#7582=VECTOR('',#10605,1000.0);
#7583=CARTESIAN_POINT('',(-2.7,-2.9499999992,-11.5999999992));
#7584=CARTESIAN_POINT('',(-3.15,-2.95,-11.6));
#7585=VECTOR('',#10606,1000.0);
#7586=CARTESIAN_POINT('',(-2.7,-2.95,-11.6));
#7587=VECTOR('',#10607,1000.0);
#7588=CARTESIAN_POINT('',(-3.65000000000778,-3.99999999983852,-11.7000000000078));
#7589=CARTESIAN_POINT('',(-3.84999999883623,-3.800000001,-11.8999999988362));
#7590=VECTOR('',#10608,1000.0);
#7591=CARTESIAN_POINT('',(-2.7,-3.9999999999,-11.7000000001));
#7592=CARTESIAN_POINT('',(-2.7,-3.800000001,-11.899999999));
#7593=VECTOR('',#10609,1000.0);
#7594=CARTESIAN_POINT('',(-3.2784499995,-3.9999999998,-11.7000000002));
#7595=VECTOR('',#10610,1000.0);
#7596=CARTESIAN_POINT('',(-3.64999999957938,-4.6499999995,-11.6999999995));
#7597=CARTESIAN_POINT('',(-3.8499999998,-4.84999999980703,-11.899999999807));
#7598=VECTOR('',#10611,1000.0);
#7599=CARTESIAN_POINT('',(-3.65,-4.325,-11.7));
#7600=VECTOR('',#10612,1000.0);
#7601=CARTESIAN_POINT('',(-2.7,-4.6499999995,-11.6999999995));
#7602=CARTESIAN_POINT('',(-3.27845,-4.649999999,-11.699999999));
#7603=VECTOR('',#10613,1000.0);
#7604=CARTESIAN_POINT('',(-2.7,-4.649999999,-11.699999999));
#7605=VECTOR('',#10614,1000.0);
#7606=CARTESIAN_POINT('',(-3.6,-5.5,-11.6));
#7607=CARTESIAN_POINT('',(-3.6,-5.5,-11.6));
#7608=VECTOR('',#10615,1000.0);
#7609=CARTESIAN_POINT('',(0.45,-5.5,-11.6));
#7610=VECTOR('',#10616,1000.0);
#7611=CARTESIAN_POINT('',(-4.5,3.999999999504,-0.799999999938449));
#7612=CARTESIAN_POINT('',(-4.5,4.0,-3.49999999865));
#7613=CARTESIAN_POINT('',(-4.5,4.0,-6.35));
#7614=VECTOR('',#10617,1000.0);
#7615=CARTESIAN_POINT('',(-4.5,-3.33332754426208E-10,-3.4999999982));
#7616=CARTESIAN_POINT('',(-4.5,-1.0,-3.4999999973));
#7617=VECTOR('',#10618,1000.0);
#7618=CARTESIAN_POINT('',(-4.5,8.67361737988403E-16,-6.35));
#7619=VECTOR('',#10619,1000.0);
#7620=CARTESIAN_POINT('',(-4.5,-1.0,-0.8));
#7621=VECTOR('',#10620,1000.0);
#7622=CARTESIAN_POINT('',(-4.5,-2.7,-5.09999999785));
#7623=CARTESIAN_POINT('',(-4.5,-1.9,-5.09999999713333));
#7624=CARTESIAN_POINT('',(-4.5,-1.0,-5.0999999957));
#7625=VECTOR('',#10621,1000.0);
#7626=CARTESIAN_POINT('',(-4.5,-1.9,-3.49999999865));
#7627=CARTESIAN_POINT('',(-4.5,-1.9,-6.35));
#7628=VECTOR('',#10622,1000.0);
#7629=CARTESIAN_POINT('',(-4.5,-2.9,-3.4999999982));
#7630=CARTESIAN_POINT('',(-4.5,-1.0,-3.4999999973));
#7631=VECTOR('',#10623,1000.0);
#7632=CARTESIAN_POINT('',(-4.5,-2.9,-4.90000000004102));
#7633=CARTESIAN_POINT('',(-4.5,-2.9,-6.35));
#7634=VECTOR('',#10624,1000.0);
#7635=AXIS2_PLACEMENT_3D('',#10625,#10626,#10627);
#7636=CARTESIAN_POINT('',(-4.5,-3.9,-3.4999999982));
#7637=CARTESIAN_POINT('',(-4.5,-4.9,-3.499999999325));
#7638=CARTESIAN_POINT('',(-4.5,-1.0,-3.4999999973));
#7639=VECTOR('',#10628,1000.0);
#7640=CARTESIAN_POINT('',(-4.5,-4.9,-3.9999999984));
#7641=CARTESIAN_POINT('',(-4.5,-4.9,-6.35));
#7642=VECTOR('',#10629,1000.0);
#7643=CARTESIAN_POINT('',(-4.5,-4.39999999959504,-5.09999999766592));
#7644=CARTESIAN_POINT('',(-4.5,-4.9,-3.9999999968));
#7645=VECTOR('',#10630,1000.0);
#7646=CARTESIAN_POINT('',(-4.5,-4.10000000003847,-5.09999999785));
#7647=CARTESIAN_POINT('',(-4.5,-1.0,-5.0999999957));
#7648=VECTOR('',#10631,1000.0);
#7649=CARTESIAN_POINT('',(-4.5,-3.9,-4.9));
#7650=AXIS2_PLACEMENT_3D('',#10632,#10633,#10634);
#7651=CARTESIAN_POINT('',(-4.5,-3.9,-6.35));
#7652=VECTOR('',#10635,1000.0);
#7653=CARTESIAN_POINT('',(3.00000000049476,2.56953303092827,-3.5));
#7654=CARTESIAN_POINT('',(3.00000000098952,2.56953303035063,-7.7));
#7655=VECTOR('',#10636,1000.0);
#7656=CARTESIAN_POINT('',(3.95,0.0,-3.5));
#7657=AXIS2_PLACEMENT_3D('',#10637,#10638,#10639);
#7658=CARTESIAN_POINT('',(3.95,0.0,-7.7));
#7659=VECTOR('',#10640,1000.0);
#7660=CARTESIAN_POINT('',(-3.95,-1.31015854263556E-09,-3.5));
#7661=CARTESIAN_POINT('',(-3.95,-1.62031708527112E-09,-7.7));
#7662=VECTOR('',#10641,1000.0);
#7663=CARTESIAN_POINT('',(-2.99999999973701,2.56953303181296,-3.5));
#7664=AXIS2_PLACEMENT_3D('',#10642,#10643,#10644);
#7665=CARTESIAN_POINT('',(-2.99999999973701,2.56953303181296,-7.8));
#7666=CARTESIAN_POINT('',(-2.99999999947403,2.56953303212001,-7.7));
#7667=VECTOR('',#10645,1000.0);
#7668=CARTESIAN_POINT('',(3.00000000024738,2.56953303092827,-7.80000000067303));
#7669=CARTESIAN_POINT('',(3.00000000005022,2.56953303160277,-8.00908131710605));
#7670=CARTESIAN_POINT('',(2.9784483802678,2.5951958380775,-8.21121459607747));
#7671=CARTESIAN_POINT('',(2.89716869308662,2.68563023435719,-8.60415530946815));
#7672=CARTESIAN_POINT('',(2.83677116991716,2.75067334920519,-8.79474777296577));
#7673=CARTESIAN_POINT('',(2.61208821360553,2.97041972494573,-9.32452299868428));
#7674=CARTESIAN_POINT('',(2.39972010089704,3.15304945315199,-9.63898165503632));
#7675=CARTESIAN_POINT('',(2.00501666772427,3.40688677773648,-10.0394275350411));
#7676=CARTESIAN_POINT('',(1.85837476598352,3.48992882441238,-10.1628888037506));
#7677=CARTESIAN_POINT('',(1.54228154117204,3.64067680769231,-10.3803425969228));
#7678=CARTESIAN_POINT('',(1.37316440389381,3.70854957217935,-10.4746447740585));
#7679=CARTESIAN_POINT('',(1.0092515641835,3.82365423248832,-10.6320869385865));
#7680=CARTESIAN_POINT('',(0.815096790551642,3.87015759462529,-10.6941957176774));
#7681=CARTESIAN_POINT('',(0.420002813620412,3.93269630428721,-10.7773057059598));
#7682=CARTESIAN_POINT('',(0.214709570040507,3.94961869439876,-10.7994979470295));
#7683=CARTESIAN_POINT('',(-0.200442884307295,3.95036842341847,-10.8004850914197));
#7684=CARTESIAN_POINT('',(-0.404150110362292,3.9344814667441,-10.7796606523742));
#7685=CARTESIAN_POINT('',(-0.804264274147731,3.87254963831173,-10.6973908766928));
#7686=CARTESIAN_POINT('',(-0.999008632172102,3.82633800564763,-10.6356985129869));
#7687=CARTESIAN_POINT('',(-1.36303315204706,3.71227981260014,-10.4798031513772));
#7688=CARTESIAN_POINT('',(-1.53619373612636,3.64327016597071,-10.3839946081249));
#7689=CARTESIAN_POINT('',(-1.85328900869945,3.49265351092832,-10.1669049790742));
#7690=CARTESIAN_POINT('',(-1.99841011839169,3.41084574123366,-10.0454753707328));
#7691=CARTESIAN_POINT('',(-2.26470418197857,3.24015842821164,-9.77659242384123));
#7692=CARTESIAN_POINT('',(-2.38339269161671,3.15278573797924,-9.63151479033322));
#7693=CARTESIAN_POINT('',(-2.59249143658216,2.98322087403957,-9.32118220503313));
#7694=CARTESIAN_POINT('',(-2.68382488269229,2.90014865046017,-9.15448760931308));
#7695=CARTESIAN_POINT('',(-2.83578060607302,2.75174972516477,-8.79794841498));
#7696=CARTESIAN_POINT('',(-2.8952840316421,2.68768573763706,-8.61133141819164));
#7697=CARTESIAN_POINT('',(-2.97800033260277,2.5957346295793,-8.21526174040524));
#7698=CARTESIAN_POINT('',(-2.99999999995816,2.56953303155476,-8.00888686492074));
#7699=CARTESIAN_POINT('',(-2.99999999973701,2.56953303181296,-7.8));
#7700=CARTESIAN_POINT('',(2.7,-2.5000000004,-9.95000000175));
#7701=CARTESIAN_POINT('',(2.7,-2.5,-10.9250000005));
#7702=VECTOR('',#10646,1000.0);
#7703=CARTESIAN_POINT('',(3.6,-2.5,-9.950000001));
#7704=VECTOR('',#10647,1000.0);
#7705=CARTESIAN_POINT('',(1.9850000003072,-2.5,-9.5));
#7706=CARTESIAN_POINT('',(1.985,-2.5,-10.7));
#7707=VECTOR('',#10648,1000.0);
#7708=CARTESIAN_POINT('',(-1.9850000008072,-2.49999999975,-9.5));
#7709=CARTESIAN_POINT('',(-5.00000214842533E-10,-2.5,-9.5));
#7710=VECTOR('',#10649,1000.0);
#7711=CARTESIAN_POINT('',(-1.985000001,-2.5,-10.7));
#7712=VECTOR('',#10650,1000.0);
#7713=AXIS2_PLACEMENT_3D('',#10651,#10652,#10653);
#7714=AXIS2_PLACEMENT_3D('',#10654,#10655,#10656);
#7715=CARTESIAN_POINT('',(3.69999999932199,3.69999999920667,0.0));
#7716=CARTESIAN_POINT('',(3.804738563,3.739276961,0.0));
#7717=CARTESIAN_POINT('',(3.909398404,3.778524402,-0.020821899));
#7718=CARTESIAN_POINT('',(4.054520917,3.832945344,-0.080933612));
#7719=CARTESIAN_POINT('',(4.100920587,3.85034522,-0.105734753));
#7720=CARTESIAN_POINT('',(4.187991786,3.88299692,-0.163913868));
#7721=CARTESIAN_POINT('',(4.228661446,3.898248042,-0.197290596));
#7722=CARTESIAN_POINT('',(4.302709404,3.926016026,-0.271338554));
#7723=CARTESIAN_POINT('',(4.336086142,3.938532303,-0.312008228));
#7724=CARTESIAN_POINT('',(4.394265238,3.960349464,-0.399079399));
#7725=CARTESIAN_POINT('',(4.419066401,3.9696499,-0.445479113));
#7726=CARTESIAN_POINT('',(4.459140851,3.984677819,-0.542227395));
#7727=CARTESIAN_POINT('',(4.474413337,3.990405001,-0.592574037));
#7728=CARTESIAN_POINT('',(4.489735668,3.996150875,-0.669604595));
#7729=CARTESIAN_POINT('',(4.493581703,3.997593139,-0.69553246));
#7730=CARTESIAN_POINT('',(4.498713859,3.999517697,-0.747640115));
#7731=CARTESIAN_POINT('',(4.5,4.0,-0.773820079));
#7732=CARTESIAN_POINT('',(4.5,3.99999999952451,-0.800000000049225));
#7733=CARTESIAN_POINT('',(-4.5,3.999999999504,-0.799999999938449));
#7734=CARTESIAN_POINT('',(-4.5,4.0,-0.773820079));
#7735=CARTESIAN_POINT('',(-4.498713859,3.999517697,-0.747640115));
#7736=CARTESIAN_POINT('',(-4.493581703,3.997593139,-0.69553246));
#7737=CARTESIAN_POINT('',(-4.489735668,3.996150875,-0.669604595));
#7738=CARTESIAN_POINT('',(-4.474413337,3.990405001,-0.592574037));
#7739=CARTESIAN_POINT('',(-4.459140851,3.984677819,-0.542227395));
#7740=CARTESIAN_POINT('',(-4.419066401,3.9696499,-0.445479113));
#7741=CARTESIAN_POINT('',(-4.394265238,3.960349464,-0.399079399));
#7742=CARTESIAN_POINT('',(-4.336086142,3.938532303,-0.312008228));
#7743=CARTESIAN_POINT('',(-4.302709404,3.926016026,-0.271338554));
#7744=CARTESIAN_POINT('',(-4.228661446,3.898248042,-0.197290596));
#7745=CARTESIAN_POINT('',(-4.187991786,3.88299692,-0.163913868));
#7746=CARTESIAN_POINT('',(-4.100920587,3.85034522,-0.105734753));
#7747=CARTESIAN_POINT('',(-4.054520917,3.832945344,-0.080933612));
#7748=CARTESIAN_POINT('',(-3.909398404,3.778524402,-0.020821899));
#7749=CARTESIAN_POINT('',(-3.804738563,3.739276961,0.0));
#7750=CARTESIAN_POINT('',(-3.69999999937669,3.69999999920667,0.0));
#7751=CARTESIAN_POINT('',(3.99999999833384,4.5,-0.800000000065633));
#7752=CARTESIAN_POINT('',(3.99999999833384,4.5,-0.800000000065633));
#7753=CARTESIAN_POINT('',(4.0,4.5,-0.773820079));
#7754=CARTESIAN_POINT('',(3.999517697,4.498713859,-0.747640115));
#7755=CARTESIAN_POINT('',(3.997593139,4.493581703,-0.69553246));
#7756=CARTESIAN_POINT('',(3.996150875,4.489735668,-0.669604595));
#7757=CARTESIAN_POINT('',(3.990405001,4.474413337,-0.592574037));
#7758=CARTESIAN_POINT('',(3.984677819,4.459140851,-0.542227395));
#7759=CARTESIAN_POINT('',(3.9696499,4.419066401,-0.445479113));
#7760=CARTESIAN_POINT('',(3.960349464,4.394265238,-0.399079399));
#7761=CARTESIAN_POINT('',(3.938532303,4.336086142,-0.312008228));
#7762=CARTESIAN_POINT('',(3.926016026,4.302709404,-0.271338554));
#7763=CARTESIAN_POINT('',(3.898248042,4.228661446,-0.197290596));
#7764=CARTESIAN_POINT('',(3.88299692,4.187991786,-0.163913868));
#7765=CARTESIAN_POINT('',(3.85034522,4.100920587,-0.105734753));
#7766=CARTESIAN_POINT('',(3.832945344,4.054520917,-0.080933612));
#7767=CARTESIAN_POINT('',(3.778524402,3.909398404,-0.020821899));
#7768=CARTESIAN_POINT('',(3.739276961,3.804738563,0.0));
#7769=CARTESIAN_POINT('',(3.69999999932199,3.69999999920667,0.0));
#7770=CARTESIAN_POINT('',(-3.99999999849793,4.5,-0.800000000065633));
#7771=CARTESIAN_POINT('',(0.0,4.5,-0.800000000164083));
#7772=VECTOR('',#10657,1000.0);
#7773=CARTESIAN_POINT('',(-3.69999999937669,3.69999999920667,0.0));
#7774=CARTESIAN_POINT('',(-3.739276961,3.804738563,0.0));
#7775=CARTESIAN_POINT('',(-3.778524402,3.909398404,-0.020821899));
#7776=CARTESIAN_POINT('',(-3.832945344,4.054520917,-0.080933612));
#7777=CARTESIAN_POINT('',(-3.85034522,4.100920587,-0.105734753));
#7778=CARTESIAN_POINT('',(-3.88299692,4.187991786,-0.163913868));
#7779=CARTESIAN_POINT('',(-3.898248042,4.228661446,-0.197290596));
#7780=CARTESIAN_POINT('',(-3.926016026,4.302709404,-0.271338554));
#7781=CARTESIAN_POINT('',(-3.938532303,4.336086142,-0.312008228));
#7782=CARTESIAN_POINT('',(-3.960349464,4.394265238,-0.399079399));
#7783=CARTESIAN_POINT('',(-3.9696499,4.419066401,-0.445479113));
#7784=CARTESIAN_POINT('',(-3.984677819,4.459140851,-0.542227395));
#7785=CARTESIAN_POINT('',(-3.990405001,4.474413337,-0.592574037));
#7786=CARTESIAN_POINT('',(-3.996150875,4.489735668,-0.669604595));
#7787=CARTESIAN_POINT('',(-3.997593139,4.493581703,-0.69553246));
#7788=CARTESIAN_POINT('',(-3.999517697,4.498713859,-0.747640115));
#7789=CARTESIAN_POINT('',(-4.0,4.5,-0.773820079));
#7790=CARTESIAN_POINT('',(-3.99999999849793,4.5,-0.800000000065633));
#7791=CARTESIAN_POINT('',(-3.6,-5.5,-3.1999999998));
#7792=CARTESIAN_POINT('',(-3.6,-5.5,-6.25));
#7793=VECTOR('',#10658,1000.0);
#7794=CARTESIAN_POINT('',(-2.7000000006,-5.5,-3.19999999946667));
#7795=CARTESIAN_POINT('',(0.45,-5.5,-3.1999999997));
#7796=VECTOR('',#10659,1000.0);
#7797=CARTESIAN_POINT('',(-2.70000000045,-5.5,-0.9));
#7798=CARTESIAN_POINT('',(-2.7000000009,-5.5,-6.25));
#7799=VECTOR('',#10660,1000.0);
#7800=CARTESIAN_POINT('',(2.7000000012,-5.5,-0.9));
#7801=CARTESIAN_POINT('',(0.45,-5.5,-0.9));
#7802=VECTOR('',#10661,1000.0);
#7803=CARTESIAN_POINT('',(2.7000000012,-5.5,-3.19999999946667));
#7804=CARTESIAN_POINT('',(2.7000000018,-5.5,-6.25));
#7805=VECTOR('',#10662,1000.0);
#7806=CARTESIAN_POINT('',(3.6000000006,-5.5,-3.1999999998));
#7807=CARTESIAN_POINT('',(0.45,-5.5,-3.1999999997));
#7808=VECTOR('',#10663,1000.0);
#7809=CARTESIAN_POINT('',(3.6000000006,-5.5,-4.20000000033333));
#7810=CARTESIAN_POINT('',(3.6000000009,-5.5,-6.25));
#7811=VECTOR('',#10664,1000.0);
#7812=CARTESIAN_POINT('',(0.45,-5.5,-4.2000000005));
#7813=VECTOR('',#10665,1000.0);
#7814=CARTESIAN_POINT('',(3.99999999989745,4.5,-3.4999999995));
#7815=AXIS2_PLACEMENT_3D('',#10666,#10667,#10668);
#7816=CARTESIAN_POINT('',(3.9999999997949,4.5,-2.1499999995));
#7817=VECTOR('',#10669,1000.0);
#7818=AXIS2_PLACEMENT_3D('',#10670,#10671,#10672);
#7819=CARTESIAN_POINT('',(3.75,0.0,-3.5));
#7820=VECTOR('',#10673,1000.0);
#7821=CARTESIAN_POINT('',(3.0,4.5,-3.5));
#7822=CARTESIAN_POINT('',(3.0,2.25,-3.5));
#7823=VECTOR('',#10674,1000.0);
#7824=CARTESIAN_POINT('',(3.75,4.5,-3.5));
#7825=VECTOR('',#10675,1000.0);
#7826=CARTESIAN_POINT('',(2.7,-5.0999999998,-11.9));
#7827=CARTESIAN_POINT('',(3.6,-5.1,-11.9));
#7828=VECTOR('',#10676,1000.0);
#7829=CARTESIAN_POINT('',(2.7,-4.850000000125,-11.9));
#7830=CARTESIAN_POINT('',(2.7,-4.175,-11.9));
#7831=VECTOR('',#10677,1000.0);
#7832=CARTESIAN_POINT('',(3.85000000012081,-4.85000000023959,-11.9000000000104));
#7833=CARTESIAN_POINT('',(3.6,-4.85000000025,-11.9));
#7834=VECTOR('',#10678,1000.0);
#7835=CARTESIAN_POINT('',(3.85000000019128,-3.79999999970755,-11.9000000000087));
#7836=CARTESIAN_POINT('',(3.8500000002,-4.175,-11.9));
#7837=VECTOR('',#10679,1000.0);
#7838=CARTESIAN_POINT('',(2.7,-3.799999999725,-11.9));
#7839=CARTESIAN_POINT('',(3.6,-3.79999999945,-11.9));
#7840=VECTOR('',#10680,1000.0);
#7841=CARTESIAN_POINT('',(2.7,-3.25,-11.9));
#7842=CARTESIAN_POINT('',(2.7,-4.175,-11.9));
#7843=VECTOR('',#10681,1000.0);
#7844=CARTESIAN_POINT('',(3.6,-3.25,-11.9));
#7845=VECTOR('',#10682,1000.0);
#7846=CARTESIAN_POINT('',(3.6,-5.1,-4.2));
#7847=CARTESIAN_POINT('',(3.6,-5.1,-4.2000000023));
#7848=VECTOR('',#10683,1000.0);
#7849=CARTESIAN_POINT('',(3.6,-5.1,-3.2));
#7850=CARTESIAN_POINT('',(3.6,-5.1,-7.55));
#7851=VECTOR('',#10684,1000.0);
#7852=CARTESIAN_POINT('',(2.7,-5.0999999996,-3.199999999));
#7853=CARTESIAN_POINT('',(3.6,-5.1,-3.2));
#7854=VECTOR('',#10685,1000.0);
#7855=CARTESIAN_POINT('',(2.7,-5.1,-7.55));
#7856=VECTOR('',#10686,1000.0);
#7857=CARTESIAN_POINT('',(3.6,-5.3,-4.2));
#7858=VECTOR('',#10687,1000.0);
#7859=AXIS2_PLACEMENT_3D('',#10688,#10689,#10690);
#7860=CARTESIAN_POINT('',(-2.7,-4.0000000001,-10.85000000125));
#7861=CARTESIAN_POINT('',(-2.7,-4.0,-11.275));
#7862=VECTOR('',#10691,1000.0);
#7863=CARTESIAN_POINT('',(-3.65,-4.0,-10.85));
#7864=CARTESIAN_POINT('',(-3.175,-4.0,-10.85));
#7865=VECTOR('',#10692,1000.0);
#7866=CARTESIAN_POINT('',(-3.65,-4.0,-11.275));
#7867=VECTOR('',#10693,1000.0);
#7868=CARTESIAN_POINT('',(-3.65,-4.64999999975,-10.850000001));
#7869=CARTESIAN_POINT('',(-3.65,-4.325,-10.85));
#7870=VECTOR('',#10694,1000.0);
#7871=CARTESIAN_POINT('',(-3.65,-4.65,-11.275));
#7872=VECTOR('',#10695,1000.0);
#7873=CARTESIAN_POINT('',(-2.7,-4.64999999885,-10.850000003));
#7874=CARTESIAN_POINT('',(-3.175,-4.65,-10.850000002));
#7875=VECTOR('',#10696,1000.0);
#7876=CARTESIAN_POINT('',(-2.7,-4.65,-11.2750000005));
#7877=VECTOR('',#10697,1000.0);
#7878=CARTESIAN_POINT('',(-5.1,-1.9,-3.5));
#7879=CARTESIAN_POINT('',(-5.1,-1.9,-5.1));
#7880=CARTESIAN_POINT('',(-5.1,-1.9,-4.3));
#7881=VECTOR('',#10698,1000.0);
#7882=CARTESIAN_POINT('',(-4.8,-1.9,-3.5));
#7883=VECTOR('',#10699,1000.0);
#7884=CARTESIAN_POINT('',(-4.8,-1.9,-5.1));
#7885=VECTOR('',#10700,1000.0);
#7886=CARTESIAN_POINT('',(-5.1,-2.7,-5.1));
#7887=CARTESIAN_POINT('',(-5.1,-2.3,-5.1));
#7888=VECTOR('',#10701,1000.0);
#7889=CARTESIAN_POINT('',(-4.8,-2.7,-5.1));
#7890=VECTOR('',#10702,1000.0);
#7891=CARTESIAN_POINT('',(-5.1,-2.9,-4.90000000004102));
#7892=AXIS2_PLACEMENT_3D('',#10703,#10704,#10705);
#7893=CARTESIAN_POINT('',(-4.8,-2.9,-4.90000000008204));
#7894=VECTOR('',#10706,1000.0);
#7895=CARTESIAN_POINT('',(-5.1,-2.9,-3.5));
#7896=CARTESIAN_POINT('',(-5.1,-2.9,-4.2));
#7897=VECTOR('',#10707,1000.0);
#7898=CARTESIAN_POINT('',(-4.8,-2.9,-3.5));
#7899=VECTOR('',#10708,1000.0);
#7900=CARTESIAN_POINT('',(-5.1,-2.4,-3.5));
#7901=VECTOR('',#10709,1000.0);
#7902=CARTESIAN_POINT('',(-5.1,-4.9,-3.5));
#7903=CARTESIAN_POINT('',(-5.1,-4.9,-4.0));
#7904=CARTESIAN_POINT('',(-5.1,-4.9,-4.3));
#7905=VECTOR('',#10710,1000.0);
#7906=CARTESIAN_POINT('',(-4.8,-4.9,-4.0));
#7907=VECTOR('',#10711,1000.0);
#7908=CARTESIAN_POINT('',(-4.8,-4.9,-3.5));
#7909=VECTOR('',#10712,1000.0);
#7910=CARTESIAN_POINT('',(-5.1,-3.9,-3.5));
#7911=CARTESIAN_POINT('',(-5.1,-4.4,-3.5));
#7912=VECTOR('',#10713,1000.0);
#7913=CARTESIAN_POINT('',(-4.8,-3.9,-3.5));
#7914=VECTOR('',#10714,1000.0);
#7915=CARTESIAN_POINT('',(-5.1,-3.9,-4.9));
#7916=CARTESIAN_POINT('',(-5.1,-3.9,-4.2));
#7917=VECTOR('',#10715,1000.0);
#7918=CARTESIAN_POINT('',(-4.8,-3.9,-4.9));
#7919=VECTOR('',#10716,1000.0);
#7920=CARTESIAN_POINT('',(-5.1,-4.10000000003847,-5.1));
#7921=AXIS2_PLACEMENT_3D('',#10717,#10718,#10719);
#7922=CARTESIAN_POINT('',(-4.8,-4.10000000007694,-5.1));
#7923=VECTOR('',#10720,1000.0);
#7924=CARTESIAN_POINT('',(-5.1,-4.4,-5.1));
#7925=CARTESIAN_POINT('',(-5.1,-4.25,-5.1));
#7926=VECTOR('',#10721,1000.0);
#7927=CARTESIAN_POINT('',(-4.8,-4.4,-5.1));
#7928=VECTOR('',#10722,1000.0);
#7929=CARTESIAN_POINT('',(-5.1,-4.65,-4.55));
#7930=VECTOR('',#10723,1000.0);
#7931=CARTESIAN_POINT('',(-3.0,4.5,-3.5));
#7932=CARTESIAN_POINT('',(-4.00000000010255,4.5,-3.5));
#7933=CARTESIAN_POINT('',(-3.75,4.5,-3.5));
#7934=VECTOR('',#10724,1000.0);
#7935=CARTESIAN_POINT('',(-3.0,2.2499999995,-3.5));
#7936=VECTOR('',#10725,1000.0);
#7937=CARTESIAN_POINT('',(-3.75,-1.0E-09,-3.5));
#7938=VECTOR('',#10726,1000.0);
#7939=AXIS2_PLACEMENT_3D('',#10727,#10728,#10729);
#7940=CARTESIAN_POINT('',(-4.0000000002051,4.5,-2.15));
#7941=VECTOR('',#10730,1000.0);
#7942=AXIS2_PLACEMENT_3D('',#10731,#10732,#10733);
#7943=CARTESIAN_POINT('',(-3.0,4.5,-7.8));
#7944=CARTESIAN_POINT('',(-3.0,3.534766516,-7.8));
#7945=VECTOR('',#10734,1000.0);
#7946=CARTESIAN_POINT('',(-3.0,4.5,-5.65));
#7947=VECTOR('',#10735,1000.0);
#7948=AXIS2_PLACEMENT_3D('',#10736,#10737,#10738);
#7949=CARTESIAN_POINT('',(3.0,4.5,-5.6500000005));
#7950=VECTOR('',#10739,1000.0);
#7951=CARTESIAN_POINT('',(2.7,-2.9499999992,-9.950000001));
#7952=CARTESIAN_POINT('',(3.6,-2.95,-9.95));
#7953=VECTOR('',#10740,1000.0);
#7954=CARTESIAN_POINT('',(2.7,-2.725,-9.95));
#7955=VECTOR('',#10741,1000.0);
#7956=CARTESIAN_POINT('',(2.7,-4.0000000002,-11.6999999998));
#7957=CARTESIAN_POINT('',(2.7,-3.8,-11.9));
#7958=VECTOR('',#10742,1000.0);
#7959=CARTESIAN_POINT('',(2.7,-4.0000000001,-7.3000000005));
#7960=CARTESIAN_POINT('',(2.7,-4.0000000004,-6.4));
#7961=VECTOR('',#10743,1000.0);
#7962=CARTESIAN_POINT('',(2.7,-4.55,-7.300000001));
#7963=CARTESIAN_POINT('',(2.7,-3.6,-7.300000002));
#7964=VECTOR('',#10744,1000.0);
#7965=CARTESIAN_POINT('',(2.7,-4.54999999974987,-10.7499999997499));
#7966=CARTESIAN_POINT('',(2.7,-4.55,-6.4));
#7967=VECTOR('',#10745,1000.0);
#7968=CARTESIAN_POINT('',(2.7,-4.6499999991,-10.8499999991));
#7969=CARTESIAN_POINT('',(2.7,-4.35,-10.55));
#7970=VECTOR('',#10746,1000.0);
#7971=CARTESIAN_POINT('',(2.7,-4.6499999991,-11.6999999991));
#7972=CARTESIAN_POINT('',(2.7,-4.6499999982,-6.4));
#7973=VECTOR('',#10747,1000.0);
#7974=CARTESIAN_POINT('',(2.7,-4.649999999,-11.699999999));
#7975=VECTOR('',#10748,1000.0);
#7976=CARTESIAN_POINT('',(2.7,-3.6,-3.199999999));
#7977=VECTOR('',#10749,1000.0);
#7978=CARTESIAN_POINT('',(2.7,-3.6,-0.9));
#7979=VECTOR('',#10750,1000.0);
#7980=CARTESIAN_POINT('',(2.7,-1.70000000081507,-9.50000000133333));
#7981=CARTESIAN_POINT('',(2.7,-3.6,-9.500000002));
#7982=VECTOR('',#10751,1000.0);
#7983=CARTESIAN_POINT('',(2.7,-1.7,-6.4));
#7984=VECTOR('',#10752,1000.0);
#7985=CARTESIAN_POINT('',(2.7,-2.9499999992,-11.5999999992));
#7986=CARTESIAN_POINT('',(2.7,-2.9499999984,-6.4));
#7987=VECTOR('',#10753,1000.0);
#7988=CARTESIAN_POINT('',(2.7,-2.95,-11.6));
#7989=VECTOR('',#10754,1000.0);
#7990=CARTESIAN_POINT('',(-2.4999999999872,-1.7000000012226,-9.5));
#7991=CARTESIAN_POINT('',(-2.2425000005,-2.0999999995,-9.5));
#7992=VECTOR('',#10755,1000.0);
#7993=CARTESIAN_POINT('',(-2.5,-1.7,-10.7));
#7994=VECTOR('',#10756,1000.0);
#7995=CARTESIAN_POINT('',(2.4999999999744,-1.7000000024452,-9.5));
#7996=CARTESIAN_POINT('',(2.499999999,-1.700000001,-10.7));
#7997=VECTOR('',#10757,1000.0);
#7998=CARTESIAN_POINT('',(2.2424999995,-2.1000000005,-9.5));
#7999=VECTOR('',#10758,1000.0);
#8000=CARTESIAN_POINT('',(0.0,-1.7000000024452,-9.5));
#8001=VECTOR('',#10759,1000.0);
#8002=CARTESIAN_POINT('',(-2.700000001536,-1.70000000163013,-9.5));
#8003=CARTESIAN_POINT('',(-2.700000002304,0.3671,-9.5));
#8004=VECTOR('',#10760,1000.0);
#8005=CARTESIAN_POINT('',(0.0,-1.7000000024452,-9.5));
#8006=VECTOR('',#10761,1000.0);
#8007=AXIS2_PLACEMENT_3D('',#10762,#10763,#10764);
#8008=AXIS2_PLACEMENT_3D('',#10765,#10766,#10767);
#8009=CARTESIAN_POINT('',(-2.7,-2.9499999996,-9.24999999975));
#8010=CARTESIAN_POINT('',(-2.7,-2.9499999984,-6.4));
#8011=VECTOR('',#10768,1000.0);
#8012=CARTESIAN_POINT('',(-2.7,-2.5000000002,-9.24999999975));
#8013=CARTESIAN_POINT('',(-2.7,-3.6,-9.249999999));
#8014=VECTOR('',#10769,1000.0);
#8015=CARTESIAN_POINT('',(-2.7,-2.5000000008,-6.4));
#8016=VECTOR('',#10770,1000.0);
#8017=CARTESIAN_POINT('',(-2.7,-1.7,-6.4));
#8018=VECTOR('',#10771,1000.0);
#8019=CARTESIAN_POINT('',(-2.7,-3.6,-0.9));
#8020=VECTOR('',#10772,1000.0);
#8021=CARTESIAN_POINT('',(-2.7,-5.09999999973334,-3.19999999933333));
#8022=CARTESIAN_POINT('',(-2.7,-3.6,-3.199999999));
#8023=VECTOR('',#10773,1000.0);
#8024=CARTESIAN_POINT('',(-2.7,-5.0999999996,-6.4));
#8025=VECTOR('',#10774,1000.0);
#8026=CARTESIAN_POINT('',(-2.7,-3.6,-10.850000005));
#8027=VECTOR('',#10775,1000.0);
#8028=CARTESIAN_POINT('',(-3.6,-5.1,-3.2));
#8029=CARTESIAN_POINT('',(-3.6,-5.4500000005,-3.2));
#8030=VECTOR('',#10776,1000.0);
#8031=CARTESIAN_POINT('',(-3.6,-5.1,-7.55));
#8032=VECTOR('',#10777,1000.0);
#8033=CARTESIAN_POINT('',(-3.15,-5.1,-3.2));
#8034=VECTOR('',#10778,1000.0);
#8035=CARTESIAN_POINT('',(3.6,-5.3,-3.2));
#8036=VECTOR('',#10779,1000.0);
#8037=CARTESIAN_POINT('',(3.6,-2.95,-11.6));
#8038=VECTOR('',#10780,1000.0);
#8039=CARTESIAN_POINT('',(3.65,-4.6500000001069,-11.7));
#8040=CARTESIAN_POINT('',(3.27845,-4.65,-11.7));
#8041=VECTOR('',#10781,1000.0);
#8042=CARTESIAN_POINT('',(3.84999999983325,-4.85,-11.8999999998333));
#8043=VECTOR('',#10782,1000.0);
#8044=CARTESIAN_POINT('',(3.64999999992645,-4.0,-11.7));
#8045=CARTESIAN_POINT('',(3.65,-4.325,-11.7));
#8046=VECTOR('',#10783,1000.0);
#8047=CARTESIAN_POINT('',(3.85,-3.8000000001302,-11.8999999998698));
#8048=VECTOR('',#10784,1000.0);
#8049=CARTESIAN_POINT('',(3.27845,-4.0,-11.7));
#8050=VECTOR('',#10785,1000.0);
#8051=AXIS2_PLACEMENT_3D('',#10786,#10787,#10788);
#8052=CARTESIAN_POINT('',(3.65,-4.0,-7.3));
#8053=CARTESIAN_POINT('',(3.65,-4.0,-9.5));
#8054=VECTOR('',#10789,1000.0);
#8055=CARTESIAN_POINT('',(3.175,-4.0,-7.3));
#8056=VECTOR('',#10790,1000.0);
#8057=CARTESIAN_POINT('',(3.65,-4.349999999875,-7.3));
#8058=CARTESIAN_POINT('',(2.9,-4.35,-7.3));
#8059=CARTESIAN_POINT('',(3.275,-4.35,-7.3));
#8060=VECTOR('',#10791,1000.0);
#8061=CARTESIAN_POINT('',(2.9000000002,-4.3499999998,-7.3));
#8062=VECTOR('',#10792,1000.0);
#8063=CARTESIAN_POINT('',(3.65,-4.275,-7.3));
#8064=VECTOR('',#10793,1000.0);
#8065=CARTESIAN_POINT('',(2.89999999962635,-4.35,-10.55));
#8066=CARTESIAN_POINT('',(2.9,-4.35,-9.03535));
#8067=VECTOR('',#10794,1000.0);
#8068=CARTESIAN_POINT('',(2.7,-4.54999999949975,-10.7499999994997));
#8069=VECTOR('',#10795,1000.0);
#8070=CARTESIAN_POINT('',(3.65,-4.34999999985,-10.5500000008));
#8071=CARTESIAN_POINT('',(3.175,-4.35,-10.55));
#8072=VECTOR('',#10796,1000.0);
#8073=CARTESIAN_POINT('',(3.65,-4.65,-10.85000000015));
#8074=CARTESIAN_POINT('',(3.65,-4.5,-10.7));
#8075=VECTOR('',#10797,1000.0);
#8076=CARTESIAN_POINT('',(3.175,-4.65,-10.85));
#8077=VECTOR('',#10798,1000.0);
#8078=CARTESIAN_POINT('',(3.65,-4.65,-11.2749999995));
#8079=VECTOR('',#10799,1000.0);
#8080=AXIS2_PLACEMENT_3D('',#10800,#10801,#10802);
#8081=CARTESIAN_POINT('',(-3.6,-2.9499999999125,-9.25));
#8082=CARTESIAN_POINT('',(-3.6,-2.95,-10.425));
#8083=VECTOR('',#10803,1000.0);
#8084=CARTESIAN_POINT('',(-3.15,-2.95,-9.25));
#8085=VECTOR('',#10804,1000.0);
#8086=CARTESIAN_POINT('',(-3.6,-2.499999999,-9.25));
#8087=CARTESIAN_POINT('',(-3.6,-2.725,-9.25));
#8088=VECTOR('',#10805,1000.0);
#8089=CARTESIAN_POINT('',(-3.15,-2.5,-9.25));
#8090=VECTOR('',#10806,1000.0);
#8091=CARTESIAN_POINT('',(-3.6,-2.5,-10.575));
#8092=VECTOR('',#10807,1000.0);
#8093=AXIS2_PLACEMENT_3D('',#10808,#10809,#10810);
#8094=CARTESIAN_POINT('',(3.65,-4.3499999997,-9.5));
#8095=VECTOR('',#10811,1000.0);
#8096=CARTESIAN_POINT('',(0.8,-7.0,-9.5));
#8097=CARTESIAN_POINT('',(0.0,-7.0,-8.7));
#8098=AXIS2_PLACEMENT_3D('',#10812,#10813,#10814);
#8099=CARTESIAN_POINT('',(0.8,-6.5,-9.5));
#8100=CARTESIAN_POINT('',(0.8,-7.0,-9.5));
#8101=VECTOR('',#10815,1000.0);
#8102=CARTESIAN_POINT('',(-0.800000000000001,-6.5,-9.5));
#8103=AXIS2_PLACEMENT_3D('',#10816,#10817,#10818);
#8104=CARTESIAN_POINT('',(-0.8,-7.0,-9.5));
#8105=CARTESIAN_POINT('',(-0.8,-7.0,-9.5));
#8106=VECTOR('',#10819,1000.0);
#8107=AXIS2_PLACEMENT_3D('',#10820,#10821,#10822);
#8108=CARTESIAN_POINT('',(7.65404249467082E-17,-7.70000000000004,-9.94999999999998));
#8109=CARTESIAN_POINT('',(0.0,-7.70000000000004,-9.05000000000002));
#8110=AXIS2_PLACEMENT_3D('',#10823,#10824,#10825);
#8111=CARTESIAN_POINT('',(9.79717439317883E-17,-7.0,-10.3));
#8112=CARTESIAN_POINT('',(5.51091059616308E-17,-7.7,-9.95));
#8113=VECTOR('',#10826,1000.0);
#8114=AXIS2_PLACEMENT_3D('',#10827,#10828,#10829);
#8115=CARTESIAN_POINT('',(0.0,-7.7,-9.05));
#8116=VECTOR('',#10830,1000.0);
#8117=AXIS2_PLACEMENT_3D('',#10831,#10832,#10833);
#8118=AXIS2_PLACEMENT_3D('',#10834,#10835,#10836);
#8119=AXIS2_PLACEMENT_3D('',#10837,#10838,#10839);
#8120=CARTESIAN_POINT('',(3.924608305,-5.15,-5.7500000000013));
#8121=CARTESIAN_POINT('',(3.924608305,-5.15,-4.2500000000013));
#8122=CARTESIAN_POINT('',(3.924608305,-5.15,-5.0000000000013));
#8123=VECTOR('',#10840,1000.0);
#8124=CARTESIAN_POINT('',(4.37,-5.15,-4.2500000000013));
#8125=CARTESIAN_POINT('',(4.1473041525,-5.15,-4.2500000000013));
#8126=VECTOR('',#10841,1000.0);
#8127=CARTESIAN_POINT('',(4.37,-5.15,-5.7500000000013));
#8128=CARTESIAN_POINT('',(4.37,-5.15,-5.0000000000013));
#8129=VECTOR('',#10842,1000.0);
#8130=CARTESIAN_POINT('',(4.1473041525,-5.15,-5.7500000000013));
#8131=VECTOR('',#10843,1000.0);
#8132=CARTESIAN_POINT('',(5.946110669,-6.197866773,-4.2500000000013));
#8133=CARTESIAN_POINT('',(5.946110669,-6.497866773,-4.2500000000013));
#8134=CARTESIAN_POINT('',(5.946110669,-5.823933387,-4.2500000000013));
#8135=VECTOR('',#10844,1000.0);
#8136=CARTESIAN_POINT('',(5.20833777503847,-6.197866775,-4.2500000000013));
#8137=CARTESIAN_POINT('',(5.727224222,-6.197866773,-4.2500000000013));
#8138=VECTOR('',#10845,1000.0);
#8139=CARTESIAN_POINT('',(5.01707682399178,-6.05634111397313,-4.2500000000013));
#8140=AXIS2_PLACEMENT_3D('',#10846,#10847,#10848);
#8141=CARTESIAN_POINT('',(4.84815237938769,-5.50381414725803,-4.2500000000013));
#8142=CARTESIAN_POINT('',(4.932614601,-5.780077631,-4.2500000000013));
#8143=VECTOR('',#10849,1000.0);
#8144=AXIS2_PLACEMENT_3D('',#10850,#10851,#10852);
#8145=CARTESIAN_POINT('',(3.924608305,-5.4500000002151,-4.2500000000013));
#8146=CARTESIAN_POINT('',(3.924608305,-5.823933387,-4.2500000000013));
#8147=VECTOR('',#10853,1000.0);
#8148=CARTESIAN_POINT('',(4.37,-5.45,-4.2500000000013));
#8149=CARTESIAN_POINT('',(4.1473041525,-5.45,-4.2500000000013));
#8150=VECTOR('',#10854,1000.0);
#8151=CARTESIAN_POINT('',(4.56126095252302,-5.59152565856386,-4.2500000000013));
#8152=AXIS2_PLACEMENT_3D('',#10855,#10856,#10857);
#8153=CARTESIAN_POINT('',(4.73018539707073,-6.14405262523135,-4.2500000000013));
#8154=CARTESIAN_POINT('',(4.645723174,-5.867789142,-4.2500000000013));
#8155=VECTOR('',#10858,1000.0);
#8156=CARTESIAN_POINT('',(5.208337775,-6.497866773,-4.2500000000013));
#8157=AXIS2_PLACEMENT_3D('',#10859,#10860,#10861);
#8158=CARTESIAN_POINT('',(5.727224222,-6.497866773,-4.2500000000013));
#8159=VECTOR('',#10862,1000.0);
#8160=CARTESIAN_POINT('',(3.924608305,-5.4500000002151,-5.7500000000013));
#8161=CARTESIAN_POINT('',(3.924608305,-5.3,-5.7500000000013));
#8162=VECTOR('',#10863,1000.0);
#8163=CARTESIAN_POINT('',(3.924608305,-5.45,-5.0000000000013));
#8164=VECTOR('',#10864,1000.0);
#8165=CARTESIAN_POINT('',(5.946110669,-6.497866773,-5.7500000000013));
#8166=CARTESIAN_POINT('',(5.946110669,-6.197866773,-5.7500000000013));
#8167=CARTESIAN_POINT('',(5.946110669,-5.823933387,-5.7500000000013));
#8168=VECTOR('',#10865,1000.0);
#8169=CARTESIAN_POINT('',(5.208337775,-6.497866773,-5.7500000000013));
#8170=CARTESIAN_POINT('',(5.727224222,-6.497866773,-5.7500000000013));
#8171=VECTOR('',#10866,1000.0);
#8172=CARTESIAN_POINT('',(4.73018539707073,-6.14405262523135,-5.7500000000013));
#8173=AXIS2_PLACEMENT_3D('',#10867,#10868,#10869);
#8174=CARTESIAN_POINT('',(4.56126095252302,-5.59152565856386,-5.7500000000013));
#8175=CARTESIAN_POINT('',(4.645723174,-5.867789142,-5.7500000000013));
#8176=VECTOR('',#10870,1000.0);
#8177=CARTESIAN_POINT('',(4.37,-5.45000000032266,-5.7500000000013));
#8178=AXIS2_PLACEMENT_3D('',#10871,#10872,#10873);
#8179=CARTESIAN_POINT('',(4.935359487,-5.45000000064531,-5.7500000000013));
#8180=VECTOR('',#10874,1000.0);
#8181=CARTESIAN_POINT('',(4.84815237938769,-5.50381414725803,-5.7500000000013));
#8182=AXIS2_PLACEMENT_3D('',#10875,#10876,#10877);
#8183=CARTESIAN_POINT('',(5.01707682399178,-6.05634111397313,-5.7500000000013));
#8184=CARTESIAN_POINT('',(4.932614601,-5.780077631,-5.7500000000013));
#8185=VECTOR('',#10878,1000.0);
#8186=CARTESIAN_POINT('',(5.20833777503847,-6.197866775,-5.7500000000013));
#8187=AXIS2_PLACEMENT_3D('',#10879,#10880,#10881);
#8188=CARTESIAN_POINT('',(5.727224222,-6.197866773,-5.7500000000013));
#8189=VECTOR('',#10882,1000.0);
#8190=CARTESIAN_POINT('',(4.84815238091685,-5.50381414697876,-5.0000000000013));
#8191=VECTOR('',#10883,1000.0);
#8192=CARTESIAN_POINT('',(6.246110669,-6.197866773,-4.55000000005901));
#8193=AXIS2_PLACEMENT_3D('',#10884,#10885,#10886);
#8194=CARTESIAN_POINT('',(6.246110669,-6.497866773,-4.55000000005901));
#8195=AXIS2_PLACEMENT_3D('',#10887,#10888,#10889);
#8196=CARTESIAN_POINT('',(6.246110669,-6.347866773,-4.55000000011671));
#8197=VECTOR('',#10890,1000.0);
#8198=CARTESIAN_POINT('',(4.37,-5.45,-5.0000000000013));
#8199=VECTOR('',#10891,1000.0);
#8200=CARTESIAN_POINT('',(6.246110669,-6.197866773,-5.450000000059));
#8201=AXIS2_PLACEMENT_3D('',#10892,#10893,#10894);
#8202=CARTESIAN_POINT('',(6.246110669,-6.497866773,-5.450000000059));
#8203=CARTESIAN_POINT('',(6.246110669,-6.347866773,-5.45000000011671));
#8204=VECTOR('',#10895,1000.0);
#8205=AXIS2_PLACEMENT_3D('',#10896,#10897,#10898);
#8206=CARTESIAN_POINT('',(5.017076824,-6.056341114,-5.0000000000013));
#8207=VECTOR('',#10899,1000.0);
#8208=CARTESIAN_POINT('',(6.246110669,-6.197866773,-5.0000000000013));
#8209=VECTOR('',#10900,1000.0);
#8210=CARTESIAN_POINT('',(6.246110669,-6.497866773,-5.0000000000013));
#8211=VECTOR('',#10901,1000.0);
#8212=CARTESIAN_POINT('',(4.56126095402962,-5.59152565807398,-5.0000000000013));
#8213=VECTOR('',#10902,1000.0);
#8214=CARTESIAN_POINT('',(5.20833777507694,-6.197866777,-5.0000000000013));
#8215=VECTOR('',#10903,1000.0);
#8216=CARTESIAN_POINT('',(5.208337775,-6.497866773,-5.0000000000013));
#8217=VECTOR('',#10904,1000.0);
#8218=CARTESIAN_POINT('',(4.730185397,-6.144052625,-5.0000000000013));
#8219=VECTOR('',#10905,1000.0);
#8220=CARTESIAN_POINT('',(-2.27403142023766,-4.44999998569595,-1.8999999930013));
#8221=CARTESIAN_POINT('',(2.27403142807846,-4.45000003757779,-1.8999999930013));
#8222=CARTESIAN_POINT('',(1.25689236796234E-10,-4.45,-1.8999999930013));
#8223=VECTOR('',#10906,1.0);
#8224=CARTESIAN_POINT('',(-2.21862521501806,-3.84378220627042,-2.25000000742526));
#8225=CARTESIAN_POINT('',(-2.35714376,-5.1500000035,-2.6000000000013));
#8226=CARTESIAN_POINT('',(-2.345494644307,-5.15000000700667,-2.44588258604638));
#8227=CARTESIAN_POINT('',(-2.33414523364245,-5.0989683580589,-2.29598881061497));
#8228=CARTESIAN_POINT('',(-2.3109301731772,-4.91210603043326,-2.05224024456926));
#8229=CARTESIAN_POINT('',(-2.299499899641,-4.77957504978097,-1.96374569406204));
#8230=CARTESIAN_POINT('',(-2.27635547986116,-4.48387566906308,-1.88425444862853));
#8231=CARTESIAN_POINT('',(-2.26485733317494,-4.32400187937827,-1.89470194331047));
#8232=CARTESIAN_POINT('',(-2.24177136990988,-4.04169617920813,-2.0112650298332));
#8233=CARTESIAN_POINT('',(-2.23027433079106,-3.92084091891231,-2.11653039964064));
#8234=CARTESIAN_POINT('',(-2.21862521501806,-3.84378220627042,-2.25000000742526));
#8235=CARTESIAN_POINT('',(2.21862521462957,-3.84378220724976,-2.25000000796101));
#8236=CARTESIAN_POINT('',(-4.99999998002098E-10,-3.8437822111511,-2.24999999673966));
#8237=VECTOR('',#10907,1000.0);
#8238=CARTESIAN_POINT('',(2.21862521462957,-3.84378220724976,-2.25000000796101));
#8239=CARTESIAN_POINT('',(2.23027433067423,-3.92084091813661,-2.11653040097755));
#8240=CARTESIAN_POINT('',(2.24162374129615,-4.03998250972154,-2.01223440837579));
#8241=CARTESIAN_POINT('',(2.26483880175051,-4.32368431534617,-1.89457312154857));
#8242=CARTESIAN_POINT('',(2.27626907533448,-4.48270678666957,-1.88420008286618));
#8243=CARTESIAN_POINT('',(2.29941349511481,-4.77853558505567,-1.96320833499851));
#8244=CARTESIAN_POINT('',(2.3109116417599,-4.91176660110821,-2.05219302553442));
#8245=CARTESIAN_POINT('',(2.33399760503637,-5.09796896606396,-2.29429246952227));
#8246=CARTESIAN_POINT('',(2.34549464418824,-5.15000000700479,-2.44588258447525));
#8247=CARTESIAN_POINT('',(2.35714376025138,-5.1500000035,-2.6000000000013));
#8248=CARTESIAN_POINT('',(2.27403142230461,-4.44999999905108,-1.5999999930013));
#8249=CARTESIAN_POINT('',(-2.27403142240503,-4.45000000000032,-1.5999999930013));
#8250=CARTESIAN_POINT('',(-7.99360577730113E-14,-4.45,-1.5999999930013));
#8251=VECTOR('',#10908,1.0);
#8252=CARTESIAN_POINT('',(2.21862521538702,-3.58397459824125,-2.09999998750699));
#8253=CARTESIAN_POINT('',(2.21862521538702,-3.58397459824125,-2.09999998750699));
#8254=CARTESIAN_POINT('',(2.2244028502571,-3.63857310471614,-2.00543259522465));
#8255=CARTESIAN_POINT('',(2.2300428302027,-3.70699017526768,-1.92187082013756));
#8256=CARTESIAN_POINT('',(2.24159333840306,-3.8708458327079,-1.77750183298838));
#8257=CARTESIAN_POINT('',(2.24737250979226,-3.96468874830744,-1.7188665937014));
#8258=CARTESIAN_POINT('',(2.26470503012734,-4.2670828697607,-1.59290832377057));
#8259=CARTESIAN_POINT('',(2.27625976396308,-4.49652649422602,-1.57749005688883));
#8260=CARTESIAN_POINT('',(2.29936944767528,-4.91855965053158,-1.68997629024283));
#8261=CARTESIAN_POINT('',(2.31092389212666,-5.1098874341564,-1.81753970790912));
#8262=CARTESIAN_POINT('',(2.33403446390721,-5.37601476758116,-2.16388971041838));
#8263=CARTESIAN_POINT('',(2.34558848927265,-5.4500000069811,-2.38160593757686));
#8264=CARTESIAN_POINT('',(2.35714375999771,-5.4500000035,-2.59999999995802));
#8265=CARTESIAN_POINT('',(-2.2186252142196,-3.58397459799657,-2.09999998749777));
#8266=CARTESIAN_POINT('',(0.0,-3.58397458995679,-2.09999999684182));
#8267=VECTOR('',#10909,1000.0);
#8268=CARTESIAN_POINT('',(-2.35714375999787,-5.4500000035,-2.59999999996103));
#8269=CARTESIAN_POINT('',(-2.35645810232484,-5.45000000699896,-2.5870411028328));
#8270=CARTESIAN_POINT('',(-2.35577219591221,-5.44974801251672,-2.57407977135128));
#8271=CARTESIAN_POINT('',(-2.35508637101619,-5.44924430929607,-2.56113067611434));
#8272=CARTESIAN_POINT('',(-2.35474350703331,-5.4489924932809,-2.55465704356857));
#8273=CARTESIAN_POINT('',(-2.35440061463779,-5.44867775008961,-2.54818555420319));
#8274=CARTESIAN_POINT('',(-2.35405773310516,-5.44830016881093,-2.54171803922552));
#8275=CARTESIAN_POINT('',(-2.35371485157261,-5.44792258753233,-2.5352505242493));
#8276=CARTESIAN_POINT('',(-2.3533719486072,-5.44748213261097,-2.52878637464752));
#8277=CARTESIAN_POINT('',(-2.35302906225056,-5.44697892869217,-2.52232741961614));
#8278=CARTESIAN_POINT('',(-2.35268617589398,-5.44647572477345,-2.51586846458576));
#8279=CARTESIAN_POINT('',(-2.35234327384969,-5.44590972447281,-2.5094140959187));
#8280=CARTESIAN_POINT('',(-2.35200039299902,-5.44528108795138,-2.50296614010558));
#8281=CARTESIAN_POINT('',(-2.35165751214838,-5.44465245143,-2.49651818429311));
#8282=CARTESIAN_POINT('',(-2.35131462019515,-5.44396111949198,-2.49007603416316));
#8283=CARTESIAN_POINT('',(-2.35097175293769,-5.44320728775918,-2.48364151280756));
#8284=CARTESIAN_POINT('',(-2.35062888568026,-5.44245345602643,-2.47720699145232));
#8285=CARTESIAN_POINT('',(-2.35028601082342,-5.44163705351405,-2.47077949296483));
#8286=CARTESIAN_POINT('',(-2.3499431631632,-5.44075831123575,-2.46436083634536));
#8287=CARTESIAN_POINT('',(-2.34960031550298,-5.43987956895747,-2.45794217972607));
#8288=CARTESIAN_POINT('',(-2.34925746274583,-5.43893840416618,-2.45153176056175));
#8289=CARTESIAN_POINT('',(-2.34891463876874,-5.43793508318464,-2.44513139306958));
#8290=CARTESIAN_POINT('',(-2.34857181479165,-5.4369317622031,-2.43873102557745));
#8291=CARTESIAN_POINT('',(-2.34822898730313,-5.43586619055319,-2.43234010706617));
#8292=CARTESIAN_POINT('',(-2.34788618934694,-5.43473866977001,-2.42596044627971));
#8293=CARTESIAN_POINT('',(-2.34754339139075,-5.43361114898682,-2.41958078549322));
#8294=CARTESIAN_POINT('',(-2.34720059067768,-5.43242157289689,-2.4132117816896));
#8295=CARTESIAN_POINT('',(-2.3468578195061,-5.43117027813704,-2.40685523745126));
#8296=CARTESIAN_POINT('',(-2.34651504833451,-5.42991898337717,-2.40049869321284));
#8297=CARTESIAN_POINT('',(-2.34617227441756,-5.42860585211866,-2.39415400997404));
#8298=CARTESIAN_POINT('',(-2.34582952939774,-5.42723125597561,-2.38782298346943));
#8299=CARTESIAN_POINT('',(-2.34548678437793,-5.42585665983254,-2.38149195696475));
#8300=CARTESIAN_POINT('',(-2.34514403597073,-5.42442046936542,-2.37517399103099));
#8301=CARTESIAN_POINT('',(-2.34480131525376,-5.42292309102741,-2.3688708738711));
#8302=CARTESIAN_POINT('',(-2.34445859453678,-5.42142571268937,-2.36256775671115));
#8303=CARTESIAN_POINT('',(-2.34411586922769,-5.41986700547902,-2.35627889478944));
#8304=CARTESIAN_POINT('',(-2.34377316993132,-5.41824741053651,-2.35000606809618));
#8305=CARTESIAN_POINT('',(-2.34343047063495,-5.41662781559398,-2.34373324140288));
#8306=CARTESIAN_POINT('',(-2.34308776507091,-5.41494718040923,-2.33747585925431));
#8307=CARTESIAN_POINT('',(-2.34274508346435,-5.41320598064366,-2.3312356927499));
#8308=CARTESIAN_POINT('',(-2.34240240185779,-5.41146478087809,-2.32499552624548));
#8309=CARTESIAN_POINT('',(-2.34205971192992,-5.4096628525706,-2.31877198777664));
#8310=CARTESIAN_POINT('',(-2.34171704362004,-5.40780070572448,-2.31256683887731));
#8311=CARTESIAN_POINT('',(-2.34137437531016,-5.40593855887836,-2.306361689978));
#8312=CARTESIAN_POINT('',(-2.34103169634069,-5.40401601814342,-2.30017434633681));
#8313=CARTESIAN_POINT('',(-2.34068903645947,-5.40203362767181,-2.29400655925119));
#8314=CARTESIAN_POINT('',(-2.34034637657825,-5.40005123720022,-2.28783877216561));
#8315=CARTESIAN_POINT('',(-2.34000370350845,-5.39800881031895,-2.28168996084223));
#8316=CARTESIAN_POINT('',(-2.33966104690119,-5.39590692512257,-2.2755618656749));
#8317=CARTESIAN_POINT('',(-2.33931839029395,-5.39380503992622,-2.26943377050763));
#8318=CARTESIAN_POINT('',(-2.33897571787272,-5.39164349848947,-2.2633258144406));
#8319=CARTESIAN_POINT('',(-2.33863305928689,-5.38942291262941,-2.25723972630126));
#8320=CARTESIAN_POINT('',(-2.33829040070106,-5.38720232676937,-2.251153638162));
#8321=CARTESIAN_POINT('',(-2.33794772367393,-5.38492248738326,-2.24508884485025));
#8322=CARTESIAN_POINT('',(-2.33760505794814,-5.38258403977748,-2.23904706296884));
#8323=CARTESIAN_POINT('',(-2.33691962962141,-5.37790648346245,-2.22696179113142));
#8324=CARTESIAN_POINT('',(-2.33623405249188,-5.37299304000453,-2.21496520241333));
#8325=CARTESIAN_POINT('',(-2.33554856723379,-5.3678492727965,-2.2030708798464));
#8326=CARTESIAN_POINT('',(-2.33520587304635,-5.3652777526903,-2.19712455910648));
#8327=CARTESIAN_POINT('',(-2.33486315346834,-5.36264832106571,-2.19120295073586));
#8328=CARTESIAN_POINT('',(-2.33452043909064,-5.35996172217867,-2.1853077307586));
#8329=CARTESIAN_POINT('',(-2.33417772471295,-5.35727512329163,-2.17941251078135));
#8330=CARTESIAN_POINT('',(-2.33383498325379,-5.35453110415754,-2.17354312407141));
#8331=CARTESIAN_POINT('',(-2.33349224577472,-5.35173044145789,-2.16770123184646));
#8332=CARTESIAN_POINT('',(-2.33314950829565,-5.34892977875822,-2.16185933962149));
#8333=CARTESIAN_POINT('',(-2.33280674251281,-5.34607220876771,-2.15604439177749));
#8334=CARTESIAN_POINT('',(-2.33246398005114,-5.34315854029533,-2.15025803409472));
#8335=CARTESIAN_POINT('',(-2.33212121758946,-5.34024487182293,-2.14447167641188));
#8336=CARTESIAN_POINT('',(-2.33177842616285,-5.33727483050241,-2.13871336401609));
#8337=CARTESIAN_POINT('',(-2.3314356380513,-5.33424925695964,-2.13298472662543));
#8338=CARTESIAN_POINT('',(-2.33109284993973,-5.33122368341682,-2.12725608923468));
#8339=CARTESIAN_POINT('',(-2.33075003285486,-5.32814229274818,-2.12155658741054));
#8340=CARTESIAN_POINT('',(-2.33040721982203,-5.32500595707353,-2.11588783419069));
#8341=CARTESIAN_POINT('',(-2.33006440678921,-5.32186962139882,-2.11021908097075));
#8342=CARTESIAN_POINT('',(-2.32972156551788,-5.31867804538484,-2.104580542556));
#8343=CARTESIAN_POINT('',(-2.32937872986757,-5.3154321323101,-2.09897381469239));
#8344=CARTESIAN_POINT('',(-2.32903589421724,-5.3121862192353,-2.0933670868287));
#8345=CARTESIAN_POINT('',(-2.32869303189543,-5.30888566344835,-2.087791641558));
#8346=CARTESIAN_POINT('',(-2.32835017768255,-5.30553139903922,-2.08224905673031));
#8347=CARTESIAN_POINT('',(-2.32800732346967,-5.30217713463004,-2.07670647190256));
#8348=CARTESIAN_POINT('',(-2.32766444507169,-5.29876884574458,-2.07119622559998));
#8349=CARTESIAN_POINT('',(-2.32732157827449,-5.29530749692509,-2.06571987717972));
#8350=CARTESIAN_POINT('',(-2.32697871147728,-5.2918461481056,-2.06024352875946));
#8351=CARTESIAN_POINT('',(-2.32663582398586,-5.28833141341451,-2.05480056254103));
#8352=CARTESIAN_POINT('',(-2.32629295267335,-5.2847642874756,-2.04939251879954));
#8353=CARTESIAN_POINT('',(-2.32595008136085,-5.28119716153675,-2.04398447505813));
#8354=CARTESIAN_POINT('',(-2.32560719393209,-5.27757730845204,-2.0386108445451));
#8355=CARTESIAN_POINT('',(-2.32526432842616,-5.27390575254445,-2.0332731478722));
#8356=CARTESIAN_POINT('',(-2.32492146292025,-5.27023419663701,-2.02793545119952));
#8357=CARTESIAN_POINT('',(-2.3245785870428,-5.26651059217495,-2.02263318574249));
#8358=CARTESIAN_POINT('',(-2.32423574007393,-5.2627359927869,-2.01736785187635));
#8359=CARTESIAN_POINT('',(-2.32389289310508,-5.25896139339908,-2.01210251801054));
#8360=CARTESIAN_POINT('',(-2.32355004275248,-5.25513544364996,-2.00687361992498));
#8361=CARTESIAN_POINT('',(-2.32320722960816,-5.25125922606977,-2.00168263719333));
#8362=CARTESIAN_POINT('',(-2.32286441646379,-5.24738300848909,-1.99649165446102));
#8363=CARTESIAN_POINT('',(-2.32252162752404,-5.24345615744168,-1.99133809747086));
#8364=CARTESIAN_POINT('',(-2.32217882843438,-5.23947978643611,-1.98622342761621));
#8365=CARTESIAN_POINT('',(-2.32183602934472,-5.23550341543062,-1.98110875776166));
#8366=CARTESIAN_POINT('',(-2.32149318722099,-5.23147715007175,-1.97603249342789));
#8367=CARTESIAN_POINT('',(-2.32115034380952,-5.22740212962756,-1.9709960708796));
#8368=CARTESIAN_POINT('',(-2.3208075003979,-5.22332710918159,-1.96595964832913));
#8369=CARTESIAN_POINT('',(-2.32046462340645,-5.21920294992517,-1.96096259330929));
#8370=CARTESIAN_POINT('',(-2.32012175316562,-5.2150308188502,-1.9560063197456));
#8371=CARTESIAN_POINT('',(-2.31977888292486,-5.21085868777614,-1.951050046183));
#8372=CARTESIAN_POINT('',(-2.31943598713978,-5.20663819201449,-1.94613408736935));
#8373=CARTESIAN_POINT('',(-2.31909310479787,-5.20237052584415,-1.94125983435104));
#8374=CARTESIAN_POINT('',(-2.31875022245601,-5.19810285967441,-1.93638558133341));
#8375=CARTESIAN_POINT('',(-2.31840732126095,-5.19378762123114,-1.93155257512757));
#8376=CARTESIAN_POINT('',(-2.31806443893465,-5.18942603163267,-1.92676218336892));
#8377=CARTESIAN_POINT('',(-2.31772155660837,-5.18506444203455,-1.92197179161066));
#8378=CARTESIAN_POINT('',(-2.31737866085422,-5.18065609057212,-1.91722356321286));
#8379=CARTESIAN_POINT('',(-2.31703578820996,-5.17620222474451,-1.91251884187687));
#8380=CARTESIAN_POINT('',(-2.3163499459886,-5.16729323394559,-1.9031080691423));
#8381=CARTESIAN_POINT('',(-2.3156640034024,-5.15819956544683,-1.8938687640617));
#8382=CARTESIAN_POINT('',(-2.31497824002681,-5.14893151387382,-1.88481138647753));
#8383=CARTESIAN_POINT('',(-2.31463540679988,-5.14429814303303,-1.88028333774345));
#8384=CARTESIAN_POINT('',(-2.31429256966515,-5.13962054678162,-1.87580010575599));
#8385=CARTESIAN_POINT('',(-2.31394976212713,-5.13490004891268,-1.87136295935664));
#8386=CARTESIAN_POINT('',(-2.3136069545891,-5.13017955104362,-1.86692581295717));
#8387=CARTESIAN_POINT('',(-2.31326414435737,-5.12541570705039,-1.86253433432145));
#8388=CARTESIAN_POINT('',(-2.312921364107,-5.12060986516718,-1.8581897663563));
#8389=CARTESIAN_POINT('',(-2.31257858385661,-5.11580402328383,-1.85384519839102));
#8390=CARTESIAN_POINT('',(-2.3122358012996,-5.11095573096706,-1.84954713198922));
#8391=CARTESIAN_POINT('',(-2.31189304837549,-5.10606636038202,-1.84529678364728));
#8392=CARTESIAN_POINT('',(-2.31155029545137,-5.10117698979684,-1.84104643530523));
#8393=CARTESIAN_POINT('',(-2.31120753987461,-5.09624608053408,-1.83684340478777));
#8394=CARTESIAN_POINT('',(-2.3108648129446,-5.09127502817006,-1.83268888171519));
#8395=CARTESIAN_POINT('',(-2.31052208601459,-5.08630397580594,-1.82853435864252));
#8396=CARTESIAN_POINT('',(-2.31017935544812,-5.08129231223931,-1.82442795180254));
#8397=CARTESIAN_POINT('',(-2.30983665200098,-5.07624145592844,-1.82037082348426));
#8398=CARTESIAN_POINT('',(-2.30949394855384,-5.07119059961752,-1.81631369516594));
#8399=CARTESIAN_POINT('',(-2.30915123994495,-5.06610007494601,-1.81230546332805));
#8400=CARTESIAN_POINT('',(-2.30880855648394,-5.06097132271574,-1.80834726248377));
#8401=CARTESIAN_POINT('',(-2.30846587302294,-5.05584257048546,-1.8043890616395));
#8402=CARTESIAN_POINT('',(-2.30812318243056,-5.05067510774468,-1.80048051906287));
#8403=CARTESIAN_POINT('',(-2.3077805146685,-5.04547039709137,-1.79662274105762));
#8404=CARTESIAN_POINT('',(-2.30743784690643,-5.0402656864381,-1.7927649630524));
#8405=CARTESIAN_POINT('',(-2.30709516969686,-5.03502323776769,-1.78895758634875));
#8406=CARTESIAN_POINT('',(-2.30675251275223,-5.02974453491815,-1.78520168861832));
#8407=CARTESIAN_POINT('',(-2.30640985580762,-5.0244658320687,-1.78144579088796));
#8408=CARTESIAN_POINT('',(-2.30606718685111,-5.01915037796784,-1.77774101845448));
#8409=CARTESIAN_POINT('',(-2.30572453544508,-5.01379967712905,-1.77408841994614));
#8410=CARTESIAN_POINT('',(-2.30538188403906,-5.00844897629038,-1.7704358214379));
#8411=CARTESIAN_POINT('',(-2.30503921790717,-5.00306252486171,-1.76683505290559));
#8412=CARTESIAN_POINT('',(-2.30469656656099,-4.99764184745916,-1.76328713353422));
#8413=CARTESIAN_POINT('',(-2.30435391521482,-4.99222117005676,-1.75973921416295));
#8414=CARTESIAN_POINT('',(-2.30401124637802,-4.98676575623903,-1.75624380986056));
#8415=CARTESIAN_POINT('',(-2.3036685896108,-4.98127715014399,-1.75280190998049));
#8416=CARTESIAN_POINT('',(-2.30332593284358,-4.97578854404912,-1.74936001010053));
#8417=CARTESIAN_POINT('',(-2.3029832558691,-4.97026622883905,-1.74597129053426));
#8418=CARTESIAN_POINT('',(-2.30264058839548,-4.96471176758521,-1.74263671042718));
#8419=CARTESIAN_POINT('',(-2.30229792092188,-4.95915730633151,-1.7393021303202));
#8420=CARTESIAN_POINT('',(-2.30195523067133,-4.95357017599506,-1.73602137566968));
#8421=CARTESIAN_POINT('',(-2.30161254759902,-4.94795195798474,-1.73279537504869));
#8422=CARTESIAN_POINT('',(-2.30126986452672,-4.94233373997455,-1.72956937442778));
#8423=CARTESIAN_POINT('',(-2.30092715635343,-4.9366839052481,-1.72639782405823));
#8424=CARTESIAN_POINT('',(-2.30058445338013,-4.93100405294869,-1.72328162158839));
#8425=CARTESIAN_POINT('',(-2.30024175040683,-4.92532420064936,-1.72016541911859));
#8426=CARTESIAN_POINT('',(-2.29989902035249,-4.91961379593119,-1.71710427110969));
#8427=CARTESIAN_POINT('',(-2.29955629396207,-4.91387445506189,-1.71409904394523));
#8428=CARTESIAN_POINT('',(-2.29921356757166,-4.90813511419263,-1.71109381678079));
#8429=CARTESIAN_POINT('',(-2.29887081256202,-4.90236629672499,-1.7081442274722));
#8430=CARTESIAN_POINT('',(-2.29852806021961,-4.89656963543451,-1.70525111081064));
#8431=CARTESIAN_POINT('',(-2.2981853078772,-4.89077297414402,-1.70235799414908));
#8432=CARTESIAN_POINT('',(-2.29784252591655,-4.88494792318629,-1.69952107770308));
#8433=CARTESIAN_POINT('',(-2.29749974626214,-4.87909613122178,-1.69674116435644));
#8434=CARTESIAN_POINT('',(-2.29715696660773,-4.87324433925719,-1.69396125100975));
#8435=CARTESIAN_POINT('',(-2.29681415697164,-4.8673652552505,-1.69123807899097));
#8436=CARTESIAN_POINT('',(-2.29647135001182,-4.8614605431181,-1.68857241897417));
#8437=CARTESIAN_POINT('',(-2.29578563917769,-4.84964944954003,-1.68324034533539));
#8438=CARTESIAN_POINT('',(-2.29509974431095,-4.83773244831064,-1.67813694328646));
#8439=CARTESIAN_POINT('',(-2.2944139370872,-4.82572303098661,-1.67326799020223));
#8440=CARTESIAN_POINT('',(-2.29407108193936,-4.81971917099571,-1.67083385773507));
#8441=CARTESIAN_POINT('',(-2.29372820048168,-4.81369137220147,-1.66845796063322));
#8442=CARTESIAN_POINT('',(-2.29338532812942,-4.80764134046348,-1.66614097124403));
#8443=CARTESIAN_POINT('',(-2.29304245577714,-4.80159130872529,-1.66382398185478));
#8444=CARTESIAN_POINT('',(-2.29269956023434,-4.79551847434242,-1.66156568199862));
#8445=CARTESIAN_POINT('',(-2.29235667801383,-4.78942455586004,-1.65936671073327));
#8446=CARTESIAN_POINT('',(-2.2920137957933,-4.78333063737751,-1.65716773946787));
#8447=CARTESIAN_POINT('',(-2.29167089459844,-4.77721506096212,-1.65502788972689));
#8448=CARTESIAN_POINT('',(-2.29132801212441,-4.77107955719009,-1.65294776704126));
#8449=CARTESIAN_POINT('',(-2.29098512965037,-4.76494405341802,-1.65086764435561));
#8450=CARTESIAN_POINT('',(-2.29064223360078,-4.75878804454004,-1.64884705285024));
#8451=CARTESIAN_POINT('',(-2.2902993629346,-4.75261327250478,-1.64688656430546));
#8452=CARTESIAN_POINT('',(-2.28995649226842,-4.74643850046962,-1.6449260757607));
#8453=CARTESIAN_POINT('',(-2.28961361469066,-4.74024438382992,-1.6430255055667));
#8454=CARTESIAN_POINT('',(-2.28927077050161,-4.73403267524414,-1.64118539154268));
#8455=CARTESIAN_POINT('',(-2.28892792631258,-4.7278209666588,-1.63934527751879));
#8456=CARTESIAN_POINT('',(-2.28858508322008,-4.72159108120141,-1.63756544638992));
#8457=CARTESIAN_POINT('',(-2.28824228293874,-4.71534478157425,-1.63584640181721));
#8458=CARTESIAN_POINT('',(-2.28789948265737,-4.7090984819468,-1.63412735724443));
#8459=CARTESIAN_POINT('',(-2.28755669477664,-4.70283517986289,-1.6324689373545));
#8460=CARTESIAN_POINT('',(-2.28721387912457,-4.69655665169334,-1.63087161247683));
#8461=CARTESIAN_POINT('',(-2.28687106347252,-4.69027812352406,-1.62927428759924));
#8462=CARTESIAN_POINT('',(-2.28652820802952,-4.68398377701832,-1.62773790703011));
#8463=CARTESIAN_POINT('',(-2.28618535407257,-4.67767539317201,-1.62626290543009));
#8464=CARTESIAN_POINT('',(-2.28584250011548,-4.67136700932331,-1.62478790382952));
#8465=CARTESIAN_POINT('',(-2.28549961535126,-4.6650439941046,-1.62337414230499));
#8466=CARTESIAN_POINT('',(-2.28515673966424,-4.65870813668763,-1.62202202086256));
#8467=CARTESIAN_POINT('',(-2.28481386397728,-4.65237227927187,-1.6206698994204));
#8468=CARTESIAN_POINT('',(-2.28447096507199,-4.64602298304189,-1.61937929073829));
#8469=CARTESIAN_POINT('',(-2.28412808151452,-4.6396620446688,-1.61815056000961));
#8470=CARTESIAN_POINT('',(-2.28378519795708,-4.63330110629647,-1.61692182928108));
#8471=CARTESIAN_POINT('',(-2.28344229745091,-4.62692792680354,-1.61575486080299));
#8472=CARTESIAN_POINT('',(-2.28309941732274,-4.62054430968049,-1.61464998481097));
#8473=CARTESIAN_POINT('',(-2.28275653719459,-4.61416069255784,-1.61354510881903));
#8474=CARTESIAN_POINT('',(-2.28241364514795,-4.60776603669201,-1.61250222127293));
#8475=CARTESIAN_POINT('',(-2.28207077735267,-4.60136215170949,-1.61152161731918));
#8476=CARTESIAN_POINT('',(-2.28172790955739,-4.59495826672712,-1.61054101336546));
#8477=CARTESIAN_POINT('',(-2.2813850337179,-4.58854454960629,-1.60962260066587));
#8478=CARTESIAN_POINT('',(-2.28104218493287,-4.58212281542325,-1.60876663916005));
#8479=CARTESIAN_POINT('',(-2.28069933614784,-4.57570108124018,-1.60791067765423));
#8480=CARTESIAN_POINT('',(-2.28035648212329,-4.569270725292,-1.60711708674086));
#8481=CARTESIAN_POINT('',(-2.28001365697523,-4.56283356741584,-1.60638609104863));
#8482=CARTESIAN_POINT('',(-2.27967083182716,-4.55639640953954,-1.60565509535638));
#8483=CARTESIAN_POINT('',(-2.27932800326362,-4.54995184357954,-1.60498662605129));
#8484=CARTESIAN_POINT('',(-2.27898520450878,-4.54350169344261,-1.60438087236093));
#8485=CARTESIAN_POINT('',(-2.27864240575394,-4.5370515433055,-1.60377511867055));
#8486=CARTESIAN_POINT('',(-2.27829960451817,-4.53059520161183,-1.60323202355427));
#8487=CARTESIAN_POINT('',(-2.27795683322661,-4.52413449564481,-1.60275174076216));
#8488=CARTESIAN_POINT('',(-2.27761406193504,-4.51767378967759,-1.60227145797003));
#8489=CARTESIAN_POINT('',(-2.27727128830049,-4.5112081110629,-1.60185394227638));
#8490=CARTESIAN_POINT('',(-2.27692854404348,-4.50473928976548,-1.60149931189138));
#8491=CARTESIAN_POINT('',(-2.27658579978647,-4.49827046846791,-1.60114468150638));
#8492=CARTESIAN_POINT('',(-2.27624305262224,-4.4917978953488,-1.60085290303637));
#8493=CARTESIAN_POINT('',(-2.2759003336625,-4.48532340235826,-1.60062405910326));
#8494=CARTESIAN_POINT('',(-2.275214798853,-4.47237258597431,-1.60016630654061));
#8495=CARTESIAN_POINT('',(-2.27452918354953,-4.45941042649166,-1.59996030520492));
#8496=CARTESIAN_POINT('',(-2.27384373098787,-4.44645160012859,-1.6000062885919));
#8497=CARTESIAN_POINT('',(-2.27350105314623,-4.43997310271439,-1.60002927703585));
#8498=CARTESIAN_POINT('',(-2.2731583674518,-4.43349452325443,-1.60011522928802));
#8499=CARTESIAN_POINT('',(-2.27281570377414,-4.42701769546861,-1.60026412104204));
#8500=CARTESIAN_POINT('',(-2.2724730400965,-4.42054086768287,-1.60041301279606));
#8501=CARTESIAN_POINT('',(-2.27213036615816,-4.414065181677,-1.60062485807246));
#8502=CARTESIAN_POINT('',(-2.27178771161177,-4.40759247036396,-1.60089959692352));
#8503=CARTESIAN_POINT('',(-2.27144505706538,-4.40111975905104,-1.60117433577457));
#8504=CARTESIAN_POINT('',(-2.27110238963431,-4.39464941292412,-1.60151199407126));
#8505=CARTESIAN_POINT('',(-2.27075973885344,-4.38818326339102,-1.60191247624647));
#8506=CARTESIAN_POINT('',(-2.27041708807259,-4.38171711385808,-1.60231295842167));
#8507=CARTESIAN_POINT('',(-2.27007442166565,-4.37525455202995,-1.60277630218704));
#8508=CARTESIAN_POINT('',(-2.26973176914913,-4.36879740711162,-1.6033023763921));
#8509=CARTESIAN_POINT('',(-2.26938911663263,-4.36234026219348,-1.60382845059714));
#8510=CARTESIAN_POINT('',(-2.26904644573011,-4.35588792614409,-1.60441730477995));
#8511=CARTESIAN_POINT('',(-2.26870378603909,-4.34944222526887,-1.60506877225681));
#8512=CARTESIAN_POINT('',(-2.26836112634809,-4.34299652439383,-1.60572023973366));
#8513=CARTESIAN_POINT('',(-2.26801844559148,-4.33655685172967,-1.60643438185032));
#8514=CARTESIAN_POINT('',(-2.26767577354709,-4.33012502998658,-1.60721099645406));
#8515=CARTESIAN_POINT('',(-2.26733310150271,-4.32369320824366,-1.60798761105778));
#8516=CARTESIAN_POINT('',(-2.26699040589232,-4.31726863176568,-1.60882677127881));
#8517=CARTESIAN_POINT('',(-2.26664771677301,-4.31085311897351,-1.60972823957357));
#8518=CARTESIAN_POINT('',(-2.26630502765371,-4.30443760618148,-1.6106297078683));
#8519=CARTESIAN_POINT('',(-2.26596231274572,-4.29803055295519,-1.61159356912385));
#8520=CARTESIAN_POINT('',(-2.26561960248401,-4.29163377273385,-1.61261955049791));
#8521=CARTESIAN_POINT('',(-2.26527689222231,-4.28523699251259,-1.61364553187196));
#8522=CARTESIAN_POINT('',(-2.26493415432521,-4.27884988294056,-1.61473372997637));
#8523=CARTESIAN_POINT('',(-2.26459141970355,-4.2724742517851,-1.61588383677626));
#8524=CARTESIAN_POINT('',(-2.26424868508189,-4.26609862062968,-1.61703394357616));
#8525=CARTESIAN_POINT('',(-2.26390592145179,-4.25973386752707,-1.61824606737159));
#8526=CARTESIAN_POINT('',(-2.26356316029718,-4.25338179388499,-1.61951986505509));
#8527=CARTESIAN_POINT('',(-2.26322039914256,-4.24702972024286,-1.6207936627386));
#8528=CARTESIAN_POINT('',(-2.26287760817715,-4.24068972791631,-1.62212925425751));
#8529=CARTESIAN_POINT('',(-2.26253481955417,-4.23436361126832,-1.62352626156551));
#8530=CARTESIAN_POINT('',(-2.26219203093119,-4.22803749462023,-1.62492326887353));
#8531=CARTESIAN_POINT('',(-2.26184921236192,-4.22172465795052,-1.6263818235199));
#8532=CARTESIAN_POINT('',(-2.26150639676382,-4.21542688789551,-1.62790151266701));
#8533=CARTESIAN_POINT('',(-2.26116358116572,-4.20912911784035,-1.62942120181415));
#8534=CARTESIAN_POINT('',(-2.26082073624768,-4.20284582136945,-1.63100216856349));
#8535=CARTESIAN_POINT('',(-2.2604778957849,-4.19657877671383,-1.63264396544725));
#8536=CARTESIAN_POINT('',(-2.2601350553221,-4.19031173205802,-1.63428576233106));
#8537=CARTESIAN_POINT('',(-2.25979218702128,-4.18406034908076,-1.63598854394888));
#8538=CARTESIAN_POINT('',(-2.2594493256069,-4.17782639693281,-1.63775182837746));
#8539=CARTESIAN_POINT('',(-2.25910646419252,-4.17159244478466,-1.6395151128061));
#8540=CARTESIAN_POINT('',(-2.25876357736953,-4.1653753364456,-1.64133906608485));
#8541=CARTESIAN_POINT('',(-2.25842070090112,-4.15917683131516,-1.64322317202307));
#8542=CARTESIAN_POINT('',(-2.25807782443271,-4.15297832618453,-1.64510727796134));
#8543=CARTESIAN_POINT('',(-2.25773492602264,-4.14679784058042,-1.64705171397548));
#8544=CARTESIAN_POINT('',(-2.2573920425596,-4.14063712348439,-1.64905592980896));
#8545=CARTESIAN_POINT('',(-2.25704915909656,-4.13447640638825,-1.65106014564247));
#8546=CARTESIAN_POINT('',(-2.2567062582839,-4.12833487767649,-1.65312433002178));
#8547=CARTESIAN_POINT('',(-2.2563633782196,-4.12221427525065,-1.65524789883902));
#8548=CARTESIAN_POINT('',(-2.2560204981553,-4.11609367282481,-1.65737146765627));
#8549=CARTESIAN_POINT('',(-2.25567760654329,-4.10999342033846,-1.65955462087681));
#8550=CARTESIAN_POINT('',(-2.25533474277104,-4.10391524395591,-1.66179674076912));
#8551=CARTESIAN_POINT('',(-2.25464891829616,-4.09175717284056,-1.66628161441938));
#8552=CARTESIAN_POINT('',(-2.25396300994168,-4.07968402090702,-1.6710037553165));
#8553=CARTESIAN_POINT('',(-2.25327734963494,-4.06770945359441,-1.67595781907614));
#8554=CARTESIAN_POINT('',(-2.25293456793517,-4.06172301614574,-1.67843450086678));
#8555=CARTESIAN_POINT('',(-2.25259174742965,-4.05576036811252,-1.68096947928645));
#8556=CARTESIAN_POINT('',(-2.25224892222065,-4.04982319694694,-1.68356203685364));
#8557=CARTESIAN_POINT('',(-2.25190609701144,-4.04388602577772,-1.68615459442242));
#8558=CARTESIAN_POINT('',(-2.25156323726161,-4.03797377228183,-1.68880497531747));
#8559=CARTESIAN_POINT('',(-2.25122038315692,-4.03208810936229,-1.6915124295506));
#8560=CARTESIAN_POINT('',(-2.25087752905231,-4.02620244644431,-1.69421988378301));
#8561=CARTESIAN_POINT('',(-2.25053464829975,-4.02034281987912,-1.69698466630148));
#8562=CARTESIAN_POINT('',(-2.25019177979416,-4.0145108877484,-1.69980599473899));
#8563=CARTESIAN_POINT('',(-2.24984891128863,-4.00867895561874,-1.70262732317599));
#8564=CARTESIAN_POINT('',(-2.24950602273534,-4.00287416875982,-1.70550546320268));
#8565=CARTESIAN_POINT('',(-2.24916315181062,-3.99709816980068,-1.70843960036365));
#8566=CARTESIAN_POINT('',(-2.24882028088594,-3.9913221708422,-1.71137373752428));
#8567=CARTESIAN_POINT('',(-2.24847739529461,-3.98557441588682,-1.71436414811245));
#8568=CARTESIAN_POINT('',(-2.24813453157058,-3.97985653148525,-1.71740998588778));
#8569=CARTESIAN_POINT('',(-2.24779166784658,-3.97413864708405,-1.72045582366292));
#8570=CARTESIAN_POINT('',(-2.2474487936951,-3.96845009481224,-1.72355737543683));
#8571=CARTESIAN_POINT('',(-2.24710594458742,-3.96279248452228,-1.72671376350034));
#8572=CARTESIAN_POINT('',(-2.24676309547974,-3.95713487423247,-1.72987015156376));
#8573=CARTESIAN_POINT('',(-2.24642023912223,-3.95150767317556,-1.73308167313846));
#8574=CARTESIAN_POINT('',(-2.24607741000615,-3.94591247389192,-1.73634741937514));
#8575=CARTESIAN_POINT('',(-2.24573458089007,-3.94031727460828,-1.73961316561181));
#8576=CARTESIAN_POINT('',(-2.24539174672348,-3.93475355022556,-1.74293344403003));
#8577=CARTESIAN_POINT('',(-2.24504894110289,-3.92922287536453,-1.74630731498145));
#8578=CARTESIAN_POINT('',(-2.24470613548229,-3.9236922005034,-1.74968118593291));
#8579=CARTESIAN_POINT('',(-2.24436332611779,-3.91819405436718,-1.75310896711894));
#8580=CARTESIAN_POINT('',(-2.24402054579856,-3.91272999305624,-1.75658968844549));
#8581=CARTESIAN_POINT('',(-2.24367776547932,-3.90726593174517,-1.76007040977214));
#8582=CARTESIAN_POINT('',(-2.24333498191768,-3.90183544073484,-1.7636043990025));
#8583=CARTESIAN_POINT('',(-2.24299222718474,-3.89644005701144,-1.7671906559624));
#8584=CARTESIAN_POINT('',(-2.2426494724518,-3.89104467328788,-1.7707769129224));
#8585=CARTESIAN_POINT('',(-2.24230671426216,-3.88568388879333,-1.77441577531316));
#8586=CARTESIAN_POINT('',(-2.24196398405965,-3.88035922081317,-1.77810621325789));
#8587=CARTESIAN_POINT('',(-2.24162125385712,-3.87503455283288,-1.7817966512027));
#8588=CARTESIAN_POINT('',(-2.24127851935852,-3.86974549996763,-1.78553901221317));
#8589=CARTESIAN_POINT('',(-2.24093581147238,-3.86449355922299,-1.78933223709923));
#8590=CARTESIAN_POINT('',(-2.24059310358623,-3.85924161847824,-1.79312546198537));
#8591=CARTESIAN_POINT('',(-2.24025039003135,-3.8540262953028,-1.79696990793798));
#8592=CARTESIAN_POINT('',(-2.23990770127401,-3.84884906585116,-1.80086448685476));
#8593=CARTESIAN_POINT('',(-2.23956501251666,-3.84367183639946,-1.8047590657716));
#8594=CARTESIAN_POINT('',(-2.2392223162774,-3.83853221315517,-1.80870414438773));
#8595=CARTESIAN_POINT('',(-2.23887964267401,-3.83343165085863,-1.81269860610117));
#8596=CARTESIAN_POINT('',(-2.23853696907062,-3.82833108856206,-1.81669306781462));
#8597=CARTESIAN_POINT('',(-2.23819428582501,-3.823269106916,-1.82073728876618));
#8598=CARTESIAN_POINT('',(-2.23785162280086,-3.81824713869178,-1.82483012427799));
#8599=CARTESIAN_POINT('',(-2.23750895977671,-3.81322517046758,-1.82892295978979));
#8600=CARTESIAN_POINT('',(-2.23716628469689,-3.80824274276866,-1.83306479526616));
#8601=CARTESIAN_POINT('',(-2.23682362726568,-3.80330126585114,-1.83725445838845));
#8602=CARTESIAN_POINT('',(-2.23648096983448,-3.79835978893367,-1.8414441215107));
#8603=CARTESIAN_POINT('',(-2.23613829777528,-3.79345879748046,-1.84568200680103));
#8604=CARTESIAN_POINT('',(-2.23579564072795,-3.78859967869505,-1.84996691474591));
#8605=CARTESIAN_POINT('',(-2.23545298368062,-3.78374055990971,-1.85425182269072));
#8606=CARTESIAN_POINT('',(-2.2351103093686,-3.77892285623028,-1.85858415678103));
#8607=CARTESIAN_POINT('',(-2.23476764746235,-3.77414793127945,-1.86296269076508));
#8608=CARTESIAN_POINT('',(-2.23408222677582,-3.7645967314577,-1.87172099658949));
#8609=CARTESIAN_POINT('',(-2.23339666177085,-3.75521404467667,-1.88066668118671));
#8610=CARTESIAN_POINT('',(-2.23271119179145,-3.74601049439993,-1.88978961567496));
#8611=CARTESIAN_POINT('',(-2.23236850524226,-3.74140936965432,-1.89435043822326));
#8612=CARTESIAN_POINT('',(-2.23202579407607,-3.73685235396311,-1.89895619224722));
#8613=CARTESIAN_POINT('',(-2.23168308862361,-3.73234073712139,-1.9036055741157));
#8614=CARTESIAN_POINT('',(-2.23134038317116,-3.72782912027974,-1.9082549559841));
#8615=CARTESIAN_POINT('',(-2.2309976511515,-3.72336247744897,-1.91294840350811));
#8616=CARTESIAN_POINT('',(-2.23065492330343,-3.71894207282537,-1.91768458824869));
#8617=CARTESIAN_POINT('',(-2.23031219545538,-3.71452166820184,-1.92242077298919));
#8618=CARTESIAN_POINT('',(-2.22996943949595,-3.71014708553619,-1.92720014093086));
#8619=CARTESIAN_POINT('',(-2.22962668666487,-3.70581956294652,-1.93202133933399));
#8620=CARTESIAN_POINT('',(-2.2292839338338,-3.7014920403569,-1.93684253773706));
#8621=CARTESIAN_POINT('',(-2.22894115184586,-3.69721117034055,-1.94170602059118));
#8622=CARTESIAN_POINT('',(-2.22859837253349,-3.69297816446835,-1.94661041137267));
#8623=CARTESIAN_POINT('',(-2.22825559322111,-3.68874515859619,-1.95151480215411));
#8624=CARTESIAN_POINT('',(-2.22791278429673,-3.68455961826596,-1.95646056268593));
#8625=CARTESIAN_POINT('',(-2.22756997827603,-3.68042272804294,-1.96144629318633));
#8626=CARTESIAN_POINT('',(-2.22722717225534,-3.67628583781996,-1.9664320236867));
#8627=CARTESIAN_POINT('',(-2.22688433684839,-3.67219720815302,-1.97145819363763));
#8628=CARTESIAN_POINT('',(-2.2265415053432,-3.66815799615422,-1.97652338053397));
#8629=CARTESIAN_POINT('',(-2.22619867383802,-3.66411878415545,-1.98158856743027));
#8630=CARTESIAN_POINT('',(-2.22585581394244,-3.66012860947181,-1.98669324823559));
#8631=CARTESIAN_POINT('',(-2.22551295980401,-3.65618860132562,-1.99183597826488));
#8632=CARTESIAN_POINT('',(-2.22517010566559,-3.65224859317947,-1.99697870829411));
#8633=CARTESIAN_POINT('',(-2.22482722499023,-3.64835838055954,-2.00215997181241));
#8634=CARTESIAN_POINT('',(-2.22448435287013,-3.64451906437299,-2.00737830250665));
#8635=CARTESIAN_POINT('',(-2.22414148075003,-3.64067974818651,-2.0125966332008));
#8636=CARTESIAN_POINT('',(-2.22379858488962,-3.63689096690402,-2.01785252245464));
#8637=CARTESIAN_POINT('',(-2.22345570140828,-3.63315379270348,-2.02314448288693));
#8638=CARTESIAN_POINT('',(-2.22311281792695,-3.62941661850305,-2.02843644331906));
#8639=CARTESIAN_POINT('',(-2.2227699145283,-3.62573069947347,-2.03376497324657));
#8640=CARTESIAN_POINT('',(-2.22242702843855,-3.62209707866101,-2.03912856478788));
#8641=CARTESIAN_POINT('',(-2.22208414234883,-3.61846345784873,-2.04449215632892));
#8642=CARTESIAN_POINT('',(-2.22174124127163,-3.61488179309355,-2.04989131454582));
#8643=CARTESIAN_POINT('',(-2.22139836361629,-3.61135309791924,-2.055324511632));
#8644=CARTESIAN_POINT('',(-2.22105548596099,-3.6078244027452,-2.06075770871776));
#8645=CARTESIAN_POINT('',(-2.22071259943224,-3.60434834487218,-2.06622545628945));
#8646=CARTESIAN_POINT('',(-2.22036974369489,-3.60092590792245,-2.07172620719811));
#8647=CARTESIAN_POINT('',(-2.21978820394657,-3.59512089168513,-2.08105638590154));
#8648=CARTESIAN_POINT('',(-2.21920662692278,-3.58946891886965,-2.09048354000669));
#8649=CARTESIAN_POINT('',(-2.2186252142196,-3.58397459799657,-2.09999998749777));
#8650=CARTESIAN_POINT('',(2.35714375999771,-5.4500000035,-2.59999999995802));
#8651=CARTESIAN_POINT('',(2.375515891,-5.45,-2.8777859200013));
#8652=CARTESIAN_POINT('',(2.375515891,-5.45,-2.8777859200013));
#8653=VECTOR('',#10910,1000.0);
#8654=CARTESIAN_POINT('',(-2.35714375999787,-5.4500000035,-2.59999999996103));
#8655=CARTESIAN_POINT('',(0.0,-5.45,-2.6000000000013));
#8656=VECTOR('',#10911,1000.0);
#8657=CARTESIAN_POINT('',(-2.375515891,-5.450000001,-2.8777859200013));
#8658=CARTESIAN_POINT('',(-2.35714376,-5.450000002,-2.6000000000013));
#8659=VECTOR('',#10912,1000.0);
#8660=CARTESIAN_POINT('',(0.0,-5.45,-2.8777859200013));
#8661=VECTOR('',#10913,1000.0);
#8662=CARTESIAN_POINT('',(2.37551589053449,-5.150000002,-2.8777859200013));
#8663=CARTESIAN_POINT('',(-2.37551589099595,-5.150000003,-2.87778591993999));
#8664=CARTESIAN_POINT('',(0.0,-5.15,-2.8777859200013));
#8665=VECTOR('',#10914,1000.0);
#8666=CARTESIAN_POINT('',(2.375515891,-5.3,-2.8777859200013));
#8667=VECTOR('',#10915,1000.0);
#8668=CARTESIAN_POINT('',(-2.375515891,-5.3,-2.8777859200013));
#8669=VECTOR('',#10916,1000.0);
#8670=CARTESIAN_POINT('',(2.35714376025138,-5.1500000035,-2.6000000000013));
#8671=CARTESIAN_POINT('',(2.3663298255,-5.150000004,-2.7388929600013));
#8672=VECTOR('',#10917,1000.0);
#8673=CARTESIAN_POINT('',(2.35714376,-5.30022299710284,-2.6000000000013));
#8674=VECTOR('',#10918,1000.0);
#8675=CARTESIAN_POINT('',(-2.35714375999787,-5.4500000035,-2.59999999996103));
#8676=CARTESIAN_POINT('',(-2.35645810232484,-5.45000000699896,-2.5870411028328));
#8677=CARTESIAN_POINT('',(-2.35577219591221,-5.44974801251672,-2.57407977135128));
#8678=CARTESIAN_POINT('',(-2.35508637101619,-5.44924430929607,-2.56113067611434));
#8679=CARTESIAN_POINT('',(-2.35474350703331,-5.4489924932809,-2.55465704356857));
#8680=CARTESIAN_POINT('',(-2.35440061463779,-5.44867775008961,-2.54818555420319));
#8681=CARTESIAN_POINT('',(-2.35405773310516,-5.44830016881093,-2.54171803922552));
#8682=CARTESIAN_POINT('',(-2.35371485157261,-5.44792258753233,-2.5352505242493));
#8683=CARTESIAN_POINT('',(-2.3533719486072,-5.44748213261097,-2.52878637464752));
#8684=CARTESIAN_POINT('',(-2.35302906225056,-5.44697892869217,-2.52232741961614));
#8685=CARTESIAN_POINT('',(-2.35268617589398,-5.44647572477345,-2.51586846458576));
#8686=CARTESIAN_POINT('',(-2.35234327384969,-5.44590972447281,-2.5094140959187));
#8687=CARTESIAN_POINT('',(-2.35200039299902,-5.44528108795138,-2.50296614010558));
#8688=CARTESIAN_POINT('',(-2.35165751214838,-5.44465245143,-2.49651818429311));
#8689=CARTESIAN_POINT('',(-2.35131462019515,-5.44396111949198,-2.49007603416316));
#8690=CARTESIAN_POINT('',(-2.35097175293769,-5.44320728775918,-2.48364151280756));
#8691=CARTESIAN_POINT('',(-2.35062888568026,-5.44245345602643,-2.47720699145232));
#8692=CARTESIAN_POINT('',(-2.35028601082342,-5.44163705351405,-2.47077949296483));
#8693=CARTESIAN_POINT('',(-2.3499431631632,-5.44075831123575,-2.46436083634536));
#8694=CARTESIAN_POINT('',(-2.34960031550298,-5.43987956895747,-2.45794217972607));
#8695=CARTESIAN_POINT('',(-2.34925746274583,-5.43893840416618,-2.45153176056175));
#8696=CARTESIAN_POINT('',(-2.34891463876874,-5.43793508318464,-2.44513139306958));
#8697=CARTESIAN_POINT('',(-2.34857181479165,-5.4369317622031,-2.43873102557745));
#8698=CARTESIAN_POINT('',(-2.34822898730313,-5.43586619055319,-2.43234010706617));
#8699=CARTESIAN_POINT('',(-2.34788618934694,-5.43473866977001,-2.42596044627971));
#8700=CARTESIAN_POINT('',(-2.34754339139075,-5.43361114898682,-2.41958078549322));
#8701=CARTESIAN_POINT('',(-2.34720059067768,-5.43242157289689,-2.4132117816896));
#8702=CARTESIAN_POINT('',(-2.3468578195061,-5.43117027813704,-2.40685523745126));
#8703=CARTESIAN_POINT('',(-2.34651504833451,-5.42991898337717,-2.40049869321284));
#8704=CARTESIAN_POINT('',(-2.34617227441756,-5.42860585211866,-2.39415400997404));
#8705=CARTESIAN_POINT('',(-2.34582952939774,-5.42723125597561,-2.38782298346943));
#8706=CARTESIAN_POINT('',(-2.34548678437793,-5.42585665983254,-2.38149195696475));
#8707=CARTESIAN_POINT('',(-2.34514403597073,-5.42442046936542,-2.37517399103099));
#8708=CARTESIAN_POINT('',(-2.34480131525376,-5.42292309102741,-2.3688708738711));
#8709=CARTESIAN_POINT('',(-2.34445859453678,-5.42142571268937,-2.36256775671115));
#8710=CARTESIAN_POINT('',(-2.34411586922769,-5.41986700547902,-2.35627889478944));
#8711=CARTESIAN_POINT('',(-2.34377316993132,-5.41824741053651,-2.35000606809618));
#8712=CARTESIAN_POINT('',(-2.34343047063495,-5.41662781559398,-2.34373324140288));
#8713=CARTESIAN_POINT('',(-2.34308776507091,-5.41494718040923,-2.33747585925431));
#8714=CARTESIAN_POINT('',(-2.34274508346435,-5.41320598064366,-2.3312356927499));
#8715=CARTESIAN_POINT('',(-2.34240240185779,-5.41146478087809,-2.32499552624548));
#8716=CARTESIAN_POINT('',(-2.34205971192992,-5.4096628525706,-2.31877198777664));
#8717=CARTESIAN_POINT('',(-2.34171704362004,-5.40780070572448,-2.31256683887731));
#8718=CARTESIAN_POINT('',(-2.34137437531016,-5.40593855887836,-2.306361689978));
#8719=CARTESIAN_POINT('',(-2.34103169634069,-5.40401601814342,-2.30017434633681));
#8720=CARTESIAN_POINT('',(-2.34068903645947,-5.40203362767181,-2.29400655925119));
#8721=CARTESIAN_POINT('',(-2.34034637657825,-5.40005123720022,-2.28783877216561));
#8722=CARTESIAN_POINT('',(-2.34000370350845,-5.39800881031895,-2.28168996084223));
#8723=CARTESIAN_POINT('',(-2.33966104690119,-5.39590692512257,-2.2755618656749));
#8724=CARTESIAN_POINT('',(-2.33931839029395,-5.39380503992622,-2.26943377050763));
#8725=CARTESIAN_POINT('',(-2.33897571787272,-5.39164349848947,-2.2633258144406));
#8726=CARTESIAN_POINT('',(-2.33863305928689,-5.38942291262941,-2.25723972630126));
#8727=CARTESIAN_POINT('',(-2.33829040070106,-5.38720232676937,-2.251153638162));
#8728=CARTESIAN_POINT('',(-2.33794772367393,-5.38492248738326,-2.24508884485025));
#8729=CARTESIAN_POINT('',(-2.33760505794814,-5.38258403977748,-2.23904706296884));
#8730=CARTESIAN_POINT('',(-2.33691962962141,-5.37790648346245,-2.22696179113142));
#8731=CARTESIAN_POINT('',(-2.33623405249188,-5.37299304000453,-2.21496520241333));
#8732=CARTESIAN_POINT('',(-2.33554856723379,-5.3678492727965,-2.2030708798464));
#8733=CARTESIAN_POINT('',(-2.33520587304635,-5.3652777526903,-2.19712455910648));
#8734=CARTESIAN_POINT('',(-2.33486315346834,-5.36264832106571,-2.19120295073586));
#8735=CARTESIAN_POINT('',(-2.33452043909064,-5.35996172217867,-2.1853077307586));
#8736=CARTESIAN_POINT('',(-2.33417772471295,-5.35727512329163,-2.17941251078135));
#8737=CARTESIAN_POINT('',(-2.33383498325379,-5.35453110415754,-2.17354312407141));
#8738=CARTESIAN_POINT('',(-2.33349224577472,-5.35173044145789,-2.16770123184646));
#8739=CARTESIAN_POINT('',(-2.33314950829565,-5.34892977875822,-2.16185933962149));
#8740=CARTESIAN_POINT('',(-2.33280674251281,-5.34607220876771,-2.15604439177749));
#8741=CARTESIAN_POINT('',(-2.33246398005114,-5.34315854029533,-2.15025803409472));
#8742=CARTESIAN_POINT('',(-2.33212121758946,-5.34024487182293,-2.14447167641188));
#8743=CARTESIAN_POINT('',(-2.33177842616285,-5.33727483050241,-2.13871336401609));
#8744=CARTESIAN_POINT('',(-2.3314356380513,-5.33424925695964,-2.13298472662543));
#8745=CARTESIAN_POINT('',(-2.33109284993973,-5.33122368341682,-2.12725608923468));
#8746=CARTESIAN_POINT('',(-2.33075003285486,-5.32814229274818,-2.12155658741054));
#8747=CARTESIAN_POINT('',(-2.33040721982203,-5.32500595707353,-2.11588783419069));
#8748=CARTESIAN_POINT('',(-2.33006440678921,-5.32186962139882,-2.11021908097075));
#8749=CARTESIAN_POINT('',(-2.32972156551788,-5.31867804538484,-2.104580542556));
#8750=CARTESIAN_POINT('',(-2.32937872986757,-5.3154321323101,-2.09897381469239));
#8751=CARTESIAN_POINT('',(-2.32903589421724,-5.3121862192353,-2.0933670868287));
#8752=CARTESIAN_POINT('',(-2.32869303189543,-5.30888566344835,-2.087791641558));
#8753=CARTESIAN_POINT('',(-2.32835017768255,-5.30553139903922,-2.08224905673031));
#8754=CARTESIAN_POINT('',(-2.32800732346967,-5.30217713463004,-2.07670647190256));
#8755=CARTESIAN_POINT('',(-2.32766444507169,-5.29876884574458,-2.07119622559998));
#8756=CARTESIAN_POINT('',(-2.32732157827449,-5.29530749692509,-2.06571987717972));
#8757=CARTESIAN_POINT('',(-2.32697871147728,-5.2918461481056,-2.06024352875946));
#8758=CARTESIAN_POINT('',(-2.32663582398586,-5.28833141341451,-2.05480056254103));
#8759=CARTESIAN_POINT('',(-2.32629295267335,-5.2847642874756,-2.04939251879954));
#8760=CARTESIAN_POINT('',(-2.32595008136085,-5.28119716153675,-2.04398447505813));
#8761=CARTESIAN_POINT('',(-2.32560719393209,-5.27757730845204,-2.0386108445451));
#8762=CARTESIAN_POINT('',(-2.32526432842616,-5.27390575254445,-2.0332731478722));
#8763=CARTESIAN_POINT('',(-2.32492146292025,-5.27023419663701,-2.02793545119952));
#8764=CARTESIAN_POINT('',(-2.3245785870428,-5.26651059217495,-2.02263318574249));
#8765=CARTESIAN_POINT('',(-2.32423574007393,-5.2627359927869,-2.01736785187635));
#8766=CARTESIAN_POINT('',(-2.32389289310508,-5.25896139339908,-2.01210251801054));
#8767=CARTESIAN_POINT('',(-2.32355004275248,-5.25513544364996,-2.00687361992498));
#8768=CARTESIAN_POINT('',(-2.32320722960816,-5.25125922606977,-2.00168263719333));
#8769=CARTESIAN_POINT('',(-2.32286441646379,-5.24738300848909,-1.99649165446102));
#8770=CARTESIAN_POINT('',(-2.32252162752404,-5.24345615744168,-1.99133809747086));
#8771=CARTESIAN_POINT('',(-2.32217882843438,-5.23947978643611,-1.98622342761621));
#8772=CARTESIAN_POINT('',(-2.32183602934472,-5.23550341543062,-1.98110875776166));
#8773=CARTESIAN_POINT('',(-2.32149318722099,-5.23147715007175,-1.97603249342789));
#8774=CARTESIAN_POINT('',(-2.32115034380952,-5.22740212962756,-1.9709960708796));
#8775=CARTESIAN_POINT('',(-2.3208075003979,-5.22332710918159,-1.96595964832913));
#8776=CARTESIAN_POINT('',(-2.32046462340645,-5.21920294992517,-1.96096259330929));
#8777=CARTESIAN_POINT('',(-2.32012175316562,-5.2150308188502,-1.9560063197456));
#8778=CARTESIAN_POINT('',(-2.31977888292486,-5.21085868777614,-1.951050046183));
#8779=CARTESIAN_POINT('',(-2.31943598713978,-5.20663819201449,-1.94613408736935));
#8780=CARTESIAN_POINT('',(-2.31909310479787,-5.20237052584415,-1.94125983435104));
#8781=CARTESIAN_POINT('',(-2.31875022245601,-5.19810285967441,-1.93638558133341));
#8782=CARTESIAN_POINT('',(-2.31840732126095,-5.19378762123114,-1.93155257512757));
#8783=CARTESIAN_POINT('',(-2.31806443893465,-5.18942603163267,-1.92676218336892));
#8784=CARTESIAN_POINT('',(-2.31772155660837,-5.18506444203455,-1.92197179161066));
#8785=CARTESIAN_POINT('',(-2.31737866085422,-5.18065609057212,-1.91722356321286));
#8786=CARTESIAN_POINT('',(-2.31703578820996,-5.17620222474451,-1.91251884187687));
#8787=CARTESIAN_POINT('',(-2.3163499459886,-5.16729323394559,-1.9031080691423));
#8788=CARTESIAN_POINT('',(-2.3156640034024,-5.15819956544683,-1.8938687640617));
#8789=CARTESIAN_POINT('',(-2.31497824002681,-5.14893151387382,-1.88481138647753));
#8790=CARTESIAN_POINT('',(-2.31463540679988,-5.14429814303303,-1.88028333774345));
#8791=CARTESIAN_POINT('',(-2.31429256966515,-5.13962054678162,-1.87580010575599));
#8792=CARTESIAN_POINT('',(-2.31394976212713,-5.13490004891268,-1.87136295935664));
#8793=CARTESIAN_POINT('',(-2.3136069545891,-5.13017955104362,-1.86692581295717));
#8794=CARTESIAN_POINT('',(-2.31326414435737,-5.12541570705039,-1.86253433432145));
#8795=CARTESIAN_POINT('',(-2.312921364107,-5.12060986516718,-1.8581897663563));
#8796=CARTESIAN_POINT('',(-2.31257858385661,-5.11580402328383,-1.85384519839102));
#8797=CARTESIAN_POINT('',(-2.3122358012996,-5.11095573096706,-1.84954713198922));
#8798=CARTESIAN_POINT('',(-2.31189304837549,-5.10606636038202,-1.84529678364728));
#8799=CARTESIAN_POINT('',(-2.31155029545137,-5.10117698979684,-1.84104643530523));
#8800=CARTESIAN_POINT('',(-2.31120753987461,-5.09624608053408,-1.83684340478777));
#8801=CARTESIAN_POINT('',(-2.3108648129446,-5.09127502817006,-1.83268888171519));
#8802=CARTESIAN_POINT('',(-2.31052208601459,-5.08630397580594,-1.82853435864252));
#8803=CARTESIAN_POINT('',(-2.31017935544812,-5.08129231223931,-1.82442795180254));
#8804=CARTESIAN_POINT('',(-2.30983665200098,-5.07624145592844,-1.82037082348426));
#8805=CARTESIAN_POINT('',(-2.30949394855384,-5.07119059961752,-1.81631369516594));
#8806=CARTESIAN_POINT('',(-2.30915123994495,-5.06610007494601,-1.81230546332805));
#8807=CARTESIAN_POINT('',(-2.30880855648394,-5.06097132271574,-1.80834726248377));
#8808=CARTESIAN_POINT('',(-2.30846587302294,-5.05584257048546,-1.8043890616395));
#8809=CARTESIAN_POINT('',(-2.30812318243056,-5.05067510774468,-1.80048051906287));
#8810=CARTESIAN_POINT('',(-2.3077805146685,-5.04547039709137,-1.79662274105762));
#8811=CARTESIAN_POINT('',(-2.30743784690643,-5.0402656864381,-1.7927649630524));
#8812=CARTESIAN_POINT('',(-2.30709516969686,-5.03502323776769,-1.78895758634875));
#8813=CARTESIAN_POINT('',(-2.30675251275223,-5.02974453491815,-1.78520168861832));
#8814=CARTESIAN_POINT('',(-2.30640985580762,-5.0244658320687,-1.78144579088796));
#8815=CARTESIAN_POINT('',(-2.30606718685111,-5.01915037796784,-1.77774101845448));
#8816=CARTESIAN_POINT('',(-2.30572453544508,-5.01379967712905,-1.77408841994614));
#8817=CARTESIAN_POINT('',(-2.30538188403906,-5.00844897629038,-1.7704358214379));
#8818=CARTESIAN_POINT('',(-2.30503921790717,-5.00306252486171,-1.76683505290559));
#8819=CARTESIAN_POINT('',(-2.30469656656099,-4.99764184745916,-1.76328713353422));
#8820=CARTESIAN_POINT('',(-2.30435391521482,-4.99222117005676,-1.75973921416295));
#8821=CARTESIAN_POINT('',(-2.30401124637802,-4.98676575623903,-1.75624380986056));
#8822=CARTESIAN_POINT('',(-2.3036685896108,-4.98127715014399,-1.75280190998049));
#8823=CARTESIAN_POINT('',(-2.30332593284358,-4.97578854404912,-1.74936001010053));
#8824=CARTESIAN_POINT('',(-2.3029832558691,-4.97026622883905,-1.74597129053426));
#8825=CARTESIAN_POINT('',(-2.30264058839548,-4.96471176758521,-1.74263671042718));
#8826=CARTESIAN_POINT('',(-2.30229792092188,-4.95915730633151,-1.7393021303202));
#8827=CARTESIAN_POINT('',(-2.30195523067133,-4.95357017599506,-1.73602137566968));
#8828=CARTESIAN_POINT('',(-2.30161254759902,-4.94795195798474,-1.73279537504869));
#8829=CARTESIAN_POINT('',(-2.30126986452672,-4.94233373997455,-1.72956937442778));
#8830=CARTESIAN_POINT('',(-2.30092715635343,-4.9366839052481,-1.72639782405823));
#8831=CARTESIAN_POINT('',(-2.30058445338013,-4.93100405294869,-1.72328162158839));
#8832=CARTESIAN_POINT('',(-2.30024175040683,-4.92532420064936,-1.72016541911859));
#8833=CARTESIAN_POINT('',(-2.29989902035249,-4.91961379593119,-1.71710427110969));
#8834=CARTESIAN_POINT('',(-2.29955629396207,-4.91387445506189,-1.71409904394523));
#8835=CARTESIAN_POINT('',(-2.29921356757166,-4.90813511419263,-1.71109381678079));
#8836=CARTESIAN_POINT('',(-2.29887081256202,-4.90236629672499,-1.7081442274722));
#8837=CARTESIAN_POINT('',(-2.29852806021961,-4.89656963543451,-1.70525111081064));
#8838=CARTESIAN_POINT('',(-2.2981853078772,-4.89077297414402,-1.70235799414908));
#8839=CARTESIAN_POINT('',(-2.29784252591655,-4.88494792318629,-1.69952107770308));
#8840=CARTESIAN_POINT('',(-2.29749974626214,-4.87909613122178,-1.69674116435644));
#8841=CARTESIAN_POINT('',(-2.29715696660773,-4.87324433925719,-1.69396125100975));
#8842=CARTESIAN_POINT('',(-2.29681415697164,-4.8673652552505,-1.69123807899097));
#8843=CARTESIAN_POINT('',(-2.29647135001182,-4.8614605431181,-1.68857241897417));
#8844=CARTESIAN_POINT('',(-2.29578563917769,-4.84964944954003,-1.68324034533539));
#8845=CARTESIAN_POINT('',(-2.29509974431095,-4.83773244831064,-1.67813694328646));
#8846=CARTESIAN_POINT('',(-2.2944139370872,-4.82572303098661,-1.67326799020223));
#8847=CARTESIAN_POINT('',(-2.29407108193936,-4.81971917099571,-1.67083385773507));
#8848=CARTESIAN_POINT('',(-2.29372820048168,-4.81369137220147,-1.66845796063322));
#8849=CARTESIAN_POINT('',(-2.29338532812942,-4.80764134046348,-1.66614097124403));
#8850=CARTESIAN_POINT('',(-2.29304245577714,-4.80159130872529,-1.66382398185478));
#8851=CARTESIAN_POINT('',(-2.29269956023434,-4.79551847434242,-1.66156568199862));
#8852=CARTESIAN_POINT('',(-2.29235667801383,-4.78942455586004,-1.65936671073327));
#8853=CARTESIAN_POINT('',(-2.2920137957933,-4.78333063737751,-1.65716773946787));
#8854=CARTESIAN_POINT('',(-2.29167089459844,-4.77721506096212,-1.65502788972689));
#8855=CARTESIAN_POINT('',(-2.29132801212441,-4.77107955719009,-1.65294776704126));
#8856=CARTESIAN_POINT('',(-2.29098512965037,-4.76494405341802,-1.65086764435561));
#8857=CARTESIAN_POINT('',(-2.29064223360078,-4.75878804454004,-1.64884705285024));
#8858=CARTESIAN_POINT('',(-2.2902993629346,-4.75261327250478,-1.64688656430546));
#8859=CARTESIAN_POINT('',(-2.28995649226842,-4.74643850046962,-1.6449260757607));
#8860=CARTESIAN_POINT('',(-2.28961361469066,-4.74024438382992,-1.6430255055667));
#8861=CARTESIAN_POINT('',(-2.28927077050161,-4.73403267524414,-1.64118539154268));
#8862=CARTESIAN_POINT('',(-2.28892792631258,-4.7278209666588,-1.63934527751879));
#8863=CARTESIAN_POINT('',(-2.28858508322008,-4.72159108120141,-1.63756544638992));
#8864=CARTESIAN_POINT('',(-2.28824228293874,-4.71534478157425,-1.63584640181721));
#8865=CARTESIAN_POINT('',(-2.28789948265737,-4.7090984819468,-1.63412735724443));
#8866=CARTESIAN_POINT('',(-2.28755669477664,-4.70283517986289,-1.6324689373545));
#8867=CARTESIAN_POINT('',(-2.28721387912457,-4.69655665169334,-1.63087161247683));
#8868=CARTESIAN_POINT('',(-2.28687106347252,-4.69027812352406,-1.62927428759924));
#8869=CARTESIAN_POINT('',(-2.28652820802952,-4.68398377701832,-1.62773790703011));
#8870=CARTESIAN_POINT('',(-2.28618535407257,-4.67767539317201,-1.62626290543009));
#8871=CARTESIAN_POINT('',(-2.28584250011548,-4.67136700932331,-1.62478790382952));
#8872=CARTESIAN_POINT('',(-2.28549961535126,-4.6650439941046,-1.62337414230499));
#8873=CARTESIAN_POINT('',(-2.28515673966424,-4.65870813668763,-1.62202202086256));
#8874=CARTESIAN_POINT('',(-2.28481386397728,-4.65237227927187,-1.6206698994204));
#8875=CARTESIAN_POINT('',(-2.28447096507199,-4.64602298304189,-1.61937929073829));
#8876=CARTESIAN_POINT('',(-2.28412808151452,-4.6396620446688,-1.61815056000961));
#8877=CARTESIAN_POINT('',(-2.28378519795708,-4.63330110629647,-1.61692182928108));
#8878=CARTESIAN_POINT('',(-2.28344229745091,-4.62692792680354,-1.61575486080299));
#8879=CARTESIAN_POINT('',(-2.28309941732274,-4.62054430968049,-1.61464998481097));
#8880=CARTESIAN_POINT('',(-2.28275653719459,-4.61416069255784,-1.61354510881903));
#8881=CARTESIAN_POINT('',(-2.28241364514795,-4.60776603669201,-1.61250222127293));
#8882=CARTESIAN_POINT('',(-2.28207077735267,-4.60136215170949,-1.61152161731918));
#8883=CARTESIAN_POINT('',(-2.28172790955739,-4.59495826672712,-1.61054101336546));
#8884=CARTESIAN_POINT('',(-2.2813850337179,-4.58854454960629,-1.60962260066587));
#8885=CARTESIAN_POINT('',(-2.28104218493287,-4.58212281542325,-1.60876663916005));
#8886=CARTESIAN_POINT('',(-2.28069933614784,-4.57570108124018,-1.60791067765423));
#8887=CARTESIAN_POINT('',(-2.28035648212329,-4.569270725292,-1.60711708674086));
#8888=CARTESIAN_POINT('',(-2.28001365697523,-4.56283356741584,-1.60638609104863));
#8889=CARTESIAN_POINT('',(-2.27967083182716,-4.55639640953954,-1.60565509535638));
#8890=CARTESIAN_POINT('',(-2.27932800326362,-4.54995184357954,-1.60498662605129));
#8891=CARTESIAN_POINT('',(-2.27898520450878,-4.54350169344261,-1.60438087236093));
#8892=CARTESIAN_POINT('',(-2.27864240575394,-4.5370515433055,-1.60377511867055));
#8893=CARTESIAN_POINT('',(-2.27829960451817,-4.53059520161183,-1.60323202355427));
#8894=CARTESIAN_POINT('',(-2.27795683322661,-4.52413449564481,-1.60275174076216));
#8895=CARTESIAN_POINT('',(-2.27761406193504,-4.51767378967759,-1.60227145797003));
#8896=CARTESIAN_POINT('',(-2.27727128830049,-4.5112081110629,-1.60185394227638));
#8897=CARTESIAN_POINT('',(-2.27692854404348,-4.50473928976548,-1.60149931189138));
#8898=CARTESIAN_POINT('',(-2.27658579978647,-4.49827046846791,-1.60114468150638));
#8899=CARTESIAN_POINT('',(-2.27624305262224,-4.4917978953488,-1.60085290303637));
#8900=CARTESIAN_POINT('',(-2.2759003336625,-4.48532340235826,-1.60062405910326));
#8901=CARTESIAN_POINT('',(-2.275214798853,-4.47237258597431,-1.60016630654061));
#8902=CARTESIAN_POINT('',(-2.27452918354953,-4.45941042649166,-1.59996030520492));
#8903=CARTESIAN_POINT('',(-2.27384373098787,-4.44645160012859,-1.6000062885919));
#8904=CARTESIAN_POINT('',(-2.27350105314623,-4.43997310271439,-1.60002927703585));
#8905=CARTESIAN_POINT('',(-2.2731583674518,-4.43349452325443,-1.60011522928802));
#8906=CARTESIAN_POINT('',(-2.27281570377414,-4.42701769546861,-1.60026412104204));
#8907=CARTESIAN_POINT('',(-2.2724730400965,-4.42054086768287,-1.60041301279606));
#8908=CARTESIAN_POINT('',(-2.27213036615816,-4.414065181677,-1.60062485807246));
#8909=CARTESIAN_POINT('',(-2.27178771161177,-4.40759247036396,-1.60089959692352));
#8910=CARTESIAN_POINT('',(-2.27144505706538,-4.40111975905104,-1.60117433577457));
#8911=CARTESIAN_POINT('',(-2.27110238963431,-4.39464941292412,-1.60151199407126));
#8912=CARTESIAN_POINT('',(-2.27075973885344,-4.38818326339102,-1.60191247624647));
#8913=CARTESIAN_POINT('',(-2.27041708807259,-4.38171711385808,-1.60231295842167));
#8914=CARTESIAN_POINT('',(-2.27007442166565,-4.37525455202995,-1.60277630218704));
#8915=CARTESIAN_POINT('',(-2.26973176914913,-4.36879740711162,-1.6033023763921));
#8916=CARTESIAN_POINT('',(-2.26938911663263,-4.36234026219348,-1.60382845059714));
#8917=CARTESIAN_POINT('',(-2.26904644573011,-4.35588792614409,-1.60441730477995));
#8918=CARTESIAN_POINT('',(-2.26870378603909,-4.34944222526887,-1.60506877225681));
#8919=CARTESIAN_POINT('',(-2.26836112634809,-4.34299652439383,-1.60572023973366));
#8920=CARTESIAN_POINT('',(-2.26801844559148,-4.33655685172967,-1.60643438185032));
#8921=CARTESIAN_POINT('',(-2.26767577354709,-4.33012502998658,-1.60721099645406));
#8922=CARTESIAN_POINT('',(-2.26733310150271,-4.32369320824366,-1.60798761105778));
#8923=CARTESIAN_POINT('',(-2.26699040589232,-4.31726863176568,-1.60882677127881));
#8924=CARTESIAN_POINT('',(-2.26664771677301,-4.31085311897351,-1.60972823957357));
#8925=CARTESIAN_POINT('',(-2.26630502765371,-4.30443760618148,-1.6106297078683));
#8926=CARTESIAN_POINT('',(-2.26596231274572,-4.29803055295519,-1.61159356912385));
#8927=CARTESIAN_POINT('',(-2.26561960248401,-4.29163377273385,-1.61261955049791));
#8928=CARTESIAN_POINT('',(-2.26527689222231,-4.28523699251259,-1.61364553187196));
#8929=CARTESIAN_POINT('',(-2.26493415432521,-4.27884988294056,-1.61473372997637));
#8930=CARTESIAN_POINT('',(-2.26459141970355,-4.2724742517851,-1.61588383677626));
#8931=CARTESIAN_POINT('',(-2.26424868508189,-4.26609862062968,-1.61703394357616));
#8932=CARTESIAN_POINT('',(-2.26390592145179,-4.25973386752707,-1.61824606737159));
#8933=CARTESIAN_POINT('',(-2.26356316029718,-4.25338179388499,-1.61951986505509));
#8934=CARTESIAN_POINT('',(-2.26322039914256,-4.24702972024286,-1.6207936627386));
#8935=CARTESIAN_POINT('',(-2.26287760817715,-4.24068972791631,-1.62212925425751));
#8936=CARTESIAN_POINT('',(-2.26253481955417,-4.23436361126832,-1.62352626156551));
#8937=CARTESIAN_POINT('',(-2.26219203093119,-4.22803749462023,-1.62492326887353));
#8938=CARTESIAN_POINT('',(-2.26184921236192,-4.22172465795052,-1.6263818235199));
#8939=CARTESIAN_POINT('',(-2.26150639676382,-4.21542688789551,-1.62790151266701));
#8940=CARTESIAN_POINT('',(-2.26116358116572,-4.20912911784035,-1.62942120181415));
#8941=CARTESIAN_POINT('',(-2.26082073624768,-4.20284582136945,-1.63100216856349));
#8942=CARTESIAN_POINT('',(-2.2604778957849,-4.19657877671383,-1.63264396544725));
#8943=CARTESIAN_POINT('',(-2.2601350553221,-4.19031173205802,-1.63428576233106));
#8944=CARTESIAN_POINT('',(-2.25979218702128,-4.18406034908076,-1.63598854394888));
#8945=CARTESIAN_POINT('',(-2.2594493256069,-4.17782639693281,-1.63775182837746));
#8946=CARTESIAN_POINT('',(-2.25910646419252,-4.17159244478466,-1.6395151128061));
#8947=CARTESIAN_POINT('',(-2.25876357736953,-4.1653753364456,-1.64133906608485));
#8948=CARTESIAN_POINT('',(-2.25842070090112,-4.15917683131516,-1.64322317202307));
#8949=CARTESIAN_POINT('',(-2.25807782443271,-4.15297832618453,-1.64510727796134));
#8950=CARTESIAN_POINT('',(-2.25773492602264,-4.14679784058042,-1.64705171397548));
#8951=CARTESIAN_POINT('',(-2.2573920425596,-4.14063712348439,-1.64905592980896));
#8952=CARTESIAN_POINT('',(-2.25704915909656,-4.13447640638825,-1.65106014564247));
#8953=CARTESIAN_POINT('',(-2.2567062582839,-4.12833487767649,-1.65312433002178));
#8954=CARTESIAN_POINT('',(-2.2563633782196,-4.12221427525065,-1.65524789883902));
#8955=CARTESIAN_POINT('',(-2.2560204981553,-4.11609367282481,-1.65737146765627));
#8956=CARTESIAN_POINT('',(-2.25567760654329,-4.10999342033846,-1.65955462087681));
#8957=CARTESIAN_POINT('',(-2.25533474277104,-4.10391524395591,-1.66179674076912));
#8958=CARTESIAN_POINT('',(-2.25464891829616,-4.09175717284056,-1.66628161441938));
#8959=CARTESIAN_POINT('',(-2.25396300994168,-4.07968402090702,-1.6710037553165));
#8960=CARTESIAN_POINT('',(-2.25327734963494,-4.06770945359441,-1.67595781907614));
#8961=CARTESIAN_POINT('',(-2.25293456793517,-4.06172301614574,-1.67843450086678));
#8962=CARTESIAN_POINT('',(-2.25259174742965,-4.05576036811252,-1.68096947928645));
#8963=CARTESIAN_POINT('',(-2.25224892222065,-4.04982319694694,-1.68356203685364));
#8964=CARTESIAN_POINT('',(-2.25190609701144,-4.04388602577772,-1.68615459442242));
#8965=CARTESIAN_POINT('',(-2.25156323726161,-4.03797377228183,-1.68880497531747));
#8966=CARTESIAN_POINT('',(-2.25122038315692,-4.03208810936229,-1.6915124295506));
#8967=CARTESIAN_POINT('',(-2.25087752905231,-4.02620244644431,-1.69421988378301));
#8968=CARTESIAN_POINT('',(-2.25053464829975,-4.02034281987912,-1.69698466630148));
#8969=CARTESIAN_POINT('',(-2.25019177979416,-4.0145108877484,-1.69980599473899));
#8970=CARTESIAN_POINT('',(-2.24984891128863,-4.00867895561874,-1.70262732317599));
#8971=CARTESIAN_POINT('',(-2.24950602273534,-4.00287416875982,-1.70550546320268));
#8972=CARTESIAN_POINT('',(-2.24916315181062,-3.99709816980068,-1.70843960036365));
#8973=CARTESIAN_POINT('',(-2.24882028088594,-3.9913221708422,-1.71137373752428));
#8974=CARTESIAN_POINT('',(-2.24847739529461,-3.98557441588682,-1.71436414811245));
#8975=CARTESIAN_POINT('',(-2.24813453157058,-3.97985653148525,-1.71740998588778));
#8976=CARTESIAN_POINT('',(-2.24779166784658,-3.97413864708405,-1.72045582366292));
#8977=CARTESIAN_POINT('',(-2.2474487936951,-3.96845009481224,-1.72355737543683));
#8978=CARTESIAN_POINT('',(-2.24710594458742,-3.96279248452228,-1.72671376350034));
#8979=CARTESIAN_POINT('',(-2.24676309547974,-3.95713487423247,-1.72987015156376));
#8980=CARTESIAN_POINT('',(-2.24642023912223,-3.95150767317556,-1.73308167313846));
#8981=CARTESIAN_POINT('',(-2.24607741000615,-3.94591247389192,-1.73634741937514));
#8982=CARTESIAN_POINT('',(-2.24573458089007,-3.94031727460828,-1.73961316561181));
#8983=CARTESIAN_POINT('',(-2.24539174672348,-3.93475355022556,-1.74293344403003));
#8984=CARTESIAN_POINT('',(-2.24504894110289,-3.92922287536453,-1.74630731498145));
#8985=CARTESIAN_POINT('',(-2.24470613548229,-3.9236922005034,-1.74968118593291));
#8986=CARTESIAN_POINT('',(-2.24436332611779,-3.91819405436718,-1.75310896711894));
#8987=CARTESIAN_POINT('',(-2.24402054579856,-3.91272999305624,-1.75658968844549));
#8988=CARTESIAN_POINT('',(-2.24367776547932,-3.90726593174517,-1.76007040977214));
#8989=CARTESIAN_POINT('',(-2.24333498191768,-3.90183544073484,-1.7636043990025));
#8990=CARTESIAN_POINT('',(-2.24299222718474,-3.89644005701144,-1.7671906559624));
#8991=CARTESIAN_POINT('',(-2.2426494724518,-3.89104467328788,-1.7707769129224));
#8992=CARTESIAN_POINT('',(-2.24230671426216,-3.88568388879333,-1.77441577531316));
#8993=CARTESIAN_POINT('',(-2.24196398405965,-3.88035922081317,-1.77810621325789));
#8994=CARTESIAN_POINT('',(-2.24162125385712,-3.87503455283288,-1.7817966512027));
#8995=CARTESIAN_POINT('',(-2.24127851935852,-3.86974549996763,-1.78553901221317));
#8996=CARTESIAN_POINT('',(-2.24093581147238,-3.86449355922299,-1.78933223709923));
#8997=CARTESIAN_POINT('',(-2.24059310358623,-3.85924161847824,-1.79312546198537));
#8998=CARTESIAN_POINT('',(-2.24025039003135,-3.8540262953028,-1.79696990793798));
#8999=CARTESIAN_POINT('',(-2.23990770127401,-3.84884906585116,-1.80086448685476));
#9000=CARTESIAN_POINT('',(-2.23956501251666,-3.84367183639946,-1.8047590657716));
#9001=CARTESIAN_POINT('',(-2.2392223162774,-3.83853221315517,-1.80870414438773));
#9002=CARTESIAN_POINT('',(-2.23887964267401,-3.83343165085863,-1.81269860610117));
#9003=CARTESIAN_POINT('',(-2.23853696907062,-3.82833108856206,-1.81669306781462));
#9004=CARTESIAN_POINT('',(-2.23819428582501,-3.823269106916,-1.82073728876618));
#9005=CARTESIAN_POINT('',(-2.23785162280086,-3.81824713869178,-1.82483012427799));
#9006=CARTESIAN_POINT('',(-2.23750895977671,-3.81322517046758,-1.82892295978979));
#9007=CARTESIAN_POINT('',(-2.23716628469689,-3.80824274276866,-1.83306479526616));
#9008=CARTESIAN_POINT('',(-2.23682362726568,-3.80330126585114,-1.83725445838845));
#9009=CARTESIAN_POINT('',(-2.23648096983448,-3.79835978893367,-1.8414441215107));
#9010=CARTESIAN_POINT('',(-2.23613829777528,-3.79345879748046,-1.84568200680103));
#9011=CARTESIAN_POINT('',(-2.23579564072795,-3.78859967869505,-1.84996691474591));
#9012=CARTESIAN_POINT('',(-2.23545298368062,-3.78374055990971,-1.85425182269072));
#9013=CARTESIAN_POINT('',(-2.2351103093686,-3.77892285623028,-1.85858415678103));
#9014=CARTESIAN_POINT('',(-2.23476764746235,-3.77414793127945,-1.86296269076508));
#9015=CARTESIAN_POINT('',(-2.23408222677582,-3.7645967314577,-1.87172099658949));
#9016=CARTESIAN_POINT('',(-2.23339666177085,-3.75521404467667,-1.88066668118671));
#9017=CARTESIAN_POINT('',(-2.23271119179145,-3.74601049439993,-1.88978961567496));
#9018=CARTESIAN_POINT('',(-2.23236850524226,-3.74140936965432,-1.89435043822326));
#9019=CARTESIAN_POINT('',(-2.23202579407607,-3.73685235396311,-1.89895619224722));
#9020=CARTESIAN_POINT('',(-2.23168308862361,-3.73234073712139,-1.9036055741157));
#9021=CARTESIAN_POINT('',(-2.23134038317116,-3.72782912027974,-1.9082549559841));
#9022=CARTESIAN_POINT('',(-2.2309976511515,-3.72336247744897,-1.91294840350811));
#9023=CARTESIAN_POINT('',(-2.23065492330343,-3.71894207282537,-1.91768458824869));
#9024=CARTESIAN_POINT('',(-2.23031219545538,-3.71452166820184,-1.92242077298919));
#9025=CARTESIAN_POINT('',(-2.22996943949595,-3.71014708553619,-1.92720014093086));
#9026=CARTESIAN_POINT('',(-2.22962668666487,-3.70581956294652,-1.93202133933399));
#9027=CARTESIAN_POINT('',(-2.2292839338338,-3.7014920403569,-1.93684253773706));
#9028=CARTESIAN_POINT('',(-2.22894115184586,-3.69721117034055,-1.94170602059118));
#9029=CARTESIAN_POINT('',(-2.22859837253349,-3.69297816446835,-1.94661041137267));
#9030=CARTESIAN_POINT('',(-2.22825559322111,-3.68874515859619,-1.95151480215411));
#9031=CARTESIAN_POINT('',(-2.22791278429673,-3.68455961826596,-1.95646056268593));
#9032=CARTESIAN_POINT('',(-2.22756997827603,-3.68042272804294,-1.96144629318633));
#9033=CARTESIAN_POINT('',(-2.22722717225534,-3.67628583781996,-1.9664320236867));
#9034=CARTESIAN_POINT('',(-2.22688433684839,-3.67219720815302,-1.97145819363763));
#9035=CARTESIAN_POINT('',(-2.2265415053432,-3.66815799615422,-1.97652338053397));
#9036=CARTESIAN_POINT('',(-2.22619867383802,-3.66411878415545,-1.98158856743027));
#9037=CARTESIAN_POINT('',(-2.22585581394244,-3.66012860947181,-1.98669324823559));
#9038=CARTESIAN_POINT('',(-2.22551295980401,-3.65618860132562,-1.99183597826488));
#9039=CARTESIAN_POINT('',(-2.22517010566559,-3.65224859317947,-1.99697870829411));
#9040=CARTESIAN_POINT('',(-2.22482722499023,-3.64835838055954,-2.00215997181241));
#9041=CARTESIAN_POINT('',(-2.22448435287013,-3.64451906437299,-2.00737830250665));
#9042=CARTESIAN_POINT('',(-2.22414148075003,-3.64067974818651,-2.0125966332008));
#9043=CARTESIAN_POINT('',(-2.22379858488962,-3.63689096690402,-2.01785252245464));
#9044=CARTESIAN_POINT('',(-2.22345570140828,-3.63315379270348,-2.02314448288693));
#9045=CARTESIAN_POINT('',(-2.22311281792695,-3.62941661850305,-2.02843644331906));
#9046=CARTESIAN_POINT('',(-2.2227699145283,-3.62573069947347,-2.03376497324657));
#9047=CARTESIAN_POINT('',(-2.22242702843855,-3.62209707866101,-2.03912856478788));
#9048=CARTESIAN_POINT('',(-2.22208414234883,-3.61846345784873,-2.04449215632892));
#9049=CARTESIAN_POINT('',(-2.22174124127163,-3.61488179309355,-2.04989131454582));
#9050=CARTESIAN_POINT('',(-2.22139836361629,-3.61135309791924,-2.055324511632));
#9051=CARTESIAN_POINT('',(-2.22105548596099,-3.6078244027452,-2.06075770871776));
#9052=CARTESIAN_POINT('',(-2.22071259943224,-3.60434834487218,-2.06622545628945));
#9053=CARTESIAN_POINT('',(-2.22036974369489,-3.60092590792245,-2.07172620719811));
#9054=CARTESIAN_POINT('',(-2.21978820394657,-3.59512089168513,-2.08105638590154));
#9055=CARTESIAN_POINT('',(-2.21920662692278,-3.58946891886965,-2.09048354000669));
#9056=CARTESIAN_POINT('',(-2.2186252142196,-3.58397459799657,-2.09999998749777));
#9057=CARTESIAN_POINT('',(2.21862521538702,-3.58397459824125,-2.09999998750699));
#9058=CARTESIAN_POINT('',(2.2244028502571,-3.63857310471614,-2.00543259522465));
#9059=CARTESIAN_POINT('',(2.2300428302027,-3.70699017526768,-1.92187082013756));
#9060=CARTESIAN_POINT('',(2.24159333840306,-3.8708458327079,-1.77750183298838));
#9061=CARTESIAN_POINT('',(2.24737250979226,-3.96468874830744,-1.7188665937014));
#9062=CARTESIAN_POINT('',(2.26470503012734,-4.2670828697607,-1.59290832377057));
#9063=CARTESIAN_POINT('',(2.27625976396308,-4.49652649422602,-1.57749005688883));
#9064=CARTESIAN_POINT('',(2.29936944767528,-4.91855965053158,-1.68997629024283));
#9065=CARTESIAN_POINT('',(2.31092389212666,-5.1098874341564,-1.81753970790912));
#9066=CARTESIAN_POINT('',(2.33403446390721,-5.37601476758116,-2.16388971041838));
#9067=CARTESIAN_POINT('',(2.34558848927265,-5.4500000069811,-2.38160593757686));
#9068=CARTESIAN_POINT('',(2.35714375999771,-5.4500000035,-2.59999999995802));
#9069=CARTESIAN_POINT('',(-2.35714376,-5.1500000035,-2.6000000000013));
#9070=CARTESIAN_POINT('',(-2.35714376,-5.3000000035,-2.6000000000013));
#9071=VECTOR('',#10919,1000.0);
#9072=CARTESIAN_POINT('',(-2.3663298255,-5.150000003,-2.7388929600013));
#9073=VECTOR('',#10920,1000.0);
#9074=CARTESIAN_POINT('',(0.0,-5.15,-2.6000000000013));
#9075=VECTOR('',#10921,1000.0);
#9076=CARTESIAN_POINT('',(2.0297619796152,-2.15617214303948,-4.57302638183727));
#9077=CARTESIAN_POINT('',(2.218625215,-3.58397459455801,-2.09999999890082));
#9078=VECTOR('',#10922,1000.0);
#9079=CARTESIAN_POINT('',(-2.0297619796152,-2.15617214297698,-4.57302638194552));
#9080=CARTESIAN_POINT('',(4.99999998002098E-10,-2.156172147,-4.5730263840013));
#9081=VECTOR('',#10923,1000.0);
#9082=CARTESIAN_POINT('',(-2.02976198,-2.15617214493301,-4.57302638311733));
#9083=VECTOR('',#10924,1000.0);
#9084=CARTESIAN_POINT('',(-2.218625215,-3.71368528632568,-2.17488850190336));
#9085=VECTOR('',#10925,1000.0);
#9086=CARTESIAN_POINT('',(-2.35714376,-5.1500000035,-2.6000000000013));
#9087=CARTESIAN_POINT('',(-2.345494644307,-5.15000000700667,-2.44588258604638));
#9088=CARTESIAN_POINT('',(-2.33414523364245,-5.0989683580589,-2.29598881061497));
#9089=CARTESIAN_POINT('',(-2.3109301731772,-4.91210603043326,-2.05224024456926));
#9090=CARTESIAN_POINT('',(-2.299499899641,-4.77957504978097,-1.96374569406204));
#9091=CARTESIAN_POINT('',(-2.27635547986116,-4.48387566906308,-1.88425444862853));
#9092=CARTESIAN_POINT('',(-2.26485733317494,-4.32400187937827,-1.89470194331047));
#9093=CARTESIAN_POINT('',(-2.24177136990988,-4.04169617920813,-2.0112650298332));
#9094=CARTESIAN_POINT('',(-2.23027433079106,-3.92084091891231,-2.11653039964064));
#9095=CARTESIAN_POINT('',(-2.21862521501806,-3.84378220627042,-2.25000000742526));
#9096=CARTESIAN_POINT('',(2.21862521462957,-3.84378220724976,-2.25000000796101));
#9097=CARTESIAN_POINT('',(2.23027433067423,-3.92084091813661,-2.11653040097755));
#9098=CARTESIAN_POINT('',(2.24162374129615,-4.03998250972154,-2.01223440837579));
#9099=CARTESIAN_POINT('',(2.26483880175051,-4.32368431534617,-1.89457312154857));
#9100=CARTESIAN_POINT('',(2.27626907533448,-4.48270678666957,-1.88420008286618));
#9101=CARTESIAN_POINT('',(2.29941349511481,-4.77853558505567,-1.96320833499851));
#9102=CARTESIAN_POINT('',(2.3109116417599,-4.91176660110821,-2.05219302553442));
#9103=CARTESIAN_POINT('',(2.33399760503637,-5.09796896606396,-2.29429246952227));
#9104=CARTESIAN_POINT('',(2.34549464418824,-5.15000000700479,-2.44588258447525));
#9105=CARTESIAN_POINT('',(2.35714376025138,-5.1500000035,-2.6000000000013));
#9106=CARTESIAN_POINT('',(2.218625215,-3.71368528640625,-2.17488850194988));
#9107=VECTOR('',#10926,1000.0);
#9108=CARTESIAN_POINT('',(2.02976198,-2.41597976407632,-4.72302638175669));
#9109=CARTESIAN_POINT('',(2.1241935975,-3.1298809885,-3.4865131900013));
#9110=VECTOR('',#10927,1000.0);
#9111=CARTESIAN_POINT('',(2.02976198,-2.286075954,-4.6480263820013));
#9112=VECTOR('',#10928,1000.0);
#9113=CARTESIAN_POINT('',(-1.98335826680861,-2.2100840651354,-5.45447841201662));
#9114=CARTESIAN_POINT('',(-2.0297619796152,-2.15617214297698,-4.57302638194552));
#9115=CARTESIAN_POINT('',(-2.02202802764133,-2.07821409826367,-4.70805366734644));
#9116=CARTESIAN_POINT('',(-2.01429407605228,-2.04096617315562,-4.86623994986329));
#9117=CARTESIAN_POINT('',(-1.99882617287416,-2.06000307144938,-5.1774904832527));
#9118=CARTESIAN_POINT('',(-1.9910922212851,-2.1162514147029,-5.32995828897767));
#9119=CARTESIAN_POINT('',(-1.98335826680861,-2.2100840651354,-5.45447841201662));
#9120=CARTESIAN_POINT('',(1.98335826884802,-2.21008405749957,-5.45447840591104));
#9121=CARTESIAN_POINT('',(1.98335826884802,-2.21008405749957,-5.45447840591104));
#9122=CARTESIAN_POINT('',(1.9910922212851,-2.1162514147029,-5.32995828897767));
#9123=CARTESIAN_POINT('',(1.99882617287416,-2.06000307144938,-5.17749048325269));
#9124=CARTESIAN_POINT('',(2.01429407605228,-2.04096617315562,-4.86623994986328));
#9125=CARTESIAN_POINT('',(2.02202802764133,-2.07821409826367,-4.70805366734644));
#9126=CARTESIAN_POINT('',(2.0297619796152,-2.15617214303948,-4.57302638183727));
#9127=CARTESIAN_POINT('',(0.0,-2.21008405504261,-5.45447840829514));
#9128=VECTOR('',#10929,1000.0);
#9129=CARTESIAN_POINT('',(-2.02976198,-2.41597976398032,-4.72302638192295));
#9130=CARTESIAN_POINT('',(-2.02976198,-2.2860759535,-4.6480263820013));
#9131=VECTOR('',#10930,1000.0);
#9132=CARTESIAN_POINT('',(-2.1241935975,-3.1298809885,-3.4865131900013));
#9133=VECTOR('',#10931,1000.0);
#9134=CARTESIAN_POINT('',(0.0,-2.415979769,-4.7230263840013));
#9135=VECTOR('',#10932,1000.0);
#9136=CARTESIAN_POINT('',(1.983358268,-2.44967470909434,-5.27393389993021));
#9137=CARTESIAN_POINT('',(1.983358268,-2.44967470909434,-5.27393389993021));
#9138=CARTESIAN_POINT('',(1.99109222,-2.39102930648943,-5.19610882665625));
#9139=CARTESIAN_POINT('',(1.998826172,-2.35587409164444,-5.10081644731411));
#9140=CARTESIAN_POINT('',(2.014294076,-2.34397603002716,-4.90628486236252));
#9141=CARTESIAN_POINT('',(2.022028028,-2.36725598334783,-4.80741843497247));
#9142=CARTESIAN_POINT('',(2.02976198,-2.41597976407632,-4.72302638175669));
#9143=CARTESIAN_POINT('',(1.983358268,-2.3298793845,-5.3642061515013));
#9144=VECTOR('',#10933,1000.0);
#9145=CARTESIAN_POINT('',(1.87103141999459,-3.23219324566438,-6.81086309320926));
#9146=CARTESIAN_POINT('',(1.983358268,-2.21008405995653,-5.45447840352695));
#9147=VECTOR('',#10934,1000.0);
#9148=CARTESIAN_POINT('',(-1.87103141998966,-3.23219324681571,-6.81086309261842));
#9149=CARTESIAN_POINT('',(0.0,-3.232193242,-6.8108630960013));
#9150=VECTOR('',#10935,1000.0);
#9151=CARTESIAN_POINT('',(-1.87103142,-3.23219324468451,-6.81086309474615));
#9152=VECTOR('',#10936,1000.0);
#9153=CARTESIAN_POINT('',(-1.98335826866916,-2.44967470353576,-5.27393389305373));
#9154=CARTESIAN_POINT('',(-1.983358268,-2.32904245798355,-5.36483682185342));
#9155=VECTOR('',#10937,1000.0);
#9156=CARTESIAN_POINT('',(-2.02976198,-2.41597976398032,-4.72302638192295));
#9157=CARTESIAN_POINT('',(-2.022028028,-2.36725598334784,-4.80741843497247));
#9158=CARTESIAN_POINT('',(-2.014294076,-2.34397603002715,-4.90628486236252));
#9159=CARTESIAN_POINT('',(-1.998826172,-2.35587409164444,-5.10081644731412));
#9160=CARTESIAN_POINT('',(-1.99109222,-2.39102930648943,-5.19610882665625));
#9161=CARTESIAN_POINT('',(-1.98335826866916,-2.44967470353576,-5.27393389305373));
#9162=CARTESIAN_POINT('',(0.0,-2.4496747071576,-5.27393390181789));
#9163=VECTOR('',#10938,1000.0);
#9164=CARTESIAN_POINT('',(1.87103141999753,-3.47178389766652,-6.63031858693822));
#9165=CARTESIAN_POINT('',(1.927194844,-2.960729301,-5.9521262450013));
#9166=VECTOR('',#10939,1000.0);
#9167=CARTESIAN_POINT('',(1.87103142,-3.3519885645,-6.7205908455013));
#9168=VECTOR('',#10940,1000.0);
#9169=CARTESIAN_POINT('',(1.84194252600096,-3.33097284350521,-7.15534847990281));
#9170=CARTESIAN_POINT('',(1.87103141999459,-3.23219324566438,-6.81086309320926));
#9171=CARTESIAN_POINT('',(1.86125590597823,-3.30631951107006,-6.9092319578098));
#9172=CARTESIAN_POINT('',(1.85171803957377,-3.34170792214822,-7.0326460204143));
#9173=CARTESIAN_POINT('',(1.84194252600096,-3.33097284350521,-7.15534847990281));
#9174=CARTESIAN_POINT('',(-1.84194252511469,-3.33097284208303,-7.15534847971264));
#9175=CARTESIAN_POINT('',(0.0,-3.33097284804311,-7.15534847993067));
#9176=VECTOR('',#10941,1000.0);
#9177=CARTESIAN_POINT('',(-1.84194252511469,-3.33097284208303,-7.15534847971264));
#9178=CARTESIAN_POINT('',(-1.85171700911181,-3.34170679054275,-7.0326589547959));
#9179=CARTESIAN_POINT('',(-1.86125693729189,-3.30631169074838,-6.90922157994325));
#9180=CARTESIAN_POINT('',(-1.87103141998966,-3.23219324681571,-6.81086309261842));
#9181=CARTESIAN_POINT('',(-1.8710314199973,-3.47178389766924,-6.63031858694183));
#9182=CARTESIAN_POINT('',(-1.87103142,-3.351988569,-6.7205908425013));
#9183=VECTOR('',#10942,1000.0);
#9184=CARTESIAN_POINT('',(-1.927194844,-2.960729301,-5.9521262455013));
#9185=VECTOR('',#10943,1000.0);
#9186=CARTESIAN_POINT('',(0.0,-3.471783895,-6.6303185890013));
#9187=VECTOR('',#10944,1000.0);
#9188=CARTESIAN_POINT('',(1.841942526,-3.6298312517189,-7.18149520256582));
#9189=CARTESIAN_POINT('',(1.841942526,-3.480402044,-7.1684218410013));
#9190=VECTOR('',#10945,1000.0);
#9191=CARTESIAN_POINT('',(1.87103141999753,-3.47178389766652,-6.63031858693822));
#9192=CARTESIAN_POINT('',(1.86124918022148,-3.59046752121517,-6.78781706087344));
#9193=CARTESIAN_POINT('',(1.85172476567438,-3.64701919426577,-6.98503618565144));
#9194=CARTESIAN_POINT('',(1.841942526,-3.6298312517189,-7.18149520256582));
#9195=CARTESIAN_POINT('',(-1.84194252598581,-3.62983125170404,-7.18149520273562));
#9196=CARTESIAN_POINT('',(-1.841942526,-3.480402041,-7.1684218405013));
#9197=VECTOR('',#10946,1000.0);
#9198=CARTESIAN_POINT('',(-1.84194252598581,-3.62983125170404,-7.18149520273562));
#9199=CARTESIAN_POINT('',(-1.8517247658181,-3.6470191945183,-6.98503618276501));
#9200=CARTESIAN_POINT('',(-1.86124918035735,-3.59046751956494,-6.7878170586872));
#9201=CARTESIAN_POINT('',(-1.8710314199973,-3.47178389766924,-6.63031858694183));
#9202=CARTESIAN_POINT('',(-1.60789721277072,-3.02254991130284,-10.6806386341538));
#9203=CARTESIAN_POINT('',(-1.478180606,-3.011967388,-10.8015974290013));
#9204=AXIS2_PLACEMENT_3D('',#10947,#10948,#10949);
#9205=CARTESIAN_POINT('',(-1.607897213,-3.02254991116486,-10.6806386340157));
#9206=VECTOR('',#10950,1000.0);
#9207=CARTESIAN_POINT('',(1.60789721301193,-3.0225499127911,-10.680638634452));
#9208=CARTESIAN_POINT('',(1.841942526,-3.33097283897938,-7.15534847973703));
#9209=VECTOR('',#10951,1000.0);
#9210=CARTESIAN_POINT('',(1.478180606,-3.01196738814943,-10.8015974290144));
#9211=AXIS2_PLACEMENT_3D('',#10952,#10953,#10954);
#9212=CARTESIAN_POINT('',(0.0,-3.011967388,-10.8015974290013));
#9213=VECTOR('',#10955,1000.0);
#9214=CARTESIAN_POINT('',(0.0,-3.62983125742665,-7.18149520325772));
#9215=VECTOR('',#10956,1000.0);
#9216=CARTESIAN_POINT('',(-1.478180606,-3.310825798,-10.8277441520013));
#9217=CARTESIAN_POINT('',(1.478180606,-3.310825798,-10.8277441520013));
#9218=CARTESIAN_POINT('',(0.0,-3.310825798,-10.8277441520013));
#9219=VECTOR('',#10957,1000.0);
#9220=CARTESIAN_POINT('',(-1.478180606,-3.161396593,-10.8146707905013));
#9221=VECTOR('',#10958,1000.0);
#9222=CARTESIAN_POINT('',(1.478180606,-3.161396593,-10.8146707905013));
#9223=VECTOR('',#10959,1000.0);
#9224=CARTESIAN_POINT('',(-1.60789721291819,-3.32140832115602,-10.7067853570249));
#9225=AXIS2_PLACEMENT_3D('',#10960,#10961,#10962);
#9226=CARTESIAN_POINT('',(-1.60789721261127,-3.17197911630663,-10.6937119956104));
#9227=VECTOR('',#10963,1000.0);
#9228=CARTESIAN_POINT('',(-1.7249198695,-3.4756197835,-8.9441402795013));
#9229=VECTOR('',#10964,1000.0);
#9230=CARTESIAN_POINT('',(1.6078972128107,-3.32140832116271,-10.7067853569484));
#9231=CARTESIAN_POINT('',(1.607897213,-3.171979119,-10.6937119960013));
#9232=VECTOR('',#10965,1000.0);
#9233=CARTESIAN_POINT('',(1.7249198695,-3.4756197835,-8.9441402795013));
#9234=VECTOR('',#10966,1000.0);
#9235=AXIS2_PLACEMENT_3D('',#10967,#10968,#10969);
#9236=CARTESIAN_POINT('',(1.55,0.0,-12.5));
#9237=CARTESIAN_POINT('',(-1.55,0.0,-12.5));
#9238=AXIS2_PLACEMENT_3D('',#10970,#10971,#10972);
#9239=CARTESIAN_POINT('',(-1.55,0.0,-11.9));
#9240=CARTESIAN_POINT('',(-1.55,0.0,-12.5));
#9241=VECTOR('',#10973,1000.0);
#9242=CARTESIAN_POINT('',(1.55,0.0,-11.9));
#9243=AXIS2_PLACEMENT_3D('',#10974,#10975,#10976);
#9244=CARTESIAN_POINT('',(1.55,0.0,-12.5));
#9245=VECTOR('',#10977,1000.0);
#9246=CARTESIAN_POINT('',(1.05,0.0,-12.5));
#9247=CARTESIAN_POINT('',(-1.05,0.0,-12.5));
#9248=AXIS2_PLACEMENT_3D('',#10978,#10979,#10980);
#9249=CARTESIAN_POINT('',(1.05,0.0,-13.45));
#9250=CARTESIAN_POINT('',(1.05,0.0,-12.5));
#9251=VECTOR('',#10981,1000.0);
#9252=CARTESIAN_POINT('',(-1.05,0.0,-13.45));
#9253=AXIS2_PLACEMENT_3D('',#10982,#10983,#10984);
#9254=CARTESIAN_POINT('',(-1.05,0.0,-12.5));
#9255=VECTOR('',#10985,1000.0);
#9256=CARTESIAN_POINT('',(-0.725,-4.4,-13.75));
#9257=CARTESIAN_POINT('',(0.725,-4.4,-13.75));
#9258=AXIS2_PLACEMENT_3D('',#10986,#10987,#10988);
#9259=CARTESIAN_POINT('',(-0.725,-4.4,-13.45));
#9260=CARTESIAN_POINT('',(-0.725,-4.4,-13.75));
#9261=VECTOR('',#10989,1000.0);
#9262=CARTESIAN_POINT('',(0.725,-4.4,-13.45));
#9263=AXIS2_PLACEMENT_3D('',#10990,#10991,#10992);
#9264=CARTESIAN_POINT('',(0.725,-4.4,-13.75));
#9265=VECTOR('',#10993,1000.0);
#9266=CARTESIAN_POINT('',(-0.424999999999986,-4.4,-14.25));
#9267=CARTESIAN_POINT('',(0.424999999999986,-4.4,-14.25));
#9268=AXIS2_PLACEMENT_3D('',#10994,#10995,#10996);
#9269=CARTESIAN_POINT('',(-0.425,-4.4,-14.25));
#9270=VECTOR('',#10997,1000.0);
#9271=CARTESIAN_POINT('',(0.425,-4.4,-14.25));
#9272=VECTOR('',#10998,1000.0);
#9273=AXIS2_PLACEMENT_3D('',#10999,#11000,#11001);
#9274=AXIS2_PLACEMENT_3D('',#11002,#11003,#11004);
#9275=CARTESIAN_POINT('',(-4.4,-6.0,-11.9));
#9276=CARTESIAN_POINT('',(-4.0,-6.4,-11.9));
#9277=AXIS2_PLACEMENT_3D('',#11005,#11006,#11007);
#9278=CARTESIAN_POINT('',(4.0,-6.4,-11.9));
#9279=CARTESIAN_POINT('',(0.0,-6.4,-11.9));
#9280=VECTOR('',#11008,1000.0);
#9281=CARTESIAN_POINT('',(4.4,-6.0,-11.9));
#9282=AXIS2_PLACEMENT_3D('',#11009,#11010,#11011);
#9283=CARTESIAN_POINT('',(4.4,-1.45699985409919E-09,-11.9));
#9284=CARTESIAN_POINT('',(4.4,-1.24425,-11.9));
#9285=VECTOR('',#11012,1000.0);
#9286=CARTESIAN_POINT('',(3.85,-7.89648346710692E-10,-11.9));
#9287=CARTESIAN_POINT('',(4.125,0.0,-11.9));
#9288=VECTOR('',#11013,1000.0);
#9289=CARTESIAN_POINT('',(-3.85,0.0,-11.9));
#9290=AXIS2_PLACEMENT_3D('',#11014,#11015,#11016);
#9291=CARTESIAN_POINT('',(-4.4,-1.45699985409919E-09,-11.9));
#9292=CARTESIAN_POINT('',(-4.125,0.0,-11.9));
#9293=VECTOR('',#11017,1000.0);
#9294=CARTESIAN_POINT('',(-4.4,-1.24425,-11.9));
#9295=VECTOR('',#11018,1000.0);
#9296=CARTESIAN_POINT('',(0.300000000659019,-5.69999999953105,-11.9000000003795));
#9297=CARTESIAN_POINT('',(0.300000001361045,-4.97000000126786,-11.9000000003534));
#9298=CARTESIAN_POINT('',(0.2999999992,-1.24425,-11.9));
#9299=VECTOR('',#11019,1000.0);
#9300=CARTESIAN_POINT('',(3.79999999956396,-4.97000000131786,-11.9000000003784));
#9301=CARTESIAN_POINT('',(0.0,-4.970000004489,-11.9));
#9302=VECTOR('',#11020,1000.0);
#9303=CARTESIAN_POINT('',(3.79999999867329,-5.6999999997141,-11.8999999999513));
#9304=CARTESIAN_POINT('',(3.8000000016,-1.24425,-11.9));
#9305=VECTOR('',#11021,1000.0);
#9306=CARTESIAN_POINT('',(0.0,-5.6999999969335,-11.9));
#9307=VECTOR('',#11022,1000.0);
#9308=CARTESIAN_POINT('',(-2.5499999994,-4.00000000105425,-11.9));
#9309=CARTESIAN_POINT('',(-2.54999999915,-4.59999999950175,-11.9));
#9310=CARTESIAN_POINT('',(-2.5499999976,-1.24425,-11.9));
#9311=VECTOR('',#11023,1000.0);
#9312=CARTESIAN_POINT('',(-3.5500000002,-4.59999999950175,-11.9));
#9313=CARTESIAN_POINT('',(0.0,-4.599999998007,-11.9));
#9314=VECTOR('',#11024,1000.0);
#9315=CARTESIAN_POINT('',(-3.5500000002,-4.00000000155425,-11.9));
#9316=CARTESIAN_POINT('',(-3.5500000008,-1.24425,-11.9));
#9317=VECTOR('',#11025,1000.0);
#9318=CARTESIAN_POINT('',(0.0,-4.000000004217,-11.9));
#9319=VECTOR('',#11026,1000.0);
#9320=CARTESIAN_POINT('',(3.5500000002,-4.59999999950175,-11.9));
#9321=CARTESIAN_POINT('',(2.5499999989,-4.59999999950175,-11.9));
#9322=CARTESIAN_POINT('',(0.0,-4.599999998007,-11.9));
#9323=VECTOR('',#11027,1000.0);
#9324=CARTESIAN_POINT('',(2.5499999994,-4.00000000105425,-11.9));
#9325=CARTESIAN_POINT('',(2.5499999976,-1.24425,-11.9));
#9326=VECTOR('',#11028,1000.0);
#9327=CARTESIAN_POINT('',(3.5500000002,-4.00000000105425,-11.9));
#9328=CARTESIAN_POINT('',(0.0,-4.000000004217,-11.9));
#9329=VECTOR('',#11029,1000.0);
#9330=CARTESIAN_POINT('',(3.5500000008,-1.24425,-11.9));
#9331=VECTOR('',#11030,1000.0);
#9332=AXIS2_PLACEMENT_3D('',#11031,#11032,#11033);
#9333=CARTESIAN_POINT('',(3.6000000011142,-5.17,-12.1));
#9334=CARTESIAN_POINT('',(3.60000000222839,-5.17,-12.1));
#9335=VECTOR('',#11034,1000.0);
#9336=CARTESIAN_POINT('',(0.500000001496004,-5.1699999991216,-12.0999999994608));
#9337=CARTESIAN_POINT('',(0.300000001862073,-4.970000001,-11.900000001));
#9338=VECTOR('',#11035,1000.0);
#9339=CARTESIAN_POINT('',(2.0500000005,-5.17,-12.1));
#9340=VECTOR('',#11036,1000.0);
#9341=CARTESIAN_POINT('',(0.4999999998,-5.50000000016343,-12.0999999998));
#9342=CARTESIAN_POINT('',(0.3000000012,-5.69999999956958,-11.9000000012));
#9343=VECTOR('',#11037,1000.0);
#9344=CARTESIAN_POINT('',(0.4999999996,-5.335,-12.0999999996));
#9345=VECTOR('',#11038,1000.0);
#9346=CARTESIAN_POINT('',(3.59999999866799,-5.5000000008128,-12.0999999994936));
#9347=CARTESIAN_POINT('',(3.79999999814386,-5.7,-11.9));
#9348=VECTOR('',#11039,1000.0);
#9349=CARTESIAN_POINT('',(2.05,-5.5,-12.1));
#9350=VECTOR('',#11040,1000.0);
#9351=CARTESIAN_POINT('',(3.6000000004,-5.335,-12.0999999996));
#9352=VECTOR('',#11041,1000.0);
#9353=CARTESIAN_POINT('',(-3.3499999999,-4.6,-10.9));
#9354=CARTESIAN_POINT('',(-3.55,-4.6,-11.1));
#9355=CARTESIAN_POINT('',(-3.3499999998,-4.6,-10.9));
#9356=VECTOR('',#11042,1000.0);
#9357=CARTESIAN_POINT('',(-3.55,-4.6,-11.4));
#9358=VECTOR('',#11043,1000.0);
#9359=CARTESIAN_POINT('',(-2.54999999975,-4.6,-10.9));
#9360=CARTESIAN_POINT('',(-2.549999999,-4.6,-11.4));
#9361=VECTOR('',#11044,1000.0);
#9362=CARTESIAN_POINT('',(-3.0499999995,-4.6,-10.9));
#9363=VECTOR('',#11045,1000.0);
#9364=CARTESIAN_POINT('',(-2.55,-4.0,-11.1));
#9365=CARTESIAN_POINT('',(-2.55,-4.1999999999,-10.9));
#9366=CARTESIAN_POINT('',(-2.55,-4.0,-11.1));
#9367=VECTOR('',#11046,1000.0);
#9368=CARTESIAN_POINT('',(-2.55,-4.3,-10.9));
#9369=VECTOR('',#11047,1000.0);
#9370=CARTESIAN_POINT('',(-2.55,-4.0,-11.4));
#9371=VECTOR('',#11048,1000.0);
#9372=CARTESIAN_POINT('',(-3.5500000000435,-4.0,-11.1));
#9373=CARTESIAN_POINT('',(-3.55,-4.0,-11.5));
#9374=VECTOR('',#11049,1000.0);
#9375=CARTESIAN_POINT('',(-3.05,-4.0,-11.1));
#9376=VECTOR('',#11050,1000.0);
#9377=CARTESIAN_POINT('',(-3.55,-4.3000000005,-11.1));
#9378=VECTOR('',#11051,1000.0);
#9379=CARTESIAN_POINT('',(2.55,-4.0,-11.1));
#9380=CARTESIAN_POINT('',(2.55,-4.0,-11.4));
#9381=VECTOR('',#11052,1000.0);
#9382=CARTESIAN_POINT('',(2.54999999975,-4.6,-10.9));
#9383=CARTESIAN_POINT('',(2.55,-4.6,-11.4));
#9384=VECTOR('',#11053,1000.0);
#9385=CARTESIAN_POINT('',(2.55,-4.2,-10.9));
#9386=CARTESIAN_POINT('',(2.55,-4.3,-10.9));
#9387=VECTOR('',#11054,1000.0);
#9388=CARTESIAN_POINT('',(2.55,-4.2,-10.9));
#9389=VECTOR('',#11055,1000.0);
#9390=CARTESIAN_POINT('',(3.35,-4.6,-10.9));
#9391=CARTESIAN_POINT('',(3.0499999995,-4.6,-10.9));
#9392=VECTOR('',#11056,1000.0);
#9393=CARTESIAN_POINT('',(3.55,-4.6,-11.1));
#9394=CARTESIAN_POINT('',(3.55,-4.6,-11.4));
#9395=VECTOR('',#11057,1000.0);
#9396=CARTESIAN_POINT('',(3.35,-4.6,-10.9));
#9397=VECTOR('',#11058,1000.0);
#9398=CARTESIAN_POINT('',(3.549999999855,-4.0,-11.1));
#9399=CARTESIAN_POINT('',(3.55,-4.0,-11.5));
#9400=VECTOR('',#11059,1000.0);
#9401=CARTESIAN_POINT('',(3.55,-4.3,-11.1));
#9402=VECTOR('',#11060,1000.0);
#9403=CARTESIAN_POINT('',(3.05,-4.0,-11.1));
#9404=VECTOR('',#11061,1000.0);
#9405=CARTESIAN_POINT('',(1.55,-6.4,-14.7));
#9406=CARTESIAN_POINT('',(4.0,-6.4,-14.7));
#9407=CARTESIAN_POINT('',(0.0,-6.4,-14.7));
#9408=VECTOR('',#11062,1000.0);
#9409=CARTESIAN_POINT('',(4.0,-6.4,-13.3));
#9410=VECTOR('',#11063,1000.0);
#9411=CARTESIAN_POINT('',(-4.0,-6.4,-13.4500000006));
#9412=CARTESIAN_POINT('',(-4.0,-6.4,-13.3));
#9413=VECTOR('',#11064,1000.0);
#9414=CARTESIAN_POINT('',(1.55000000106667,-6.4,-13.4500000004));
#9415=CARTESIAN_POINT('',(0.0,-6.4,-13.4500000012));
#9416=VECTOR('',#11065,1000.0);
#9417=CARTESIAN_POINT('',(1.55,-6.4,-14.075));
#9418=VECTOR('',#11066,1000.0);
#9419=CARTESIAN_POINT('',(-4.4,-1.45699985409919E-09,-13.45));
#9420=CARTESIAN_POINT('',(-4.4,-6.0,-13.45));
#9421=CARTESIAN_POINT('',(-4.4,-3.0,-13.45));
#9422=VECTOR('',#11067,1000.0);
#9423=CARTESIAN_POINT('',(-4.4,-6.0,-12.675));
#9424=VECTOR('',#11068,1000.0);
#9425=CARTESIAN_POINT('',(-4.4,0.0,-12.675));
#9426=VECTOR('',#11069,1000.0);
#9427=CARTESIAN_POINT('',(3.85,-2.97514723968106E-09,-13.45));
#9428=CARTESIAN_POINT('',(3.85,-1.57929669342138E-09,-12.675));
#9429=VECTOR('',#11070,1000.0);
#9430=CARTESIAN_POINT('',(-3.85,-2.18549889297037E-09,-13.45));
#9431=AXIS2_PLACEMENT_3D('',#11071,#11072,#11073);
#9432=CARTESIAN_POINT('',(-3.85,0.0,-12.675));
#9433=VECTOR('',#11074,1000.0);
#9434=CARTESIAN_POINT('',(4.4,-6.0,-14.7));
#9435=CARTESIAN_POINT('',(4.4,-6.0,-13.3));
#9436=VECTOR('',#11075,1000.0);
#9437=CARTESIAN_POINT('',(4.4,-3.10000000066667,-14.7));
#9438=CARTESIAN_POINT('',(4.4,-3.0,-14.7));
#9439=VECTOR('',#11076,1000.0);
#9440=CARTESIAN_POINT('',(4.4,-3.10000000174017,-13.4500000004));
#9441=CARTESIAN_POINT('',(4.4,-3.1,-14.075));
#9442=VECTOR('',#11077,1000.0);
#9443=CARTESIAN_POINT('',(4.4,-1.45699985409919E-09,-13.4500000008));
#9444=CARTESIAN_POINT('',(4.4,-3.0,-13.4500000012));
#9445=VECTOR('',#11078,1000.0);
#9446=CARTESIAN_POINT('',(4.4,0.0,-13.3));
#9447=VECTOR('',#11079,1000.0);
#9448=AXIS2_PLACEMENT_3D('',#11080,#11081,#11082);
#9449=CARTESIAN_POINT('',(0.5,-5.17,-12.8));
#9450=CARTESIAN_POINT('',(0.5,-5.17,-12.45));
#9451=VECTOR('',#11083,1000.0);
#9452=CARTESIAN_POINT('',(3.6,-5.17,-12.8));
#9453=CARTESIAN_POINT('',(2.05,-5.17,-12.8));
#9454=VECTOR('',#11084,1000.0);
#9455=CARTESIAN_POINT('',(3.6,-5.17,-12.45));
#9456=VECTOR('',#11085,1000.0);
#9457=CARTESIAN_POINT('',(0.50000000025,-5.5,-12.8));
#9458=CARTESIAN_POINT('',(0.5,-5.5,-12.45));
#9459=VECTOR('',#11086,1000.0);
#9460=CARTESIAN_POINT('',(0.5,-5.335,-12.8));
#9461=VECTOR('',#11087,1000.0);
#9462=CARTESIAN_POINT('',(3.6,-5.5,-12.8));
#9463=CARTESIAN_POINT('',(3.6,-5.5,-12.45));
#9464=VECTOR('',#11088,1000.0);
#9465=CARTESIAN_POINT('',(2.0500000005,-5.5,-12.8));
#9466=VECTOR('',#11089,1000.0);
#9467=CARTESIAN_POINT('',(3.6,-5.335,-12.8));
#9468=VECTOR('',#11090,1000.0);
#9469=CARTESIAN_POINT('',(-3.3499999999284,-4.2,-10.9));
#9470=CARTESIAN_POINT('',(-3.55,-4.000000000087,-11.099999999913));
#9471=VECTOR('',#11091,1000.0);
#9472=CARTESIAN_POINT('',(-3.35,-4.2982,-10.9));
#9473=VECTOR('',#11092,1000.0);
#9474=CARTESIAN_POINT('',(-2.95,-4.2,-10.9));
#9475=VECTOR('',#11093,1000.0);
#9476=CARTESIAN_POINT('',(3.349999999884,-4.2,-10.9));
#9477=CARTESIAN_POINT('',(3.349999999768,-4.2,-10.9));
#9478=VECTOR('',#11094,1000.0);
#9479=CARTESIAN_POINT('',(3.053,-4.2,-10.9));
#9480=VECTOR('',#11095,1000.0);
#9481=CARTESIAN_POINT('',(3.35,-4.4,-10.9));
#9482=VECTOR('',#11096,1000.0);
#9483=AXIS2_PLACEMENT_3D('',#11097,#11098,#11099);
#9484=CARTESIAN_POINT('',(1.55,-3.1,-14.7));
#9485=CARTESIAN_POINT('',(1.55,-4.75,-14.7));
#9486=VECTOR('',#11100,1000.0);
#9487=CARTESIAN_POINT('',(2.975,-3.1,-14.7));
#9488=VECTOR('',#11101,1000.0);
#9489=AXIS2_PLACEMENT_3D('',#11102,#11103,#11104);
#9490=CARTESIAN_POINT('',(0.0,-4.37099867411916E-09,-13.45));
#9491=VECTOR('',#11105,1000.0);
#9492=CARTESIAN_POINT('',(0.0,-4.37099867411916E-09,-13.45));
#9493=VECTOR('',#11106,1000.0);
#9494=CARTESIAN_POINT('',(1.55000000213333,-3.100000002147,-13.45));
#9495=CARTESIAN_POINT('',(0.0,-3.1000000032205,-13.45));
#9496=VECTOR('',#11107,1000.0);
#9497=CARTESIAN_POINT('',(1.5500000032,-1.24425,-13.45));
#9498=VECTOR('',#11108,1000.0);
#9499=AXIS2_PLACEMENT_3D('',#11109,#11110,#11111);
#9500=CARTESIAN_POINT('',(1.55,-3.1,-14.075));
#9501=VECTOR('',#11112,1000.0);
#9502=AXIS2_PLACEMENT_3D('',#11113,#11114,#11115);
#9503=AXIS2_PLACEMENT_3D('',#11116,#11117,#11118);
#9504=CARTESIAN_POINT('',(5.05000000000006,-6.09999999950724,-10.4));
#9505=CARTESIAN_POINT('',(5.944941041027,-6.09999999950724,-10.4));
#9506=CARTESIAN_POINT('',(5.64747052050006,-6.09999999950724,-10.4));
#9507=VECTOR('',#11119,1000.0);
#9508=CARTESIAN_POINT('',(6.24494104100006,-6.09999999950724,-10.7000000000577));
#9509=AXIS2_PLACEMENT_3D('',#11120,#11121,#11122);
#9510=CARTESIAN_POINT('',(6.24494104100006,-6.09999999950724,-11.6000000000577));
#9511=CARTESIAN_POINT('',(6.24494104100006,-6.09999999950724,-11.15));
#9512=VECTOR('',#11123,1000.0);
#9513=CARTESIAN_POINT('',(5.94494104100006,-6.09999999950724,-11.9));
#9514=AXIS2_PLACEMENT_3D('',#11124,#11125,#11126);
#9515=CARTESIAN_POINT('',(5.05000000000006,-6.09999999950724,-11.9));
#9516=CARTESIAN_POINT('',(5.64747052050006,-6.09999999950724,-11.9));
#9517=VECTOR('',#11127,1000.0);
#9518=CARTESIAN_POINT('',(5.05000000000006,-6.09999999950724,-11.15));
#9519=VECTOR('',#11128,1000.0);
#9520=CARTESIAN_POINT('',(5.944941041027,-6.50000000100724,-10.4));
#9521=CARTESIAN_POINT('',(5.94494104105394,-6.29999999950724,-10.4));
#9522=VECTOR('',#11129,1000.0);
#9523=CARTESIAN_POINT('',(6.24494104100006,-6.49999999950724,-10.7000000000577));
#9524=AXIS2_PLACEMENT_3D('',#11130,#11131,#11132);
#9525=CARTESIAN_POINT('',(6.24494104100006,-6.29999999950724,-10.7000000001154));
#9526=VECTOR('',#11133,1000.0);
#9527=CARTESIAN_POINT('',(5.04999999983085,-6.50000000250724,-10.4));
#9528=CARTESIAN_POINT('',(4.49999999850006,-5.94999999955663,-10.4));
#9529=AXIS2_PLACEMENT_3D('',#11134,#11135,#11136);
#9530=CARTESIAN_POINT('',(5.22247051900006,-6.50000000250724,-10.4));
#9531=VECTOR('',#11137,1000.0);
#9532=CARTESIAN_POINT('',(4.90000000000006,-5.94999999950724,-10.4));
#9533=AXIS2_PLACEMENT_3D('',#11138,#11139,#11140);
#9534=CARTESIAN_POINT('',(4.90000000000006,-5.75384776350724,-10.4));
#9535=CARTESIAN_POINT('',(4.90000000000006,-4.43257373650724,-10.4));
#9536=VECTOR('',#11141,1000.0);
#9537=CARTESIAN_POINT('',(4.50000000000006,-5.75384776350724,-10.4));
#9538=CARTESIAN_POINT('',(5.22247051900006,-5.75384776350724,-10.4));
#9539=VECTOR('',#11142,1000.0);
#9540=CARTESIAN_POINT('',(4.50000000000006,-4.43257373650724,-10.4));
#9541=VECTOR('',#11143,1000.0);
#9542=CARTESIAN_POINT('',(4.90000000094056,-5.94999999950724,-11.9));
#9543=CARTESIAN_POINT('',(4.90000000000006,-5.94999999950724,-10.9));
#9544=VECTOR('',#11144,1000.0);
#9545=AXIS2_PLACEMENT_3D('',#11145,#11146,#11147);
#9546=CARTESIAN_POINT('',(4.49000000000006,-2.50514747300724,-11.9));
#9547=CARTESIAN_POINT('',(4.90000000094056,-2.91514747350724,-11.9));
#9548=AXIS2_PLACEMENT_3D('',#11148,#11149,#11150);
#9549=CARTESIAN_POINT('',(4.90000000188106,-4.50257373750724,-11.9));
#9550=VECTOR('',#11151,1000.0);
#9551=CARTESIAN_POINT('',(5.94494104100006,-6.49999999900981,-11.9));
#9552=CARTESIAN_POINT('',(5.94494104100006,-4.50257373750724,-11.9));
#9553=VECTOR('',#11152,1000.0);
#9554=CARTESIAN_POINT('',(5.04999999983085,-6.50000000050981,-11.9));
#9555=CARTESIAN_POINT('',(1.26247052050006,-6.49999999851239,-11.9));
#9556=VECTOR('',#11153,1000.0);
#9557=CARTESIAN_POINT('',(4.50000000074606,-5.94999999955663,-11.9));
#9558=AXIS2_PLACEMENT_3D('',#11154,#11155,#11156);
#9559=CARTESIAN_POINT('',(4.50000000224606,-2.91514747350724,-11.9));
#9560=CARTESIAN_POINT('',(4.50000000449205,-4.50257373750724,-11.9));
#9561=VECTOR('',#11157,1000.0);
#9562=CARTESIAN_POINT('',(4.49000000000006,-2.90514747387376,-11.9));
#9563=AXIS2_PLACEMENT_3D('',#11158,#11159,#11160);
#9564=CARTESIAN_POINT('',(-3.41999999999994,-2.90514747387376,-11.9));
#9565=CARTESIAN_POINT('',(1.26247052050006,-2.90514747424029,-11.9));
#9566=VECTOR('',#11161,1000.0);
#9567=CARTESIAN_POINT('',(-3.41999999999994,-2.50514747270724,-11.9));
#9568=CARTESIAN_POINT('',(-3.41999999999994,-4.50257373750724,-11.9));
#9569=VECTOR('',#11162,1000.0);
#9570=CARTESIAN_POINT('',(1.26247052050006,-2.50514747250724,-11.9));
#9571=VECTOR('',#11163,1000.0);
#9572=CARTESIAN_POINT('',(6.24494104100006,-6.49999999950724,-11.6000000000577));
#9573=CARTESIAN_POINT('',(6.24494104100006,-6.29999999950724,-11.6000000001154));
#9574=VECTOR('',#11164,1000.0);
#9575=AXIS2_PLACEMENT_3D('',#11165,#11166,#11167);
#9576=CARTESIAN_POINT('',(6.24494104100006,-6.49999999950724,-11.15));
#9577=VECTOR('',#11168,1000.0);
#9578=CARTESIAN_POINT('',(5.04999999966164,-6.50000000250724,-11.15));
#9579=VECTOR('',#11169,1000.0);
#9580=CARTESIAN_POINT('',(4.49999999700006,-5.94999999960601,-11.15));
#9581=VECTOR('',#11170,1000.0);
#9582=CARTESIAN_POINT('',(4.50000000000006,-5.66192388166705,-10.3619238817141));
#9583=AXIS2_PLACEMENT_3D('',#11171,#11172,#11173);
#9584=CARTESIAN_POINT('',(4.90000000000006,-5.66192388209766,-10.3619238814763));
#9585=AXIS2_PLACEMENT_3D('',#11174,#11175,#11176);
#9586=CARTESIAN_POINT('',(4.70000000000006,-5.66192388193531,-10.3619238815366));
#9587=VECTOR('',#11177,1000.0);
#9588=CARTESIAN_POINT('',(-3.41999999999994,-2.50514747350724,-9.2));
#9589=CARTESIAN_POINT('',(2.65000000210673,-2.50514747350724,-9.2));
#9590=CARTESIAN_POINT('',(0.470000000000059,-2.50514747350724,-9.2));
#9591=VECTOR('',#11178,1000.0);
#9592=CARTESIAN_POINT('',(2.65000000158006,-2.50514747290724,-9.77));
#9593=CARTESIAN_POINT('',(2.65000000316006,-2.50514747350724,-10.55));
#9594=VECTOR('',#11179,1000.0);
#9595=CARTESIAN_POINT('',(2.78000000002672,-2.50514747270724,-9.9));
#9596=AXIS2_PLACEMENT_3D('',#11180,#11181,#11182);
#9597=CARTESIAN_POINT('',(4.49000000000006,-2.50514747300724,-9.9));
#9598=CARTESIAN_POINT('',(3.84000000050006,-2.50514747250724,-9.9));
#9599=VECTOR('',#11183,1000.0);
#9600=CARTESIAN_POINT('',(4.49000000000006,-2.50514747350724,-10.55));
#9601=VECTOR('',#11184,1000.0);
#9602=CARTESIAN_POINT('',(-3.54999999999994,-2.50514747320724,-11.7700000000133));
#9603=AXIS2_PLACEMENT_3D('',#11185,#11186,#11187);
#9604=CARTESIAN_POINT('',(-3.54999999999994,-2.50514747350724,-9.33000000001333));
#9605=CARTESIAN_POINT('',(-3.54999999999994,-2.50514747350724,-10.55));
#9606=VECTOR('',#11188,1000.0);
#9607=AXIS2_PLACEMENT_3D('',#11189,#11190,#11191);
#9608=CARTESIAN_POINT('',(1.42405998104778E-09,-2.50514747350724,-9.39833640874221));
#9609=CARTESIAN_POINT('',(1.42406042513699E-09,-2.50514747350724,-10.4016635906978));
#9610=CARTESIAN_POINT('',(1.42405998104778E-09,-2.50514747350724,-9.39833640874221));
#9611=CARTESIAN_POINT('',(-0.0239660101164452,-2.50514747350724,-9.39838422990117));
#9612=CARTESIAN_POINT('',(-0.0594987434020919,-2.50514747350724,-9.40092841344076));
#9613=CARTESIAN_POINT('',(-0.100225105596068,-2.50514747350724,-9.40822341921638));
#9614=CARTESIAN_POINT('',(-0.11752315511364,-2.50514747350724,-9.41227701990153));
#9615=CARTESIAN_POINT('',(-0.129020497967929,-2.50514747350724,-9.41518545805574));
#9616=CARTESIAN_POINT('',(-0.133207996181607,-2.50514747350724,-9.41629412063654));
#9617=CARTESIAN_POINT('',(-0.169497043203968,-2.50514747350724,-9.42683828123427));
#9618=CARTESIAN_POINT('',(-0.211337015072548,-2.50514747350724,-9.44319804941048));
#9619=CARTESIAN_POINT('',(-0.257163267608947,-2.50514747350724,-9.46877130266923));
#9620=CARTESIAN_POINT('',(-0.276163008415201,-2.50514747350724,-9.48112130914865));
#9621=CARTESIAN_POINT('',(-0.288687261906182,-2.50514747350724,-9.48966354475651));
#9622=CARTESIAN_POINT('',(-0.293594932441121,-2.50514747350724,-9.49312868533924));
#9623=CARTESIAN_POINT('',(-0.330611044372433,-2.50514747350724,-9.52083089512674));
#9624=CARTESIAN_POINT('',(-0.370526485344599,-2.50514747350724,-9.55810895709426));
#9625=CARTESIAN_POINT('',(-0.403686086298654,-2.50514747350724,-9.60144013439556));
#9626=CARTESIAN_POINT('',(-0.424291189152885,-2.50514747350724,-9.6316727226706));
#9627=CARTESIAN_POINT('',(-0.433170703833371,-2.50514747350724,-9.64620398408481));
#9628=CARTESIAN_POINT('',(-0.480538911338593,-2.50514747350724,-9.73479914394528));
#9629=CARTESIAN_POINT('',(-0.501572722531969,-2.50514747350724,-9.8171171053625));
#9630=CARTESIAN_POINT('',(-0.501709025802537,-2.50514747350724,-9.94144144731875));
#9631=CARTESIAN_POINT('',(-0.496077548819713,-2.50514747350724,-9.98452673786298));
#9632=CARTESIAN_POINT('',(-0.481302908441168,-2.50514747350724,-10.0429662646239));
#9633=CARTESIAN_POINT('',(-0.475208514775333,-2.50514747350724,-10.0620887325484));
#9634=CARTESIAN_POINT('',(-0.460680700364355,-2.50514747350724,-10.0996189197394));
#9635=CARTESIAN_POINT('',(-0.451330372791332,-2.50514747350724,-10.1197501210195));
#9636=CARTESIAN_POINT('',(-0.425272290420583,-2.50514747350724,-10.1687307097903));
#9637=CARTESIAN_POINT('',(-0.394537475421829,-2.50514747350724,-10.2138777402708));
#9638=CARTESIAN_POINT('',(-0.350495909157611,-2.50514747350724,-10.2598405488231));
#9639=CARTESIAN_POINT('',(-0.329867177451729,-2.50514747350724,-10.2781013109866));
#9640=CARTESIAN_POINT('',(-0.315724961928806,-2.50514747350724,-10.2899556892381));
#9641=CARTESIAN_POINT('',(-0.307039804330025,-2.50514747350724,-10.2967898377623));
#9642=CARTESIAN_POINT('',(-0.276831556816815,-2.50514747350724,-10.319495012467));
#9643=CARTESIAN_POINT('',(-0.238640064653726,-2.50514747350724,-10.3431513891074));
#9644=CARTESIAN_POINT('',(-0.190685532289125,-2.50514747350724,-10.3644682874287));
#9645=CARTESIAN_POINT('',(-0.16940549166694,-2.50514747350724,-10.372257913618));
#9646=CARTESIAN_POINT('',(-0.155056998323213,-2.50514747350724,-10.3771518449938));
#9647=CARTESIAN_POINT('',(-0.146136263757072,-2.50514747350724,-10.3799368773136));
#9648=CARTESIAN_POINT('',(-0.0951021402181529,-2.50514747350724,-10.3948784066867));
#9649=CARTESIAN_POINT('',(-0.0482802050227726,-2.50514747350724,-10.4015672545651));
#9650=CARTESIAN_POINT('',(1.42406042513699E-09,-2.50514747350724,-10.4016635906978));
#9651=CARTESIAN_POINT('',(1.42406042513699E-09,-2.50514747350724,-10.4016635906978));
#9652=CARTESIAN_POINT('',(0.02396601011653,-2.50514747350724,-10.4016157700988));
#9653=CARTESIAN_POINT('',(0.059498743402147,-2.50514747350724,-10.3990715865592));
#9654=CARTESIAN_POINT('',(0.100225105596139,-2.50514747350724,-10.3917765807836));
#9655=CARTESIAN_POINT('',(0.117523155113731,-2.50514747350724,-10.3877229800985));
#9656=CARTESIAN_POINT('',(0.129020497968035,-2.50514747350724,-10.3848145419443));
#9657=CARTESIAN_POINT('',(0.133207996181744,-2.50514747350724,-10.3837058793634));
#9658=CARTESIAN_POINT('',(0.169497043204032,-2.50514747350724,-10.3731617187658));
#9659=CARTESIAN_POINT('',(0.211337015072566,-2.50514747350724,-10.3568019505896));
#9660=CARTESIAN_POINT('',(0.257163267608991,-2.50514747350724,-10.3312286973308));
#9661=CARTESIAN_POINT('',(0.276163008415275,-2.50514747350724,-10.3188786908514));
#9662=CARTESIAN_POINT('',(0.288687261906277,-2.50514747350724,-10.3103364552435));
#9663=CARTESIAN_POINT('',(0.293594932441235,-2.50514747350724,-10.3068713146608));
#9664=CARTESIAN_POINT('',(0.330611044372586,-2.50514747350724,-10.2791691048733));
#9665=CARTESIAN_POINT('',(0.370526485344775,-2.50514747350724,-10.2418910429057));
#9666=CARTESIAN_POINT('',(0.403686086298818,-2.50514747350724,-10.1985598656044));
#9667=CARTESIAN_POINT('',(0.424291189153035,-2.50514747350724,-10.1683272773294));
#9668=CARTESIAN_POINT('',(0.433170703833539,-2.50514747350724,-10.1537960159151));
#9669=CARTESIAN_POINT('',(0.480538911338526,-2.50514747350724,-10.065200856055));
#9670=CARTESIAN_POINT('',(0.501572722532089,-2.50514747350724,-9.98288289463722));
#9671=CARTESIAN_POINT('',(0.501709025802655,-2.50514747350724,-9.85855855268139));
#9672=CARTESIAN_POINT('',(0.496077548819706,-2.50514747350724,-9.81547326213665));
#9673=CARTESIAN_POINT('',(0.481302908441349,-2.50514747350724,-9.75703373537632));
#9674=CARTESIAN_POINT('',(0.475208514775545,-2.50514747350724,-9.73791126745186));
#9675=CARTESIAN_POINT('',(0.460680700364569,-2.50514747350724,-9.70038108026091));
#9676=CARTESIAN_POINT('',(0.45133037279139,-2.50514747350724,-9.68024987898047));
#9677=CARTESIAN_POINT('',(0.425272290420828,-2.50514747350724,-9.63126929020978));
#9678=CARTESIAN_POINT('',(0.394537475422167,-2.50514747350724,-9.58612225972941));
#9679=CARTESIAN_POINT('',(0.350495909157891,-2.50514747350724,-9.54015945117705));
#9680=CARTESIAN_POINT('',(0.329867177451952,-2.50514747350724,-9.52189868901348));
#9681=CARTESIAN_POINT('',(0.315724961928983,-2.50514747350724,-9.51004431076197));
#9682=CARTESIAN_POINT('',(0.307039804330122,-2.50514747350724,-9.50321016223766));
#9683=CARTESIAN_POINT('',(0.276831556817031,-2.50514747350724,-9.48050498753305));
#9684=CARTESIAN_POINT('',(0.238640064654013,-2.50514747350724,-9.45684861089269));
#9685=CARTESIAN_POINT('',(0.19068553228937,-2.50514747350724,-9.43553171257136));
#9686=CARTESIAN_POINT('',(0.169405491667139,-2.50514747350724,-9.42774208638203));
#9687=CARTESIAN_POINT('',(0.155056998323378,-2.50514747350724,-9.42284815500623));
#9688=CARTESIAN_POINT('',(0.146136263757175,-2.50514747350724,-9.42006312268644));
#9689=CARTESIAN_POINT('',(0.0951021402184065,-2.50514747350724,-9.40512159331326));
#9690=CARTESIAN_POINT('',(0.0482802050230262,-2.50514747350724,-9.39843274543488));
#9691=CARTESIAN_POINT('',(1.42405998104778E-09,-2.50514747350724,-9.39833640874221));
#9692=CARTESIAN_POINT('',(4.90000000000006,-5.23807611835458,-9.93807611806824));
#9693=CARTESIAN_POINT('',(4.90000000000006,-5.23807611806545,-9.938076118));
#9694=VECTOR('',#11192,1000.0);
#9695=CARTESIAN_POINT('',(4.90000000000006,-2.91514747350724,-9.9));
#9696=CARTESIAN_POINT('',(4.90000000000006,-2.91514747350724,-10.9));
#9697=VECTOR('',#11193,1000.0);
#9698=CARTESIAN_POINT('',(4.90000000000006,-5.14615223651891,-9.9));
#9699=CARTESIAN_POINT('',(4.90000000000006,-4.43257373650724,-9.9));
#9700=VECTOR('',#11194,1000.0);
#9701=AXIS2_PLACEMENT_3D('',#11195,#11196,#11197);
#9702=CARTESIAN_POINT('',(4.50000000000006,-5.23807611856146,-9.93807611805422));
#9703=CARTESIAN_POINT('',(4.50000000000006,-5.66192388150724,-10.361923882));
#9704=VECTOR('',#11198,1000.0);
#9705=CARTESIAN_POINT('',(4.50000000000006,-5.14615223651891,-9.9));
#9706=AXIS2_PLACEMENT_3D('',#11199,#11200,#11201);
#9707=CARTESIAN_POINT('',(4.50000000000006,-2.91514747350724,-9.9));
#9708=CARTESIAN_POINT('',(4.50000000000006,-4.43257373650724,-9.9));
#9709=VECTOR('',#11202,1000.0);
#9710=CARTESIAN_POINT('',(4.50000000000006,-2.91514747350724,-10.9));
#9711=VECTOR('',#11203,1000.0);
#9712=CARTESIAN_POINT('',(2.78000000002672,-2.90514747350724,-9.89999999965));
#9713=CARTESIAN_POINT('',(4.49000000000006,-2.90514747350724,-9.89999999965));
#9714=CARTESIAN_POINT('',(0.470000000000059,-2.90514747350724,-9.8999999993));
#9715=VECTOR('',#11204,1000.0);
#9716=CARTESIAN_POINT('',(2.65000000158006,-2.90514747350724,-9.77));
#9717=AXIS2_PLACEMENT_3D('',#11205,#11206,#11207);
#9718=CARTESIAN_POINT('',(2.65000000210673,-2.90514747350724,-9.2));
#9719=CARTESIAN_POINT('',(2.65000000316006,-2.90514747350724,-10.55));
#9720=VECTOR('',#11208,1000.0);
#9721=CARTESIAN_POINT('',(-3.41999999999994,-2.90514747350724,-9.2));
#9722=CARTESIAN_POINT('',(0.470000000000059,-2.90514747350724,-9.2));
#9723=VECTOR('',#11209,1000.0);
#9724=CARTESIAN_POINT('',(-3.54999999999994,-2.90514747350724,-9.33000000001333));
#9725=AXIS2_PLACEMENT_3D('',#11210,#11211,#11212);
#9726=CARTESIAN_POINT('',(-3.54999999999994,-2.90514747350724,-11.7700000000133));
#9727=CARTESIAN_POINT('',(-3.54999999999994,-2.90514747350724,-10.55));
#9728=VECTOR('',#11213,1000.0);
#9729=AXIS2_PLACEMENT_3D('',#11214,#11215,#11216);
#9730=CARTESIAN_POINT('',(4.49000000000006,-2.90514747350724,-10.55));
#9731=VECTOR('',#11217,1000.0);
#9732=CARTESIAN_POINT('',(1.42406042513699E-09,-2.90514747350724,-9.39833640812203));
#9733=CARTESIAN_POINT('',(1.42406042513699E-09,-2.90514747350724,-10.401663592398));
#9735=CARTESIAN_POINT('',(1.42406042513699E-09,-2.90514747350724,-9.39833640812203));
#9736=CARTESIAN_POINT('',(-1.00332718398968,-2.90514747350724,-9.39833640800513));
#9737=CARTESIAN_POINT('',(-1.00332718398968,-2.90514747350724,-10.4016635919949));
#9738=CARTESIAN_POINT('',(1.42406042513699E-09,-2.90514747350724,-10.401663592398));
#9746=CARTESIAN_POINT('',(1.42406042513699E-09,-2.90514747350724,-10.401663592398));
#9747=CARTESIAN_POINT('',(1.0033271839898,-2.90514747350724,-10.4016635919949));
#9748=CARTESIAN_POINT('',(1.0033271839898,-2.90514747350724,-9.39833640800513));
#9749=CARTESIAN_POINT('',(1.42406042513699E-09,-2.90514747350724,-9.39833640812203));
#9756=CARTESIAN_POINT('',(-3.54999999999994,-2.70514747300724,-11.7700000000267));
#9757=VECTOR('',#11218,1000.0);
#9758=CARTESIAN_POINT('',(4.70000000000006,-5.23807611850724,-9.938076118));
#9759=VECTOR('',#11219,1000.0);
#9760=CARTESIAN_POINT('',(5.99520433297585E-14,-2.63957370350876,-10.0980864237486));
#9762=CARTESIAN_POINT('',(1.42406042513699E-09,-2.50514747350724,-10.4016635906978));
#9763=CARTESIAN_POINT('',(5.95079541199084E-14,-2.50514747350724,-10.284293602));
#9764=CARTESIAN_POINT('',(5.99520433297585E-14,-2.55266919350724,-10.176974449));
#9765=CARTESIAN_POINT('',(5.99520433297585E-14,-2.63957370350876,-10.0980864237486));
#9772=CARTESIAN_POINT('',(5.99520433297585E-14,-2.63957370350876,-9.70191357625138));
#9773=AXIS2_PLACEMENT_3D('',#11220,#11221,#11222);
#9775=CARTESIAN_POINT('',(5.99520433297585E-14,-2.63957370350876,-9.70191357625138));
#9776=CARTESIAN_POINT('',(5.99520433297585E-14,-2.55266919350724,-9.623025551));
#9777=CARTESIAN_POINT('',(5.95079541199084E-14,-2.50514747350724,-9.515706398));
#9778=CARTESIAN_POINT('',(1.42405998104778E-09,-2.50514747350724,-9.39833640874221));
#9785=AXIS2_PLACEMENT_3D('',#11223,#11224,#11225);
#9786=CARTESIAN_POINT('',(2.65000000000006,-2.70514747350724,-9.2));
#9787=VECTOR('',#11226,1000.0);
#9788=CARTESIAN_POINT('',(2.65000000000006,-2.70514747350724,-9.77));
#9789=VECTOR('',#11227,1000.0);
#9790=CARTESIAN_POINT('',(-3.41999999999994,-2.70514747350724,-9.2));
#9791=VECTOR('',#11228,1000.0);
#9792=CARTESIAN_POINT('',(-3.54999999999994,-2.70514747350724,-9.33000000002666));
#9793=VECTOR('',#11229,1000.0);
#9794=AXIS2_PLACEMENT_3D('',#11230,#11231,#11232);
#9795=CARTESIAN_POINT('',(2.78000000005339,-2.70514747300724,-9.9));
#9796=VECTOR('',#11233,1000.0);
#9797=CARTESIAN_POINT('',(4.70000000000006,-5.14615223653059,-9.9));
#9798=VECTOR('',#11234,1000.0);
#9799=AXIS2_PLACEMENT_3D('',#11235,#11236,#11237);
#9800=CARTESIAN_POINT('',(6.03961325396085E-14,-2.90842616278633,-9.40574072978611));
#9802=CARTESIAN_POINT('',(6.03961325396085E-14,-2.90842616278633,-9.40574072978611));
#9803=CARTESIAN_POINT('',(6.03961325396085E-14,-2.90630654053459,-9.40381663136128));
#9804=CARTESIAN_POINT('',(5.95079541199084E-14,-2.90514747350724,-9.40119909134276));
#9805=CARTESIAN_POINT('',(1.42405998104778E-09,-2.90514747350724,-9.39833640812203));
#9812=CARTESIAN_POINT('',(5.99520433297585E-14,-2.90842616278633,-10.3942592702139));
#9813=AXIS2_PLACEMENT_3D('',#11238,#11239,#11240);
#9815=CARTESIAN_POINT('',(1.42405998104778E-09,-2.90514747350724,-10.401663592398));
#9816=CARTESIAN_POINT('',(5.99520433297585E-14,-2.90514747350724,-10.3988009086573));
#9817=CARTESIAN_POINT('',(5.99520433297585E-14,-2.90630654053453,-10.3961833686388));
#9818=CARTESIAN_POINT('',(5.99520433297585E-14,-2.90842616278633,-10.3942592702139));
#9825=AXIS2_PLACEMENT_3D('',#11241,#11242,#11243);
#9826=CARTESIAN_POINT('',(5.95079541199084E-14,-2.70514747350724,-9.94999999999018));
#9828=CARTESIAN_POINT('',(5.95079541199084E-14,-2.70514747350724,-9.94999999999018));
#9829=CARTESIAN_POINT('',(6.03961325396085E-14,-2.70514747350724,-10.007253653));
#9830=CARTESIAN_POINT('',(6.03961325396085E-14,-2.68196614650724,-10.05960446));
#9831=CARTESIAN_POINT('',(5.99520433297585E-14,-2.63957370350876,-10.0980864237486));
#9838=CARTESIAN_POINT('',(5.95079541199084E-14,-2.70514747350724,-9.85000000000982));
#9839=CARTESIAN_POINT('',(5.95079541199084E-14,-2.70514747350724,-9.85000000000982));
#9840=CARTESIAN_POINT('',(0.00547657798309009,-2.70514747350724,-9.85005923317891));
#9841=CARTESIAN_POINT('',(0.0107148669746313,-2.70514747350724,-9.85092218310198));
#9842=CARTESIAN_POINT('',(0.0207148669747386,-2.70514747350724,-9.85425551643534));
#9843=CARTESIAN_POINT('',(0.0243642676556508,-2.70514747350724,-9.85592079799992));
#9844=CARTESIAN_POINT('',(0.0412714646898249,-2.70514747350724,-9.86815840399891));
#9845=CARTESIAN_POINT('',(0.0498184170441269,-2.70514747350724,-9.88407167048646));
#9846=CARTESIAN_POINT('',(0.0500907914788153,-2.70514747350724,-9.90796416475677));
#9847=CARTESIAN_POINT('',(0.0473116438519865,-2.70514747350724,-9.91738230803193));
#9848=CARTESIAN_POINT('',(0.042520648663027,-2.70514747350724,-9.92660296363147));
#9849=CARTESIAN_POINT('',(0.0405456788766201,-2.70514747350724,-9.92951228858434));
#9850=CARTESIAN_POINT('',(0.0358397965236286,-2.70514747350724,-9.93500248466283));
#9851=CARTESIAN_POINT('',(0.0321037802331561,-2.70514747350724,-9.93836465805981));
#9852=CARTESIAN_POINT('',(0.0215848790692554,-2.70514747350724,-9.94654136776285));
#9853=CARTESIAN_POINT('',(0.0115848790691495,-2.70514747350724,-9.94987470109622));
#9854=CARTESIAN_POINT('',(5.95079541199084E-14,-2.70514747350724,-9.94999999999018));
#9856=CARTESIAN_POINT('',(5.99520433297585E-14,-2.63957370350876,-9.70191357625138));
#9857=CARTESIAN_POINT('',(6.03961325396085E-14,-2.68196614650724,-9.74039554));
#9858=CARTESIAN_POINT('',(6.03961325396085E-14,-2.70514747350724,-9.792746347));
#9859=CARTESIAN_POINT('',(5.95079541199084E-14,-2.70514747350724,-9.85000000000982));
#9866=CARTESIAN_POINT('',(5.95079541199084E-14,-2.70514747350724,-9.94999999999018));
#9867=CARTESIAN_POINT('',(-0.00547657798296752,-2.70514747350724,-9.94994076682109));
#9868=CARTESIAN_POINT('',(-0.0107148669745087,-2.70514747350724,-9.94907781689803));
#9869=CARTESIAN_POINT('',(-0.0207148669746129,-2.70514747350724,-9.94574448356466));
#9870=CARTESIAN_POINT('',(-0.0243642676555407,-2.70514747350724,-9.94407920200008));
#9871=CARTESIAN_POINT('',(-0.041271464689685,-2.70514747350724,-9.93184159600111));
#9872=CARTESIAN_POINT('',(-0.0498184170439999,-2.70514747350724,-9.91592832951352));
#9873=CARTESIAN_POINT('',(-0.0500907914786994,-2.70514747350724,-9.89203583524324));
#9874=CARTESIAN_POINT('',(-0.047311643851867,-2.70514747350724,-9.88261769196808));
#9875=CARTESIAN_POINT('',(-0.0425206486629079,-2.70514747350724,-9.87339703636853));
#9876=CARTESIAN_POINT('',(-0.0405456788765006,-2.70514747350724,-9.87048771141565));
#9877=CARTESIAN_POINT('',(-0.0358397965235095,-2.70514747350724,-9.86499751533716));
#9878=CARTESIAN_POINT('',(-0.0321037802330357,-2.70514747350724,-9.86163534194018));
#9879=CARTESIAN_POINT('',(-0.0215848790691342,-2.70514747350724,-9.85345863223716));
#9880=CARTESIAN_POINT('',(-0.0115848790690292,-2.70514747350724,-9.8501252989038));
#9881=CARTESIAN_POINT('',(5.95079541199084E-14,-2.70514747350724,-9.85000000000982));
#9882=CARTESIAN_POINT('',(5.95079541199084E-14,-3.10514747350724,-9.85000000000986));
#9884=CARTESIAN_POINT('',(6.03961325396085E-14,-2.90842616278633,-9.40574072978611));
#9885=CARTESIAN_POINT('',(5.90638649100583E-14,-3.03560349350724,-9.521186621));
#9886=CARTESIAN_POINT('',(5.90638649100583E-14,-3.10514747350724,-9.67823904));
#9887=CARTESIAN_POINT('',(5.95079541199084E-14,-3.10514747350724,-9.85000000000986));
#9894=CARTESIAN_POINT('',(5.95079541199084E-14,-3.10514747350724,-9.94999999999014));
#9896=CARTESIAN_POINT('',(5.95079541199084E-14,-3.10514747350724,-9.85000000000986));
#9897=CARTESIAN_POINT('',(0.100000000000618,-3.10514747350724,-9.84999999999972));
#9898=CARTESIAN_POINT('',(0.100000000000618,-3.10514747350724,-9.95000000000028));
#9899=CARTESIAN_POINT('',(5.95079541199084E-14,-3.10514747350724,-9.94999999999014));
#9907=CARTESIAN_POINT('',(5.95079541199084E-14,-3.10514747350724,-9.94999999999014));
#9908=CARTESIAN_POINT('',(5.90638649100583E-14,-3.10514747350724,-10.12176096));
#9909=CARTESIAN_POINT('',(5.90638649100583E-14,-3.03560349350724,-10.278813379));
#9910=CARTESIAN_POINT('',(5.99520433297585E-14,-2.90842616278633,-10.3942592702139));
#9918=CARTESIAN_POINT('',(5.95079541199084E-14,-3.10514747350724,-9.94999999999014));
#9919=CARTESIAN_POINT('',(-0.100000000000501,-3.10514747350724,-9.95000000000028));
#9920=CARTESIAN_POINT('',(-0.100000000000501,-3.10514747350724,-9.84999999999972));
#9921=CARTESIAN_POINT('',(5.95079541199084E-14,-3.10514747350724,-9.85000000000986));
#9928=CARTESIAN_POINT('',(-2.4,0.0034993995195214,-13.85));
#9929=CARTESIAN_POINT('',(2.4,0.0034993995195211,-13.85));
#9930=AXIS2_PLACEMENT_3D('',#11244,#11245,#11246);
#9931=CARTESIAN_POINT('',(-2.4,0.0034993995195214,-13.45));
#9932=CARTESIAN_POINT('',(-2.4,0.0034993995195214,-13.85));
#9933=VECTOR('',#11247,1000.0);
#9934=CARTESIAN_POINT('',(2.4,0.0034993995195211,-13.45));
#9935=AXIS2_PLACEMENT_3D('',#11248,#11249,#11250);
#9936=CARTESIAN_POINT('',(2.4,0.0034993995195211,-13.85));
#9937=VECTOR('',#11251,1000.0);
#9938=CARTESIAN_POINT('',(1.49999999861171,-1.87000000185176,-13.85));
#9939=AXIS2_PLACEMENT_3D('',#11252,#11253,#11254);
#9940=CARTESIAN_POINT('',(1.49999999861171,-1.87000000185176,-13.45));
#9941=AXIS2_PLACEMENT_3D('',#11255,#11256,#11257);
#9942=CARTESIAN_POINT('',(1.5,-1.87000000148048,-13.65));
#9943=VECTOR('',#11258,1000.0);
#9944=CARTESIAN_POINT('',(-1.05,0.00349939951952123,-13.85));
#9945=CARTESIAN_POINT('',(1.05,0.0034993995195211,-13.85));
#9946=AXIS2_PLACEMENT_3D('',#11259,#11260,#11261);
#9947=CARTESIAN_POINT('',(-1.05,0.00349939951952123,-13.45));
#9948=CARTESIAN_POINT('',(-1.05,0.00349939951952123,-13.85));
#9949=VECTOR('',#11262,1000.0);
#9950=CARTESIAN_POINT('',(1.05,0.0034993995195211,-13.45));
#9951=AXIS2_PLACEMENT_3D('',#11263,#11264,#11265);
#9952=CARTESIAN_POINT('',(1.05,0.0034993995195211,-13.85));
#9953=VECTOR('',#11266,1000.0);
#9954=CARTESIAN_POINT('',(-0.775,-4.40000000048048,-13.85));
#9955=CARTESIAN_POINT('',(0.775,-4.40000000048048,-13.85));
#9956=AXIS2_PLACEMENT_3D('',#11267,#11268,#11269);
#9957=CARTESIAN_POINT('',(-0.775,-4.40000000048048,-13.45));
#9958=CARTESIAN_POINT('',(-0.775,-4.40000000048048,-13.85));
#9959=VECTOR('',#11270,1000.0);
#9960=CARTESIAN_POINT('',(0.775,-4.40000000048048,-13.45));
#9961=AXIS2_PLACEMENT_3D('',#11271,#11272,#11273);
#9962=CARTESIAN_POINT('',(0.775,-4.40000000048048,-13.85));
#9963=VECTOR('',#11274,1000.0);
#9964=CARTESIAN_POINT('',(-1.50000000031687,-1.8699999997463,-13.85));
#9965=AXIS2_PLACEMENT_3D('',#11275,#11276,#11277);
#9966=CARTESIAN_POINT('',(-1.50000000031687,-1.8699999997463,-13.45));
#9967=CARTESIAN_POINT('',(-1.50000000083869,-1.86999999932851,-13.65));
#9968=VECTOR('',#11278,1000.0);
#9969=AXIS2_PLACEMENT_3D('',#11279,#11280,#11281);
#9970=CARTESIAN_POINT('',(1.49999999861171,-5.40000000048048,-13.85));
#9971=CARTESIAN_POINT('',(1.49999999722341,-1.72333980248048,-13.85));
#9972=VECTOR('',#11282,1000.0);
#9973=CARTESIAN_POINT('',(1.0,-5.90000000048048,-13.85));
#9974=AXIS2_PLACEMENT_3D('',#11283,#11284,#11285);
#9975=CARTESIAN_POINT('',(-4.454380551,-5.89999999998048,-13.85));
#9976=CARTESIAN_POINT('',(-1.006627134,-5.90000000048048,-13.85));
#9977=VECTOR('',#11286,1000.0);
#9978=CARTESIAN_POINT('',(-4.454380551,-2.89999999937853,-13.85));
#9979=CARTESIAN_POINT('',(-4.454380551,-1.72333980248048,-13.85));
#9980=VECTOR('',#11287,1000.0);
#9981=CARTESIAN_POINT('',(-1.49999999986337,-2.89999999967788,-13.85));
#9982=CARTESIAN_POINT('',(-1.006627134,-2.89999999927658,-13.85));
#9983=VECTOR('',#11288,1000.0);
#9984=CARTESIAN_POINT('',(-1.49999999979506,-1.72333980248048,-13.85));
#9985=VECTOR('',#11289,1000.0);
#9986=AXIS2_PLACEMENT_3D('',#11290,#11291,#11292);
#9987=AXIS2_PLACEMENT_3D('',#11293,#11294,#11295);
#9988=CARTESIAN_POINT('',(1.0,-5.90000000048048,-13.45));
#9989=CARTESIAN_POINT('',(-4.454380551,-5.89999999998048,-13.45));
#9990=CARTESIAN_POINT('',(-1.006627134,-5.90000000048048,-13.45));
#9991=VECTOR('',#11296,1000.0);
#9992=CARTESIAN_POINT('',(1.49999999861171,-5.40000000048048,-13.45));
#9993=AXIS2_PLACEMENT_3D('',#11297,#11298,#11299);
#9994=CARTESIAN_POINT('',(1.49999999722341,-1.72333980248048,-13.45));
#9995=VECTOR('',#11300,1000.0);
#9996=CARTESIAN_POINT('',(-1.49999999989753,-2.89999999967788,-13.45));
#9997=CARTESIAN_POINT('',(-1.49999999979506,-1.72333980248048,-13.45));
#9998=VECTOR('',#11301,1000.0);
#9999=CARTESIAN_POINT('',(-4.454380551,-2.89999999937853,-13.45));
#10000=CARTESIAN_POINT('',(-1.006627134,-2.89999999927658,-13.45));
#10001=VECTOR('',#11302,1000.0);
#10002=CARTESIAN_POINT('',(-4.454380551,-1.72333980248048,-13.45));
#10003=VECTOR('',#11303,1000.0);
#10004=AXIS2_PLACEMENT_3D('',#11304,#11305,#11306);
#10005=AXIS2_PLACEMENT_3D('',#11307,#11308,#11309);
#10006=CARTESIAN_POINT('',(1.5,-5.40000000048048,-13.65));
#10007=VECTOR('',#11310,1000.0);
#10008=CARTESIAN_POINT('',(-1.5,-2.90000000048048,-13.65));
#10009=VECTOR('',#11311,1000.0);
#10010=CARTESIAN_POINT('',(-4.954380551,-2.89999999998048,-13.3499999999487));
#10011=AXIS2_PLACEMENT_3D('',#11312,#11313,#11314);
#10012=CARTESIAN_POINT('',(-4.954380551,-2.90000000048048,-4.55));
#10013=CARTESIAN_POINT('',(-4.954380551,-2.90000000048048,-9.2));
#10014=VECTOR('',#11315,1000.0);
#10015=CARTESIAN_POINT('',(-4.55438055132129,-2.90000000048048,-4.55));
#10016=CARTESIAN_POINT('',(-3.2271902755,-2.90000000048048,-4.55));
#10017=VECTOR('',#11316,1000.0);
#10018=CARTESIAN_POINT('',(-4.55438055148193,-2.89999999998048,-13.3499999999897));
#10019=CARTESIAN_POINT('',(-4.55438055164257,-2.90000000048048,-9.2));
#10020=VECTOR('',#11317,1000.0);
#10021=AXIS2_PLACEMENT_3D('',#11318,#11319,#11320);
#10022=CARTESIAN_POINT('',(-4.954380551,-5.89999999998048,-13.3499999999487));
#10023=CARTESIAN_POINT('',(-4.954380551,-4.39999999948048,-13.3499999998974));
#10024=VECTOR('',#11321,1000.0);
#10025=AXIS2_PLACEMENT_3D('',#11322,#11323,#11324);
#10026=CARTESIAN_POINT('',(-4.55438055060902,-5.89999999998048,-13.3499999999897));
#10027=AXIS2_PLACEMENT_3D('',#11325,#11326,#11327);
#10028=CARTESIAN_POINT('',(-4.55438055065246,-5.90000000048048,-11.9000000010333));
#10029=CARTESIAN_POINT('',(-4.55438055047869,-5.90000000048048,-12.875));
#10030=VECTOR('',#11328,1000.0);
#10031=CARTESIAN_POINT('',(-4.954380551,-5.90000000009715,-11.9000000010333));
#10032=CARTESIAN_POINT('',(-1.9771902755,-5.90000000048048,-11.9));
#10033=VECTOR('',#11329,1000.0);
#10034=CARTESIAN_POINT('',(-4.954380551,-5.90000000048048,-12.875));
#10035=VECTOR('',#11330,1000.0);
#10036=CARTESIAN_POINT('',(1.0,-5.90000000048048,-12.875));
#10037=VECTOR('',#11331,1000.0);
#10038=CARTESIAN_POINT('',(-4.554380551,-4.39999999948048,-13.3499999999795));
#10039=VECTOR('',#11332,1000.0);
#10040=CARTESIAN_POINT('',(-4.954380551,-5.95000000048048,-11.9000000018));
#10041=CARTESIAN_POINT('',(-4.954380551,-4.42500000048048,-11.9000000031));
#10042=VECTOR('',#11333,1000.0);
#10043=CARTESIAN_POINT('',(-4.954380551,-5.95000000048048,-10.4000000008));
#10044=CARTESIAN_POINT('',(-4.954380551,-5.95000000048048,-8.8));
#10045=VECTOR('',#11334,1000.0);
#10046=CARTESIAN_POINT('',(-4.954380551,-5.89999999971381,-10.4000000010667));
#10047=CARTESIAN_POINT('',(-4.954380551,-4.42500000048048,-10.4000000016));
#10048=VECTOR('',#11335,1000.0);
#10049=CARTESIAN_POINT('',(-4.954380551,-5.89999999938048,-5.750000001));
#10050=CARTESIAN_POINT('',(-4.954380551,-5.89999999933048,-8.8));
#10051=VECTOR('',#11336,1000.0);
#10052=CARTESIAN_POINT('',(-4.954380551,-5.95000000048048,-5.75000000125));
#10053=CARTESIAN_POINT('',(-4.954380551,-4.42500000048048,-5.7500000015));
#10054=VECTOR('',#11337,1000.0);
#10055=CARTESIAN_POINT('',(-4.954380551,-5.95000000048048,-4.25));
#10056=CARTESIAN_POINT('',(-4.954380551,-5.95000000048048,-8.8));
#10057=VECTOR('',#11338,1000.0);
#10058=CARTESIAN_POINT('',(-4.954380551,-5.08735285853818,-4.25));
#10059=CARTESIAN_POINT('',(-4.954380551,-4.42500000048048,-4.25));
#10060=VECTOR('',#11339,1000.0);
#10061=CARTESIAN_POINT('',(-4.954380551,-4.80399806068781,-4.45146037304414));
#10062=AXIS2_PLACEMENT_3D('',#11340,#11341,#11342);
#10063=CARTESIAN_POINT('',(-4.954380551,-4.50000000058406,-5.32561944677736));
#10064=CARTESIAN_POINT('',(-4.954380551,-4.80399806043048,-4.4514603773));
#10065=VECTOR('',#11343,1000.0);
#10066=CARTESIAN_POINT('',(-4.954380551,-3.89999999954715,-5.32561944626667));
#10067=CARTESIAN_POINT('',(-4.954380551,-4.42500000048048,-5.3256194449));
#10068=VECTOR('',#11344,1000.0);
#10069=CARTESIAN_POINT('',(-4.954380551,-3.89999999978048,-4.5499999999423));
#10070=CARTESIAN_POINT('',(-4.954380551,-3.89999999908048,-8.8));
#10071=VECTOR('',#11345,1000.0);
#10072=CARTESIAN_POINT('',(-4.954380551,-3.60000000048048,-4.25));
#10073=AXIS2_PLACEMENT_3D('',#11346,#11347,#11348);
#10074=CARTESIAN_POINT('',(-4.954380551,-3.20000000054201,-4.25));
#10075=CARTESIAN_POINT('',(-4.954380551,-4.42500000048048,-4.25));
#10076=VECTOR('',#11349,1000.0);
#10077=AXIS2_PLACEMENT_3D('',#11350,#11351,#11352);
#10078=CARTESIAN_POINT('',(-4.554380551,-3.20000000054201,-4.25));
#10079=CARTESIAN_POINT('',(-4.754380551,-3.20000000060354,-4.25));
#10080=VECTOR('',#11353,1000.0);
#10081=AXIS2_PLACEMENT_3D('',#11354,#11355,#11356);
#10082=CARTESIAN_POINT('',(-4.554380551,-5.95000000048048,-10.4000000008));
#10083=CARTESIAN_POINT('',(-4.554380551,-5.89999999990548,-10.4000000007111));
#10084=CARTESIAN_POINT('',(-4.554380551,-4.42500000048048,-10.4000000016));
#10085=VECTOR('',#11357,1000.0);
#10086=CARTESIAN_POINT('',(-4.554380551,-5.95000000048048,-11.9000000018));
#10087=CARTESIAN_POINT('',(-4.554380551,-5.95000000048048,-8.8));
#10088=VECTOR('',#11358,1000.0);
#10089=CARTESIAN_POINT('',(-4.554380551,-4.42500000048048,-11.9000000031));
#10090=VECTOR('',#11359,1000.0);
#10091=CARTESIAN_POINT('',(-4.554380551,-3.60000000048048,-4.25));
#10092=CARTESIAN_POINT('',(-4.554380551,-4.42500000048048,-4.25));
#10093=VECTOR('',#11360,1000.0);
#10094=CARTESIAN_POINT('',(-4.554380551,-3.89999999978048,-4.5499999999423));
#10095=AXIS2_PLACEMENT_3D('',#11361,#11362,#11363);
#10096=CARTESIAN_POINT('',(-4.554380551,-3.89999999978048,-5.32561944626667));
#10097=CARTESIAN_POINT('',(-4.554380551,-3.89999999908048,-8.8));
#10098=VECTOR('',#11364,1000.0);
#10099=CARTESIAN_POINT('',(-4.554380551,-4.50000000169051,-5.32561944689605));
#10100=CARTESIAN_POINT('',(-4.554380551,-4.42500000048048,-5.3256194449));
#10101=VECTOR('',#11365,1000.0);
#10102=CARTESIAN_POINT('',(-4.554380551,-4.80399805939714,-4.45146037323965));
#10103=CARTESIAN_POINT('',(-4.554380551,-4.50000000148048,-5.325619447));
#10104=VECTOR('',#11366,1000.0);
#10105=CARTESIAN_POINT('',(-4.554380551,-5.08735285853818,-4.25));
#10106=AXIS2_PLACEMENT_3D('',#11367,#11368,#11369);
#10107=CARTESIAN_POINT('',(-4.554380551,-5.95000000048048,-4.25));
#10108=CARTESIAN_POINT('',(-4.554380551,-4.42500000048048,-4.25));
#10109=VECTOR('',#11370,1000.0);
#10110=CARTESIAN_POINT('',(-4.554380551,-5.95000000048048,-5.75000000125));
#10111=CARTESIAN_POINT('',(-4.554380551,-5.95000000048048,-8.8));
#10112=VECTOR('',#11371,1000.0);
#10113=CARTESIAN_POINT('',(-4.554380551,-5.89999999957215,-5.75000000075));
#10114=CARTESIAN_POINT('',(-4.554380551,-4.42500000048048,-5.7500000015));
#10115=VECTOR('',#11372,1000.0);
#10116=CARTESIAN_POINT('',(-4.554380551,-5.89999999933048,-8.8));
#10117=VECTOR('',#11373,1000.0);
#10118=CARTESIAN_POINT('',(-5.10438055110579,-6.50000000048048,-11.90000000025));
#10119=AXIS2_PLACEMENT_3D('',#11374,#11375,#11376);
#10120=CARTESIAN_POINT('',(-5.954601837,-6.50000000048048,-11.9));
#10121=CARTESIAN_POINT('',(-5.254491194,-6.50000000048048,-11.9));
#10122=VECTOR('',#11377,1000.0);
#10123=CARTESIAN_POINT('',(-5.954601837,-6.10000000064715,-11.9));
#10124=CARTESIAN_POINT('',(-5.954601837,-6.19999999998048,-11.9));
#10125=VECTOR('',#11378,1000.0);
#10126=CARTESIAN_POINT('',(-5.10438055102885,-6.10000000073048,-11.90000000025));
#10127=CARTESIAN_POINT('',(-5.254491194,-6.10000000081381,-11.9));
#10128=VECTOR('',#11379,1000.0);
#10129=AXIS2_PLACEMENT_3D('',#11380,#11381,#11382);
#10130=CARTESIAN_POINT('',(-4.754380551,-3.60000000048048,-4.25));
#10131=VECTOR('',#11383,1000.0);
#10132=CARTESIAN_POINT('',(-4.754380551,-3.90000000048048,-4.54999999988459));
#10133=VECTOR('',#11384,1000.0);
#10134=CARTESIAN_POINT('',(-4.754380551,-3.90000000048048,-5.325619449));
#10135=VECTOR('',#11385,1000.0);
#10136=CARTESIAN_POINT('',(-4.754380551,-4.50000000148048,-5.325619449));
#10137=VECTOR('',#11386,1000.0);
#10138=CARTESIAN_POINT('',(-4.754380551,-4.80399805948048,-4.451460373));
#10139=VECTOR('',#11387,1000.0);
#10140=CARTESIAN_POINT('',(-4.754380551,-5.08735285859588,-4.25));
#10141=VECTOR('',#11388,1000.0);
#10142=CARTESIAN_POINT('',(-5.10438055102885,-6.1000000004351,-4.25));
#10143=AXIS2_PLACEMENT_3D('',#11389,#11390,#11391);
#10144=CARTESIAN_POINT('',(-5.954601837,-6.1000000004351,-4.25));
#10145=CARTESIAN_POINT('',(-5.254491194,-6.10000000038971,-4.25));
#10146=VECTOR('',#11392,1000.0);
#10147=CARTESIAN_POINT('',(-5.954601837,-6.50000000048048,-4.25));
#10148=CARTESIAN_POINT('',(-5.954601837,-5.79367642948048,-4.25));
#10149=VECTOR('',#11393,1000.0);
#10150=CARTESIAN_POINT('',(-5.10438055110579,-6.50000000048048,-4.25));
#10151=CARTESIAN_POINT('',(-5.254491194,-6.50000000048048,-4.25));
#10152=VECTOR('',#11394,1000.0);
#10153=AXIS2_PLACEMENT_3D('',#11395,#11396,#11397);
#10154=CARTESIAN_POINT('',(-5.10438055102885,-6.10000000073048,-5.7500000005));
#10155=AXIS2_PLACEMENT_3D('',#11398,#11399,#11400);
#10156=CARTESIAN_POINT('',(-5.1043805510577,-6.10000000048048,-5.0000000005));
#10157=VECTOR('',#11401,1000.0);
#10158=CARTESIAN_POINT('',(-5.10438055110579,-6.50000000048048,-5.7500000005));
#10159=AXIS2_PLACEMENT_3D('',#11402,#11403,#11404);
#10160=CARTESIAN_POINT('',(-5.954601837,-6.50000000048048,-5.75));
#10161=CARTESIAN_POINT('',(-5.254491194,-6.50000000048048,-5.75));
#10162=VECTOR('',#11405,1000.0);
#10163=CARTESIAN_POINT('',(-5.954601837,-6.10000000064715,-5.75));
#10164=CARTESIAN_POINT('',(-5.954601837,-6.19999999998048,-5.75));
#10165=VECTOR('',#11406,1000.0);
#10166=CARTESIAN_POINT('',(-5.254491194,-6.10000000081381,-5.75));
#10167=VECTOR('',#11407,1000.0);
#10168=CARTESIAN_POINT('',(-5.254491194,-5.89999999948048,-5.75));
#10169=VECTOR('',#11408,1000.0);
#10170=CARTESIAN_POINT('',(-4.754380551,-5.90000000048048,-10.4));
#10171=VECTOR('',#11409,1000.0);
#10172=CARTESIAN_POINT('',(-5.10438055102885,-6.10000000064715,-10.4));
#10173=AXIS2_PLACEMENT_3D('',#11410,#11411,#11412);
#10174=CARTESIAN_POINT('',(-5.954601837,-6.10000000064715,-10.4));
#10175=CARTESIAN_POINT('',(-5.254491194,-6.10000000081381,-10.4));
#10176=VECTOR('',#11413,1000.0);
#10177=CARTESIAN_POINT('',(-5.954601837,-6.50000000048048,-10.4));
#10178=CARTESIAN_POINT('',(-5.954601837,-6.19999999998048,-10.4));
#10179=VECTOR('',#11414,1000.0);
#10180=CARTESIAN_POINT('',(-5.10438055110579,-6.50000000048048,-10.4));
#10181=CARTESIAN_POINT('',(-5.254491194,-6.50000000048048,-10.4));
#10182=VECTOR('',#11415,1000.0);
#10183=AXIS2_PLACEMENT_3D('',#11416,#11417,#11418);
#10184=CARTESIAN_POINT('',(-5.1043805510577,-6.10000000048048,-11.150000001));
#10185=VECTOR('',#11419,1000.0);
#10186=CARTESIAN_POINT('',(-5.10438055121158,-6.50000000048048,-11.150000001));
#10187=VECTOR('',#11420,1000.0);
#10188=CARTESIAN_POINT('',(-5.10438055121158,-6.50000000048048,-5.0000000005));
#10189=VECTOR('',#11421,1000.0);
#10190=CARTESIAN_POINT('',(-6.254601837,-6.50000000048048,-10.7000000000308));
#10191=AXIS2_PLACEMENT_3D('',#11422,#11423,#11424);
#10192=CARTESIAN_POINT('',(-6.254601837,-6.50000000048048,-11.6000000000308));
#10193=CARTESIAN_POINT('',(-6.254601837,-6.50000000048048,-11.15));
#10194=VECTOR('',#11425,1000.0);
#10195=AXIS2_PLACEMENT_3D('',#11426,#11427,#11428);
#10196=CARTESIAN_POINT('',(-6.254601837,-6.10000000048048,-11.6000000000308));
#10197=CARTESIAN_POINT('',(-6.254601837,-6.30000000048048,-11.6000000000615));
#10198=VECTOR('',#11429,1000.0);
#10199=AXIS2_PLACEMENT_3D('',#11430,#11431,#11432);
#10200=CARTESIAN_POINT('',(-6.254601837,-6.10000000048048,-10.7000000000308));
#10201=CARTESIAN_POINT('',(-6.254601837,-6.10000000048048,-11.15));
#10202=VECTOR('',#11433,1000.0);
#10203=AXIS2_PLACEMENT_3D('',#11434,#11435,#11436);
#10204=CARTESIAN_POINT('',(-6.254601837,-6.50000000048048,-4.55000000003076));
#10205=AXIS2_PLACEMENT_3D('',#11437,#11438,#11439);
#10206=CARTESIAN_POINT('',(-6.254601837,-6.50000000048048,-5.45000000003076));
#10207=CARTESIAN_POINT('',(-6.254601837,-6.50000000048048,-5.0));
#10208=VECTOR('',#11440,1000.0);
#10209=AXIS2_PLACEMENT_3D('',#11441,#11442,#11443);
#10210=CARTESIAN_POINT('',(-6.254601837,-6.10000000048048,-4.55000000003076));
#10211=AXIS2_PLACEMENT_3D('',#11444,#11445,#11446);
#10212=CARTESIAN_POINT('',(-6.254601837,-6.30000000048048,-4.55000000006153));
#10213=VECTOR('',#11447,1000.0);
#10214=CARTESIAN_POINT('',(-6.254601837,-6.10000000048048,-5.45000000003076));
#10215=CARTESIAN_POINT('',(-6.254601837,-6.10000000048048,-5.0));
#10216=VECTOR('',#11448,1000.0);
#10217=AXIS2_PLACEMENT_3D('',#11449,#11450,#11451);
#10218=CARTESIAN_POINT('',(-6.254601837,-6.30000000048048,-5.45000000006153));
#10219=VECTOR('',#11452,1000.0);
#10220=CARTESIAN_POINT('',(-6.254601837,-6.30000000048048,-10.7000000000615));
#10221=VECTOR('',#11453,1000.0);
#10222=CARTESIAN_POINT('',(-1.25,1.53080850268258E-16,-2.60000001224368));
#10223=CARTESIAN_POINT('',(0.0,1.25,-2.60000001224368));
#10224=AXIS2_PLACEMENT_3D('',#11454,#11455,#11456);
#10225=CARTESIAN_POINT('',(0.0,-2.45862070361418E-18,-1.35000000000008));
#10226=AXIS2_PLACEMENT_3D('',#11457,#11458,#11459);
#10227=CARTESIAN_POINT('',(1.25,-3.74839332337266E-25,-2.60000001224368));
#10228=AXIS2_PLACEMENT_3D('',#11460,#11461,#11462);
#10229=AXIS2_PLACEMENT_3D('',#11463,#11464,#11465);
#10230=CARTESIAN_POINT('',(1.53080849893419E-16,-1.25,-2.60000001224368));
#10231=AXIS2_PLACEMENT_3D('',#11466,#11467,#11468);
#10232=CARTESIAN_POINT('',(1.53080849893419E-16,-1.25,-9.35000000000008));
#10233=CARTESIAN_POINT('',(1.53080849893419E-16,-1.25,-2.60000000000008));
#10234=VECTOR('',#11469,1000.0);
#10235=CARTESIAN_POINT('',(0.0,1.25,-9.35000000000008));
#10236=AXIS2_PLACEMENT_3D('',#11470,#11471,#11472);
#10237=CARTESIAN_POINT('',(0.0,1.25,-2.60000000000008));
#10238=VECTOR('',#11473,1000.0);
#10239=CARTESIAN_POINT('',(-1.6,-4.92248228436795E-10,-10.0500000000001));
#10240=CARTESIAN_POINT('',(1.6,-1.43669805485973E-10,-10.0500000000001));
#10241=AXIS2_PLACEMENT_3D('',#11474,#11475,#11476);
#10242=CARTESIAN_POINT('',(-1.6,-1.64082742812265E-10,-9.45000000002077));
#10243=CARTESIAN_POINT('',(-1.6,1.95943487863576E-16,-10.0500000000001));
#10244=VECTOR('',#11477,1000.0);
#10245=CARTESIAN_POINT('',(1.6,-1.0775235411448E-10,-9.45000000002077));
#10246=AXIS2_PLACEMENT_3D('',#11478,#11479,#11480);
#10247=CARTESIAN_POINT('',(1.6,0.0,-10.0500000000001));
#10248=VECTOR('',#11481,1000.0);
#10249=CARTESIAN_POINT('',(-1.0,1.22464679914735E-16,-13.8500000000001));
#10250=CARTESIAN_POINT('',(1.0,0.0,-13.8500000000001));
#10251=AXIS2_PLACEMENT_3D('',#11482,#11483,#11484);
#10252=CARTESIAN_POINT('',(-1.0,1.22464679914735E-16,-10.1500000000001));
#10253=CARTESIAN_POINT('',(-1.0,1.22464679914735E-16,-13.8500000000001));
#10254=VECTOR('',#11485,1000.0);
#10255=CARTESIAN_POINT('',(1.0,0.0,-10.1500000000001));
#10256=AXIS2_PLACEMENT_3D('',#11486,#11487,#11488);
#10257=CARTESIAN_POINT('',(1.0,0.0,-13.8500000000001));
#10258=VECTOR('',#11489,1000.0);
#10259=CARTESIAN_POINT('',(-1.3,-3.19961348483917E-10,-13.9041960110001));
#10260=CARTESIAN_POINT('',(1.3,-4.66926867829412E-11,-13.9041960110001));
#10261=AXIS2_PLACEMENT_3D('',#11490,#11491,#11492);
#10262=CARTESIAN_POINT('',(-1.3,1.59204083889156E-16,-13.8500000000001));
#10263=CARTESIAN_POINT('',(-1.3,1.59204083889156E-16,-13.9041960110001));
#10264=VECTOR('',#11493,1000.0);
#10265=CARTESIAN_POINT('',(1.3,0.0,-13.8500000000001));
#10266=AXIS2_PLACEMENT_3D('',#11494,#11495,#11496);
#10267=CARTESIAN_POINT('',(1.3,0.0,-13.9041960110001));
#10268=VECTOR('',#11497,1000.0);
#10269=CARTESIAN_POINT('',(-0.75,-7.69137856932492E-11,-13.9000000000001));
#10270=CARTESIAN_POINT('',(0.75,-8.02470810161348E-30,-13.9000000000001));
#10271=AXIS2_PLACEMENT_3D('',#11498,#11499,#11500);
#10272=CARTESIAN_POINT('',(-0.75,0.0,-13.1500000000001));
#10273=CARTESIAN_POINT('',(-0.75,9.18485099360515E-17,-13.9000000000001));
#10274=VECTOR('',#11501,1000.0);
#10275=CARTESIAN_POINT('',(0.75,9.18485099360515E-17,-13.1500000000001));
#10276=AXIS2_PLACEMENT_3D('',#11502,#11503,#11504);
#10277=CARTESIAN_POINT('',(0.75,0.0,-13.9000000000001));
#10278=VECTOR('',#11505,1000.0);
#10279=CARTESIAN_POINT('',(-3.15544362088405E-26,-1.0842021724855E-16,-12.7169872980001));
#10280=CARTESIAN_POINT('',(0.0,0.0,-12.7169872980001));
#10281=VECTOR('',#11506,1000.0);
#10282=CARTESIAN_POINT('',(0.0,0.0,-12.7169872980001));
#10283=VECTOR('',#11507,1000.0);
#10284=AXIS2_PLACEMENT_3D('',#11508,#11509,#11510);
#10285=AXIS2_PLACEMENT_3D('',#11511,#11512,#11513);
#10286=CARTESIAN_POINT('',(-1.49999999970735,0.0,-9.35000000000008));
#10287=CARTESIAN_POINT('',(1.49999999970735,0.0,-9.35000000000008));
#10289=CARTESIAN_POINT('',(-1.49999999970735,0.0,-9.35000000000008));
#10290=CARTESIAN_POINT('',(-1.50000000001237,3.00000000002475,-9.35000000000008));
#10291=CARTESIAN_POINT('',(1.50000000001237,3.00000000002475,-9.35000000000008));
#10292=CARTESIAN_POINT('',(1.49999999970735,0.0,-9.35000000000008));
#10300=CARTESIAN_POINT('',(1.49999999970735,0.0,-9.35000000000008));
#10301=CARTESIAN_POINT('',(1.50000000001237,-3.00000000002475,-9.35000000000008));
#10302=CARTESIAN_POINT('',(-1.50000000001237,-3.00000000002475,-9.35000000000008));
#10303=CARTESIAN_POINT('',(-1.49999999970735,0.0,-9.35000000000008));
#10311=CARTESIAN_POINT('',(-1.49999999970735,0.0,-9.35000000000008));
#10312=CARTESIAN_POINT('',(-1.558578644,0.0,-9.35000000000008));
#10313=CARTESIAN_POINT('',(-1.6,0.0,-9.39142135600008));
#10314=CARTESIAN_POINT('',(-1.6,-1.64082742812265E-10,-9.45000000002077));
#10321=AXIS2_PLACEMENT_3D('',#11514,#11515,#11516);
#10323=CARTESIAN_POINT('',(1.6,-1.0775235411448E-10,-9.45000000002077));
#10324=CARTESIAN_POINT('',(1.6,0.0,-9.39142135600008));
#10325=CARTESIAN_POINT('',(1.558578644,0.0,-9.35000000000008));
#10326=CARTESIAN_POINT('',(1.49999999970735,0.0,-9.35000000000008));
#10333=AXIS2_PLACEMENT_3D('',#11517,#11518,#11519);
#10334=CARTESIAN_POINT('',(-1.49999999970734,0.0,-10.1500000000001));
#10336=CARTESIAN_POINT('',(-1.6,-4.92248228436795E-10,-10.0500000000001));
#10337=CARTESIAN_POINT('',(-1.6,0.0,-10.1085786440001));
#10338=CARTESIAN_POINT('',(-1.558578644,0.0,-10.1500000000001));
#10339=CARTESIAN_POINT('',(-1.49999999970734,0.0,-10.1500000000001));
#10346=CARTESIAN_POINT('',(1.49999999970734,0.0,-10.1500000000001));
#10348=CARTESIAN_POINT('',(-1.49999999970734,0.0,-10.1500000000001));
#10349=CARTESIAN_POINT('',(-1.50000000001235,-3.00000000002471,-10.1500000000001));
#10350=CARTESIAN_POINT('',(1.50000000001235,-3.00000000002471,-10.1500000000001));
#10351=CARTESIAN_POINT('',(1.49999999970734,0.0,-10.1500000000001));
#10359=CARTESIAN_POINT('',(1.49999999970734,0.0,-10.1500000000001));
#10360=CARTESIAN_POINT('',(1.558578644,0.0,-10.1500000000001));
#10361=CARTESIAN_POINT('',(1.6,0.0,-10.1085786440001));
#10362=CARTESIAN_POINT('',(1.6,-1.43669805485973E-10,-10.0500000000001));
#10370=CARTESIAN_POINT('',(1.49999999970734,0.0,-10.1500000000001));
#10371=CARTESIAN_POINT('',(1.50000000001235,3.00000000002471,-10.1500000000001));
#10372=CARTESIAN_POINT('',(-1.50000000001235,3.00000000002471,-10.1500000000001));
#10373=CARTESIAN_POINT('',(-1.49999999970734,0.0,-10.1500000000001));
#10380=AXIS2_PLACEMENT_3D('',#11520,#11521,#11522);
#10381=AXIS2_PLACEMENT_3D('',#11523,#11524,#11525);
#10382=AXIS2_PLACEMENT_3D('',#11526,#11527,#11528);
#10383=AXIS2_PLACEMENT_3D('',#11529,#11530,#11531);
#10384=CARTESIAN_POINT('',(1.04999999923714,0.0,-14.1999999999862));
#10386=CARTESIAN_POINT('',(1.3,-4.66926867829412E-11,-13.9041960110001));
#10387=CARTESIAN_POINT('',(1.3,0.0,-14.0574282430001));
#10388=CARTESIAN_POINT('',(1.201089019,0.0,-14.1744612940001));
#10389=CARTESIAN_POINT('',(1.04999999923714,0.0,-14.1999999999862));
#10396=CARTESIAN_POINT('',(-1.04999999933425,-1.43298358929287E-31,-14.1999999999862));
#10397=AXIS2_PLACEMENT_3D('',#11532,#11533,#11534);
#10399=CARTESIAN_POINT('',(-1.04999999933425,-1.43298358929287E-31,-14.1999999999862));
#10400=CARTESIAN_POINT('',(-1.201089019,0.0,-14.1744612940001));
#10401=CARTESIAN_POINT('',(-1.3,0.0,-14.0574282430001));
#10402=CARTESIAN_POINT('',(-1.3,-3.19961348483917E-10,-13.9041960110001));
#10409=AXIS2_PLACEMENT_3D('',#11535,#11536,#11537);
#10411=CARTESIAN_POINT('',(1.04999999923714,0.0,-14.1999999999862));
#10412=CARTESIAN_POINT('',(0.874264068,0.0,-14.2000000000001));
#10413=CARTESIAN_POINT('',(0.75,0.0,-14.0757359320001));
#10414=CARTESIAN_POINT('',(0.75,-8.02470810161348E-30,-13.9000000000001));
#10421=AXIS2_PLACEMENT_3D('',#11538,#11539,#11540);
#10423=CARTESIAN_POINT('',(-0.75,-7.69137856932492E-11,-13.9000000000001));
#10424=CARTESIAN_POINT('',(-0.75,0.0,-14.0757359320001));
#10425=CARTESIAN_POINT('',(-0.874264068,0.0,-14.2000000000001));
#10426=CARTESIAN_POINT('',(-1.04999999933425,-1.43298358929287E-31,-14.1999999999862));
#10433=AXIS2_PLACEMENT_3D('',#11541,#11542,#11543);
#10434=DIRECTION('',(0.0,-1.0,0.0));
#10435=CARTESIAN_POINT('',(0.0,4.5,-7.8));
#10436=DIRECTION('',(-0.0,1.0,0.0));
#10437=DIRECTION('',(0.0,0.0,1.0));
#10438=DIRECTION('',(0.0,1.0,0.0));
#10439=CARTESIAN_POINT('',(0.0,-6.4,-9.5));
#10440=DIRECTION('',(0.0,1.0,0.0));
#10441=DIRECTION('',(0.0,0.0,-1.0));
#10442=DIRECTION('',(0.0,-1.0,0.0));
#10443=CARTESIAN_POINT('',(0.0,-6.5,-9.5));
#10444=DIRECTION('',(0.0,-1.0,0.0));
#10445=DIRECTION('',(0.0,0.0,-1.0));
#10446=DIRECTION('',(0.0,-1.0,0.0));
#10447=CARTESIAN_POINT('',(0.0,-6.2,-5.0));
#10448=DIRECTION('',(0.0,1.0,0.0));
#10449=DIRECTION('',(0.0,0.0,-1.0));
#10450=DIRECTION('',(0.0,-1.0,0.0));
#10451=CARTESIAN_POINT('',(0.0,-6.5,-5.0));
#10452=DIRECTION('',(0.0,1.0,0.0));
#10453=DIRECTION('',(0.0,0.0,-1.0));
#10454=DIRECTION('',(0.0,-1.0,0.0));
#10455=CARTESIAN_POINT('',(0.0,0.0,-12.25));
#10456=DIRECTION('',(-0.0,-0.0,-1.0));
#10457=DIRECTION('',(0.0,-1.0,0.0));
#10458=DIRECTION('',(-5.68761795402232E-16,0.0,1.0));
#10459=CARTESIAN_POINT('',(-1.99066628390781E-16,0.0,-11.9));
#10460=DIRECTION('',(1.13752359080446E-15,0.0,-1.0));
#10461=DIRECTION('',(1.0,0.0,1.13752359080446E-15));
#10462=DIRECTION('',(-5.68761795402232E-16,0.0,1.0));
#10463=CARTESIAN_POINT('',(0.0,-7.0,-5.0));
#10464=DIRECTION('',(0.0,-1.0,0.0));
#10465=DIRECTION('',(0.0,0.0,1.0));
#10466=DIRECTION('',(-6.19544098563145E-16,1.0,0.0));
#10467=CARTESIAN_POINT('',(-4.95635278850516E-16,-6.2,-5.0));
#10468=DIRECTION('',(0.0,1.0,-0.0));
#10469=DIRECTION('',(-1.0,0.0,0.0));
#10470=DIRECTION('',(-6.19544098563145E-16,1.0,0.0));
#10471=CARTESIAN_POINT('',(0.0,-7.0,-5.0));
#10472=DIRECTION('',(0.0,-1.0,0.0));
#10473=DIRECTION('',(0.0,0.0,1.0));
#10474=CARTESIAN_POINT('',(0.0,0.0,-9.5));
#10475=DIRECTION('',(0.0,0.0,-1.0));
#10476=DIRECTION('',(1.0,2.66453525910038E-15,0.0));
#10477=DIRECTION('',(0.0,-0.0,1.0));
#10478=CARTESIAN_POINT('',(0.0,0.0,0.0));
#10479=DIRECTION('',(0.0,0.0,-1.0));
#10480=DIRECTION('',(1.0,0.0,0.0));
#10481=DIRECTION('',(0.0,-0.0,1.0));
#10482=CARTESIAN_POINT('',(0.0,0.0,-9.5));
#10483=DIRECTION('',(0.0,0.0,-1.0));
#10484=DIRECTION('',(1.0,0.0,0.0));
#10485=DIRECTION('',(0.0,0.0,1.0));
#10486=CARTESIAN_POINT('',(0.0,0.0,-0.899999999094738));
#10487=DIRECTION('',(0.0,0.0,-1.0));
#10488=DIRECTION('',(1.0,0.0,0.0));
#10489=DIRECTION('',(-0.0,-0.0,-1.0));
#10490=CARTESIAN_POINT('',(-2.61181537270515E-29,0.0,-12.45));
#10491=DIRECTION('',(1.30922526488812E-15,0.0,-1.0));
#10492=DIRECTION('',(1.0,0.0,1.30922526488812E-15));
#10493=DIRECTION('',(-0.707106781186547,8.65956056235492E-17,0.707106781186548));
#10494=DIRECTION('',(0.707106781186546,0.0,0.707106781186549));
#10495=CARTESIAN_POINT('',(0.0,-7.70000000000004,-5.0));
#10496=DIRECTION('',(0.0,-1.0,0.0));
#10497=DIRECTION('',(0.0,0.0,1.0));
#10498=DIRECTION('',(5.47678698264202E-17,0.894427190999916,-0.447213595499958));
#10499=CARTESIAN_POINT('',(0.0,-7.0,-5.0));
#10500=DIRECTION('',(0.0,-1.0,0.0));
#10501=DIRECTION('',(0.0,0.0,1.0));
#10502=DIRECTION('',(0.0,0.894427190999916,0.447213595499958));
#10503=CARTESIAN_POINT('',(0.0,0.0,-10.15));
#10504=DIRECTION('',(0.0,0.0,-1.0));
#10505=DIRECTION('',(1.0,0.0,0.0));
#10506=DIRECTION('',(0.0,-0.0,1.0));
#10507=CARTESIAN_POINT('',(0.0,0.0,-9.5));
#10508=DIRECTION('',(0.0,0.0,-1.0));
#10509=DIRECTION('',(1.0,0.0,0.0));
#10510=DIRECTION('',(0.0,-0.0,1.0));
#10511=CARTESIAN_POINT('',(-1.28672795986665E-40,0.0,-12.45));
#10512=DIRECTION('',(1.65211759616839E-15,0.0,-1.0));
#10513=DIRECTION('',(1.0,0.0,1.65211759616839E-15));
#10514=DIRECTION('',(-8.26058798084194E-16,0.0,1.0));
#10515=CARTESIAN_POINT('',(-1.89993523559365E-15,0.0,-10.15));
#10516=DIRECTION('',(-1.65211759616839E-15,0.0,1.0));
#10517=DIRECTION('',(1.0,0.0,1.65211759616839E-15));
#10518=DIRECTION('',(-8.26058798084194E-16,0.0,1.0));
#10519=CARTESIAN_POINT('',(0.0,-6.4,-9.5));
#10520=DIRECTION('',(0.0,1.0,0.0));
#10521=DIRECTION('',(0.0,0.0,-1.0));
#10522=CARTESIAN_POINT('',(0.0,-6.5,-9.5));
#10523=DIRECTION('',(0.0,-1.0,0.0));
#10524=DIRECTION('',(0.0,0.0,-1.0));
#10525=DIRECTION('',(0.0,0.0,1.0));
#10526=DIRECTION('',(-1.0,-0.0,-0.0));
#10527=DIRECTION('',(-0.0,-0.0,-1.0));
#10528=DIRECTION('',(1.0,0.0,0.0));
#10529=CARTESIAN_POINT('',(0.0,-6.5,-5.0));
#10530=DIRECTION('',(0.0,1.0,0.0));
#10531=DIRECTION('',(0.0,0.0,-1.0));
#10532=CARTESIAN_POINT('',(0.0,-6.2,-5.0));
#10533=DIRECTION('',(0.0,1.0,0.0));
#10534=DIRECTION('',(0.0,0.0,-1.0));
#10535=DIRECTION('',(1.0,0.0,0.0));
#10536=CARTESIAN_POINT('',(4.0,-6.0,-11.9));
#10537=DIRECTION('',(0.0,0.0,-1.0));
#10538=DIRECTION('',(1.0,0.0,0.0));
#10539=DIRECTION('',(-0.0,-0.0,-1.0));
#10540=CARTESIAN_POINT('',(4.0,-6.0,-0.8));
#10541=DIRECTION('',(-6.50521303491302E-16,0.0,1.0));
#10542=DIRECTION('',(1.0,0.0,6.50521303491302E-16));
#10543=DIRECTION('',(0.0,-1.0,0.0));
#10544=DIRECTION('',(1.0,0.0,0.0));
#10545=DIRECTION('',(0.0,1.0,0.0));
#10546=DIRECTION('',(-1.0,-0.0,-0.0));
#10547=DIRECTION('',(0.0,-1.0,0.0));
#10548=DIRECTION('',(-1.0,0.0,0.0));
#10549=DIRECTION('',(0.0,-1.0,0.0));
#10550=DIRECTION('',(-1.0,-0.0,-0.0));
#10551=DIRECTION('',(0.0,1.0,0.0));
#10552=CARTESIAN_POINT('',(-4.0,-6.0,-11.9));
#10553=DIRECTION('',(0.0,-0.0,1.0));
#10554=DIRECTION('',(1.0,0.0,0.0));
#10555=DIRECTION('',(-0.0,-1.0,-0.0));
#10556=DIRECTION('',(1.0,0.0,0.0));
#10557=CARTESIAN_POINT('',(0.0,0.0,-11.9));
#10558=DIRECTION('',(0.0,-0.0,1.0));
#10559=DIRECTION('',(1.0,0.0,0.0));
#10560=DIRECTION('',(1.0,0.0,0.0));
#10561=DIRECTION('',(0.0,1.0,0.0));
#10562=DIRECTION('',(1.0,0.0,0.0));
#10563=DIRECTION('',(0.0,1.0,0.0));
#10564=DIRECTION('',(-1.0,0.0,0.0));
#10565=DIRECTION('',(-0.54128869781234,-0.84083681271732,0.0));
#10566=DIRECTION('',(1.0,0.0,0.0));
#10567=DIRECTION('',(-0.54128869781234,0.84083681271732,0.0));
#10568=DIRECTION('',(-1.0,0.0,0.0));
#10569=DIRECTION('',(0.0,-1.0,0.0));
#10570=DIRECTION('',(-1.0,-0.0,-0.0));
#10571=DIRECTION('',(-0.0,-1.0,-0.0));
#10572=DIRECTION('',(-1.0,-0.0,-0.0));
#10573=CARTESIAN_POINT('',(-1.99066628390781E-16,0.0,-11.9));
#10574=DIRECTION('',(1.13752359080446E-15,0.0,-1.0));
#10575=DIRECTION('',(1.0,0.0,1.13752359080446E-15));
#10576=DIRECTION('',(0.0,0.0,1.0));
#10577=CARTESIAN_POINT('',(-4.0,-6.0,-0.8));
#10578=DIRECTION('',(-6.50521303491303E-16,0.0,1.0));
#10579=DIRECTION('',(1.0,0.0,6.50521303491303E-16));
#10580=CARTESIAN_POINT('',(-4.95635278850516E-16,-6.2,-5.0));
#10581=DIRECTION('',(0.0,1.0,-0.0));
#10582=DIRECTION('',(-1.0,0.0,0.0));
#10583=DIRECTION('',(0.0,1.0,0.0));
#10584=DIRECTION('',(-1.0,-0.0,-0.0));
#10585=DIRECTION('',(-0.0,-1.0,-0.0));
#10586=CARTESIAN_POINT('',(0.0,0.0,0.0));
#10587=DIRECTION('',(0.0,0.0,-1.0));
#10588=DIRECTION('',(1.0,0.0,0.0));
#10589=DIRECTION('',(0.0,0.707106781540101,0.707106780832994));
#10590=DIRECTION('',(0.0,0.0,1.0));
#10591=DIRECTION('',(0.0,1.0,0.0));
#10592=DIRECTION('',(-0.0,-0.0,-1.0));
#10593=DIRECTION('',(0.0,1.0,0.0));
#10594=DIRECTION('',(-0.0,0.707106781186546,0.707106781186549));
#10595=DIRECTION('',(-0.0,-0.0,1.0));
#10596=DIRECTION('',(-0.0,-1.0,-0.0));
#10597=DIRECTION('',(-0.0,-0.0,-1.0));
#10598=DIRECTION('',(0.0,0.0,1.0));
#10599=DIRECTION('',(0.0,1.0,0.0));
#10600=DIRECTION('',(0.0,0.0,1.0));
#10601=DIRECTION('',(-0.0,-1.0,-0.0));
#10602=CARTESIAN_POINT('',(0.0,0.0,-12.25));
#10603=DIRECTION('',(-0.0,-0.0,-1.0));
#10604=DIRECTION('',(0.0,-1.0,0.0));
#10605=DIRECTION('',(-0.0,0.707106781186546,0.70710678118655));
#10606=DIRECTION('',(1.0,0.0,0.0));
#10607=DIRECTION('',(0.0,-0.707106781186546,-0.70710678118655));
#10608=DIRECTION('',(0.577350269268687,-0.577350269031503,0.577350269268688));
#10609=DIRECTION('',(0.0,-0.707106781186544,0.707106781186551));
#10610=DIRECTION('',(1.0,0.0,0.0));
#10611=DIRECTION('',(0.577350268870576,0.577350269349151,0.577350269349151));
#10612=DIRECTION('',(0.0,1.0,0.0));
#10613=DIRECTION('',(-1.0,-0.0,-0.0));
#10614=DIRECTION('',(0.0,-0.707106781186549,-0.707106781186546));
#10615=DIRECTION('',(-0.0,0.707106781186546,0.70710678118655));
#10616=DIRECTION('',(-1.0,-0.0,-0.0));
#10617=DIRECTION('',(-0.0,-0.0,-1.0));
#10618=DIRECTION('',(-0.0,-1.0,-0.0));
#10619=DIRECTION('',(-0.0,-0.0,-1.0));
#10620=DIRECTION('',(0.0,1.0,0.0));
#10621=DIRECTION('',(0.0,1.0,0.0));
#10622=DIRECTION('',(0.0,0.0,1.0));
#10623=DIRECTION('',(-0.0,-1.0,-0.0));
#10624=DIRECTION('',(-0.0,-0.0,-1.0));
#10625=CARTESIAN_POINT('',(-4.5,-2.7,-4.9));
#10626=DIRECTION('',(1.0,-0.0,0.0));
#10627=DIRECTION('',(0.0,0.0,-1.0));
#10628=DIRECTION('',(-0.0,-1.0,-0.0));
#10629=DIRECTION('',(-0.0,-0.0,-1.0));
#10630=DIRECTION('',(0.0,0.413802944644129,-0.91036647730672));
#10631=DIRECTION('',(0.0,1.0,0.0));
#10632=CARTESIAN_POINT('',(-4.5,-4.1,-4.9));
#10633=DIRECTION('',(1.0,-0.0,0.0));
#10634=DIRECTION('',(0.0,0.0,-1.0));
#10635=DIRECTION('',(0.0,0.0,1.0));
#10636=DIRECTION('',(-0.0,-0.0,-1.0));
#10637=CARTESIAN_POINT('',(0.0,0.0,-3.5));
#10638=DIRECTION('',(0.0,-0.0,1.0));
#10639=DIRECTION('',(1.0,0.0,0.0));
#10640=DIRECTION('',(0.0,0.0,1.0));
#10641=DIRECTION('',(-0.0,-0.0,-1.0));
#10642=CARTESIAN_POINT('',(0.0,0.0,-3.5));
#10643=DIRECTION('',(0.0,-0.0,1.0));
#10644=DIRECTION('',(1.0,0.0,0.0));
#10645=DIRECTION('',(0.0,0.0,1.0));
#10646=DIRECTION('',(0.0,0.0,1.0));
#10647=DIRECTION('',(1.0,0.0,0.0));
#10648=DIRECTION('',(-0.0,-0.0,-1.0));
#10649=DIRECTION('',(1.0,0.0,0.0));
#10650=DIRECTION('',(0.0,0.0,1.0));
#10651=CARTESIAN_POINT('',(0.0,-7.0,-5.0));
#10652=DIRECTION('',(0.0,-1.0,0.0));
#10653=DIRECTION('',(0.0,0.0,1.0));
#10654=CARTESIAN_POINT('',(0.0,0.0,-9.5));
#10655=DIRECTION('',(0.0,0.0,-1.0));
#10656=DIRECTION('',(1.0,0.0,0.0));
#10657=DIRECTION('',(1.0,-0.0,-0.0));
#10658=DIRECTION('',(-0.0,-0.0,-1.0));
#10659=DIRECTION('',(-1.0,-0.0,-0.0));
#10660=DIRECTION('',(-0.0,-0.0,-1.0));
#10661=DIRECTION('',(-1.0,-0.0,-0.0));
#10662=DIRECTION('',(0.0,0.0,1.0));
#10663=DIRECTION('',(-1.0,-0.0,-0.0));
#10664=DIRECTION('',(0.0,0.0,1.0));
#10665=DIRECTION('',(-1.0,-0.0,-0.0));
#10666=CARTESIAN_POINT('',(4.0,4.0,-3.499999999));
#10667=DIRECTION('',(8.67361737988403E-16,-7.52316384526264E-31,-1.0));
#10668=DIRECTION('',(1.0,0.0,8.67361737988403E-16));
#10669=DIRECTION('',(-0.0,-0.0,-1.0));
#10670=CARTESIAN_POINT('',(4.0,4.0,-0.8));
#10671=DIRECTION('',(0.0,-2.16840434497101E-16,1.0));
#10672=DIRECTION('',(0.0,-1.0,-2.16840434497101E-16));
#10673=DIRECTION('',(1.0,0.0,0.0));
#10674=DIRECTION('',(-0.0,-1.0,-0.0));
#10675=DIRECTION('',(-1.0,-0.0,-0.0));
#10676=DIRECTION('',(1.0,0.0,0.0));
#10677=DIRECTION('',(-0.0,-1.0,-0.0));
#10678=DIRECTION('',(-1.0,-0.0,-0.0));
#10679=DIRECTION('',(-0.0,-1.0,-0.0));
#10680=DIRECTION('',(1.0,0.0,0.0));
#10681=DIRECTION('',(-0.0,-1.0,-0.0));
#10682=DIRECTION('',(-1.0,-0.0,-0.0));
#10683=DIRECTION('',(1.0,-0.0,-0.0));
#10684=DIRECTION('',(-0.0,-0.0,-1.0));
#10685=DIRECTION('',(1.0,-0.0,-0.0));
#10686=DIRECTION('',(0.0,0.0,1.0));
#10687=DIRECTION('',(-0.0,-1.0,-0.0));
#10688=CARTESIAN_POINT('',(-2.61181537270515E-29,0.0,-12.45));
#10689=DIRECTION('',(1.30922526488812E-15,0.0,-1.0));
#10690=DIRECTION('',(1.0,0.0,1.30922526488812E-15));
#10691=DIRECTION('',(-0.0,-0.0,-1.0));
#10692=DIRECTION('',(1.0,0.0,0.0));
#10693=DIRECTION('',(0.0,0.0,1.0));
#10694=DIRECTION('',(0.0,1.0,0.0));
#10695=DIRECTION('',(0.0,0.0,1.0));
#10696=DIRECTION('',(-1.0,-0.0,-0.0));
#10697=DIRECTION('',(-0.0,-0.0,1.0));
#10698=DIRECTION('',(0.0,0.0,-1.0));
#10699=DIRECTION('',(-1.0,-0.0,-0.0));
#10700=DIRECTION('',(1.0,0.0,0.0));
#10701=DIRECTION('',(-0.0,-1.0,-0.0));
#10702=DIRECTION('',(1.0,0.0,0.0));
#10703=CARTESIAN_POINT('',(-5.1,-2.7,-4.9));
#10704=DIRECTION('',(-1.0,-0.0,4.33680868994203E-15));
#10705=DIRECTION('',(-4.33680868994203E-15,0.0,-1.0));
#10706=DIRECTION('',(1.0,0.0,0.0));
#10707=DIRECTION('',(0.0,0.0,1.0));
#10708=DIRECTION('',(1.0,0.0,0.0));
#10709=DIRECTION('',(0.0,1.0,0.0));
#10710=DIRECTION('',(0.0,0.0,-1.0));
#10711=DIRECTION('',(-1.0,-0.0,-0.0));
#10712=DIRECTION('',(1.0,0.0,0.0));
#10713=DIRECTION('',(0.0,1.0,0.0));
#10714=DIRECTION('',(1.0,-0.0,-0.0));
#10715=DIRECTION('',(0.0,0.0,-1.0));
#10716=DIRECTION('',(1.0,0.0,0.0));
#10717=CARTESIAN_POINT('',(-5.1,-4.1,-4.9));
#10718=DIRECTION('',(-1.0,-0.0,4.33680868994203E-15));
#10719=DIRECTION('',(-4.33680868994203E-15,0.0,-1.0));
#10720=DIRECTION('',(1.0,0.0,0.0));
#10721=DIRECTION('',(0.0,-1.0,0.0));
#10722=DIRECTION('',(1.0,0.0,0.0));
#10723=DIRECTION('',(0.0,-0.413802944301185,0.910366477462604));
#10724=DIRECTION('',(-1.0,-0.0,-0.0));
#10725=DIRECTION('',(0.0,1.0,0.0));
#10726=DIRECTION('',(1.0,0.0,0.0));
#10727=CARTESIAN_POINT('',(-4.0,4.0,-3.5));
#10728=DIRECTION('',(-0.0,5.64237288394697E-31,1.0));
#10729=DIRECTION('',(1.0,0.0,0.0));
#10730=DIRECTION('',(0.0,0.0,1.0));
#10731=CARTESIAN_POINT('',(-4.0,4.0,-0.8));
#10732=DIRECTION('',(0.0,-2.16840434497101E-16,1.0));
#10733=DIRECTION('',(0.0,-1.0,-2.16840434497101E-16));
#10734=DIRECTION('',(-0.0,-1.0,-0.0));
#10735=DIRECTION('',(-0.0,-0.0,-1.0));
#10736=CARTESIAN_POINT('',(0.0,4.5,-7.8));
#10737=DIRECTION('',(-0.0,1.0,0.0));
#10738=DIRECTION('',(0.0,0.0,1.0));
#10739=DIRECTION('',(-0.0,-0.0,1.0));
#10740=DIRECTION('',(-1.0,0.0,0.0));
#10741=DIRECTION('',(0.0,1.0,0.0));
#10742=DIRECTION('',(-0.0,0.707106781186547,-0.707106781186548));
#10743=DIRECTION('',(-0.0,-0.0,-1.0));
#10744=DIRECTION('',(0.0,1.0,0.0));
#10745=DIRECTION('',(0.0,0.0,1.0));
#10746=DIRECTION('',(-0.0,0.707106781186546,0.70710678118655));
#10747=DIRECTION('',(0.0,0.0,1.0));
#10748=DIRECTION('',(-0.0,0.707106781186549,0.707106781186546));
#10749=DIRECTION('',(0.0,1.0,0.0));
#10750=DIRECTION('',(-0.0,-1.0,-0.0));
#10751=DIRECTION('',(-0.0,-1.0,-0.0));
#10752=DIRECTION('',(0.0,0.0,1.0));
#10753=DIRECTION('',(0.0,0.0,1.0));
#10754=DIRECTION('',(-0.0,0.707106781186546,0.707106781186549));
#10755=DIRECTION('',(0.54128869781234,-0.84083681271732,-0.0));
#10756=DIRECTION('',(0.0,0.0,1.0));
#10757=DIRECTION('',(-0.0,-0.0,-1.0));
#10758=DIRECTION('',(0.54128869781234,0.84083681271732,-0.0));
#10759=DIRECTION('',(1.0,0.0,0.0));
#10760=DIRECTION('',(0.0,1.0,0.0));
#10761=DIRECTION('',(1.0,0.0,0.0));
#10762=CARTESIAN_POINT('',(0.0,0.0,-9.5));
#10763=DIRECTION('',(0.0,0.0,-1.0));
#10764=DIRECTION('',(1.0,0.0,0.0));
#10765=CARTESIAN_POINT('',(0.0,-7.70000000000004,-5.0));
#10766=DIRECTION('',(0.0,-1.0,0.0));
#10767=DIRECTION('',(0.0,0.0,1.0));
#10768=DIRECTION('',(-0.0,-0.0,-1.0));
#10769=DIRECTION('',(0.0,-1.0,0.0));
#10770=DIRECTION('',(0.0,0.0,1.0));
#10771=DIRECTION('',(-0.0,-0.0,-1.0));
#10772=DIRECTION('',(-0.0,1.0,-0.0));
#10773=DIRECTION('',(0.0,-1.0,0.0));
#10774=DIRECTION('',(0.0,0.0,1.0));
#10775=DIRECTION('',(0.0,-1.0,0.0));
#10776=DIRECTION('',(-0.0,1.0,-0.0));
#10777=DIRECTION('',(-0.0,-0.0,-1.0));
#10778=DIRECTION('',(-1.0,-0.0,-0.0));
#10779=DIRECTION('',(0.0,1.0,0.0));
#10780=DIRECTION('',(-1.0,-0.0,-0.0));
#10781=DIRECTION('',(-1.0,-0.0,-0.0));
#10782=DIRECTION('',(-0.577350269234898,0.57735026909908,0.577350269234899));
#10783=DIRECTION('',(0.0,1.0,0.0));
#10784=DIRECTION('',(-0.577350269723287,-0.577350268922795,0.577350268922796));
#10785=DIRECTION('',(1.0,0.0,0.0));
#10786=CARTESIAN_POINT('',(-1.28672795986665E-40,0.0,-12.45));
#10787=DIRECTION('',(1.65211759616839E-15,0.0,-1.0));
#10788=DIRECTION('',(1.0,0.0,1.65211759616839E-15));
#10789=DIRECTION('',(-0.0,-0.0,-1.0));
#10790=DIRECTION('',(1.0,-0.0,-0.0));
#10791=DIRECTION('',(-1.0,-0.0,-0.0));
#10792=DIRECTION('',(-0.707106781186548,-0.707106781186548,0.0));
#10793=DIRECTION('',(-0.0,-1.0,-0.0));
#10794=DIRECTION('',(0.0,0.0,1.0));
#10795=DIRECTION('',(0.577350268714178,0.577350269427348,0.577350269427351));
#10796=DIRECTION('',(-1.0,-0.0,-0.0));
#10797=DIRECTION('',(-0.0,0.707106781186546,0.70710678118655));
#10798=DIRECTION('',(1.0,0.0,0.0));
#10799=DIRECTION('',(-0.0,-0.0,1.0));
#10800=CARTESIAN_POINT('',(0.0,0.0,-10.15));
#10801=DIRECTION('',(0.0,0.0,-1.0));
#10802=DIRECTION('',(1.0,0.0,0.0));
#10803=DIRECTION('',(0.0,0.0,-1.0));
#10804=DIRECTION('',(-1.0,-0.0,-0.0));
#10805=DIRECTION('',(0.0,1.0,0.0));
#10806=DIRECTION('',(1.0,-0.0,-0.0));
#10807=DIRECTION('',(0.0,0.0,1.0));
#10808=CARTESIAN_POINT('',(-1.89993523559365E-15,0.0,-10.15));
#10809=DIRECTION('',(-1.65211759616839E-15,0.0,1.0));
#10810=DIRECTION('',(1.0,0.0,1.65211759616839E-15));
#10811=DIRECTION('',(0.0,0.0,-1.0));
#10812=CARTESIAN_POINT('',(0.0,-7.0,-9.5));
#10813=DIRECTION('',(0.0,-1.0,0.0));
#10814=DIRECTION('',(0.0,0.0,1.0));
#10815=DIRECTION('',(-5.42101086242752E-16,1.0,0.0));
#10816=CARTESIAN_POINT('',(-2.71050543121376E-16,-6.5,-9.5));
#10817=DIRECTION('',(0.0,1.0,-0.0));
#10818=DIRECTION('',(-1.0,0.0,0.0));
#10819=DIRECTION('',(-5.42101086242752E-16,1.0,0.0));
#10820=CARTESIAN_POINT('',(0.0,-7.0,-9.5));
#10821=DIRECTION('',(0.0,-1.0,0.0));
#10822=DIRECTION('',(0.0,0.0,1.0));
#10823=CARTESIAN_POINT('',(0.0,-7.70000000000004,-9.5));
#10824=DIRECTION('',(0.0,-1.0,0.0));
#10825=DIRECTION('',(0.0,0.0,1.0));
#10826=DIRECTION('',(5.47678698264204E-17,0.894427190999915,-0.447213595499959));
#10827=CARTESIAN_POINT('',(0.0,-7.0,-9.5));
#10828=DIRECTION('',(0.0,-1.0,0.0));
#10829=DIRECTION('',(0.0,0.0,1.0));
#10830=DIRECTION('',(0.0,0.894427190999915,0.447213595499959));
#10831=CARTESIAN_POINT('',(0.0,-7.0,-9.5));
#10832=DIRECTION('',(0.0,-1.0,0.0));
#10833=DIRECTION('',(0.0,0.0,1.0));
#10834=CARTESIAN_POINT('',(-2.71050543121376E-16,-6.5,-9.5));
#10835=DIRECTION('',(0.0,1.0,-0.0));
#10836=DIRECTION('',(-1.0,0.0,0.0));
#10837=CARTESIAN_POINT('',(0.0,-7.70000000000004,-9.5));
#10838=DIRECTION('',(0.0,-1.0,0.0));
#10839=DIRECTION('',(0.0,0.0,1.0));
#10840=DIRECTION('',(0.0,-0.0,1.0));
#10841=DIRECTION('',(1.0,-0.0,0.0));
#10842=DIRECTION('',(0.0,0.0,-1.0));
#10843=DIRECTION('',(-1.0,0.0,0.0));
#10844=DIRECTION('',(0.0,-1.0,0.0));
#10845=DIRECTION('',(1.0,-0.0,0.0));
#10846=CARTESIAN_POINT('',(5.208337775,-5.997866773,-4.2500000000013));
#10847=DIRECTION('',(0.0,4.33680860320583E-15,1.0));
#10848=DIRECTION('',(-0.0,-1.0,4.33680860320583E-15));
#10849=DIRECTION('',(0.292371704976835,-0.95630475588535,0.0));
#10850=CARTESIAN_POINT('',(4.37,-5.65,-4.2500000000013));
#10851=DIRECTION('',(0.0,0.0,-1.0));
#10852=DIRECTION('',(-1.0,0.0,0.0));
#10853=DIRECTION('',(0.0,1.0,0.0));
#10854=DIRECTION('',(1.0,-0.0,0.0));
#10855=CARTESIAN_POINT('',(4.37,-5.65,-4.2500000000013));
#10856=DIRECTION('',(-4.33680862488989E-15,-3.82035652556174E-30,1.0));
#10857=DIRECTION('',(-1.0,-1.76182850386152E-15,-4.33680862488989E-15));
#10858=DIRECTION('',(0.292371704976834,-0.95630475588535,0.0));
#10859=CARTESIAN_POINT('',(5.208337775,-5.997866773,-4.2500000000013));
#10860=DIRECTION('',(-1.5046327449784E-30,1.73472346209902E-15,1.0));
#10861=DIRECTION('',(1.73472346209902E-15,-1.0,1.73472346209902E-15));
#10862=DIRECTION('',(1.0,-0.0,0.0));
#10863=DIRECTION('',(0.0,1.0,0.0));
#10864=DIRECTION('',(0.0,0.0,-1.0));
#10865=DIRECTION('',(0.0,1.0,0.0));
#10866=DIRECTION('',(-1.0,0.0,0.0));
#10867=CARTESIAN_POINT('',(5.208337775,-5.997866773,-5.7500000000013));
#10868=DIRECTION('',(0.0,0.0,-1.0));
#10869=DIRECTION('',(0.0,-1.0,0.0));
#10870=DIRECTION('',(-0.292371704976834,0.95630475588535,0.0));
#10871=CARTESIAN_POINT('',(4.37,-5.65,-5.7500000000013));
#10872=DIRECTION('',(0.0,0.0,-1.0));
#10873=DIRECTION('',(-1.0,0.0,0.0));
#10874=DIRECTION('',(1.0,0.0,0.0));
#10875=CARTESIAN_POINT('',(4.37,-5.65,-5.7500000000013));
#10876=DIRECTION('',(0.0,0.0,1.0));
#10877=DIRECTION('',(-1.0,0.0,0.0));
#10878=DIRECTION('',(-0.292371704976835,0.95630475588535,0.0));
#10879=CARTESIAN_POINT('',(5.208337775,-5.997866773,-5.7500000000013));
#10880=DIRECTION('',(0.0,0.0,-1.0));
#10881=DIRECTION('',(0.0,-1.0,0.0));
#10882=DIRECTION('',(-1.0,0.0,0.0));
#10883=DIRECTION('',(0.0,-0.0,1.0));
#10884=CARTESIAN_POINT('',(5.946110669,-6.197866773,-4.5500000000013));
#10885=DIRECTION('',(0.0,1.0,0.0));
#10886=DIRECTION('',(0.0,0.0,1.0));
#10887=CARTESIAN_POINT('',(5.946110669,-6.497866773,-4.5500000000013));
#10888=DIRECTION('',(0.0,1.0,0.0));
#10889=DIRECTION('',(0.0,0.0,1.0));
#10890=DIRECTION('',(0.0,-1.0,0.0));
#10891=DIRECTION('',(0.0,0.0,-1.0));
#10892=CARTESIAN_POINT('',(5.946110669,-6.197866773,-5.4500000000013));
#10893=DIRECTION('',(0.0,1.0,0.0));
#10894=DIRECTION('',(0.0,0.0,1.0));
#10895=DIRECTION('',(0.0,1.0,0.0));
#10896=CARTESIAN_POINT('',(5.946110669,-6.497866773,-5.4500000000013));
#10897=DIRECTION('',(0.0,1.0,0.0));
#10898=DIRECTION('',(0.0,0.0,1.0));
#10899=DIRECTION('',(0.0,0.0,-1.0));
#10900=DIRECTION('',(0.0,0.0,-1.0));
#10901=DIRECTION('',(0.0,0.0,1.0));
#10902=DIRECTION('',(0.0,-0.0,1.0));
#10903=DIRECTION('',(0.0,0.0,-1.0));
#10904=DIRECTION('',(0.0,-0.0,1.0));
#10905=DIRECTION('',(0.0,0.0,-1.0));
#10906=DIRECTION('',(1.0,0.0,0.0));
#10907=DIRECTION('',(1.0,0.0,0.0));
#10908=DIRECTION('',(-1.0,0.0,0.0));
#10909=DIRECTION('',(1.0,0.0,0.0));
#10910=DIRECTION('',(0.0659935559663877,0.0,-0.997820049192694));
#10911=DIRECTION('',(1.0,-0.0,0.0));
#10912=DIRECTION('',(0.0659935559663877,-0.0,0.997820049192694));
#10913=DIRECTION('',(-1.0,0.0,0.0));
#10914=DIRECTION('',(-1.0,0.0,0.0));
#10915=DIRECTION('',(0.0,1.0,0.0));
#10916=DIRECTION('',(0.0,-1.0,0.0));
#10917=DIRECTION('',(0.0659935559663877,0.0,-0.997820049192694));
#10918=DIRECTION('',(0.0,-1.0,0.0));
#10919=DIRECTION('',(0.0,-1.0,0.0));
#10920=DIRECTION('',(0.0659935559663877,-0.0,0.997820049192694));
#10921=DIRECTION('',(1.0,-0.0,0.0));
#10922=DIRECTION('',(0.0659935562565815,-0.498910024713737,0.864137510916375));
#10923=DIRECTION('',(1.0,-0.0,0.0));
#10924=DIRECTION('',(0.0659935562565815,0.498910024713737,-0.864137510916375));
#10925=DIRECTION('',(0.0,0.866025323908094,0.500000138349862));
#10926=DIRECTION('',(0.0,-0.866025323908094,-0.500000138349862));
#10927=DIRECTION('',(0.0659935562565815,-0.498910024713737,0.864137510916375));
#10928=DIRECTION('',(0.0,-0.866025402838329,-0.500000001638709));
#10929=DIRECTION('',(1.0,0.0,0.0));
#10930=DIRECTION('',(0.0,0.866025403671663,0.500000000195334));
#10931=DIRECTION('',(0.0659935562565815,0.498910024713737,-0.864137510916375));
#10932=DIRECTION('',(1.0,-0.0,0.0));
#10933=DIRECTION('',(0.0,0.798635509943034,-0.601815023290405));
#10934=DIRECTION('',(0.0659935565789301,0.600503096109078,0.796894523794382));
#10935=DIRECTION('',(1.0,-0.0,0.0));
#10936=DIRECTION('',(0.0659935566098274,-0.600503096390226,-0.796894523579963));
#10937=DIRECTION('',(0.0,0.798635436433653,-0.601815120840635));
#10938=DIRECTION('',(1.0,0.0,0.0));
#10939=DIRECTION('',(0.0659935565789301,0.600503096109079,0.796894523794381));
#10940=DIRECTION('',(-0.0,-0.798635509943033,0.601815023290406));
#10941=DIRECTION('',(-1.0,0.0,0.0));
#10942=DIRECTION('',(0.0,0.79863550869021,-0.601815024952959));
#10943=DIRECTION('',(0.0659935566098274,-0.600503096390226,-0.796894523579963));
#10944=DIRECTION('',(1.0,-0.0,0.0));
#10945=DIRECTION('',(0.0,0.996194698192881,0.087155741591671));
#10946=DIRECTION('',(0.0,-0.99619469805539,-0.0871557431632037));
#10947=CARTESIAN_POINT('',(-1.478180606,-3.02329763457109,-10.6720921180896));
#10948=DIRECTION('',(7.26880349409078E-17,-0.996194698091804,-0.087155742746982));
#10949=DIRECTION('',(0.0,0.087155742746982,-0.996194698091805));
#10950=DIRECTION('',(0.0659935562491494,0.0869657477375531,-0.994023042617242));
#10951=DIRECTION('',(0.0659935562491494,-0.0869657477375529,0.994023042617242));
#10952=CARTESIAN_POINT('',(1.478180606,-3.02329763486994,-10.6720921181157));
#10953=DIRECTION('',(7.26880349409077E-17,-0.996194698091804,-0.087155742746982));
#10954=DIRECTION('',(0.0,0.087155742746982,-0.996194698091805));
#10955=DIRECTION('',(1.0,-0.0,0.0));
#10956=DIRECTION('',(-1.0,0.0,0.0));
#10957=DIRECTION('',(1.0,-0.0,0.0));
#10958=DIRECTION('',(0.0,-0.99619469805539,-0.087155743163203));
#10959=DIRECTION('',(0.0,0.99619469805539,0.087155743163203));
#10960=CARTESIAN_POINT('',(-1.478180606,-3.32215604458201,-10.6982388409647));
#10961=DIRECTION('',(7.26880349409079E-17,-0.996194698091804,-0.087155742746982));
#10962=DIRECTION('',(-1.66800333942348E-15,0.087155742746982,-0.996194698091805));
#10963=DIRECTION('',(-4.16898864153221E-10,-0.996194698089402,-0.0871557427744508));
#10964=DIRECTION('',(0.0659935562491494,0.0869657477375532,-0.994023042617242));
#10965=DIRECTION('',(0.0,-0.996194698192881,-0.0871557415916705));
#10966=DIRECTION('',(0.0659935562491494,-0.0869657477375532,0.994023042617242));
#10967=CARTESIAN_POINT('',(1.478180606,-3.32215604458201,-10.6982388409647));
#10968=DIRECTION('',(7.26880349409077E-17,-0.996194698091804,-0.087155742746982));
#10969=DIRECTION('',(0.0,0.087155742746982,-0.996194698091805));
#10970=CARTESIAN_POINT('',(0.0,0.0,-12.5));
#10971=DIRECTION('',(0.0,0.0,-1.0));
#10972=DIRECTION('',(1.0,0.0,0.0));
#10973=DIRECTION('',(0.0,0.0,1.0));
#10974=CARTESIAN_POINT('',(0.0,0.0,-11.9));
#10975=DIRECTION('',(0.0,0.0,1.0));
#10976=DIRECTION('',(1.0,0.0,0.0));
#10977=DIRECTION('',(0.0,0.0,1.0));
#10978=CARTESIAN_POINT('',(0.0,0.0,-12.5));
#10979=DIRECTION('',(0.0,0.0,-1.0));
#10980=DIRECTION('',(-1.0,0.0,0.0));
#10981=DIRECTION('',(0.0,0.0,-1.0));
#10982=CARTESIAN_POINT('',(0.0,0.0,-13.45));
#10983=DIRECTION('',(0.0,0.0,-1.0));
#10984=DIRECTION('',(-1.0,0.0,0.0));
#10985=DIRECTION('',(0.0,0.0,-1.0));
#10986=CARTESIAN_POINT('',(0.0,-4.4,-13.75));
#10987=DIRECTION('',(0.0,0.0,-1.0));
#10988=DIRECTION('',(1.0,0.0,0.0));
#10989=DIRECTION('',(0.0,0.0,1.0));
#10990=CARTESIAN_POINT('',(0.0,-4.4,-13.45));
#10991=DIRECTION('',(0.0,0.0,-1.0));
#10992=DIRECTION('',(1.0,0.0,0.0));
#10993=DIRECTION('',(0.0,0.0,1.0));
#10994=CARTESIAN_POINT('',(0.0,-4.4,-14.25));
#10995=DIRECTION('',(0.0,0.0,-1.0));
#10996=DIRECTION('',(1.0,0.0,0.0));
#10997=DIRECTION('',(-0.514495755427526,6.3007558005922E-17,0.857492925712544));
#10998=DIRECTION('',(0.514495755427526,0.0,0.857492925712544));
#10999=CARTESIAN_POINT('',(0.0,0.0,-12.5));
#11000=DIRECTION('',(0.0,0.0,-1.0));
#11001=DIRECTION('',(1.0,0.0,0.0));
#11002=CARTESIAN_POINT('',(0.0,0.0,-11.9));
#11003=DIRECTION('',(0.0,0.0,1.0));
#11004=DIRECTION('',(1.0,0.0,0.0));
#11005=CARTESIAN_POINT('',(-4.0,-6.0,-11.9));
#11006=DIRECTION('',(0.0,0.0,1.0));
#11007=DIRECTION('',(-1.0,0.0,0.0));
#11008=DIRECTION('',(1.0,0.0,0.0));
#11009=CARTESIAN_POINT('',(4.0,-6.0,-11.9));
#11010=DIRECTION('',(0.0,0.0,1.0));
#11011=DIRECTION('',(-1.0,0.0,0.0));
#11012=DIRECTION('',(0.0,1.0,0.0));
#11013=DIRECTION('',(1.0,-0.0,0.0));
#11014=CARTESIAN_POINT('',(0.0,0.0,-11.9));
#11015=DIRECTION('',(0.0,0.0,1.0));
#11016=DIRECTION('',(-1.0,9.01155052455485E-16,0.0));
#11017=DIRECTION('',(1.0,-0.0,0.0));
#11018=DIRECTION('',(0.0,-1.0,0.0));
#11019=DIRECTION('',(0.0,1.0,0.0));
#11020=DIRECTION('',(1.0,0.0,0.0));
#11021=DIRECTION('',(0.0,-1.0,0.0));
#11022=DIRECTION('',(-1.0,0.0,0.0));
#11023=DIRECTION('',(0.0,-1.0,0.0));
#11024=DIRECTION('',(-1.0,0.0,0.0));
#11025=DIRECTION('',(0.0,1.0,0.0));
#11026=DIRECTION('',(1.0,0.0,0.0));
#11027=DIRECTION('',(-1.0,0.0,0.0));
#11028=DIRECTION('',(0.0,1.0,0.0));
#11029=DIRECTION('',(1.0,0.0,0.0));
#11030=DIRECTION('',(0.0,-1.0,0.0));
#11031=CARTESIAN_POINT('',(0.0,0.0,-12.5));
#11032=DIRECTION('',(0.0,0.0,-1.0));
#11033=DIRECTION('',(-1.0,0.0,0.0));
#11034=DIRECTION('',(0.577350265166524,0.577350271201177,0.577350271201177));
#11035=DIRECTION('',(0.577350272752905,-0.577350267407986,-0.577350267407986));
#11036=DIRECTION('',(1.0,-0.0,0.0));
#11037=DIRECTION('',(0.577350268378726,0.577350270811427,-0.577350268378725));
#11038=DIRECTION('',(0.0,1.0,0.0));
#11039=DIRECTION('',(-0.577350270334837,0.57735026861702,-0.57735026861702));
#11040=DIRECTION('',(-1.0,0.0,0.0));
#11041=DIRECTION('',(0.0,-1.0,0.0));
#11042=DIRECTION('',(-0.707106781540102,0.0,-0.707106780832993));
#11043=DIRECTION('',(0.0,0.0,-1.0));
#11044=DIRECTION('',(0.0,-0.0,1.0));
#11045=DIRECTION('',(-1.0,0.0,0.0));
#11046=DIRECTION('',(-0.0,-0.707106780832994,0.707106781540101));
#11047=DIRECTION('',(0.0,-1.0,0.0));
#11048=DIRECTION('',(0.0,-0.0,1.0));
#11049=DIRECTION('',(0.0,-0.0,1.0));
#11050=DIRECTION('',(1.0,0.0,0.0));
#11051=DIRECTION('',(0.0,1.0,0.0));
#11052=DIRECTION('',(0.0,-0.0,1.0));
#11053=DIRECTION('',(0.0,0.0,-1.0));
#11054=DIRECTION('',(0.0,-1.0,0.0));
#11055=DIRECTION('',(0.0,-0.707106781186547,0.707106781186548));
#11056=DIRECTION('',(1.0,0.0,0.0));
#11057=DIRECTION('',(0.0,0.0,-1.0));
#11058=DIRECTION('',(0.707106781186548,0.0,-0.707106781186548));
#11059=DIRECTION('',(0.0,0.0,-1.0));
#11060=DIRECTION('',(0.0,1.0,0.0));
#11061=DIRECTION('',(-1.0,0.0,0.0));
#11062=DIRECTION('',(1.0,-0.0,0.0));
#11063=DIRECTION('',(0.0,-0.0,1.0));
#11064=DIRECTION('',(0.0,0.0,-1.0));
#11065=DIRECTION('',(1.0,-0.0,0.0));
#11066=DIRECTION('',(0.0,0.0,-1.0));
#11067=DIRECTION('',(0.0,-1.0,0.0));
#11068=DIRECTION('',(0.0,-0.0,1.0));
#11069=DIRECTION('',(0.0,0.0,-1.0));
#11070=DIRECTION('',(0.0,-0.0,1.0));
#11071=CARTESIAN_POINT('',(0.0,0.0,-13.45));
#11072=DIRECTION('',(0.0,0.0,-1.0));
#11073=DIRECTION('',(-1.0,0.0,0.0));
#11074=DIRECTION('',(0.0,0.0,-1.0));
#11075=DIRECTION('',(0.0,0.0,-1.0));
#11076=DIRECTION('',(0.0,1.0,0.0));
#11077=DIRECTION('',(0.0,0.0,1.0));
#11078=DIRECTION('',(0.0,1.0,0.0));
#11079=DIRECTION('',(0.0,-0.0,1.0));
#11080=CARTESIAN_POINT('',(0.0,0.0,-13.45));
#11081=DIRECTION('',(0.0,0.0,-1.0));
#11082=DIRECTION('',(-1.0,0.0,0.0));
#11083=DIRECTION('',(0.0,-0.0,1.0));
#11084=DIRECTION('',(-1.0,0.0,0.0));
#11085=DIRECTION('',(0.0,0.0,-1.0));
#11086=DIRECTION('',(0.0,-0.0,1.0));
#11087=DIRECTION('',(0.0,-1.0,0.0));
#11088=DIRECTION('',(0.0,0.0,1.0));
#11089=DIRECTION('',(1.0,-0.0,0.0));
#11090=DIRECTION('',(0.0,1.0,0.0));
#11091=DIRECTION('',(0.577350269632646,-0.577350268968115,0.577350268968116));
#11092=DIRECTION('',(0.0,-1.0,0.0));
#11093=DIRECTION('',(-1.0,0.0,0.0));
#11094=DIRECTION('',(0.577350269078005,0.577350269245436,-0.577350269245437));
#11095=DIRECTION('',(1.0,-0.0,0.0));
#11096=DIRECTION('',(0.0,1.0,0.0));
#11097=CARTESIAN_POINT('',(4.0,-6.0,-14.7));
#11098=DIRECTION('',(0.0,0.0,-1.0));
#11099=DIRECTION('',(-1.0,0.0,0.0));
#11100=DIRECTION('',(0.0,1.0,0.0));
#11101=DIRECTION('',(1.0,-0.0,0.0));
#11102=CARTESIAN_POINT('',(-4.0,-6.0,-13.45));
#11103=DIRECTION('',(0.0,0.0,1.0));
#11104=DIRECTION('',(-1.0,0.0,0.0));
#11105=DIRECTION('',(-1.0,0.0,0.0));
#11106=DIRECTION('',(-1.0,0.0,0.0));
#11107=DIRECTION('',(1.0,0.0,0.0));
#11108=DIRECTION('',(0.0,1.0,0.0));
#11109=CARTESIAN_POINT('',(0.0,-4.4,-13.45));
#11110=DIRECTION('',(0.0,0.0,-1.0));
#11111=DIRECTION('',(1.0,0.0,0.0));
#11112=DIRECTION('',(0.0,0.0,-1.0));
#11113=CARTESIAN_POINT('',(0.0,-4.4,-13.75));
#11114=DIRECTION('',(0.0,0.0,-1.0));
#11115=DIRECTION('',(1.0,0.0,0.0));
#11116=CARTESIAN_POINT('',(0.0,-4.4,-14.25));
#11117=DIRECTION('',(0.0,0.0,-1.0));
#11118=DIRECTION('',(1.0,0.0,0.0));
#11119=DIRECTION('',(1.0,-0.0,0.0));
#11120=CARTESIAN_POINT('',(5.94494104100006,-6.09999999950724,-10.7));
#11121=DIRECTION('',(0.0,1.0,0.0));
#11122=DIRECTION('',(0.0,0.0,1.0));
#11123=DIRECTION('',(0.0,0.0,-1.0));
#11124=CARTESIAN_POINT('',(5.94494104100006,-6.09999999950724,-11.6));
#11125=DIRECTION('',(0.0,1.0,0.0));
#11126=DIRECTION('',(0.0,0.0,1.0));
#11127=DIRECTION('',(-1.0,0.0,0.0));
#11128=DIRECTION('',(0.0,-0.0,1.0));
#11129=DIRECTION('',(0.0,1.0,0.0));
#11130=CARTESIAN_POINT('',(5.94494104100006,-6.49999999950724,-10.7));
#11131=DIRECTION('',(0.0,1.0,0.0));
#11132=DIRECTION('',(0.0,0.0,1.0));
#11133=DIRECTION('',(0.0,-1.0,0.0));
#11134=CARTESIAN_POINT('',(5.05000000000006,-5.94999999950724,-10.4));
#11135=DIRECTION('',(0.0,0.0,-1.0));
#11136=DIRECTION('',(-1.0,0.0,0.0));
#11137=DIRECTION('',(-1.0,0.0,0.0));
#11138=CARTESIAN_POINT('',(5.05000000000006,-5.94999999950724,-10.4));
#11139=DIRECTION('',(0.0,0.0,1.0));
#11140=DIRECTION('',(-1.0,0.0,0.0));
#11141=DIRECTION('',(0.0,-1.0,0.0));
#11142=DIRECTION('',(1.0,0.0,0.0));
#11143=DIRECTION('',(0.0,-1.0,0.0));
#11144=DIRECTION('',(0.0,0.0,-1.0));
#11145=CARTESIAN_POINT('',(5.05000000000006,-5.94999999950724,-11.9));
#11146=DIRECTION('',(0.0,0.0,-1.0));
#11147=DIRECTION('',(-1.0,0.0,0.0));
#11148=CARTESIAN_POINT('',(4.49000000000006,-2.91514747350724,-11.9));
#11149=DIRECTION('',(0.0,0.0,-1.0));
#11150=DIRECTION('',(-1.0,0.0,0.0));
#11151=DIRECTION('',(0.0,1.0,0.0));
#11152=DIRECTION('',(0.0,1.0,0.0));
#11153=DIRECTION('',(1.0,0.0,0.0));
#11154=CARTESIAN_POINT('',(5.05000000000006,-5.94999999950724,-11.9));
#11155=DIRECTION('',(0.0,0.0,1.0));
#11156=DIRECTION('',(-1.0,0.0,0.0));
#11157=DIRECTION('',(0.0,-1.0,0.0));
#11158=CARTESIAN_POINT('',(4.49000000000006,-2.91514747350724,-11.9));
#11159=DIRECTION('',(0.0,0.0,-1.0));
#11160=DIRECTION('',(-1.0,0.0,0.0));
#11161=DIRECTION('',(1.0,0.0,0.0));
#11162=DIRECTION('',(0.0,-1.0,0.0));
#11163=DIRECTION('',(-1.0,0.0,0.0));
#11164=DIRECTION('',(0.0,1.0,0.0));
#11165=CARTESIAN_POINT('',(5.94494104100006,-6.49999999950724,-11.6));
#11166=DIRECTION('',(0.0,-1.0,0.0));
#11167=DIRECTION('',(0.0,0.0,1.0));
#11168=DIRECTION('',(0.0,0.0,1.0));
#11169=DIRECTION('',(0.0,0.0,-1.0));
#11170=DIRECTION('',(0.0,-0.0,1.0));
#11171=CARTESIAN_POINT('',(4.50000000000006,-5.75384776350724,-10.27));
#11172=DIRECTION('',(-1.0,0.0,0.0));
#11173=DIRECTION('',(0.0,0.0,1.0));
#11174=CARTESIAN_POINT('',(4.90000000000006,-5.75384776350724,-10.27));
#11175=DIRECTION('',(1.0,-0.0,0.0));
#11176=DIRECTION('',(0.0,0.0,1.0));
#11177=DIRECTION('',(-1.0,0.0,0.0));
#11178=DIRECTION('',(1.0,-0.0,0.0));
#11179=DIRECTION('',(0.0,0.0,-1.0));
#11180=CARTESIAN_POINT('',(2.78000000000006,-2.50514747290724,-9.77));
#11181=DIRECTION('',(0.0,-1.0,0.0));
#11182=DIRECTION('',(0.0,0.0,1.0));
#11183=DIRECTION('',(1.0,-0.0,0.0));
#11184=DIRECTION('',(0.0,0.0,-1.0));
#11185=CARTESIAN_POINT('',(-3.41999999999994,-2.50514747290724,-11.77));
#11186=DIRECTION('',(0.0,1.0,0.0));
#11187=DIRECTION('',(0.0,0.0,1.0));
#11188=DIRECTION('',(0.0,-0.0,1.0));
#11189=CARTESIAN_POINT('',(-3.41999999999994,-2.50514747350724,-9.33));
#11190=DIRECTION('',(0.0,1.0,0.0));
#11191=DIRECTION('',(0.0,0.0,1.0));
#11192=DIRECTION('',(0.0,-0.707106781835915,-0.70710678053718));
#11193=DIRECTION('',(0.0,-0.0,1.0));
#11194=DIRECTION('',(0.0,-1.0,0.0));
#11195=CARTESIAN_POINT('',(4.90000000000006,-5.14615223650724,-10.03));
#11196=DIRECTION('',(1.0,-0.0,0.0));
#11197=DIRECTION('',(0.0,0.0,1.0));
#11198=DIRECTION('',(0.0,-0.707106780352396,-0.707106782020699));
#11199=CARTESIAN_POINT('',(4.50000000000006,-5.14615223650724,-10.03));
#11200=DIRECTION('',(1.0,-0.0,0.0));
#11201=DIRECTION('',(0.0,0.0,1.0));
#11202=DIRECTION('',(0.0,-1.0,0.0));
#11203=DIRECTION('',(0.0,-0.0,1.0));
#11204=DIRECTION('',(1.0,-0.0,0.0));
#11205=CARTESIAN_POINT('',(2.78000000000006,-2.90514747350724,-9.77));
#11206=DIRECTION('',(0.0,-1.0,0.0));
#11207=DIRECTION('',(0.0,0.0,1.0));
#11208=DIRECTION('',(0.0,0.0,-1.0));
#11209=DIRECTION('',(1.0,-0.0,0.0));
#11210=CARTESIAN_POINT('',(-3.41999999999994,-2.90514747350724,-9.33));
#11211=DIRECTION('',(0.0,1.0,0.0));
#11212=DIRECTION('',(0.0,0.0,1.0));
#11213=DIRECTION('',(0.0,-0.0,1.0));
#11214=CARTESIAN_POINT('',(-3.41999999999994,-2.90514747350724,-11.77));
#11215=DIRECTION('',(0.0,1.0,0.0));
#11216=DIRECTION('',(0.0,0.0,1.0));
#11217=DIRECTION('',(0.0,0.0,-1.0));
#11218=DIRECTION('',(0.0,-1.0,0.0));
#11219=DIRECTION('',(1.0,0.0,0.0));
#11220=CARTESIAN_POINT('',(6.03961325396085E-14,-2.63957370351027,-9.9));
#11221=DIRECTION('',(2.73668975038028E-16,-1.0,-0.0));
#11222=DIRECTION('',(-1.0,-2.73668975038028E-16,0.0));
#11223=CARTESIAN_POINT('',(6.03961325396085E-14,-2.63957370351027,-9.9));
#11224=DIRECTION('',(-2.73668975038029E-16,-1.0,0.0));
#11225=DIRECTION('',(-1.0,2.73668975038029E-16,0.0));
#11226=DIRECTION('',(0.0,1.0,0.0));
#11227=DIRECTION('',(0.0,-1.0,0.0));
#11228=DIRECTION('',(0.0,1.0,0.0));
#11229=DIRECTION('',(0.0,1.0,0.0));
#11230=CARTESIAN_POINT('',(4.49000000000006,-2.91514747350724,-9.9));
#11231=DIRECTION('',(0.0,0.0,1.0));
#11232=DIRECTION('',(-1.0,0.0,0.0));
#11233=DIRECTION('',(0.0,1.0,0.0));
#11234=DIRECTION('',(1.0,-0.0,0.0));
#11235=CARTESIAN_POINT('',(4.49000000000006,-2.91514747350724,-9.9));
#11236=DIRECTION('',(0.0,0.0,1.0));
#11237=DIRECTION('',(-1.0,0.0,0.0));
#11238=CARTESIAN_POINT('',(5.99520433297585E-14,-2.9084261628794,-9.9));
#11239=DIRECTION('',(-8.56871077770211E-19,-1.0,0.0));
#11240=DIRECTION('',(-1.0,8.56871077770211E-19,0.0));
#11241=CARTESIAN_POINT('',(6.03961325396085E-14,-2.9084261628794,-9.9));
#11242=DIRECTION('',(8.56871077770212E-19,-1.0,-0.0));
#11243=DIRECTION('',(-1.0,-8.56871077770212E-19,0.0));
#11244=CARTESIAN_POINT('',(0.0,0.0034993995195211,-13.85));
#11245=DIRECTION('',(0.0,0.0,-1.0));
#11246=DIRECTION('',(1.0,0.0,0.0));
#11247=DIRECTION('',(0.0,0.0,1.0));
#11248=CARTESIAN_POINT('',(0.0,0.0034993995195211,-13.45));
#11249=DIRECTION('',(0.0,0.0,1.0));
#11250=DIRECTION('',(1.0,0.0,0.0));
#11251=DIRECTION('',(0.0,0.0,1.0));
#11252=CARTESIAN_POINT('',(0.0,0.0034993995195211,-13.85));
#11253=DIRECTION('',(0.0,0.0,-1.0));
#11254=DIRECTION('',(1.0,0.0,0.0));
#11255=CARTESIAN_POINT('',(0.0,0.0034993995195211,-13.45));
#11256=DIRECTION('',(0.0,0.0,1.0));
#11257=DIRECTION('',(1.0,0.0,0.0));
#11258=DIRECTION('',(0.0,0.0,-1.0));
#11259=CARTESIAN_POINT('',(0.0,0.0034993995195211,-13.85));
#11260=DIRECTION('',(0.0,0.0,1.0));
#11261=DIRECTION('',(1.0,0.0,0.0));
#11262=DIRECTION('',(0.0,0.0,1.0));
#11263=CARTESIAN_POINT('',(0.0,0.0034993995195211,-13.45));
#11264=DIRECTION('',(0.0,0.0,1.0));
#11265=DIRECTION('',(1.0,0.0,0.0));
#11266=DIRECTION('',(0.0,0.0,1.0));
#11267=CARTESIAN_POINT('',(0.0,-4.40000000048048,-13.85));
#11268=DIRECTION('',(0.0,0.0,1.0));
#11269=DIRECTION('',(1.0,0.0,0.0));
#11270=DIRECTION('',(0.0,0.0,1.0));
#11271=CARTESIAN_POINT('',(0.0,-4.40000000048048,-13.45));
#11272=DIRECTION('',(0.0,0.0,1.0));
#11273=DIRECTION('',(1.0,0.0,0.0));
#11274=DIRECTION('',(0.0,0.0,1.0));
#11275=CARTESIAN_POINT('',(0.0,0.0034993995195211,-13.85));
#11276=DIRECTION('',(0.0,0.0,-1.0));
#11277=DIRECTION('',(1.0,1.77635683940025E-15,0.0));
#11278=DIRECTION('',(0.0,0.0,-1.0));
#11279=CARTESIAN_POINT('',(0.0,0.0034993995195211,-13.45));
#11280=DIRECTION('',(0.0,0.0,1.0));
#11281=DIRECTION('',(1.0,0.0,0.0));
#11282=DIRECTION('',(0.0,-1.0,0.0));
#11283=CARTESIAN_POINT('',(1.0,-5.40000000048048,-13.85));
#11284=DIRECTION('',(0.0,0.0,-1.0));
#11285=DIRECTION('',(1.0,0.0,0.0));
#11286=DIRECTION('',(-1.0,0.0,0.0));
#11287=DIRECTION('',(0.0,1.0,0.0));
#11288=DIRECTION('',(1.0,-0.0,0.0));
#11289=DIRECTION('',(0.0,1.0,0.0));
#11290=CARTESIAN_POINT('',(0.0,0.0034993995195211,-13.85));
#11291=DIRECTION('',(0.0,0.0,1.0));
#11292=DIRECTION('',(1.0,0.0,0.0));
#11293=CARTESIAN_POINT('',(0.0,-4.40000000048048,-13.85));
#11294=DIRECTION('',(0.0,0.0,1.0));
#11295=DIRECTION('',(1.0,0.0,0.0));
#11296=DIRECTION('',(-1.0,0.0,0.0));
#11297=CARTESIAN_POINT('',(1.0,-5.40000000048048,-13.45));
#11298=DIRECTION('',(0.0,0.0,-1.0));
#11299=DIRECTION('',(1.0,0.0,0.0));
#11300=DIRECTION('',(0.0,-1.0,0.0));
#11301=DIRECTION('',(0.0,1.0,0.0));
#11302=DIRECTION('',(1.0,-0.0,0.0));
#11303=DIRECTION('',(0.0,1.0,0.0));
#11304=CARTESIAN_POINT('',(0.0,-4.40000000048048,-13.45));
#11305=DIRECTION('',(0.0,0.0,1.0));
#11306=DIRECTION('',(1.0,0.0,0.0));
#11307=CARTESIAN_POINT('',(0.0,0.0034993995195211,-13.45));
#11308=DIRECTION('',(0.0,0.0,1.0));
#11309=DIRECTION('',(1.0,0.0,0.0));
#11310=DIRECTION('',(0.0,-0.0,1.0));
#11311=DIRECTION('',(0.0,0.0,-1.0));
#11312=CARTESIAN_POINT('',(-4.454380551,-2.89999999948048,-13.35));
#11313=DIRECTION('',(0.0,-1.0,-0.0));
#11314=DIRECTION('',(-1.73472347597681E-15,0.0,-1.0));
#11315=DIRECTION('',(0.0,0.0,-1.0));
#11316=DIRECTION('',(-1.0,0.0,0.0));
#11317=DIRECTION('',(0.0,-0.0,1.0));
#11318=CARTESIAN_POINT('',(-4.454380551,-2.89999999948048,-13.35));
#11319=DIRECTION('',(0.0,1.0,0.0));
#11320=DIRECTION('',(0.0,0.0,-1.0));
#11321=DIRECTION('',(0.0,-1.0,0.0));
#11322=CARTESIAN_POINT('',(-4.454380551,-5.89999999948048,-13.35));
#11323=DIRECTION('',(0.0,-1.0,-0.0));
#11324=DIRECTION('',(-1.73472347597681E-15,0.0,-1.0));
#11325=CARTESIAN_POINT('',(-4.454380551,-5.89999999948048,-13.35));
#11326=DIRECTION('',(0.0,-1.0,0.0));
#11327=DIRECTION('',(0.0,0.0,-1.0));
#11328=DIRECTION('',(0.0,0.0,-1.0));
#11329=DIRECTION('',(1.0,0.0,0.0));
#11330=DIRECTION('',(0.0,-0.0,1.0));
#11331=DIRECTION('',(0.0,0.0,-1.0));
#11332=DIRECTION('',(0.0,-1.0,0.0));
#11333=DIRECTION('',(0.0,-1.0,0.0));
#11334=DIRECTION('',(0.0,0.0,1.0));
#11335=DIRECTION('',(0.0,1.0,0.0));
#11336=DIRECTION('',(0.0,0.0,1.0));
#11337=DIRECTION('',(0.0,-1.0,0.0));
#11338=DIRECTION('',(0.0,0.0,1.0));
#11339=DIRECTION('',(0.0,1.0,0.0));
#11340=CARTESIAN_POINT('',(-4.954380551,-5.08735285848048,-4.55));
#11341=DIRECTION('',(-1.0,0.0,0.0));
#11342=DIRECTION('',(0.0,0.0,1.0));
#11343=DIRECTION('',(0.0,0.328465425192663,-0.944515994810571));
#11344=DIRECTION('',(0.0,1.0,0.0));
#11345=DIRECTION('',(0.0,0.0,1.0));
#11346=CARTESIAN_POINT('',(-4.954380551,-3.60000000048048,-4.55));
#11347=DIRECTION('',(-1.0,0.0,0.0));
#11348=DIRECTION('',(0.0,0.0,-1.0));
#11349=DIRECTION('',(0.0,1.0,0.0));
#11350=CARTESIAN_POINT('',(-4.954380551,-3.20000000048048,-4.55));
#11351=DIRECTION('',(-1.0,0.0,0.0));
#11352=DIRECTION('',(0.0,0.0,-1.0));
#11353=DIRECTION('',(-1.0,0.0,0.0));
#11354=CARTESIAN_POINT('',(-4.554380551,-3.20000000048048,-4.55));
#11355=DIRECTION('',(1.0,0.0,0.0));
#11356=DIRECTION('',(0.0,0.0,-1.0));
#11357=DIRECTION('',(0.0,1.0,0.0));
#11358=DIRECTION('',(0.0,0.0,1.0));
#11359=DIRECTION('',(0.0,-1.0,0.0));
#11360=DIRECTION('',(0.0,1.0,0.0));
#11361=CARTESIAN_POINT('',(-4.554380551,-3.60000000048048,-4.55));
#11362=DIRECTION('',(-1.0,0.0,0.0));
#11363=DIRECTION('',(0.0,0.0,-1.0));
#11364=DIRECTION('',(0.0,0.0,1.0));
#11365=DIRECTION('',(0.0,1.0,0.0));
#11366=DIRECTION('',(0.0,0.328465421360465,-0.944515996143258));
#11367=CARTESIAN_POINT('',(-4.554380551,-5.08735285848048,-4.55));
#11368=DIRECTION('',(-1.0,0.0,0.0));
#11369=DIRECTION('',(0.0,0.0,1.0));
#11370=DIRECTION('',(0.0,1.0,0.0));
#11371=DIRECTION('',(0.0,0.0,1.0));
#11372=DIRECTION('',(0.0,-1.0,0.0));
#11373=DIRECTION('',(0.0,0.0,1.0));
#11374=CARTESIAN_POINT('',(-5.104380551,-5.95000000048048,-11.9000000005));
#11375=DIRECTION('',(0.0,0.0,1.0));
#11376=DIRECTION('',(1.0,0.0,0.0));
#11377=DIRECTION('',(1.0,-0.0,0.0));
#11378=DIRECTION('',(0.0,-1.0,0.0));
#11379=DIRECTION('',(-1.0,0.0,0.0));
#11380=CARTESIAN_POINT('',(-5.104380551,-5.95000000048048,-11.9000000005));
#11381=DIRECTION('',(0.0,0.0,-1.0));
#11382=DIRECTION('',(1.0,0.0,0.0));
#11383=DIRECTION('',(1.0,-0.0,0.0));
#11384=DIRECTION('',(-1.0,0.0,0.0));
#11385=DIRECTION('',(-1.0,0.0,0.0));
#11386=DIRECTION('',(-1.0,0.0,0.0));
#11387=DIRECTION('',(-1.0,0.0,0.0));
#11388=DIRECTION('',(-1.0,0.0,0.0));
#11389=CARTESIAN_POINT('',(-5.104380551,-5.95000000048048,-4.25));
#11390=DIRECTION('',(0.0,0.0,-1.0));
#11391=DIRECTION('',(1.0,0.0,0.0));
#11392=DIRECTION('',(-1.0,0.0,0.0));
#11393=DIRECTION('',(0.0,-1.0,0.0));
#11394=DIRECTION('',(1.0,-0.0,0.0));
#11395=CARTESIAN_POINT('',(-5.104380551,-5.95000000048048,-4.25));
#11396=DIRECTION('',(0.0,0.0,1.0));
#11397=DIRECTION('',(1.0,0.0,0.0));
#11398=CARTESIAN_POINT('',(-5.104380551,-5.95000000048048,-5.750000001));
#11399=DIRECTION('',(0.0,0.0,-1.0));
#11400=DIRECTION('',(1.0,0.0,0.0));
#11401=DIRECTION('',(0.0,0.0,1.0));
#11402=CARTESIAN_POINT('',(-5.104380551,-5.95000000048048,-5.750000001));
#11403=DIRECTION('',(0.0,0.0,1.0));
#11404=DIRECTION('',(1.0,0.0,0.0));
#11405=DIRECTION('',(1.0,-0.0,0.0));
#11406=DIRECTION('',(0.0,-1.0,0.0));
#11407=DIRECTION('',(-1.0,0.0,0.0));
#11408=DIRECTION('',(-1.0,0.0,0.0));
#11409=DIRECTION('',(-1.0,0.0,0.0));
#11410=CARTESIAN_POINT('',(-5.104380551,-5.95000000048048,-10.4));
#11411=DIRECTION('',(0.0,0.0,1.0));
#11412=DIRECTION('',(1.0,0.0,0.0));
#11413=DIRECTION('',(1.0,-0.0,0.0));
#11414=DIRECTION('',(0.0,1.0,0.0));
#11415=DIRECTION('',(-1.0,0.0,0.0));
#11416=CARTESIAN_POINT('',(-5.104380551,-5.95000000048048,-10.4));
#11417=DIRECTION('',(0.0,0.0,-1.0));
#11418=DIRECTION('',(1.0,0.0,0.0));
#11419=DIRECTION('',(0.0,0.0,1.0));
#11420=DIRECTION('',(0.0,0.0,1.0));
#11421=DIRECTION('',(0.0,0.0,1.0));
#11422=CARTESIAN_POINT('',(-5.954601837,-6.50000000048048,-10.7));
#11423=DIRECTION('',(2.89120579329468E-15,1.0,0.0));
#11424=DIRECTION('',(-1.0,2.89120579329468E-15,0.0));
#11425=DIRECTION('',(0.0,0.0,1.0));
#11426=CARTESIAN_POINT('',(-5.954601837,-6.50000000048048,-11.6));
#11427=DIRECTION('',(2.89120579329468E-15,1.0,0.0));
#11428=DIRECTION('',(-1.0,2.89120579329468E-15,0.0));
#11429=DIRECTION('',(0.0,-1.0,0.0));
#11430=CARTESIAN_POINT('',(-5.954601837,-6.10000000048048,-11.6));
#11431=DIRECTION('',(2.89120579329468E-15,1.0,-1.04488386739759E-30));
#11432=DIRECTION('',(-1.0,2.89120579329468E-15,7.2280144832367E-16));
#11433=DIRECTION('',(0.0,0.0,1.0));
#11434=CARTESIAN_POINT('',(-5.954601837,-6.10000000048048,-10.7));
#11435=DIRECTION('',(2.89120579329468E-15,1.0,0.0));
#11436=DIRECTION('',(-1.0,2.89120579329468E-15,0.0));
#11437=CARTESIAN_POINT('',(-5.954601837,-6.50000000048048,-4.55));
#11438=DIRECTION('',(2.89120579329468E-15,1.0,0.0));
#11439=DIRECTION('',(-1.0,2.89120579329468E-15,0.0));
#11440=DIRECTION('',(0.0,0.0,1.0));
#11441=CARTESIAN_POINT('',(-5.954601837,-6.50000000048048,-5.45));
#11442=DIRECTION('',(2.89120579329468E-15,1.0,0.0));
#11443=DIRECTION('',(-1.0,2.89120579329468E-15,0.0));
#11444=CARTESIAN_POINT('',(-5.954601837,-6.10000000048048,-4.55));
#11445=DIRECTION('',(2.89120579329468E-15,1.0,0.0));
#11446=DIRECTION('',(-1.0,2.89120579329468E-15,0.0));
#11447=DIRECTION('',(0.0,1.0,0.0));
#11448=DIRECTION('',(0.0,0.0,1.0));
#11449=CARTESIAN_POINT('',(-5.954601837,-6.10000000048048,-5.45));
#11450=DIRECTION('',(2.89120579329468E-15,1.0,0.0));
#11451=DIRECTION('',(-1.0,2.89120579329468E-15,0.0));
#11452=DIRECTION('',(0.0,-1.0,0.0));
#11453=DIRECTION('',(0.0,1.0,0.0));
#11454=CARTESIAN_POINT('',(0.0,0.0,-2.60000001224368));
#11455=DIRECTION('',(0.0,0.0,-1.0));
#11456=DIRECTION('',(1.0,8.58887693460485E-31,0.0));
#11457=CARTESIAN_POINT('',(0.0,0.0,-2.60000000000008));
#11458=DIRECTION('',(1.22464679914734E-16,1.0,1.21072187317664E-44));
#11459=DIRECTION('',(-1.40271637621286E-14,1.71783212024065E-30,-1.0));
#11460=CARTESIAN_POINT('',(0.0,0.0,-2.60000000000008));
#11461=DIRECTION('',(8.58887693460484E-31,-1.0,1.20477583294471E-44));
#11462=DIRECTION('',(1.40271637621286E-14,0.0,-1.0));
#11463=CARTESIAN_POINT('',(0.0,0.0,-2.60000001224368));
#11464=DIRECTION('',(0.0,0.0,-1.0));
#11465=DIRECTION('',(1.0,8.58887693460485E-31,0.0));
#11466=CARTESIAN_POINT('',(0.0,0.0,-2.60000001224368));
#11467=DIRECTION('',(0.0,0.0,-1.0));
#11468=DIRECTION('',(1.0,8.58887693460485E-31,0.0));
#11469=DIRECTION('',(0.0,-3.46944695195361E-16,-1.0));
#11470=CARTESIAN_POINT('',(0.0,-2.34187669256869E-15,-9.35000000000008));
#11471=DIRECTION('',(0.0,-3.46944695195361E-16,-1.0));
#11472=DIRECTION('',(0.0,1.0,-3.46944695195361E-16));
#11473=DIRECTION('',(0.0,-3.46944695195361E-16,-1.0));
#11474=CARTESIAN_POINT('',(0.0,0.0,-10.0500000000001));
#11475=DIRECTION('',(0.0,0.0,-1.0));
#11476=DIRECTION('',(1.0,8.88178419700125E-16,0.0));
#11477=DIRECTION('',(0.0,0.0,1.0));
#11478=CARTESIAN_POINT('',(0.0,0.0,-9.45000000002077));
#11479=DIRECTION('',(0.0,0.0,1.0));
#11480=DIRECTION('',(0.0,-1.0,0.0));
#11481=DIRECTION('',(0.0,0.0,1.0));
#11482=CARTESIAN_POINT('',(0.0,0.0,-13.8500000000001));
#11483=DIRECTION('',(0.0,0.0,-1.0));
#11484=DIRECTION('',(1.0,0.0,0.0));
#11485=DIRECTION('',(0.0,0.0,1.0));
#11486=CARTESIAN_POINT('',(0.0,0.0,-10.1500000000001));
#11487=DIRECTION('',(0.0,0.0,-1.0));
#11488=DIRECTION('',(1.0,0.0,0.0));
#11489=DIRECTION('',(0.0,0.0,1.0));
#11490=CARTESIAN_POINT('',(0.0,0.0,-13.9041960110001));
#11491=DIRECTION('',(0.0,0.0,-1.0));
#11492=DIRECTION('',(1.0,8.88178419700125E-16,0.0));
#11493=DIRECTION('',(0.0,0.0,1.0));
#11494=CARTESIAN_POINT('',(0.0,0.0,-13.8500000000001));
#11495=DIRECTION('',(0.0,0.0,-1.0));
#11496=DIRECTION('',(1.0,0.0,0.0));
#11497=DIRECTION('',(0.0,0.0,1.0));
#11498=CARTESIAN_POINT('',(0.0,0.0,-13.9000000000001));
#11499=DIRECTION('',(0.0,0.0,1.0));
#11500=DIRECTION('',(0.0,-1.0,0.0));
#11501=DIRECTION('',(0.0,0.0,1.0));
#11502=CARTESIAN_POINT('',(0.0,0.0,-13.1500000000001));
#11503=DIRECTION('',(0.0,0.0,1.0));
#11504=DIRECTION('',(1.0,0.0,0.0));
#11505=DIRECTION('',(0.0,0.0,1.0));
#11506=DIRECTION('',(-0.866025403730548,0.0,-0.500000000093341));
#11507=DIRECTION('',(0.866025403730549,1.06057523865891E-16,-0.50000000009334));
#11508=CARTESIAN_POINT('',(0.0,0.0,-2.60000001224368));
#11509=DIRECTION('',(0.0,0.0,-1.0));
#11510=DIRECTION('',(1.0,8.58887693460485E-31,0.0));
#11511=CARTESIAN_POINT('',(0.0,-2.34187669256869E-15,-9.35000000000008));
#11512=DIRECTION('',(0.0,-3.46944695195361E-16,-1.0));
#11513=DIRECTION('',(0.0,1.0,-3.46944695195361E-16));
#11514=CARTESIAN_POINT('',(0.0,0.0,-9.45000000002077));
#11515=DIRECTION('',(0.0,1.6940658945086E-17,1.0));
#11516=DIRECTION('',(0.0,-1.0,1.6940658945086E-17));
#11517=CARTESIAN_POINT('',(0.0,0.0,-10.0500000000001));
#11518=DIRECTION('',(0.0,0.0,-1.0));
#11519=DIRECTION('',(1.0,0.0,0.0));
#11520=CARTESIAN_POINT('',(0.0,0.0,-10.1500000000001));
#11521=DIRECTION('',(0.0,0.0,-1.0));
#11522=DIRECTION('',(1.0,0.0,0.0));
#11523=CARTESIAN_POINT('',(0.0,0.0,-13.8500000000001));
#11524=DIRECTION('',(0.0,0.0,-1.0));
#11525=DIRECTION('',(1.0,0.0,0.0));
#11526=CARTESIAN_POINT('',(0.0,0.0,-13.8500000000001));
#11527=DIRECTION('',(0.0,0.0,-1.0));
#11528=DIRECTION('',(1.0,0.0,0.0));
#11529=CARTESIAN_POINT('',(0.0,0.0,-13.9041960110001));
#11530=DIRECTION('',(0.0,0.0,-1.0));
#11531=DIRECTION('',(1.0,0.0,0.0));
#11532=CARTESIAN_POINT('',(0.0,0.0,-14.1999999999653));
#11533=DIRECTION('',(0.0,0.0,1.0));
#11534=DIRECTION('',(1.0,0.0,0.0));
#11535=CARTESIAN_POINT('',(0.0,0.0,-14.1999999999653));
#11536=DIRECTION('',(0.0,0.0,1.0));
#11537=DIRECTION('',(0.0,-1.0,0.0));
#11538=CARTESIAN_POINT('',(0.0,0.0,-13.9000000000001));
#11539=DIRECTION('',(0.0,-1.15648231731787E-15,1.0));
#11540=DIRECTION('',(0.0,-1.0,-1.15648231731787E-15));
#11541=CARTESIAN_POINT('',(0.0,0.0,-13.1500000000001));
#11542=DIRECTION('',(0.0,0.0,1.0));
#11543=DIRECTION('',(1.0,0.0,0.0));
#11544=PRESENTATION_LAYER_ASSIGNMENT('-1','NONE',(#46,#48,#50,#52,#54,#56,#58,#60));
ENDSEC;
END-ISO-10303-21;
