#VRML V2.0 utf8
# 3D model generated by easyeda2kicad.py (https://github.com/uPesy/easyeda2kicad.py)

Shape{
    appearance Appearance {
        material  Material 	{
            diffuseColor 0.24313725490196078 0.24313725490196078 0.24313725490196078
            specularColor 0.24313725490196078 0.24313725490196078 0.24313725490196078
            ambientIntensity 0.2431
            transparency 0.0
            shininess 0.5
        }
    }
    geometry IndexedFaceSet {
        ccw TRUE
        solid FALSE
        coord DEF co Coordinate {
            point [
                -0.6178 -0.0884 -1.1811, -0.6178 -0.0884 -1.1417, -0.5742 -0.2218 -1.1811, -0.5742 -0.2218 -1.1417, -0.5307 -0.0884 -1.1811, -0.5307 -0.0884 -1.1417
            ]
        }
        coordIndex [
            0,1,2,-1,2,1,3,-1,4,5,0,-1,0,5,1,-1,
        ]
    }
}
Shape{
    appearance Appearance {
        material  Material 	{
            diffuseColor 1.0 1.0 0.9450980392156862
            specularColor 1.0 1.0 0.9450980392156862
            ambientIntensity 0.9937
            transparency 0.0
            shininess 0.5
        }
    }
    geometry IndexedFaceSet {
        ccw TRUE
        solid FALSE
        coord DEF co Coordinate {
            point [
                -0.6178 -0.0884 -1.1417, -0.5307 -0.0884 -1.1417, -0.5742 -0.2218 -1.1417
            ]
        }
        coordIndex [
            0,1,2,-1,
        ]
    }
}
Shape{
    appearance Appearance {
        material  Material 	{
            diffuseColor 0.24313725490196078 0.24313725490196078 0.24313725490196078
            specularColor 0.24313725490196078 0.24313725490196078 0.24313725490196078
            ambientIntensity 0.2431
            transparency 0.0
            shininess 0.5
        }
    }
    geometry IndexedFaceSet {
        ccw TRUE
        solid FALSE
        coord DEF co Coordinate {
            point [
                -0.5742 -0.2218 -1.1811, -0.5742 -0.2218 -1.1417, -0.5307 -0.0884 -1.1811, -0.5307 -0.0884 -1.1417, -0.6178 -0.0884 -1.1811, -0.6226 -0.0686 -1.1811, -0.5258 -0.0686 -1.1811, -0.642 -0.0093 -1.1811, -0.671 -0.0093 -1.1811, -0.5936 -0.2416 -1.1811, -0.5549 -0.2416 -1.1811, -0.4774 -0.0093 -1.1811, -0.5065 -0.0093 -1.1811, -0.5936 -0.2416 -1.1417, -0.671 -0.0093 -1.1417, -0.642 -0.0093 -1.1417, -0.6226 -0.0686 -1.1417, -0.5258 -0.0686 -1.1417, -0.5065 -0.0093 -1.1417, -0.4774 -0.0093 -1.1417, -0.5549 -0.2416 -1.1417, -0.8743 -0.039 -1.1811, -0.8743 -0.039 -1.1417, -0.8743 -0.212 -1.1811, -0.8743 -0.212 -1.1417, -0.7871 -0.039 -1.1811, -0.7871 -0.039 -1.1417, -0.7678 -0.0439 -1.1811, -0.7678 -0.0439 -1.1417, -0.7533 -0.0538 -1.1811, -0.7533 -0.0538 -1.1417, -0.7436 -0.0686 -1.1811, -0.7436 -0.0686 -1.1417, -0.7388 -0.0884 -1.1811, -0.7388 -0.0884 -1.1417, -0.7388 -0.1625 -1.1811, -0.7388 -0.1625 -1.1417, -0.7436 -0.1823 -1.1811, -0.7436 -0.1823 -1.1417, -0.7533 -0.1971 -1.1811, -0.7533 -0.1971 -1.1417, -0.7678 -0.207 -1.1811, -0.7678 -0.207 -1.1417, -0.7871 -0.212 -1.1811, -0.7871 -0.212 -1.1417
            ]
        }
        coordIndex [
            0,1,2,-1,2,1,3,-1,4,5,2,-1,2,5,6,-1,7,5,8,-1,8,5,4,-1,8,4,9,-1,9,4,0,-1,9,0,10,-1,10,0,2,-1,10,2,11,-1,11,2,6,-1,11,6,12,-1,9,13,8,-1,8,13,14,-1,8,14,7,-1,7,14,15,-1,7,15,5,-1,5,15,16,-1,5,16,6,-1,6,16,17,-1,6,17,12,-1,12,17,18,-1,12,18,11,-1,11,18,19,-1,11,19,10,-1,10,19,20,-1,10,20,9,-1,9,20,13,-1,21,22,23,-1,23,22,24,-1,25,26,21,-1,21,26,22,-1,27,28,25,-1,25,28,26,-1,29,30,27,-1,27,30,28,-1,31,32,29,-1,29,32,30,-1,33,34,31,-1,31,34,32,-1,35,36,33,-1,33,36,34,-1,37,38,35,-1,35,38,36,-1,39,40,37,-1,37,40,38,-1,41,42,39,-1,39,42,40,-1,43,44,41,-1,41,44,42,-1,
        ]
    }
}
Shape{
    appearance Appearance {
        material  Material 	{
            diffuseColor 1.0 1.0 0.9450980392156862
            specularColor 1.0 1.0 0.9450980392156862
            ambientIntensity 0.9937
            transparency 0.0
            shininess 0.5
        }
    }
    geometry IndexedFaceSet {
        ccw TRUE
        solid FALSE
        coord DEF co Coordinate {
            point [
                -0.7871 -0.039 -1.1417, -0.7678 -0.0439 -1.1417, -0.7533 -0.0538 -1.1417, -0.7533 -0.1971 -1.1417, -0.7678 -0.207 -1.1417, -0.7436 -0.1823 -1.1417, -0.7871 -0.212 -1.1417, -0.7388 -0.1625 -1.1417, -0.8743 -0.212 -1.1417, -0.7388 -0.0884 -1.1417, -0.8743 -0.039 -1.1417, -0.7436 -0.0686 -1.1417
            ]
        }
        coordIndex [
            0,1,2,-1,3,4,5,-1,5,4,6,-1,5,6,7,-1,7,6,8,-1,7,8,9,-1,8,10,9,-1,9,10,0,-1,9,0,11,-1,11,0,2,-1,
        ]
    }
}
Shape{
    appearance Appearance {
        material  Material 	{
            diffuseColor 0.24313725490196078 0.24313725490196078 0.24313725490196078
            specularColor 0.24313725490196078 0.24313725490196078 0.24313725490196078
            ambientIntensity 0.2431
            transparency 0.0
            shininess 0.5
        }
    }
    geometry IndexedFaceSet {
        ccw TRUE
        solid FALSE
        coord DEF co Coordinate {
            point [
                -0.8743 -0.212 -1.1811, -0.8743 -0.212 -1.1417, -0.7871 -0.212 -1.1811, -0.7871 -0.212 -1.1417, -0.7678 -0.207 -1.1811, -0.7629 -0.2367 -1.1811, -0.7871 -0.2416 -1.1811, -0.9033 -0.2416 -1.1811, -0.8743 -0.039 -1.1811, -0.9033 -0.0093 -1.1811, -0.7871 -0.039 -1.1811, -0.7871 -0.0093 -1.1811, -0.7678 -0.0439 -1.1811, -0.7629 -0.0143 -1.1811, -0.7436 -0.0242 -1.1811, -0.7533 -0.0538 -1.1811, -0.7242 -0.0439 -1.1811, -0.7436 -0.0686 -1.1811, -0.7146 -0.0637 -1.1811, -0.7388 -0.0884 -1.1811, -0.7097 -0.0884 -1.1811, -0.7388 -0.1625 -1.1811, -0.7097 -0.1625 -1.1811, -0.7436 -0.1823 -1.1811, -0.7146 -0.1872 -1.1811, -0.7533 -0.1971 -1.1811, -0.7242 -0.207 -1.1811, -0.7436 -0.2268 -1.1811, -0.9033 -0.2416 -1.1417, -0.9033 -0.0093 -1.1417, -0.7871 -0.0093 -1.1417, -0.7629 -0.0143 -1.1417, -0.7436 -0.0242 -1.1417, -0.7242 -0.0439 -1.1417, -0.7146 -0.0637 -1.1417, -0.7097 -0.0884 -1.1417, -0.7097 -0.1625 -1.1417, -0.7146 -0.1872 -1.1417, -0.7242 -0.207 -1.1417, -0.7436 -0.2268 -1.1417, -0.7629 -0.2367 -1.1417, -0.7871 -0.2416 -1.1417, -1.1162 -0.0093 -1.1811, -0.942 -0.0093 -1.1811, -0.942 -0.039 -1.1811, -1.0872 -0.039 -1.1811, -1.0872 -0.1181 -1.1811, -1.1162 -0.2416 -1.1811, -0.942 -0.212 -1.1811, -0.942 -0.2416 -1.1811, -1.0872 -0.212 -1.1811, -1.0872 -0.1477 -1.1811, -0.9614 -0.1477 -1.1811, -0.9614 -0.1181 -1.1811, -1.0872 -0.039 -1.1417, -1.0872 -0.1181 -1.1417, -0.9614 -0.1181 -1.1417, -0.9614 -0.1477 -1.1417, -1.0872 -0.1477 -1.1417, -1.0872 -0.212 -1.1417, -0.942 -0.212 -1.1417, -0.942 -0.2416 -1.1417, -1.1162 -0.2416 -1.1417, -1.1162 -0.0093 -1.1417, -0.942 -0.0093 -1.1417, -0.942 -0.039 -1.1417, -1.184 -0.0686 -1.1811, -1.184 -0.0686 -1.1417, -1.1888 -0.0538 -1.1811, -1.1888 -0.0538 -1.1417, -1.2033 -0.0439 -1.1811, -1.2033 -0.0439 -1.1417, -1.2227 -0.039 -1.1811, -1.2227 -0.039 -1.1417, -1.2662 -0.039 -1.1811, -1.2662 -0.039 -1.1417, -1.2856 -0.0439 -1.1811, -1.2856 -0.0439 -1.1417, -1.3001 -0.0538 -1.1811, -1.3001 -0.0538 -1.1417, -1.3098 -0.0686 -1.1811, -1.3098 -0.0686 -1.1417, -1.184 -0.1823 -1.1811, -1.1549 -0.1823 -1.1811, -1.1888 -0.1971 -1.1811, -1.1598 -0.207 -1.1811, -1.2033 -0.207 -1.1811, -1.1549 -0.0686 -1.1811, -1.1598 -0.0439 -1.1811, -1.1791 -0.0242 -1.1811, -1.1791 -0.2268 -1.1811, -1.1985 -0.2367 -1.1811, -1.2227 -0.212 -1.1811, -1.2227 -0.2416 -1.1811, -1.2662 -0.212 -1.1811, -1.2662 -0.2416 -1.1811, -1.2856 -0.207 -1.1811, -1.2904 -0.0143 -1.1811, -1.2662 -0.0093 -1.1811, -1.2227 -0.0093 -1.1811, -1.1985 -0.0143 -1.1811, -1.2904 -0.2367 -1.1811, -1.3098 -0.2268 -1.1811, -1.3001 -0.1971 -1.1811, -1.3291 -0.207 -1.1811, -1.3098 -0.1823 -1.1811, -1.3388 -0.1872 -1.1811, -1.3146 -0.1625 -1.1811, -1.3437 -0.1625 -1.1811, -1.3146 -0.0884 -1.1811, -1.3437 -0.0884 -1.1811, -1.3388 -0.0637 -1.1811, -1.3291 -0.0439 -1.1811, -1.3098 -0.0242 -1.1811, -1.3146 -0.0884 -1.1417, -1.3146 -0.1625 -1.1417, -1.3098 -0.1823 -1.1417, -1.3001 -0.1971 -1.1417, -1.2856 -0.207 -1.1417, -1.2662 -0.212 -1.1417, -1.2227 -0.212 -1.1417, -1.2033 -0.207 -1.1417, -1.1888 -0.1971 -1.1417, -1.184 -0.1823 -1.1417, -1.1549 -0.1823 -1.1417, -1.1598 -0.207 -1.1417, -1.1791 -0.2268 -1.1417, -1.1985 -0.2367 -1.1417, -1.2227 -0.2416 -1.1417, -1.2662 -0.2416 -1.1417, -1.2904 -0.2367 -1.1417, -1.3098 -0.2268 -1.1417, -1.3291 -0.207 -1.1417, -1.3388 -0.1872 -1.1417, -1.3437 -0.1625 -1.1417, -1.3437 -0.0884 -1.1417, -1.3388 -0.0637 -1.1417, -1.3291 -0.0439 -1.1417, -1.3098 -0.0242 -1.1417, -1.2904 -0.0143 -1.1417, -1.2662 -0.0093 -1.1417, -1.2227 -0.0093 -1.1417, -1.1985 -0.0143 -1.1417, -1.1791 -0.0242 -1.1417, -1.1598 -0.0439 -1.1417, -1.1549 -0.0686 -1.1417, -1.5275 -0.2416 -1.1811, -1.5566 -0.2416 -1.1811, -1.5275 -0.039 -1.1811, -1.5566 -0.0093 -1.1811, -1.3824 -0.039 -1.1811, -1.3824 -0.0093 -1.1811, -1.5566 -0.0093 -1.1417, -1.3824 -0.0093 -1.1417, -1.3824 -0.039 -1.1417, -1.5275 -0.039 -1.1417, -1.5275 -0.2416 -1.1417, -1.5566 -0.2416 -1.1417
            ]
        }
        coordIndex [
            0,1,2,-1,2,1,3,-1,4,5,2,-1,2,5,6,-1,2,6,0,-1,0,6,7,-1,0,7,8,-1,8,7,9,-1,8,9,10,-1,10,9,11,-1,10,11,12,-1,11,13,12,-1,12,13,14,-1,12,14,15,-1,15,14,16,-1,15,16,17,-1,17,16,18,-1,17,18,19,-1,19,18,20,-1,19,20,21,-1,21,20,22,-1,21,22,23,-1,23,22,24,-1,23,24,25,-1,25,24,26,-1,25,26,4,-1,4,26,27,-1,4,27,5,-1,7,28,9,-1,9,28,29,-1,9,29,11,-1,11,29,30,-1,11,30,13,-1,13,30,31,-1,13,31,14,-1,14,31,32,-1,14,32,16,-1,16,32,33,-1,16,33,18,-1,18,33,34,-1,18,34,20,-1,20,34,35,-1,20,35,22,-1,22,35,36,-1,22,36,24,-1,24,36,37,-1,24,37,26,-1,26,37,38,-1,26,38,27,-1,27,38,39,-1,27,39,5,-1,5,39,40,-1,5,40,6,-1,6,40,41,-1,6,41,7,-1,7,41,28,-1,42,43,44,-1,44,45,42,-1,42,45,46,-1,42,46,47,-1,48,49,50,-1,50,49,47,-1,50,47,51,-1,51,47,46,-1,51,46,52,-1,52,46,53,-1,45,54,46,-1,46,54,55,-1,46,55,53,-1,53,55,56,-1,53,56,52,-1,52,56,57,-1,52,57,51,-1,51,57,58,-1,51,58,50,-1,50,58,59,-1,50,59,48,-1,48,59,60,-1,48,60,49,-1,49,60,61,-1,49,61,47,-1,47,61,62,-1,47,62,42,-1,42,62,63,-1,42,63,43,-1,43,63,64,-1,43,64,44,-1,44,64,65,-1,44,65,45,-1,45,65,54,-1,66,67,68,-1,68,67,69,-1,68,69,70,-1,70,69,71,-1,70,71,72,-1,72,71,73,-1,72,73,74,-1,74,73,75,-1,74,75,76,-1,76,75,77,-1,76,77,78,-1,78,77,79,-1,78,79,80,-1,80,79,81,-1,82,83,84,-1,84,83,85,-1,84,85,86,-1,87,66,88,-1,88,66,68,-1,88,68,89,-1,89,68,70,-1,85,90,86,-1,86,90,91,-1,86,91,92,-1,92,91,93,-1,92,93,94,-1,94,93,95,-1,94,95,96,-1,76,97,74,-1,74,97,98,-1,74,98,72,-1,72,98,99,-1,72,99,70,-1,70,99,100,-1,70,100,89,-1,95,101,96,-1,96,101,102,-1,96,102,103,-1,103,102,104,-1,103,104,105,-1,105,104,106,-1,105,106,107,-1,107,106,108,-1,107,108,109,-1,109,108,110,-1,109,110,80,-1,80,110,111,-1,80,111,78,-1,78,111,112,-1,78,112,76,-1,76,112,113,-1,76,113,97,-1,109,114,107,-1,107,114,115,-1,107,115,105,-1,105,115,116,-1,105,116,103,-1,103,116,117,-1,103,117,96,-1,96,117,118,-1,96,118,94,-1,94,118,119,-1,94,119,92,-1,92,119,120,-1,92,120,86,-1,86,120,121,-1,86,121,84,-1,84,121,122,-1,84,122,82,-1,82,122,123,-1,82,123,83,-1,83,123,124,-1,83,124,85,-1,85,124,125,-1,85,125,90,-1,90,125,126,-1,90,126,91,-1,91,126,127,-1,91,127,93,-1,93,127,128,-1,93,128,95,-1,95,128,129,-1,95,129,101,-1,101,129,130,-1,101,130,102,-1,102,130,131,-1,102,131,104,-1,104,131,132,-1,104,132,106,-1,106,132,133,-1,106,133,108,-1,108,133,134,-1,108,134,110,-1,110,134,135,-1,110,135,111,-1,111,135,136,-1,111,136,112,-1,112,136,137,-1,112,137,113,-1,113,137,138,-1,113,138,97,-1,97,138,139,-1,97,139,98,-1,98,139,140,-1,98,140,99,-1,99,140,141,-1,99,141,100,-1,100,141,142,-1,100,142,89,-1,89,142,143,-1,89,143,88,-1,88,143,144,-1,88,144,87,-1,87,144,145,-1,87,145,66,-1,66,145,67,-1,146,147,148,-1,148,147,149,-1,148,149,150,-1,150,149,151,-1,149,152,151,-1,151,152,153,-1,151,153,150,-1,150,153,154,-1,150,154,148,-1,148,154,155,-1,148,155,146,-1,146,155,156,-1,146,156,147,-1,147,156,157,-1,147,157,149,-1,149,157,152,-1,
        ]
    }
}
Shape{
    appearance Appearance {
        material  Material 	{
            diffuseColor 1.0 1.0 0.9450980392156862
            specularColor 1.0 1.0 0.9450980392156862
            ambientIntensity 0.9937
            transparency 0.0
            shininess 0.5
        }
    }
    geometry IndexedFaceSet {
        ccw TRUE
        solid FALSE
        coord DEF co Coordinate {
            point [
                -2.8437 -1.4185 1.6929, 1.7233 -1.4185 1.6929, 1.7233 -1.3974 1.7717, -2.8437 -1.3974 1.7717, 1.7233 -1.3398 1.8293, -2.8437 -1.3398 1.8293, 1.7233 -1.261 1.8504, -2.8437 -1.261 1.8504, 1.7233 2.4791 1.8504, -2.8437 2.4791 1.8504, 0.6984 0.3936 -1.063, 0.6984 0.3936 -1.1339, 0.7453 0.8333 -1.063, 0.7453 0.8333 -1.1339, 0.7389 0.8953 -1.1339, 0.7389 0.8953 -1.063, 0.7078 0.9492 -1.1339, 0.7078 0.9492 -1.063, 0.6575 0.9859 -1.1339, 0.6575 0.9859 -1.063, 0.5966 0.9988 -1.1339, 0.5966 0.9988 -1.063, -0.0146 0.9988 -1.063, -0.0146 0.9988 -1.1339, -0.0743 0.9864 -1.1339, -0.0743 0.9864 -1.063, -0.1241 0.9511 -1.1339, -0.1241 0.9511 -1.063, -0.1557 0.8989 -1.1339, -0.1557 0.8989 -1.063, -0.1638 0.8384 -1.1339, -0.1638 0.8384 -1.063, -0.1312 0.3879 -1.063, -0.1312 0.3879 -1.1339, -0.1402 0.3211 -1.063, -0.1402 0.3211 -1.1339, -0.1751 0.2634 -1.063, -0.1751 0.2634 -1.1339, -0.2301 0.2244 -1.063, -0.2301 0.2244 -1.1339, -0.2962 0.2107 -1.063, -0.2962 0.2107 -1.1339, -0.9134 0.2107 -1.063, -0.9134 0.2107 -1.1339, -0.9809 0.2251 -1.063, -0.9809 0.2251 -1.1339, -1.0367 0.2659 -1.063, -1.0367 0.2659 -1.1339, -1.0709 0.3259 -1.063, -1.0709 0.3259 -1.1339, -1.0777 0.3946 -1.063, -1.0777 0.3946 -1.1339, -1.0282 0.8324 -1.063, -1.0282 0.8324 -1.1339, -1.0343 0.8946 -1.1339, -1.0343 0.8946 -1.063, -1.0653 0.9489 -1.1339, -1.0653 0.9489 -1.063, -1.1158 0.9858 -1.1339, -1.1158 0.9858 -1.063, -1.1769 0.9988 -1.1339, -1.1769 0.9988 -1.063, -1.7918 0.9988 -1.063, -1.7918 0.9988 -1.1339, -1.8515 0.9864 -1.1339, -1.8515 0.9864 -1.063, -1.9013 0.9511 -1.1339, -1.9013 0.9511 -1.063, -1.9329 0.8989 -1.1339, -1.9329 0.8989 -1.063, -1.941 0.8384 -1.1339, -1.941 0.8384 -1.063, -1.9085 0.3879 -1.063, -1.9085 0.3879 -1.1339, -1.9175 0.3211 -1.063, -1.9175 0.3211 -1.1339, -1.9524 0.2634 -1.063, -1.9524 0.2634 -1.1339, -2.0074 0.2244 -1.063, -2.0074 0.2244 -1.1339, -2.0734 0.2107 -1.063, -2.0734 0.2107 -1.1339, -2.8437 0.2107 -1.063, -2.8437 0.2107 -1.1339, -0.9342 -1.261 -1.1417, 1.7233 -1.261 -1.1417, 1.7233 -1.3398 -1.1206, -0.9342 -1.3398 -1.1206, 1.7233 -1.3974 -1.063, -0.9342 -1.3974 -1.063, 1.7233 -1.4185 -0.9842, -0.9342 -1.4185 -0.9842, -1.1901 -2.0681 -0.6693, -1.5445 -2.0681 -0.6693, -1.1901 -1.9894 -0.6693, -1.5445 -1.9894 -0.6693, -1.072 -1.9106 0.0787, -1.6626 -1.9106 0.0787, -1.6626 -1.9894 0.0576, -1.072 -1.9894 0.0576, -1.6626 -2.047 0.0, -1.072 -2.047 0.0, -1.6626 -2.0681 -0.0787, -1.072 -2.0681 -0.0787, -1.6626 -1.4972 0.0787, -1.072 -1.4972 0.0787, -1.072 -1.4185 0.1575, -1.6626 -1.4185 0.1575, -1.072 -1.429 0.1181, -1.6626 -1.429 0.1181, -1.072 -1.4579 0.0893, -1.6626 -1.4579 0.0893, 0.4641 -1.2023 0.9836, 0.4641 -1.2023 1.0229, 0.4903 -1.128 0.9836, 0.4903 -1.128 1.0229, 0.5152 -1.1368 0.8851, 0.489 -1.211 0.8851, 0.5831 -1.1607 0.8131, 0.557 -1.235 0.8131, 0.676 -1.1935 0.7867, 0.6498 -1.2677 0.7867, 1.0391 -1.4049 0.7867, 1.0391 -1.4049 1.2198, 0.6498 -1.2677 1.2198, 0.5787 -1.2427 1.2048, 0.5185 -1.2214 1.1621, 0.4783 -1.2073 1.0983, 0.5044 -1.133 1.0983, 0.5447 -1.1472 1.1621, 0.6049 -1.1684 1.2048, 0.676 -1.1935 1.2198, 1.0653 -1.3307 1.2198, 1.0653 -1.3307 0.7867, 1.1183 -1.3398 0.7867, 1.1183 -1.3398 1.2198, 0.3128 -1.3398 1.3256, 0.3128 -1.4185 1.3256, 0.3128 -1.3398 0.6809, 0.3128 -1.4185 0.6809, 1.1862 -1.4185 0.6809, 1.1862 -1.3398 0.6809, 1.2091 -1.3398 0.6861, 1.2091 -1.4185 0.6861, 1.2275 -1.3398 0.7008, 1.2275 -1.4185 0.7008, 1.2378 -1.3398 0.722, 1.2378 -1.4185 0.722, 1.2378 -1.3398 0.7456, 1.2378 -1.4185 0.7456, 1.2275 -1.3398 0.7668, 1.2275 -1.4185 0.7668, 1.2091 -1.3398 0.7815, 1.2091 -1.4185 0.7815, 1.1862 -1.3398 0.7867, 1.1862 -1.4185 0.7867, 1.1183 -1.4185 0.7867, 1.1183 -1.4185 1.2198, 1.1862 -1.3398 1.2198, 1.1862 -1.4185 1.2198, 1.2126 -1.3398 1.2269, 1.2126 -1.4185 1.2269, 1.232 -1.3398 1.2462, 1.232 -1.4185 1.2462, 1.2391 -1.3398 1.2727, 1.2391 -1.4185 1.2727, 1.232 -1.3398 1.2991, 1.232 -1.4185 1.2991, 1.2126 -1.3398 1.3185, 1.2126 -1.4185 1.3185, 1.1862 -1.3398 1.3256, 1.1862 -1.4185 1.3256
            ]
        }
        coordIndex [
            0,1,2,-1,0,2,3,-1,3,2,4,-1,3,4,5,-1,5,4,6,-1,5,6,7,-1,8,9,6,-1,6,9,7,-1,10,11,12,-1,12,11,13,-1,12,13,14,-1,12,14,15,-1,15,14,16,-1,15,16,17,-1,17,16,18,-1,17,18,19,-1,19,18,20,-1,19,20,21,-1,21,20,22,-1,22,20,23,-1,22,23,24,-1,22,24,25,-1,25,24,26,-1,25,26,27,-1,27,26,28,-1,27,28,29,-1,29,28,30,-1,29,30,31,-1,31,30,32,-1,32,30,33,-1,32,33,34,-1,34,33,35,-1,34,35,36,-1,36,35,37,-1,36,37,38,-1,38,37,39,-1,38,39,40,-1,40,39,41,-1,40,41,42,-1,42,41,43,-1,42,43,44,-1,44,43,45,-1,44,45,46,-1,46,45,47,-1,46,47,48,-1,48,47,49,-1,48,49,50,-1,50,49,51,-1,50,51,52,-1,52,51,53,-1,52,53,54,-1,52,54,55,-1,55,54,56,-1,55,56,57,-1,57,56,58,-1,57,58,59,-1,59,58,60,-1,59,60,61,-1,61,60,62,-1,62,60,63,-1,62,63,64,-1,62,64,65,-1,65,64,66,-1,65,66,67,-1,67,66,68,-1,67,68,69,-1,69,68,70,-1,69,70,71,-1,71,70,72,-1,72,70,73,-1,72,73,74,-1,74,73,75,-1,74,75,76,-1,76,75,77,-1,76,77,78,-1,78,77,79,-1,78,79,80,-1,80,79,81,-1,80,81,82,-1,82,81,83,-1,84,85,86,-1,84,86,87,-1,87,86,88,-1,87,88,89,-1,89,88,90,-1,89,90,91,-1,92,93,94,-1,94,93,95,-1,96,97,98,-1,96,98,99,-1,99,98,100,-1,99,100,101,-1,101,100,102,-1,101,102,103,-1,97,96,104,-1,104,96,105,-1,106,107,108,-1,108,107,109,-1,108,109,110,-1,110,109,111,-1,110,111,105,-1,105,111,104,-1,112,113,114,-1,114,113,115,-1,112,114,116,-1,112,116,117,-1,117,116,118,-1,117,118,119,-1,119,118,120,-1,119,120,121,-1,122,123,121,-1,121,123,124,-1,121,124,125,-1,117,119,112,-1,112,119,121,-1,112,121,113,-1,125,126,121,-1,121,126,127,-1,121,127,113,-1,115,113,127,-1,115,127,128,-1,128,127,126,-1,128,126,129,-1,129,126,125,-1,129,125,130,-1,130,125,124,-1,130,124,131,-1,120,118,116,-1,116,114,120,-1,120,114,115,-1,120,115,128,-1,132,133,131,-1,131,133,120,-1,131,120,130,-1,130,120,128,-1,130,128,129,-1,133,132,134,-1,134,132,135,-1,136,137,138,-1,138,137,139,-1,139,140,138,-1,138,140,141,-1,141,140,142,-1,142,140,143,-1,142,143,144,-1,144,143,145,-1,144,145,146,-1,146,145,147,-1,146,147,148,-1,148,147,149,-1,148,149,150,-1,150,149,151,-1,150,151,152,-1,152,151,153,-1,152,153,154,-1,154,153,155,-1,154,155,134,-1,134,155,156,-1,134,156,133,-1,133,156,122,-1,133,122,120,-1,120,122,121,-1,157,123,156,-1,156,123,122,-1,131,124,132,-1,132,124,123,-1,132,123,135,-1,135,123,157,-1,135,157,158,-1,158,157,159,-1,158,159,160,-1,160,159,161,-1,160,161,162,-1,162,161,163,-1,162,163,164,-1,164,163,165,-1,164,165,166,-1,166,165,167,-1,166,167,168,-1,168,167,169,-1,168,169,170,-1,170,169,171,-1,136,170,137,-1,137,170,171,-1,
        ]
    }
}
Shape{
    appearance Appearance {
        material  Material 	{
            diffuseColor 0.8 0.5725490196078431 0.10196078431372549
            specularColor 0.5450980392156862 0.39215686274509803 0.06666666666666667
            ambientIntensity 0.6908
            transparency 0.0
            shininess 0.5
        }
    }
    geometry IndexedFaceSet {
        ccw TRUE
        solid FALSE
        coord DEF co Coordinate {
            point [
                1.1795 -1.3398 -0.3383, 1.1795 -1.4185 -0.3383, 1.1721 -1.3398 -0.3103, 1.1721 -1.4185 -0.3103, 1.1516 -1.3398 -0.2899, 1.1516 -1.4185 -0.2899, 1.1237 -1.3398 -0.2824, 1.1237 -1.4185 -0.2824, 1.0958 -1.3398 -0.2899, 1.0958 -1.4185 -0.2899, 1.0754 -1.3398 -0.3103, 1.0754 -1.4185 -0.3103, 1.0679 -1.3398 -0.3383, 1.0679 -1.4185 -0.3383, 1.0679 -1.3398 -0.7531, 1.0679 -1.4185 -0.7531, 1.0754 -1.3398 -0.781, 1.0754 -1.4185 -0.781, 1.0958 -1.3398 -0.8015, 1.0958 -1.4185 -0.8015, 1.1237 -1.3398 -0.8089, 1.1237 -1.4185 -0.8089, 1.1516 -1.3398 -0.8015, 1.1516 -1.4185 -0.8015, 1.1721 -1.3398 -0.781, 1.1721 -1.4185 -0.781, 1.1795 -1.3398 -0.7531, 1.1795 -1.4185 -0.7531
            ]
        }
        coordIndex [
            0,1,2,-1,2,1,3,-1,2,3,4,-1,4,3,5,-1,4,5,6,-1,6,5,7,-1,6,7,8,-1,8,7,9,-1,8,9,10,-1,10,9,11,-1,10,11,12,-1,12,11,13,-1,12,13,14,-1,14,13,15,-1,14,15,16,-1,16,15,17,-1,16,17,18,-1,18,17,19,-1,18,19,20,-1,20,19,21,-1,20,21,22,-1,22,21,23,-1,22,23,24,-1,24,23,25,-1,24,25,26,-1,26,25,27,-1,
        ]
    }
}
Shape{
    appearance Appearance {
        material  Material 	{
            diffuseColor 1.0 1.0 0.9450980392156862
            specularColor 1.0 1.0 0.9450980392156862
            ambientIntensity 0.9937
            transparency 0.0
            shininess 0.5
        }
    }
    geometry IndexedFaceSet {
        ccw TRUE
        solid FALSE
        coord DEF co Coordinate {
            point [
                -2.8437 -1.261 -1.1417, -1.8004 -1.261 -1.1417, -1.8004 -1.3398 -1.1206, -2.8437 -1.3398 -1.1206, -1.8004 -1.3974 -1.063, -2.8437 -1.3974 -1.063, -1.8004 -1.4185 -0.9842, -2.8437 -1.4185 -0.9842, -1.8004 -1.0248 -1.063, -1.8004 -1.0248 -1.1417, -0.9342 -1.0248 -1.063, -1.1356 -1.0248 -1.1417, -0.9342 -1.0248 -1.1417, -1.8004 -1.4185 0.2854, -1.8004 -1.3398 0.2854, -1.7911 -1.4185 0.3199, -1.7911 -1.3398 0.3199, -1.7659 -1.4185 0.3451, -1.7659 -1.3398 0.3451, -1.7315 -1.4185 0.3543, -1.7315 -1.3398 0.3543, -1.697 -1.4185 0.3451, -1.697 -1.3398 0.3451, -1.6718 -1.4185 0.3199, -1.6718 -1.3398 0.3199, -1.6626 -1.4185 0.2854, -1.6626 -1.3398 0.2854, -1.8004 -1.3398 -0.9842, -1.8004 -1.3292 -1.0236, -1.8004 -1.3004 -1.0524, -1.8004 -1.261 -1.063, -2.8437 -1.3398 -0.9842, -2.8437 -1.3292 -1.0236, -2.8437 -1.3004 -1.0524, -2.8437 -1.261 -1.063, 0.4903 2.3461 0.9836, 0.4903 2.3461 1.0229, 0.4641 2.4204 0.9836, 0.4641 2.4204 1.0229, 0.4783 2.4254 0.9082, 0.5044 2.3511 0.9082, 0.5185 2.4396 0.8444, 0.5447 2.3653 0.8444, 0.5787 2.4608 0.8017, 0.6049 2.3865 0.8017, 0.6498 2.4858 0.7867, 0.676 2.4116 0.7867, 1.0653 2.5488 1.2198, 1.0653 2.5488 0.7867, 1.1183 2.5579 1.2198, 1.1183 2.5579 0.7867, 0.676 2.4116 1.2198, 0.5831 2.3789 1.1934, 0.5152 2.3549 1.1213, 0.489 2.4292 1.1213, 0.557 2.4531 1.1934, 0.6498 2.4858 1.2198, 1.0391 2.6231 0.7867, 1.0391 2.6231 1.2198, 1.1183 2.6366 0.7867, 1.1183 2.6366 1.2198, 1.1862 2.5579 0.7867, 1.1862 2.6366 0.7867, 1.1862 2.6366 0.6809, 1.1862 2.5579 0.6809, 1.2126 2.6366 0.688, 1.2126 2.5579 0.688, 1.232 2.6366 0.7073, 1.232 2.5579 0.7073, 1.2391 2.6366 0.7338, 1.2391 2.5579 0.7338, 1.232 2.6366 0.7602, 1.232 2.5579 0.7602, 1.2126 2.6366 0.7796, 1.2126 2.5579 0.7796, 0.3128 2.5579 0.6809, 0.3128 2.6366 0.6809, 0.3128 2.6366 1.3256, 0.3128 2.5579 1.3256, 1.1862 2.6366 1.3256, 1.1862 2.5579 1.3256, 1.2126 2.5579 1.3185, 1.2126 2.6366 1.3185, 1.232 2.5579 1.2991, 1.232 2.6366 1.2991, 1.2391 2.5579 1.2727, 1.2391 2.6366 1.2727, 1.232 2.5579 1.2462, 1.232 2.6366 1.2462, 1.2126 2.5579 1.2269, 1.2126 2.6366 1.2269, 1.1862 2.5579 1.2198, 1.1862 2.6366 1.2198, -1.1901 3.2075 -0.6693, -1.5445 3.2075 -0.6693, -1.1901 3.2862 -0.6693, -1.5445 3.2862 -0.6693, -1.6626 3.2075 -0.0787, -1.072 3.2075 -0.0787, -1.6626 3.1969 -0.0394, -1.072 3.1969 -0.0394, -1.6626 3.1681 -0.0105, -1.072 3.1681 -0.0105, -1.6626 3.1287 0.0, -1.072 3.1287 0.0, -1.6626 2.7154 0.0, -1.072 2.7154 0.0, -1.072 2.6366 0.0211, -1.6626 2.6366 0.0211, -1.072 2.579 0.0787, -1.6626 2.579 0.0787, -1.072 2.5579 0.1575, -1.6626 2.5579 0.1575, 0.7062 0.3927 -1.063, 0.7062 0.3927 -1.1339, 0.713 0.3276 -1.1339, 0.713 0.3276 -1.063, 0.7457 0.2708 -1.1339, 0.7457 0.2708 -1.063, 0.7987 0.2322 -1.1339, 0.7987 0.2322 -1.063, 0.8628 0.2186 -1.1339, 0.8628 0.2186 -1.063, 0.7531 0.8325 -1.063, 0.7531 0.8325 -1.1339, 0.5966 1.0067 -1.063, 0.5966 1.0067 -1.1339, 0.6607 0.993 -1.063, 0.6607 0.993 -1.1339, 0.7137 0.9545 -1.063, 0.7137 0.9545 -1.1339, 0.7464 0.8977 -1.063, 0.7464 0.8977 -1.1339, -0.0146 1.0067 -1.063, -0.0146 1.0067 -1.1339, -0.1716 0.8379 -1.063, -0.1716 0.8379 -1.1339, -0.1631 0.9015 -1.063, -0.1631 0.9015 -1.1339, -0.1299 0.9565 -1.063, -0.1299 0.9565 -1.1339, -0.0774 0.9936 -1.063, -0.0774 0.9936 -1.1339, -0.1391 0.3874 -1.063, -0.1391 0.3874 -1.1339, -0.2962 0.2186 -1.063, -0.2962 0.2186 -1.1339, -0.2333 0.2317 -1.1339, -0.2333 0.2317 -1.063, -0.1809 0.2688 -1.1339, -0.1809 0.2688 -1.063, -0.1476 0.3237 -1.1339, -0.1476 0.3237 -1.063, -0.9134 0.2186 -1.063, -0.9134 0.2186 -1.1339, -1.0698 0.3937 -1.063, -1.0698 0.3937 -1.1339, -1.0634 0.3282 -1.1339, -1.0634 0.3282 -1.063, -1.0308 0.2711 -1.1339, -1.0308 0.2711 -1.063, -0.9777 0.2323 -1.1339, -0.9777 0.2323 -1.063, -1.0204 0.8315 -1.063, -1.0204 0.8315 -1.1339, -1.1769 1.0067 -1.063, -1.1769 1.0067 -1.1339, -1.1126 0.993 -1.063, -1.1126 0.993 -1.1339, -1.0594 0.9541 -1.063, -1.0594 0.9541 -1.1339, -1.0268 0.897 -1.063, -1.0268 0.897 -1.1339, -1.7918 1.0067 -1.063, -1.7918 1.0067 -1.1339, -1.9489 0.8379 -1.063, -1.9489 0.8379 -1.1339, -1.9404 0.9015 -1.063, -1.9404 0.9015 -1.1339, -1.9071 0.9565 -1.063, -1.9071 0.9565 -1.1339, -1.8547 0.9936 -1.063, -1.8547 0.9936 -1.1339, -1.9164 0.3874 -1.063, -1.9164 0.3874 -1.1339, -2.0734 0.2186 -1.063, -2.0734 0.2186 -1.1339, -2.0105 0.2317 -1.1339, -2.0105 0.2317 -1.063, -1.9581 0.2688 -1.1339, -1.9581 0.2688 -1.063, -1.9249 0.3237 -1.1339, -1.9249 0.3237 -1.063, -2.0734 0.2264 -1.1417, -2.0137 0.2389 -1.1417, -2.0734 0.2234 -1.1411, -2.0125 0.2361 -1.1411, -2.0734 0.2209 -1.1394, -2.0115 0.2338 -1.1394, -2.0734 0.2192 -1.1369, -2.0108 0.2322 -1.1369, -1.9639 0.2741 -1.1417, -1.9617 0.2721 -1.1411, -1.9598 0.2703 -1.1394, -1.9586 0.2692 -1.1369, -1.9323 0.3263 -1.1417, -1.9295 0.3253 -1.1411, -1.9271 0.3245 -1.1394, -1.9255 0.3239 -1.1369, -1.9242 0.3868 -1.1417, -1.9212 0.387 -1.1411, -1.9187 0.3872 -1.1394, -1.9169 0.3873 -1.1369, -1.9497 0.8378 -1.1368, -1.9499 0.8378 -1.1378, -1.9514 0.8377 -1.1392, -1.9528 0.8376 -1.1407, -1.9538 0.8375 -1.1409, -1.9567 0.8373 -1.1417, -1.9478 0.9041 -1.1417, -1.9441 0.9028 -1.1407, -1.9413 0.9019 -1.1378, -1.7918 1.0146 -1.1417, -1.7918 1.0106 -1.1407, -1.8563 0.9972 -1.1407, -1.7918 1.0077 -1.1378, -1.8551 0.9946 -1.1378, -1.9079 0.9572 -1.1378, -1.91 0.9592 -1.1407, -1.8578 1.0008 -1.1417, -1.9129 0.9618 -1.1417, -1.1769 1.0077 -1.1378, -1.1769 1.0106 -1.1407, -1.1769 1.0146 -1.1417, -1.0196 0.8314 -1.1368, -1.0179 0.8313 -1.1393, -1.0194 0.8314 -1.1378, -1.0258 0.8973 -1.1378, -1.0155 0.831 -1.141, -1.0165 0.8311 -1.1407, -1.0231 0.8982 -1.1407, -1.0193 0.8994 -1.1417, -1.0126 0.8307 -1.1417, -1.0587 0.9548 -1.1378, -1.1121 0.9939 -1.1378, -1.0565 0.9568 -1.1407, -1.1109 0.9965 -1.1407, -1.0536 0.9594 -1.1417, -1.1093 1.0001 -1.1417, -1.062 0.3928 -1.1417, -1.065 0.3932 -1.1411, -1.065 0.3932 -1.1411, -1.0675 0.3934 -1.1394, -1.0676 0.3935 -1.1394, -1.0692 0.3936 -1.1369, -1.0692 0.3936 -1.1369, -1.0588 0.3297 -1.1411, -1.0612 0.3289 -1.1394, -1.0559 0.3306 -1.1417, -1.0628 0.3284 -1.1369, -1.0249 0.2764 -1.1417, -1.0272 0.2744 -1.1411, -1.0291 0.2727 -1.1394, -1.0304 0.2715 -1.1369, -0.9745 0.2395 -1.1417, -0.9757 0.2367 -1.1411, -0.9767 0.2344 -1.1394, -0.9774 0.2328 -1.1369, -0.9134 0.2264 -1.1417, -0.9134 0.2234 -1.1411, -0.9134 0.2209 -1.1394, -0.9134 0.2192 -1.1369, -0.2962 0.2192 -1.1369, -0.2962 0.2209 -1.1394, -0.2962 0.2234 -1.1411, -0.2962 0.2264 -1.1417, -0.2364 0.2389 -1.1417, -0.2352 0.2361 -1.1411, -0.2342 0.2338 -1.1394, -0.2335 0.2322 -1.1369, -0.1866 0.2741 -1.1417, -0.1844 0.2721 -1.1411, -0.1826 0.2703 -1.1394, -0.1813 0.2692 -1.1369, -0.155 0.3263 -1.1417, -0.1522 0.3253 -1.1411, -0.1498 0.3245 -1.1394, -0.1482 0.3239 -1.1369, -0.1469 0.3868 -1.1417, -0.1439 0.387 -1.1411, -0.1414 0.3872 -1.1394, -0.1397 0.3873 -1.1369, -0.1722 0.8378 -1.1369, -0.1739 0.8377 -1.1394, -0.1765 0.8375 -1.1411, -0.1795 0.8373 -1.1417, -0.0146 1.0073 -1.1369, -0.0777 0.9941 -1.1369, -0.0146 1.0079 -1.1377, -0.0784 0.9957 -1.1394, -0.0794 0.998 -1.1411, -0.0146 1.0107 -1.1406, -0.0146 1.009 -1.1394, -0.0806 1.0008 -1.1417, -0.0146 1.0146 -1.1417, -0.0146 1.0116 -1.1411, -0.1303 0.9569 -1.1369, -0.1315 0.958 -1.1394, -0.1334 0.9598 -1.1411, -0.1356 0.9618 -1.1417, -0.1637 0.9017 -1.1369, -0.1653 0.9023 -1.1394, -0.1677 0.9031 -1.1411, -0.1705 0.9041 -1.1417, 0.5966 1.0077 -1.1378, 0.5966 1.0106 -1.1407, 0.5966 1.0146 -1.1417, 0.7539 0.8324 -1.1368, 0.7556 0.8322 -1.1393, 0.7542 0.8324 -1.1378, 0.7474 0.898 -1.1378, 0.7581 0.832 -1.141, 0.7571 0.8321 -1.1407, 0.7501 0.8989 -1.1407, 0.7539 0.9001 -1.1417, 0.761 0.8317 -1.1417, 0.7144 0.9552 -1.1378, 0.6611 0.994 -1.1378, 0.7166 0.9571 -1.1407, 0.6623 0.9966 -1.1407, 0.7195 0.9598 -1.1417, 0.6639 1.0002 -1.1417, 0.7141 0.3919 -1.1417, 0.7111 0.3922 -1.1411, 0.7111 0.3922 -1.1411, 0.7085 0.3925 -1.1394, 0.7085 0.3925 -1.1394, 0.7068 0.3927 -1.1369, 0.7068 0.3927 -1.1369, 0.7176 0.329 -1.1411, 0.7152 0.3283 -1.1394, 0.7205 0.33 -1.1417, 0.7136 0.3277 -1.1369, 0.7516 0.276 -1.1417, 0.7493 0.274 -1.1411, 0.7474 0.2723 -1.1394, 0.7461 0.2712 -1.1369, 0.8019 0.2394 -1.1417, 0.8007 0.2366 -1.1411, 0.7996 0.2343 -1.1394, 0.7989 0.2327 -1.1369, 0.8628 0.2264 -1.1417, 0.8628 0.2234 -1.1411, 0.8628 0.2209 -1.1394, 0.8628 0.2192 -1.1369, 1.7233 0.2186 -1.1339, 1.7233 0.2192 -1.1369, 1.7233 0.2209 -1.1394, 1.7233 0.2234 -1.1411, 1.7233 0.2264 -1.1417, 1.7233 0.2186 -1.063, -0.9342 2.4791 -1.063, 1.7233 2.4791 -1.063, -0.9342 2.5185 -1.0524, 1.7233 2.5185 -1.0524, -0.9342 2.5473 -1.0236, 1.7233 2.5473 -1.0236, -0.9342 2.5579 -0.9842, 1.7233 2.5579 -0.9842, -1.8004 2.2429 -1.063, -0.9342 2.2429 -1.063, -1.8004 2.2429 -1.1417, -0.9342 2.2429 -1.1417, -2.8437 2.4791 -1.063, -1.8004 2.4791 -1.063, -2.8437 2.5185 -1.0524, -1.8004 2.5185 -1.0524, -2.8437 2.5473 -1.0236, -1.8004 2.5473 -1.0236, -2.8437 2.5579 -0.9842, -1.8004 2.5579 -0.9842, -2.8437 0.2186 -1.063, -2.8437 0.2186 -1.1339, -2.8437 0.2192 -1.1369, -2.8437 0.2209 -1.1394, -2.8437 0.2234 -1.1411, -2.8437 0.2264 -1.1417, -2.8437 2.4791 -1.1417, -1.8004 2.4791 -1.1417, -0.9342 2.4791 -1.1417, 1.7233 2.4791 -1.1417, -2.8437 2.6366 -0.9842, -1.8004 2.6366 -0.9842, -1.8004 2.6155 -1.063, -2.8437 2.6155 -1.063, -1.8004 2.5579 -1.1206, -2.8437 2.5579 -1.1206, -1.8004 2.5579 0.2854, -1.8004 2.6366 0.2854, -1.7935 2.5579 0.3153, -1.7935 2.6366 0.3153, -1.7744 2.5579 0.3393, -1.7744 2.6366 0.3393, -1.7468 2.5579 0.3526, -1.7468 2.6366 0.3526, -1.7161 2.5579 0.3526, -1.7161 2.6366 0.3526, -1.6885 2.5579 0.3393, -1.6885 2.6366 0.3393, -1.6694 2.5579 0.3153, -1.6694 2.6366 0.3153, -1.6626 2.5579 0.2854, -1.6626 2.6366 0.2854, -1.6626 2.6366 0.1575, -1.072 2.6366 0.1575, -1.6626 2.6472 0.1181, -1.072 2.6472 0.1181, -1.6626 2.676 0.0893, -1.072 2.676 0.0893, -1.6626 2.7154 0.0787, -1.072 2.7154 0.0787, -1.6626 3.1287 0.0787, -1.072 3.1287 0.0787, -1.072 3.2075 0.0576, -1.6626 3.2075 0.0576, -1.072 3.2651 0.0, -1.6626 3.2651 0.0, -1.072 3.2862 -0.0787, -1.6626 3.2862 -0.0787, -1.6626 3.2075 -0.5512, -1.6626 3.2862 -0.5512, -1.6467 3.2075 -0.6102, -1.6035 3.2075 -0.6535, -1.1311 3.2075 -0.6535, -1.0878 3.2075 -0.6102, -1.072 3.2075 -0.5512, -1.6035 3.2862 -0.6535, -1.6467 3.2862 -0.6102, -1.072 3.2862 -0.5512, -1.1311 3.2862 -0.6535, -1.0878 3.2862 -0.6102, -1.072 2.6366 0.2854, -1.072 2.5579 0.2854, -1.0652 2.5579 0.3153, -1.0652 2.6366 0.3153, -1.0461 2.5579 0.3393, -1.0461 2.6366 0.3393, -1.0185 2.5579 0.3526, -1.0185 2.6366 0.3526, -0.9878 2.5579 0.3526, -0.9878 2.6366 0.3526, -0.9602 2.5579 0.3393, -0.9602 2.6366 0.3393, -0.941 2.5579 0.3153, -0.941 2.6366 0.3153, -0.9342 2.5579 0.2854, -0.9342 2.6366 0.2854, -0.9342 2.6366 -0.9842, -0.9342 2.6155 -1.063, -0.9342 2.5579 -1.1206, 1.7233 2.6366 -0.9842, 1.7233 2.6155 -1.063, 1.7233 2.5579 -1.1206, 1.7233 2.6366 -0.7531, 1.7233 2.5579 -0.7531, 1.1795 2.6366 -0.7531, 1.1795 2.5579 -0.7531, 1.0679 2.6366 -0.7531, 1.0679 2.5579 -0.7531, 1.0754 2.6366 -0.781, 1.0754 2.5579 -0.781, 1.0958 2.6366 -0.8015, 1.0958 2.5579 -0.8015, 1.1237 2.6366 -0.8089, 1.1237 2.5579 -0.8089, 1.1516 2.6366 -0.8015, 1.1516 2.5579 -0.8015, 1.1721 2.6366 -0.781, 1.1721 2.5579 -0.781, 1.0679 2.6366 -0.3383, 1.0679 2.5579 -0.3383, -2.8437 2.5579 1.6929, 1.1237 2.5579 -0.2824, 1.1516 2.5579 -0.2899, 1.0754 2.5579 -0.3103, 1.0958 2.5579 -0.2899, 1.7233 2.5579 1.6929, 1.7233 2.5579 -0.3383, 1.1721 2.5579 -0.3103, 1.1795 2.5579 -0.3383, -2.8437 2.5473 1.7323, 1.7233 2.5473 1.7323, -2.8437 2.5185 1.7611, 1.7233 2.5185 1.7611, -2.8437 2.4791 1.7717, 1.7233 2.4791 1.7717, 1.7233 -1.261 1.7717, -2.8437 -1.261 1.7717, -2.8437 -1.3004 1.7611, 1.7233 -1.3004 1.7611, -2.8437 -1.3292 1.7323, 1.7233 -1.3292 1.7323, -2.8437 -1.3398 1.6929, 1.7233 -1.3398 1.6929, 0.3128 -1.3398 1.3256, 1.1795 -1.3398 -0.7531, 1.7233 -1.3398 -0.7531, 1.1721 -1.3398 -0.781, 1.7233 -1.3398 -0.9842, 1.232 -1.3398 1.2991, 1.2126 -1.3398 1.3185, 1.1862 -1.3398 1.3256, 0.3128 -1.3398 0.6809, -0.9342 -1.3398 0.2854, -0.9435 -1.3398 0.3199, 1.2126 -1.3398 1.2269, 1.232 -1.3398 1.2462, 1.7233 -1.3398 -0.3383, -1.0376 -1.3398 0.3451, -1.0031 -1.3398 0.3543, -0.9687 -1.3398 0.3451, 1.2391 -1.3398 1.2727, -1.072 -1.3398 0.2854, -1.072 -1.3398 0.1575, -1.6626 -1.3398 0.1575, -1.0628 -1.3398 0.3199, 1.0754 -1.3398 -0.781, 1.0958 -1.3398 -0.8015, -0.9342 -1.3398 -0.9842, 1.1237 -1.3398 -0.8089, 1.1516 -1.3398 -0.8015, 1.1795 -1.3398 -0.3383, 1.1721 -1.3398 -0.3103, 1.1516 -1.3398 -0.2899, 1.1183 -1.3398 0.7867, 1.1183 -1.3398 1.2198, 1.1862 -1.3398 0.7867, 1.1862 -1.3398 1.2198, 1.2091 -1.3398 0.7815, 1.2091 -1.3398 0.6861, 1.1862 -1.3398 0.6809, 1.1237 -1.3398 -0.2824, 1.0958 -1.3398 -0.2899, 1.2275 -1.3398 0.7008, 1.2378 -1.3398 0.722, 1.2378 -1.3398 0.7456, 1.2275 -1.3398 0.7668, 1.0754 -1.3398 -0.3103, 1.0679 -1.3398 -0.3383, 1.0679 -1.3398 -0.7531, -1.072 -1.4972 0.0, -1.6626 -1.4972 0.0, -1.6626 -1.4185 0.0211, -1.072 -1.4185 0.0211, -1.6626 -1.3609 0.0787, -1.072 -1.3609 0.0787, -1.6626 -1.9106 0.0, -1.072 -1.9106 0.0, -1.072 -1.9894 -0.0787, -1.6626 -1.9894 -0.0787, -1.072 -1.9788 -0.0394, -1.6626 -1.9788 -0.0394, -1.072 -1.95 -0.0105, -1.6626 -1.95 -0.0105, -1.6626 -1.4185 0.1575, -1.6626 -1.429 0.1181, -1.6626 -1.4579 0.0893, -1.6626 -1.4972 0.0787, -1.6626 -1.9106 0.0787, -1.6626 -1.9894 0.0576, -1.6626 -2.047 0.0, -1.6626 -2.0681 -0.0787, -1.6626 -2.0681 -0.5512, -1.6626 -1.9894 -0.5512, -1.6467 -2.0681 -0.6102, -1.6035 -2.0681 -0.6535, -1.1311 -2.0681 -0.6535, -1.0878 -2.0681 -0.6102, -1.1901 -2.0681 -0.6693, -1.072 -2.0681 -0.5512, -1.072 -2.0681 -0.0787, -1.5445 -2.0681 -0.6693, -1.5445 -1.9894 -0.6693, -1.6035 -1.9894 -0.6535, -1.6467 -1.9894 -0.6102, -1.072 -1.9894 -0.5512, -1.1901 -1.9894 -0.6693, -1.1311 -1.9894 -0.6535, -1.0878 -1.9894 -0.6102, -1.072 -1.4185 0.2854, -1.072 -1.4185 0.1575, -1.072 -1.429 0.1181, -1.072 -1.4579 0.0893, -1.072 -1.4972 0.0787, -1.072 -1.9106 0.0787, -1.072 -1.9894 0.0576, -1.072 -2.047 0.0, -1.0628 -1.4185 0.3199, -1.0376 -1.4185 0.3451, -1.0031 -1.4185 0.3543, -0.9687 -1.4185 0.3451, -0.9435 -1.4185 0.3199, -0.9342 -1.4185 0.2854, -0.9342 -1.261 -1.063, -0.9342 -1.261 -1.1417, -0.9342 -1.3004 -1.0524, -0.9342 -1.3398 -1.1206, -0.9342 -1.3292 -1.0236, -0.9342 -1.3974 -1.063, -0.9342 -1.4185 -0.9842, 1.7233 -1.3292 -1.0236, 1.7233 -1.3004 -1.0524, 1.7233 -1.261 -1.063, 0.6984 0.3936 -1.063, 0.7453 0.8333 -1.063, 0.7955 0.225 -1.063, 0.7398 0.2655 -1.063, -1.0367 0.2659 -1.063, -1.0709 0.3259 -1.063, 0.7055 0.3251 -1.063, -2.8437 0.2107 -1.063, -2.0734 0.2107 -1.063, -2.0074 0.2244 -1.063, -1.9524 0.2634 -1.063, 0.8628 0.2107 -1.063, 1.7233 0.2107 -1.063, -0.1638 0.8384 -1.063, -0.1312 0.3879 -1.063, -0.2301 0.2244 -1.063, -0.1751 0.2634 -1.063, -0.1402 0.3211 -1.063, -0.2962 0.2107 -1.063, -0.9134 0.2107 -1.063, -0.9809 0.2251 -1.063, -1.0282 0.8324 -1.063, -1.941 0.8384 -1.063, -1.0777 0.3946 -1.063, -1.9085 0.3879 -1.063, -1.9175 0.3211 -1.063, -0.0146 0.9988 -1.063, -0.0743 0.9864 -1.063, -0.1241 0.9511 -1.063, -1.7918 0.9988 -1.063, -1.8515 0.9864 -1.063, -1.9013 0.9511 -1.063, 0.7389 0.8953 -1.063, 0.7078 0.9492 -1.063, -1.0343 0.8946 -1.063, -1.0653 0.9489 -1.063, -0.1557 0.8989 -1.063, 0.5966 0.9988 -1.063, 0.6575 0.9859 -1.063, -1.9329 0.8989 -1.063, -1.1769 0.9988 -1.063, -1.1158 0.9858 -1.063, 1.7233 0.2107 -1.1339, 0.8628 0.2107 -1.1339, 0.7955 0.225 -1.1339, 0.7398 0.2655 -1.1339, 0.7055 0.3251 -1.1339, 0.6984 0.3936 -1.1339, 0.8628 0.2058 -1.1409, 0.8628 0.2028 -1.1417, 0.7923 0.2178 -1.1417, 0.8628 0.2082 -1.1392, 0.8628 0.2067 -1.1407, 0.7939 0.2214 -1.1407, 0.8628 0.2099 -1.1368, 0.8628 0.2096 -1.1378, 0.7951 0.224 -1.1378, 0.6976 0.3937 -1.1368, 0.6959 0.3938 -1.1393, 0.6973 0.3937 -1.1378, 0.7045 0.3248 -1.1378, 0.6935 0.3941 -1.141, 0.6945 0.394 -1.1407, 0.7017 0.3239 -1.1407, 0.698 0.3227 -1.1417, 0.6906 0.3944 -1.1417, 0.7391 0.2648 -1.1378, 0.7369 0.2629 -1.1407, 0.734 0.2602 -1.1417, 0.7375 0.8342 -1.1417, 0.7404 0.8339 -1.1411, 0.7405 0.8339 -1.1411, 0.743 0.8336 -1.1394, 0.743 0.8336 -1.1394, 0.7447 0.8334 -1.1369, 0.7447 0.8334 -1.1369, 0.7453 0.8333 -1.1339, 0.7383 0.8951 -1.1369, 0.5966 0.9976 -1.1377, 0.5966 0.9982 -1.1369, 0.6572 0.9853 -1.1369, 0.5966 0.9948 -1.1406, 0.5966 0.9965 -1.1394, 0.6565 0.9838 -1.1394, 0.7367 0.8946 -1.1394, 0.7343 0.8938 -1.1411, 0.7042 0.946 -1.1411, 0.7314 0.8928 -1.1417, 0.702 0.944 -1.1417, 0.6542 0.9787 -1.1417, 0.6555 0.9814 -1.1411, 0.5966 0.9909 -1.1417, 0.5966 0.994 -1.1411, 0.7061 0.9477 -1.1394, 0.7074 0.9488 -1.1369, 0.7389 0.8953 -1.1339, 0.7078 0.9492 -1.1339, 0.6575 0.9859 -1.1339, 0.5966 0.9988 -1.1339, -0.0146 0.9988 -1.1339, -0.0146 0.9982 -1.1369, -0.0146 0.9976 -1.1377, -0.0146 0.9965 -1.1394, -0.0146 0.9948 -1.1406, -0.0146 0.994 -1.1411, -0.0146 0.9909 -1.1417, -0.0711 0.9792 -1.1417, -0.0723 0.9819 -1.1411, -0.0734 0.9843 -1.1394, -0.074 0.9858 -1.1369, -0.0743 0.9864 -1.1339, -0.1183 0.9458 -1.1417, -0.1205 0.9478 -1.1411, -0.1224 0.9495 -1.1394, -0.1236 0.9507 -1.1369, -0.1241 0.9511 -1.1339, -0.1482 0.8963 -1.1417, -0.1511 0.8973 -1.1411, -0.1535 0.8981 -1.1394, -0.1551 0.8987 -1.1369, -0.1557 0.8989 -1.1339, -0.1559 0.839 -1.1417, -0.1589 0.8388 -1.1411, -0.1615 0.8386 -1.1394, -0.1632 0.8385 -1.1369, -0.1638 0.8384 -1.1339, -0.1312 0.3879 -1.1339, -0.1304 0.388 -1.1368, -0.1302 0.388 -1.1378, -0.1287 0.3881 -1.1392, -0.1273 0.3882 -1.1407, -0.1263 0.3883 -1.1409, -0.1234 0.3885 -1.1417, -0.1328 0.3185 -1.1417, -0.1365 0.3198 -1.1407, -0.1392 0.3208 -1.1378, -0.2962 0.2028 -1.1417, -0.2962 0.2067 -1.1407, -0.2286 0.2208 -1.1407, -0.2962 0.2096 -1.1378, -0.2297 0.2235 -1.1378, -0.2962 0.2107 -1.1339, -0.2301 0.2244 -1.1339, -0.1751 0.2634 -1.1339, -0.1743 0.2627 -1.1378, -0.1402 0.3211 -1.1339, -0.1722 0.2607 -1.1407, -0.227 0.2172 -1.1417, -0.1693 0.258 -1.1417, -0.9134 0.2107 -1.1339, -0.9134 0.2101 -1.1369, -0.9134 0.2095 -1.1377, -0.9134 0.2084 -1.1394, -0.9134 0.2067 -1.1406, -0.9134 0.2058 -1.1411, -0.9134 0.2028 -1.1417, -0.9829 0.2207 -1.1411, -0.9818 0.223 -1.1394, -1.0783 0.3947 -1.1369, -1.0783 0.3947 -1.1369, -1.0715 0.3257 -1.1369, -1.0777 0.3946 -1.1339, -1.0709 0.3259 -1.1339, -1.0367 0.2659 -1.1339, -1.0371 0.2655 -1.1369, -0.9809 0.2251 -1.1339, -0.9812 0.2246 -1.1369, -1.08 0.3949 -1.1394, -1.08 0.3949 -1.1394, -1.0731 0.3252 -1.1394, -1.0384 0.2643 -1.1394, -1.0826 0.3951 -1.1411, -1.0825 0.3951 -1.1411, -1.0755 0.3244 -1.1411, -1.0403 0.2626 -1.1411, -1.0784 0.3235 -1.1417, -1.0855 0.3955 -1.1417, -1.0425 0.2606 -1.1417, -0.9841 0.2179 -1.1417, -1.036 0.8333 -1.1417, -1.0331 0.833 -1.1411, -1.0331 0.833 -1.1411, -1.0305 0.8327 -1.1394, -1.0305 0.8327 -1.1394, -1.0288 0.8325 -1.1369, -1.0288 0.8325 -1.1369, -1.0282 0.8324 -1.1339, -1.0349 0.8944 -1.1369, -1.1769 0.9976 -1.1377, -1.1769 0.9982 -1.1369, -1.116 0.9852 -1.1369, -1.1769 0.9948 -1.1406, -1.1769 0.9965 -1.1394, -1.1167 0.9837 -1.1394, -1.0365 0.8939 -1.1394, -1.039 0.8931 -1.1411, -1.0689 0.9456 -1.1411, -1.0418 0.8922 -1.1417, -1.1769 0.9909 -1.1417, -1.1769 0.994 -1.1411, -1.1356 0.9821 -1.1417, -1.1178 0.9813 -1.1411, -1.119 0.9786 -1.1417, -1.0712 0.9436 -1.1417, -1.067 0.9473 -1.1394, -1.0658 0.9485 -1.1369, -1.0343 0.8946 -1.1339, -1.0653 0.9489 -1.1339, -1.1158 0.9858 -1.1339, -1.1769 0.9988 -1.1339, -1.7918 0.9988 -1.1339, -1.7918 0.9982 -1.1369, -1.7918 0.9976 -1.1377, -1.7918 0.9965 -1.1394, -1.7918 0.9948 -1.1406, -1.7918 0.994 -1.1411, -1.7918 0.9909 -1.1417, -1.8484 0.9792 -1.1417, -1.8496 0.9819 -1.1411, -1.8506 0.9843 -1.1394, -1.8513 0.9858 -1.1369, -1.8515 0.9864 -1.1339, -1.8956 0.9458 -1.1417, -1.8978 0.9478 -1.1411, -1.8997 0.9495 -1.1394, -1.9009 0.9507 -1.1369, -1.9013 0.9511 -1.1339, -1.9255 0.8963 -1.1417, -1.9283 0.8973 -1.1411, -1.9308 0.8981 -1.1394, -1.9324 0.8987 -1.1369, -1.9329 0.8989 -1.1339, -1.9332 0.839 -1.1417, -1.9362 0.8388 -1.1411, -1.9387 0.8386 -1.1394, -1.9404 0.8385 -1.1369, -1.941 0.8384 -1.1339, -1.9085 0.3879 -1.1339, -1.9077 0.388 -1.1368, -1.9074 0.388 -1.1378, -1.906 0.3881 -1.1392, -1.9046 0.3882 -1.1407, -1.9036 0.3883 -1.1409, -1.9006 0.3885 -1.1417, -1.91 0.3185 -1.1417, -1.9137 0.3198 -1.1407, -1.9165 0.3208 -1.1378, -2.0734 0.2099 -1.1368, -2.0734 0.2107 -1.1339, -2.0074 0.2244 -1.1339, -2.0734 0.2082 -1.1392, -2.0734 0.2096 -1.1378, -2.007 0.2235 -1.1378, -2.0734 0.2058 -1.1409, -2.0734 0.2067 -1.1407, -2.0058 0.2208 -1.1407, -2.0043 0.2172 -1.1417, -2.0734 0.2028 -1.1417, -1.9524 0.2634 -1.1339, -1.9516 0.2627 -1.1378, -1.9175 0.3211 -1.1339, -1.9495 0.2607 -1.1407, -1.9466 0.258 -1.1417, -2.8437 0.2058 -1.1411, -2.8437 0.2084 -1.1394, -2.8437 0.2101 -1.1369, -2.8437 0.2107 -1.1339, -2.8437 0.2028 -1.1417, -2.8437 -0.7513 -1.1417, -2.8437 2.6366 1.6929, -2.8437 2.6155 1.7717, -2.8437 2.5579 1.8293, -2.8437 2.4791 1.8504, -2.8437 -1.261 1.8504, -2.8437 -1.3398 1.8293, -2.8437 -1.3974 1.7717, -2.8437 -1.4185 1.6929, 1.7233 2.4791 1.8504, 1.7233 2.5579 1.8293, 1.7233 2.6155 1.7717, 1.7233 2.6366 1.6929, 1.1516 2.6366 -0.2899, 1.1721 2.6366 -0.3103, 1.7233 2.6366 -0.3383, 1.1795 2.6366 -0.3383, 1.1237 2.6366 -0.2824, 1.0958 2.6366 -0.2899, 1.0754 2.6366 -0.3103, 1.7233 -1.261 1.8504, 1.7233 -1.3398 1.8293, 1.7233 -1.3974 1.7717, 1.7233 -1.4185 1.6929, 1.7233 -1.4185 -0.3383
            ]
        }
        coordIndex [
            0,1,2,-1,0,2,3,-1,3,2,4,-1,3,4,5,-1,5,4,6,-1,5,6,7,-1,8,9,10,-1,10,9,11,-1,10,11,12,-1,13,14,15,-1,15,14,16,-1,15,16,17,-1,17,16,18,-1,17,18,19,-1,19,18,20,-1,19,20,21,-1,21,20,22,-1,21,22,23,-1,23,22,24,-1,23,24,25,-1,25,24,26,-1,14,13,27,-1,27,13,6,-1,27,6,28,-1,28,6,4,-1,28,4,29,-1,29,4,2,-1,29,2,30,-1,30,2,1,-1,30,1,8,-1,8,1,9,-1,31,27,32,-1,32,27,28,-1,32,28,33,-1,33,28,29,-1,33,29,34,-1,34,29,30,-1,35,36,37,-1,37,36,38,-1,35,37,39,-1,35,39,40,-1,40,39,41,-1,40,41,42,-1,42,41,43,-1,42,43,44,-1,44,43,45,-1,44,45,46,-1,47,48,49,-1,49,48,50,-1,48,47,46,-1,46,47,51,-1,52,53,51,-1,51,53,36,-1,51,36,35,-1,44,46,42,-1,42,46,51,-1,42,51,40,-1,40,51,35,-1,38,36,53,-1,38,53,54,-1,54,53,52,-1,54,52,55,-1,55,52,51,-1,55,51,56,-1,38,54,55,-1,57,45,58,-1,58,45,43,-1,58,43,41,-1,55,56,38,-1,38,56,58,-1,38,58,37,-1,37,58,41,-1,37,41,39,-1,59,57,60,-1,60,57,58,-1,46,45,48,-1,48,45,57,-1,48,57,50,-1,50,57,59,-1,50,59,61,-1,61,59,62,-1,63,64,65,-1,65,64,66,-1,65,66,67,-1,67,66,68,-1,67,68,69,-1,69,68,70,-1,69,70,71,-1,71,70,72,-1,71,72,73,-1,73,72,74,-1,73,74,62,-1,62,74,61,-1,75,64,76,-1,76,64,63,-1,76,77,75,-1,75,77,78,-1,77,79,78,-1,78,79,80,-1,80,79,81,-1,81,79,82,-1,81,82,83,-1,83,82,84,-1,83,84,85,-1,85,84,86,-1,85,86,87,-1,87,86,88,-1,87,88,89,-1,89,88,90,-1,89,90,91,-1,91,90,92,-1,91,92,49,-1,49,92,60,-1,49,60,47,-1,47,60,58,-1,47,58,51,-1,51,58,56,-1,93,94,95,-1,95,94,96,-1,97,98,99,-1,99,98,100,-1,99,100,101,-1,101,100,102,-1,101,102,103,-1,103,102,104,-1,103,104,105,-1,105,104,106,-1,105,106,107,-1,105,107,108,-1,108,107,109,-1,108,109,110,-1,110,109,111,-1,110,111,112,-1,113,114,115,-1,113,115,116,-1,116,115,117,-1,116,117,118,-1,118,117,119,-1,118,119,120,-1,120,119,121,-1,120,121,122,-1,123,124,113,-1,113,124,114,-1,125,126,127,-1,127,126,128,-1,127,128,129,-1,129,128,130,-1,129,130,131,-1,131,130,132,-1,131,132,123,-1,123,132,124,-1,133,134,125,-1,125,134,126,-1,135,136,137,-1,137,136,138,-1,137,138,139,-1,139,138,140,-1,139,140,141,-1,141,140,142,-1,141,142,133,-1,133,142,134,-1,143,144,135,-1,135,144,136,-1,145,146,147,-1,145,147,148,-1,148,147,149,-1,148,149,150,-1,150,149,151,-1,150,151,152,-1,152,151,144,-1,152,144,143,-1,153,154,145,-1,145,154,146,-1,155,156,157,-1,155,157,158,-1,158,157,159,-1,158,159,160,-1,160,159,161,-1,160,161,162,-1,162,161,154,-1,162,154,153,-1,163,164,155,-1,155,164,156,-1,165,166,167,-1,167,166,168,-1,167,168,169,-1,169,168,170,-1,169,170,171,-1,171,170,172,-1,171,172,163,-1,163,172,164,-1,173,174,165,-1,165,174,166,-1,175,176,177,-1,177,176,178,-1,177,178,179,-1,179,178,180,-1,179,180,181,-1,181,180,182,-1,181,182,173,-1,173,182,174,-1,183,184,175,-1,175,184,176,-1,185,186,187,-1,185,187,188,-1,188,187,189,-1,188,189,190,-1,190,189,191,-1,190,191,192,-1,192,191,184,-1,192,184,183,-1,193,194,195,-1,195,194,196,-1,195,196,197,-1,197,196,198,-1,197,198,199,-1,199,198,200,-1,199,200,186,-1,186,200,187,-1,194,201,196,-1,196,201,202,-1,196,202,198,-1,198,202,203,-1,198,203,200,-1,200,203,204,-1,200,204,187,-1,187,204,189,-1,201,205,202,-1,202,205,206,-1,202,206,203,-1,203,206,207,-1,203,207,204,-1,204,207,208,-1,204,208,189,-1,189,208,191,-1,205,209,206,-1,206,209,210,-1,206,210,207,-1,207,210,211,-1,207,211,208,-1,208,211,212,-1,208,212,191,-1,191,212,184,-1,184,212,176,-1,176,212,213,-1,213,212,214,-1,214,212,211,-1,214,211,215,-1,215,211,216,-1,216,211,210,-1,216,210,217,-1,217,210,209,-1,217,209,218,-1,217,218,219,-1,215,216,220,-1,213,214,221,-1,222,223,224,-1,223,225,226,-1,225,174,182,-1,225,182,226,-1,226,182,180,-1,226,180,227,-1,227,180,178,-1,227,178,221,-1,221,178,176,-1,221,176,213,-1,223,226,224,-1,224,226,227,-1,224,227,228,-1,228,227,221,-1,228,221,220,-1,220,221,214,-1,220,214,215,-1,222,224,229,-1,229,224,228,-1,229,228,230,-1,230,228,220,-1,230,220,219,-1,219,220,216,-1,219,216,217,-1,166,174,225,-1,166,225,231,-1,231,225,223,-1,231,223,232,-1,232,223,222,-1,232,222,233,-1,234,164,172,-1,235,236,237,-1,237,236,234,-1,238,239,240,-1,240,239,235,-1,241,242,238,-1,234,172,237,-1,237,172,170,-1,237,170,243,-1,243,170,168,-1,243,168,244,-1,244,168,166,-1,244,166,231,-1,235,237,240,-1,240,237,243,-1,240,243,245,-1,245,243,244,-1,245,244,246,-1,246,244,231,-1,246,231,232,-1,238,240,241,-1,241,240,245,-1,241,245,247,-1,247,245,246,-1,247,246,248,-1,248,246,232,-1,248,232,233,-1,242,249,238,-1,238,249,250,-1,238,250,239,-1,239,250,251,-1,239,251,235,-1,235,251,252,-1,235,252,236,-1,236,252,253,-1,236,253,234,-1,234,253,254,-1,234,254,164,-1,164,254,255,-1,164,255,156,-1,256,257,253,-1,253,252,256,-1,256,252,251,-1,256,251,258,-1,258,251,250,-1,258,250,249,-1,157,156,259,-1,259,156,255,-1,259,255,257,-1,257,255,254,-1,257,254,253,-1,258,260,256,-1,256,260,261,-1,256,261,257,-1,257,261,262,-1,257,262,259,-1,259,262,263,-1,259,263,157,-1,157,263,159,-1,260,264,261,-1,261,264,265,-1,261,265,262,-1,262,265,266,-1,262,266,263,-1,263,266,267,-1,263,267,159,-1,159,267,161,-1,264,268,265,-1,265,268,269,-1,265,269,266,-1,266,269,270,-1,266,270,267,-1,267,270,271,-1,267,271,161,-1,161,271,154,-1,146,154,271,-1,146,271,272,-1,272,271,270,-1,272,270,273,-1,273,270,269,-1,273,269,274,-1,274,269,268,-1,274,268,275,-1,275,276,274,-1,274,276,277,-1,274,277,273,-1,273,277,278,-1,273,278,272,-1,272,278,279,-1,272,279,146,-1,146,279,147,-1,276,280,277,-1,277,280,281,-1,277,281,278,-1,278,281,282,-1,278,282,279,-1,279,282,283,-1,279,283,147,-1,147,283,149,-1,280,284,281,-1,281,284,285,-1,281,285,282,-1,282,285,286,-1,282,286,283,-1,283,286,287,-1,283,287,149,-1,149,287,151,-1,284,288,285,-1,285,288,289,-1,285,289,286,-1,286,289,290,-1,286,290,287,-1,287,290,291,-1,287,291,151,-1,151,291,144,-1,136,144,291,-1,136,291,292,-1,292,291,290,-1,292,290,293,-1,293,290,289,-1,293,289,294,-1,294,289,288,-1,294,288,295,-1,134,142,296,-1,296,142,297,-1,296,297,298,-1,298,297,299,-1,300,301,299,-1,299,301,302,-1,299,302,298,-1,303,304,300,-1,300,304,305,-1,300,305,301,-1,142,140,297,-1,297,140,306,-1,297,306,299,-1,299,306,307,-1,299,307,300,-1,300,307,308,-1,300,308,303,-1,303,308,309,-1,140,138,306,-1,306,138,310,-1,306,310,307,-1,307,310,311,-1,307,311,308,-1,308,311,312,-1,308,312,309,-1,309,312,313,-1,138,136,310,-1,310,136,292,-1,310,292,311,-1,311,292,293,-1,311,293,312,-1,312,293,294,-1,312,294,313,-1,313,294,295,-1,126,134,314,-1,314,134,296,-1,296,298,314,-1,314,298,302,-1,314,302,315,-1,315,302,301,-1,315,301,316,-1,316,301,305,-1,316,305,304,-1,317,124,132,-1,318,319,320,-1,320,319,317,-1,321,322,323,-1,323,322,318,-1,324,325,321,-1,317,132,320,-1,320,132,130,-1,320,130,326,-1,326,130,128,-1,326,128,327,-1,327,128,126,-1,327,126,314,-1,318,320,323,-1,323,320,326,-1,323,326,328,-1,328,326,327,-1,328,327,329,-1,329,327,314,-1,329,314,315,-1,321,323,324,-1,324,323,328,-1,324,328,330,-1,330,328,329,-1,330,329,331,-1,331,329,315,-1,331,315,316,-1,325,332,321,-1,321,332,333,-1,321,333,322,-1,322,333,334,-1,322,334,318,-1,318,334,335,-1,318,335,319,-1,319,335,336,-1,319,336,317,-1,317,336,337,-1,317,337,124,-1,124,337,338,-1,124,338,114,-1,339,340,336,-1,336,335,339,-1,339,335,334,-1,339,334,341,-1,341,334,333,-1,341,333,332,-1,115,114,342,-1,342,114,338,-1,342,338,340,-1,340,338,337,-1,340,337,336,-1,341,343,339,-1,339,343,344,-1,339,344,340,-1,340,344,345,-1,340,345,342,-1,342,345,346,-1,342,346,115,-1,115,346,117,-1,343,347,344,-1,344,347,348,-1,344,348,345,-1,345,348,349,-1,345,349,346,-1,346,349,350,-1,346,350,117,-1,117,350,119,-1,347,351,348,-1,348,351,352,-1,348,352,349,-1,349,352,353,-1,349,353,350,-1,350,353,354,-1,350,354,119,-1,119,354,121,-1,355,121,354,-1,355,354,356,-1,356,354,353,-1,356,353,357,-1,357,353,352,-1,357,352,358,-1,358,352,351,-1,358,351,359,-1,122,121,360,-1,360,121,355,-1,361,362,363,-1,363,362,364,-1,363,364,365,-1,365,364,366,-1,365,366,367,-1,367,366,368,-1,369,370,371,-1,371,370,372,-1,373,374,375,-1,375,374,376,-1,375,376,377,-1,377,376,378,-1,377,378,379,-1,379,378,380,-1,369,374,373,-1,133,125,370,-1,361,370,362,-1,362,370,125,-1,362,125,127,-1,139,141,171,-1,171,141,133,-1,171,133,169,-1,169,133,370,-1,169,370,167,-1,113,116,118,-1,373,381,369,-1,369,381,177,-1,369,177,179,-1,127,129,362,-1,362,129,131,-1,362,131,360,-1,360,131,123,-1,360,123,122,-1,122,123,113,-1,122,113,120,-1,120,113,118,-1,179,181,369,-1,369,181,173,-1,369,173,370,-1,370,173,165,-1,370,165,167,-1,155,143,163,-1,163,143,135,-1,163,135,171,-1,171,135,137,-1,171,137,139,-1,185,188,190,-1,145,148,150,-1,190,192,185,-1,185,192,183,-1,185,183,381,-1,381,183,175,-1,381,175,177,-1,155,158,160,-1,150,152,145,-1,145,152,143,-1,145,143,153,-1,153,143,155,-1,153,155,162,-1,162,155,160,-1,381,382,185,-1,185,382,186,-1,186,382,383,-1,186,383,199,-1,199,383,384,-1,199,384,197,-1,197,384,385,-1,197,385,195,-1,195,385,386,-1,195,386,193,-1,387,388,386,-1,386,388,371,-1,241,304,303,-1,372,389,330,-1,330,389,390,-1,330,390,324,-1,324,390,325,-1,330,331,372,-1,372,331,316,-1,372,316,304,-1,343,341,347,-1,347,341,332,-1,347,332,351,-1,351,332,325,-1,351,325,359,-1,359,325,390,-1,241,247,304,-1,304,247,248,-1,304,248,372,-1,372,248,233,-1,372,233,371,-1,371,233,222,-1,222,229,371,-1,371,229,230,-1,371,230,386,-1,386,230,219,-1,280,276,284,-1,284,276,275,-1,284,275,288,-1,288,275,249,-1,288,249,295,-1,295,249,242,-1,295,242,313,-1,313,242,241,-1,313,241,309,-1,309,241,303,-1,260,258,264,-1,264,258,249,-1,264,249,268,-1,268,249,275,-1,201,194,205,-1,205,194,193,-1,205,193,209,-1,209,193,386,-1,209,386,218,-1,218,386,219,-1,391,392,393,-1,391,393,394,-1,394,393,395,-1,394,395,396,-1,396,395,388,-1,396,388,387,-1,369,371,374,-1,374,371,388,-1,374,388,376,-1,376,388,395,-1,376,395,378,-1,378,395,393,-1,378,393,380,-1,380,393,392,-1,380,392,397,-1,397,392,398,-1,397,398,399,-1,399,398,400,-1,399,400,401,-1,401,400,402,-1,401,402,403,-1,403,402,404,-1,403,404,405,-1,405,404,406,-1,405,406,407,-1,407,406,408,-1,407,408,409,-1,409,408,410,-1,409,410,411,-1,411,410,412,-1,413,414,415,-1,415,414,416,-1,415,416,417,-1,417,416,418,-1,417,418,419,-1,419,418,420,-1,419,420,421,-1,421,420,422,-1,421,422,423,-1,421,423,424,-1,424,423,425,-1,424,425,426,-1,426,425,427,-1,426,427,428,-1,411,412,112,-1,112,412,413,-1,112,413,110,-1,110,413,415,-1,110,415,108,-1,108,415,417,-1,108,417,105,-1,105,417,419,-1,105,419,103,-1,103,419,421,-1,103,421,101,-1,101,421,424,-1,101,424,99,-1,99,424,426,-1,99,426,97,-1,97,426,428,-1,97,428,429,-1,429,428,430,-1,429,431,432,-1,433,434,93,-1,93,434,435,-1,93,435,98,-1,98,97,93,-1,93,97,429,-1,93,429,94,-1,94,429,432,-1,96,94,432,-1,96,432,436,-1,436,432,431,-1,436,431,437,-1,437,431,429,-1,437,429,430,-1,428,427,430,-1,430,427,438,-1,436,437,96,-1,96,437,430,-1,96,430,95,-1,95,430,438,-1,95,438,439,-1,439,438,440,-1,93,95,439,-1,93,439,433,-1,433,439,440,-1,433,440,434,-1,434,440,438,-1,434,438,435,-1,441,442,414,-1,414,442,111,-1,414,111,416,-1,416,111,109,-1,416,109,418,-1,418,109,107,-1,418,107,420,-1,420,107,106,-1,420,106,422,-1,422,106,104,-1,422,104,423,-1,423,104,102,-1,423,102,425,-1,425,102,100,-1,425,100,427,-1,427,100,98,-1,427,98,438,-1,438,98,435,-1,442,441,443,-1,443,441,444,-1,443,444,445,-1,445,444,446,-1,445,446,447,-1,447,446,448,-1,447,448,449,-1,449,448,450,-1,449,450,451,-1,451,450,452,-1,451,452,453,-1,453,452,454,-1,453,454,455,-1,455,454,456,-1,455,456,367,-1,367,456,457,-1,367,457,365,-1,365,457,458,-1,365,458,363,-1,363,458,459,-1,363,459,361,-1,361,459,389,-1,361,389,370,-1,370,389,372,-1,457,460,461,-1,457,461,458,-1,458,461,462,-1,458,462,459,-1,459,462,390,-1,459,390,389,-1,463,464,460,-1,460,464,368,-1,460,368,461,-1,461,368,366,-1,461,366,462,-1,462,366,364,-1,462,364,390,-1,390,364,362,-1,390,362,359,-1,355,356,357,-1,362,360,359,-1,359,360,355,-1,359,355,358,-1,358,355,357,-1,463,465,464,-1,464,465,466,-1,467,468,469,-1,469,468,470,-1,469,470,471,-1,471,470,472,-1,471,472,473,-1,473,472,474,-1,473,474,475,-1,475,474,476,-1,475,476,477,-1,477,476,478,-1,477,478,465,-1,465,478,466,-1,467,479,468,-1,468,479,480,-1,464,466,368,-1,368,466,478,-1,399,401,481,-1,481,401,403,-1,472,367,474,-1,474,367,368,-1,474,368,476,-1,476,368,478,-1,379,380,481,-1,481,380,397,-1,481,397,399,-1,70,482,483,-1,111,405,407,-1,66,480,68,-1,68,480,484,-1,68,484,70,-1,70,484,485,-1,70,485,482,-1,455,64,75,-1,78,80,486,-1,486,80,81,-1,486,81,83,-1,72,70,486,-1,486,70,483,-1,486,483,487,-1,487,483,488,-1,487,488,489,-1,111,442,405,-1,405,442,443,-1,405,443,445,-1,407,409,111,-1,111,409,411,-1,111,411,112,-1,472,470,367,-1,367,470,468,-1,367,468,455,-1,455,468,480,-1,455,480,64,-1,64,480,66,-1,83,85,486,-1,486,85,87,-1,486,87,72,-1,72,87,74,-1,447,449,75,-1,449,451,75,-1,75,451,453,-1,75,453,455,-1,486,481,78,-1,78,481,403,-1,78,403,75,-1,75,403,405,-1,75,405,447,-1,447,405,445,-1,91,49,50,-1,87,89,74,-1,74,89,91,-1,74,91,61,-1,61,91,50,-1,481,486,490,-1,490,486,491,-1,490,491,492,-1,492,491,493,-1,492,493,494,-1,494,493,495,-1,496,497,495,-1,495,497,494,-1,497,496,498,-1,498,496,499,-1,498,499,500,-1,500,499,501,-1,500,501,502,-1,502,501,503,-1,504,502,503,-1,505,506,507,-1,507,506,508,-1,509,510,503,-1,503,510,511,-1,503,511,504,-1,512,513,504,-1,504,513,514,-1,22,20,502,-1,502,20,18,-1,27,31,14,-1,14,31,502,-1,14,502,16,-1,16,502,18,-1,515,516,517,-1,24,22,518,-1,518,22,502,-1,518,502,519,-1,519,502,504,-1,519,504,520,-1,520,504,514,-1,517,516,503,-1,503,516,521,-1,503,521,509,-1,522,523,524,-1,518,525,24,-1,24,525,522,-1,24,522,26,-1,26,522,524,-1,526,527,528,-1,528,527,529,-1,528,529,508,-1,508,529,530,-1,508,530,507,-1,531,532,517,-1,517,532,533,-1,534,535,536,-1,536,535,537,-1,536,537,538,-1,538,537,515,-1,539,533,540,-1,540,533,541,-1,540,541,512,-1,512,541,542,-1,512,542,513,-1,539,543,533,-1,533,543,544,-1,533,544,517,-1,517,544,545,-1,517,545,515,-1,515,545,546,-1,515,546,538,-1,542,547,513,-1,513,547,548,-1,513,548,528,-1,528,548,549,-1,528,549,526,-1,550,551,552,-1,550,552,553,-1,553,552,554,-1,553,554,555,-1,555,554,524,-1,555,524,523,-1,551,550,556,-1,556,550,557,-1,558,559,560,-1,560,559,561,-1,560,561,562,-1,562,561,563,-1,562,563,557,-1,557,563,556,-1,25,26,564,-1,564,26,524,-1,564,524,565,-1,565,524,554,-1,565,554,566,-1,566,554,552,-1,566,552,567,-1,567,552,551,-1,567,551,568,-1,568,551,556,-1,568,556,569,-1,569,556,563,-1,569,563,570,-1,570,563,561,-1,570,561,571,-1,571,561,559,-1,571,559,572,-1,572,559,573,-1,572,574,575,-1,576,577,578,-1,578,577,579,-1,578,579,580,-1,580,571,578,-1,578,571,572,-1,578,572,581,-1,581,572,575,-1,582,581,575,-1,582,575,583,-1,583,575,574,-1,583,574,584,-1,584,574,572,-1,584,572,573,-1,559,558,573,-1,573,558,585,-1,583,584,582,-1,582,584,573,-1,582,573,586,-1,586,573,585,-1,586,585,587,-1,587,585,588,-1,578,586,587,-1,578,587,576,-1,576,587,588,-1,576,588,577,-1,577,588,585,-1,577,585,579,-1,522,589,523,-1,523,589,590,-1,523,590,555,-1,555,590,591,-1,555,591,553,-1,553,591,592,-1,553,592,550,-1,550,592,593,-1,550,593,557,-1,557,593,594,-1,557,594,562,-1,562,594,595,-1,562,595,560,-1,560,595,596,-1,560,596,558,-1,558,596,580,-1,558,580,585,-1,585,580,579,-1,589,522,597,-1,597,522,525,-1,597,525,598,-1,598,525,518,-1,598,518,599,-1,599,518,519,-1,599,519,600,-1,600,519,520,-1,600,520,601,-1,601,520,514,-1,601,514,602,-1,602,514,513,-1,10,12,603,-1,603,12,604,-1,603,604,605,-1,605,604,606,-1,605,606,607,-1,607,606,608,-1,607,608,528,-1,528,608,609,-1,528,609,513,-1,513,609,602,-1,528,508,607,-1,607,508,610,-1,607,610,605,-1,605,610,611,-1,605,611,603,-1,603,611,612,-1,613,614,10,-1,615,616,603,-1,8,617,618,-1,603,616,10,-1,10,616,619,-1,10,619,613,-1,34,30,620,-1,620,30,8,-1,620,8,621,-1,621,8,618,-1,621,618,622,-1,622,618,623,-1,615,603,624,-1,624,603,612,-1,624,612,625,-1,626,627,614,-1,628,10,629,-1,629,10,614,-1,629,614,630,-1,630,614,627,-1,628,631,10,-1,10,631,632,-1,10,632,8,-1,8,632,633,-1,8,633,617,-1,634,635,636,-1,636,635,637,-1,636,637,618,-1,618,637,638,-1,618,638,623,-1,639,640,641,-1,642,643,644,-1,614,645,646,-1,634,647,648,-1,641,649,639,-1,639,649,626,-1,639,626,650,-1,650,626,614,-1,650,614,651,-1,651,614,646,-1,644,652,642,-1,642,652,635,-1,642,635,653,-1,653,635,634,-1,653,634,654,-1,654,634,648,-1,625,655,624,-1,624,655,656,-1,624,656,615,-1,615,656,657,-1,615,657,616,-1,616,657,658,-1,616,658,619,-1,619,658,659,-1,619,659,613,-1,613,659,660,-1,661,662,663,-1,664,665,666,-1,667,668,669,-1,670,660,659,-1,671,672,673,-1,673,672,670,-1,674,675,676,-1,676,675,671,-1,677,678,674,-1,670,659,673,-1,673,659,658,-1,673,658,679,-1,679,658,657,-1,679,657,669,-1,669,657,656,-1,669,656,667,-1,671,673,676,-1,676,673,679,-1,676,679,680,-1,680,679,669,-1,680,669,666,-1,666,669,668,-1,666,668,664,-1,674,676,677,-1,677,676,680,-1,677,680,681,-1,681,680,666,-1,681,666,663,-1,663,666,665,-1,663,665,661,-1,678,682,674,-1,674,682,683,-1,674,683,675,-1,675,683,684,-1,675,684,671,-1,671,684,685,-1,671,685,672,-1,672,685,686,-1,672,686,670,-1,670,686,687,-1,670,687,660,-1,660,687,688,-1,660,688,689,-1,689,688,690,-1,691,692,693,-1,694,695,696,-1,697,698,699,-1,683,682,700,-1,683,700,684,-1,684,700,698,-1,698,700,701,-1,698,701,699,-1,699,701,702,-1,699,702,703,-1,703,702,704,-1,703,704,705,-1,697,699,706,-1,706,699,703,-1,706,703,696,-1,696,703,705,-1,696,705,694,-1,688,687,697,-1,697,687,686,-1,697,686,698,-1,698,686,685,-1,698,685,684,-1,688,697,690,-1,690,697,706,-1,690,706,707,-1,707,706,696,-1,707,696,693,-1,693,696,695,-1,693,695,691,-1,689,690,708,-1,708,690,707,-1,708,707,709,-1,709,707,693,-1,709,693,710,-1,710,693,692,-1,710,692,711,-1,712,711,713,-1,713,711,692,-1,713,692,714,-1,714,692,691,-1,714,691,715,-1,715,691,695,-1,715,695,716,-1,716,695,694,-1,716,694,717,-1,717,694,705,-1,717,705,718,-1,718,705,704,-1,718,719,717,-1,717,719,720,-1,717,720,716,-1,716,720,721,-1,722,714,721,-1,721,714,715,-1,721,715,716,-1,723,712,722,-1,722,712,713,-1,722,713,714,-1,719,724,720,-1,720,724,725,-1,720,725,721,-1,721,725,726,-1,721,726,722,-1,722,726,727,-1,722,727,723,-1,723,727,728,-1,724,729,725,-1,725,729,730,-1,725,730,726,-1,726,730,731,-1,726,731,727,-1,727,731,732,-1,727,732,728,-1,728,732,733,-1,729,734,730,-1,730,734,735,-1,730,735,731,-1,731,735,736,-1,731,736,732,-1,732,736,737,-1,732,737,733,-1,733,737,738,-1,738,737,739,-1,739,737,740,-1,740,737,741,-1,741,737,736,-1,741,736,742,-1,742,736,743,-1,743,736,735,-1,743,735,744,-1,744,735,734,-1,744,734,745,-1,744,745,746,-1,742,743,747,-1,740,741,748,-1,749,750,751,-1,750,752,753,-1,752,754,755,-1,752,755,753,-1,753,755,756,-1,753,756,757,-1,757,756,758,-1,757,758,748,-1,748,758,739,-1,748,739,740,-1,750,753,751,-1,751,753,757,-1,751,757,759,-1,759,757,748,-1,759,748,747,-1,747,748,741,-1,747,741,742,-1,749,751,760,-1,760,751,759,-1,760,759,761,-1,761,759,747,-1,761,747,746,-1,746,747,743,-1,746,743,744,-1,762,754,763,-1,763,754,752,-1,763,752,764,-1,764,752,765,-1,765,752,766,-1,766,752,750,-1,766,750,767,-1,767,750,749,-1,767,749,768,-1,766,767,769,-1,764,765,770,-1,771,772,773,-1,772,774,775,-1,772,775,773,-1,773,775,776,-1,773,776,777,-1,777,776,778,-1,777,778,779,-1,779,778,762,-1,779,762,763,-1,780,781,782,-1,782,781,771,-1,771,773,782,-1,782,773,777,-1,782,777,783,-1,783,777,779,-1,783,779,770,-1,770,779,763,-1,770,763,764,-1,784,785,786,-1,786,785,780,-1,780,782,786,-1,786,782,783,-1,786,783,787,-1,787,783,770,-1,787,770,769,-1,769,770,765,-1,769,765,766,-1,788,789,784,-1,784,786,788,-1,788,786,787,-1,788,787,790,-1,790,787,769,-1,790,769,791,-1,791,769,767,-1,791,767,768,-1,789,792,784,-1,784,792,793,-1,784,793,785,-1,785,793,794,-1,785,794,780,-1,780,794,795,-1,780,795,781,-1,781,795,796,-1,781,796,771,-1,771,796,797,-1,771,797,772,-1,772,797,798,-1,772,798,774,-1,774,798,799,-1,799,798,800,-1,801,802,803,-1,804,805,806,-1,807,808,809,-1,793,792,810,-1,811,812,813,-1,813,812,814,-1,813,814,815,-1,815,814,809,-1,815,809,816,-1,816,809,808,-1,816,808,810,-1,810,808,794,-1,810,794,793,-1,807,809,817,-1,817,809,814,-1,817,814,806,-1,806,814,812,-1,806,812,804,-1,798,797,807,-1,807,797,796,-1,807,796,808,-1,808,796,795,-1,808,795,794,-1,798,807,800,-1,800,807,817,-1,800,817,818,-1,818,817,806,-1,818,806,803,-1,803,806,805,-1,803,805,801,-1,799,800,819,-1,819,800,818,-1,819,818,820,-1,820,818,803,-1,820,803,821,-1,821,803,802,-1,821,802,822,-1,823,822,824,-1,824,822,802,-1,824,802,825,-1,825,802,801,-1,825,801,826,-1,826,801,805,-1,826,805,827,-1,827,805,804,-1,827,804,828,-1,828,804,812,-1,828,812,829,-1,829,812,811,-1,829,830,828,-1,828,830,831,-1,828,831,827,-1,827,831,832,-1,833,825,832,-1,832,825,826,-1,832,826,827,-1,834,823,833,-1,833,823,824,-1,833,824,825,-1,830,835,831,-1,831,835,836,-1,831,836,832,-1,832,836,837,-1,832,837,833,-1,833,837,838,-1,833,838,834,-1,834,838,839,-1,835,840,836,-1,836,840,841,-1,836,841,837,-1,837,841,842,-1,837,842,838,-1,838,842,843,-1,838,843,839,-1,839,843,844,-1,840,845,841,-1,841,845,846,-1,841,846,842,-1,842,846,847,-1,842,847,843,-1,843,847,848,-1,843,848,844,-1,844,848,849,-1,849,848,850,-1,850,848,851,-1,851,848,852,-1,852,848,847,-1,852,847,853,-1,853,847,854,-1,854,847,846,-1,854,846,855,-1,855,846,845,-1,855,845,856,-1,855,856,857,-1,853,854,858,-1,851,852,859,-1,860,861,862,-1,863,864,865,-1,865,864,860,-1,866,867,868,-1,868,867,863,-1,869,870,866,-1,860,862,865,-1,865,862,871,-1,865,871,872,-1,872,871,873,-1,872,873,859,-1,859,873,850,-1,859,850,851,-1,863,865,868,-1,868,865,872,-1,868,872,874,-1,874,872,859,-1,874,859,858,-1,858,859,852,-1,858,852,853,-1,866,868,869,-1,869,868,874,-1,869,874,875,-1,875,874,858,-1,875,858,857,-1,857,858,854,-1,857,854,855,-1,867,876,863,-1,863,876,877,-1,863,877,864,-1,864,877,878,-1,864,878,860,-1,860,878,879,-1,860,879,861,-1,867,866,876,-1,876,866,870,-1,876,870,880,-1,880,881,879,-1,384,383,385,-1,385,383,382,-1,385,382,386,-1,386,382,381,-1,386,381,387,-1,387,381,373,-1,387,373,396,-1,396,373,375,-1,396,375,394,-1,394,375,377,-1,394,377,391,-1,391,377,379,-1,391,379,882,-1,882,379,481,-1,882,481,883,-1,883,481,490,-1,883,490,884,-1,884,490,492,-1,884,492,885,-1,885,492,494,-1,885,494,886,-1,886,494,497,-1,886,497,887,-1,887,497,498,-1,887,498,888,-1,888,498,500,-1,888,500,889,-1,889,500,502,-1,889,502,7,-1,7,502,31,-1,7,31,5,-1,5,31,32,-1,5,32,3,-1,3,32,33,-1,3,33,0,-1,0,33,34,-1,0,34,881,-1,881,34,620,-1,881,620,879,-1,878,877,879,-1,879,877,876,-1,879,876,880,-1,885,890,891,-1,885,891,884,-1,884,891,892,-1,884,892,883,-1,883,892,893,-1,883,893,882,-1,465,463,477,-1,477,463,460,-1,404,402,882,-1,392,391,398,-1,398,391,882,-1,398,882,400,-1,400,882,402,-1,82,79,893,-1,893,79,77,-1,893,77,882,-1,882,77,406,-1,882,406,404,-1,88,86,893,-1,893,86,84,-1,893,84,82,-1,452,77,454,-1,454,77,76,-1,454,76,456,-1,410,408,446,-1,446,408,406,-1,446,406,448,-1,448,406,77,-1,448,77,450,-1,450,77,452,-1,62,59,60,-1,441,414,413,-1,65,67,894,-1,894,67,893,-1,894,893,895,-1,895,893,896,-1,895,896,897,-1,469,471,457,-1,457,471,473,-1,457,473,460,-1,460,473,475,-1,460,475,477,-1,67,69,893,-1,893,69,71,-1,893,71,88,-1,88,71,73,-1,88,73,90,-1,90,73,62,-1,90,62,92,-1,92,62,60,-1,446,444,410,-1,410,444,441,-1,410,441,412,-1,412,441,413,-1,65,894,63,-1,63,894,898,-1,63,898,76,-1,76,898,899,-1,76,899,456,-1,899,900,456,-1,456,900,479,-1,456,479,457,-1,457,479,467,-1,457,467,469,-1,897,489,895,-1,895,489,488,-1,895,488,894,-1,894,488,483,-1,894,483,898,-1,898,483,482,-1,898,482,899,-1,899,482,485,-1,899,485,900,-1,900,485,484,-1,900,484,479,-1,479,484,480,-1,487,489,896,-1,896,489,897,-1,487,896,486,-1,486,896,893,-1,486,893,491,-1,491,893,892,-1,491,892,493,-1,493,892,891,-1,493,891,495,-1,495,891,890,-1,495,890,496,-1,496,890,901,-1,496,901,499,-1,499,901,902,-1,499,902,501,-1,501,902,903,-1,501,903,503,-1,503,903,904,-1,503,904,517,-1,517,904,905,-1,
        ]
    }
}
Shape{
    appearance Appearance {
        material  Material 	{
            diffuseColor 0.8 0.5725490196078431 0.10196078431372549
            specularColor 0.5450980392156862 0.39215686274509803 0.06666666666666667
            ambientIntensity 0.6908
            transparency 0.0
            shininess 0.5
        }
    }
    geometry IndexedFaceSet {
        ccw TRUE
        solid FALSE
        coord DEF co Coordinate {
            point [
                1.1795 -1.3398 -0.3383, 1.7233 -1.3398 -0.3383, 1.1795 -1.4185 -0.3383, 1.7233 -1.4185 -0.3383
            ]
        }
        coordIndex [
            0,1,2,-1,2,1,3,-1,
        ]
    }
}
Shape{
    appearance Appearance {
        material  Material 	{
            diffuseColor 1.0 1.0 0.9450980392156862
            specularColor 1.0 1.0 0.9450980392156862
            ambientIntensity 0.9937
            transparency 0.0
            shininess 0.5
        }
    }
    geometry IndexedFaceSet {
        ccw TRUE
        solid FALSE
        coord DEF co Coordinate {
            point [
                1.1721 -1.4185 -0.3103, 1.1795 -1.4185 -0.3383, 1.7233 -1.4185 -0.3383, -1.7315 -1.4185 0.3543, 0.3128 -1.4185 0.6809, 0.3128 -1.4185 1.3256, 1.7233 -1.4185 -0.7531, 1.1795 -1.4185 -0.7531, 1.7233 -1.4185 -0.9842, 1.1721 -1.4185 -0.781, -2.8437 -1.4185 1.6929, -1.7911 -1.4185 0.3199, -1.7659 -1.4185 0.3451, 1.0958 -1.4185 -0.8015, -0.9342 -1.4185 -0.9842, 1.1237 -1.4185 -0.8089, 1.1516 -1.4185 -0.8015, -2.8437 -1.4185 -0.9842, -1.8004 -1.4185 -0.9842, -1.8004 -1.4185 0.2854, 1.0754 -1.4185 -0.3103, 1.2378 -1.4185 0.722, 1.2275 -1.4185 0.7008, 1.0958 -1.4185 -0.2899, 1.1237 -1.4185 -0.2824, 1.1516 -1.4185 -0.2899, -0.9687 -1.4185 0.3451, -1.0031 -1.4185 0.3543, -1.0376 -1.4185 0.3451, -1.697 -1.4185 0.3451, -1.0628 -1.4185 0.3199, -0.9435 -1.4185 0.3199, -0.9342 -1.4185 0.2854, 1.1862 -1.4185 0.6809, 1.7233 -1.4185 1.6929, 1.1862 -1.4185 1.3256, 1.2126 -1.4185 1.3185, 1.232 -1.4185 1.2991, 1.2391 -1.4185 1.2727, 1.232 -1.4185 1.2462, 1.2126 -1.4185 1.2269, -1.6626 -1.4185 0.2854, -1.6626 -1.4185 0.1575, -1.072 -1.4185 0.1575, -1.6718 -1.4185 0.3199, -1.072 -1.4185 0.2854, 1.0754 -1.4185 -0.781, 1.0679 -1.4185 -0.7531, 1.0679 -1.4185 -0.3383, 1.2091 -1.4185 0.6861, 1.1862 -1.4185 1.2198, 1.1183 -1.4185 1.2198, 1.1183 -1.4185 0.7867, 1.2378 -1.4185 0.7456, 1.1862 -1.4185 0.7867, 1.2091 -1.4185 0.7815, 1.2275 -1.4185 0.7668
            ]
        }
        coordIndex [
            0,1,2,-1,3,4,5,-1,6,7,8,-1,8,7,9,-1,10,11,12,-1,13,14,15,-1,15,14,8,-1,15,8,16,-1,16,8,9,-1,17,18,10,-1,10,18,19,-1,10,19,11,-1,20,21,22,-1,20,23,21,-1,21,23,24,-1,21,24,25,-1,26,4,27,-1,27,4,3,-1,27,3,28,-1,28,3,29,-1,28,29,30,-1,26,31,4,-1,4,31,32,-1,4,32,33,-1,12,3,10,-1,10,3,5,-1,10,5,34,-1,34,5,35,-1,34,35,36,-1,36,37,34,-1,34,37,38,-1,34,38,2,-1,2,38,39,-1,2,39,40,-1,41,42,43,-1,29,44,30,-1,30,44,41,-1,30,41,45,-1,45,41,43,-1,13,46,14,-1,14,46,47,-1,14,47,32,-1,32,47,48,-1,32,48,33,-1,33,48,20,-1,33,20,49,-1,49,20,22,-1,50,51,52,-1,25,0,21,-1,21,0,2,-1,21,2,53,-1,53,2,40,-1,52,54,50,-1,50,54,55,-1,50,55,40,-1,40,55,56,-1,40,56,53,-1,
        ]
    }
}
Shape{
    appearance Appearance {
        material  Material 	{
            diffuseColor 0.8 0.5725490196078431 0.10196078431372549
            specularColor 0.5450980392156862 0.39215686274509803 0.06666666666666667
            ambientIntensity 0.6908
            transparency 0.0
            shininess 0.5
        }
    }
    geometry IndexedFaceSet {
        ccw TRUE
        solid FALSE
        coord DEF co Coordinate {
            point [
                1.1795 -1.4185 -0.7531, 1.7233 -1.4185 -0.7531, 1.1795 -1.3398 -0.7531, 1.7233 -1.3398 -0.7531
            ]
        }
        coordIndex [
            0,1,2,-1,2,1,3,-1,
        ]
    }
}
Shape{
    appearance Appearance {
        material  Material 	{
            diffuseColor 1.0 1.0 0.9450980392156862
            specularColor 1.0 1.0 0.9450980392156862
            ambientIntensity 0.9937
            transparency 0.0
            shininess 0.5
        }
    }
    geometry IndexedFaceSet {
        ccw TRUE
        solid FALSE
        coord DEF co Coordinate {
            point [
                1.7233 0.2107 -1.1339, 1.7233 0.2107 -1.063, 1.7233 -0.7513 -1.1417, 1.7233 -1.261 -1.063, 1.7233 -1.3398 -0.7531, 1.7233 -1.4185 -0.7531, 1.7233 -1.3398 -0.9842, 1.7233 -1.4185 -0.9842, 1.7233 -1.3292 -1.0236, 1.7233 -1.3974 -1.063, 1.7233 -1.3004 -1.0524, 1.7233 -1.3398 -1.1206, 1.7233 -1.261 -1.1417, 1.7233 0.2084 -1.1394, 1.7233 0.2101 -1.1369, 1.7233 0.2058 -1.1411, 1.7233 0.2028 -1.1417, 0.8628 0.2107 -1.1339, 0.8628 0.2096 -1.1378, 0.8628 0.2099 -1.1368, 0.8628 0.2058 -1.1409, 0.8628 0.2067 -1.1407, 0.8628 0.2082 -1.1392, 0.8628 0.2028 -1.1417, -1.1162 -0.0093 -1.1417, -1.1162 -0.2416 -1.1417, -1.1356 -0.7513 -1.1417, -0.942 -0.2416 -1.1417, -0.942 -0.0093 -1.1417, -1.0784 0.3235 -1.1417, -0.4774 -0.0093 -1.1417, -0.5065 -0.0093 -1.1417, -0.9134 0.2028 -1.1417, -0.2962 0.2028 -1.1417, -0.227 0.2172 -1.1417, -0.1693 0.258 -1.1417, -0.5258 -0.0686 -1.1417, -0.6226 -0.0686 -1.1417, -0.642 -0.0093 -1.1417, -0.9841 0.2179 -1.1417, -1.0872 -0.212 -1.1417, -1.0872 -0.1477 -1.1417, -0.942 -0.212 -1.1417, -0.9614 -0.1477 -1.1417, -0.9614 -0.1181 -1.1417, -0.9033 -0.0093 -1.1417, -0.942 -0.039 -1.1417, -0.9033 -0.2416 -1.1417, -0.1328 0.3185 -1.1417, 0.7314 0.8928 -1.1417, -0.1234 0.3885 -1.1417, -0.1559 0.839 -1.1417, -1.0425 0.2606 -1.1417, -0.7871 -0.0093 -1.1417, 0.6906 0.3944 -1.1417, 0.698 0.3227 -1.1417, -0.7871 -0.2416 -1.1417, -0.5936 -0.2416 -1.1417, -0.5549 -0.2416 -1.1417, -0.1183 0.9458 -1.1417, -0.0711 0.9792 -1.1417, -0.1482 0.8963 -1.1417, -0.0146 0.9909 -1.1417, 0.6542 0.9787 -1.1417, 0.702 0.944 -1.1417, 0.5966 0.9909 -1.1417, -0.7629 -0.2367 -1.1417, -0.7436 -0.2268 -1.1417, -0.7242 -0.207 -1.1417, -0.7146 -0.0637 -1.1417, -0.7242 -0.0439 -1.1417, -0.671 -0.0093 -1.1417, -0.7436 -0.0242 -1.1417, 0.7375 0.8342 -1.1417, -1.0712 0.9436 -1.1417, -1.0418 0.8922 -1.1417, -1.119 0.9786 -1.1417, -1.036 0.8333 -1.1417, -1.1356 0.9821 -1.1417, -1.0855 0.3955 -1.1417, -0.7629 -0.0143 -1.1417, 0.734 0.2602 -1.1417, 0.7923 0.2178 -1.1417, -0.7146 -0.1872 -1.1417, -0.7097 -0.1625 -1.1417, -0.7097 -0.0884 -1.1417, -1.3437 -0.0884 -1.1417, -1.5275 -0.039 -1.1417, -1.3824 -0.039 -1.1417, -1.184 -0.0686 -1.1417, -1.1549 -0.0686 -1.1417, -1.1549 -0.1823 -1.1417, -1.1598 -0.0439 -1.1417, -1.1791 -0.2268 -1.1417, -1.1598 -0.207 -1.1417, -1.2856 -0.0439 -1.1417, -1.2662 -0.039 -1.1417, -1.184 -0.1823 -1.1417, -1.2227 -0.039 -1.1417, -1.5566 -0.0093 -1.1417, -1.5566 -0.2416 -1.1417, -2.0043 0.2172 -1.1417, -1.1888 -0.1971 -1.1417, -1.3146 -0.1625 -1.1417, -1.2033 -0.207 -1.1417, -1.2662 -0.212 -1.1417, -1.2856 -0.207 -1.1417, -1.3001 -0.1971 -1.1417, -1.3001 -0.0538 -1.1417, -1.3098 -0.0686 -1.1417, -1.3146 -0.0884 -1.1417, -2.8437 -0.7513 -1.1417, -2.8437 0.2028 -1.1417, -2.0734 0.2028 -1.1417, -1.9332 0.839 -1.1417, -1.9006 0.3885 -1.1417, -1.3824 -0.0093 -1.1417, -1.91 0.3185 -1.1417, -1.9466 0.258 -1.1417, -1.2033 -0.0439 -1.1417, -1.1888 -0.0538 -1.1417, -1.2227 -0.212 -1.1417, -1.3098 -0.1823 -1.1417, -1.3291 -0.0439 -1.1417, -1.3388 -0.0637 -1.1417, -1.5275 -0.2416 -1.1417, -1.3437 -0.1625 -1.1417, -1.3388 -0.1872 -1.1417, -1.3291 -0.207 -1.1417, -1.3098 -0.2268 -1.1417, -1.2904 -0.2367 -1.1417, -1.2662 -0.2416 -1.1417, -1.1791 -0.0242 -1.1417, -1.1985 -0.0143 -1.1417, -1.2227 -0.0093 -1.1417, -1.8956 0.9458 -1.1417, -1.8484 0.9792 -1.1417, -1.9255 0.8963 -1.1417, -1.7918 0.9909 -1.1417, -1.1769 0.9909 -1.1417, -1.2227 -0.2416 -1.1417, -1.1985 -0.2367 -1.1417, -1.2662 -0.0093 -1.1417, -1.2904 -0.0143 -1.1417, -1.3098 -0.0242 -1.1417, -1.1356 -1.0248 -1.1417, -1.8004 -1.0248 -1.1417, -1.8004 -1.261 -1.1417, -2.8437 -1.261 -1.1417, -0.9342 -1.261 -1.1417, -0.9342 -1.0248 -1.1417, -1.0872 -0.1181 -1.1417, -1.0872 -0.039 -1.1417
            ]
        }
        coordIndex [
            0,1,2,-1,2,1,3,-1,4,5,6,-1,6,5,7,-1,6,7,8,-1,8,7,9,-1,8,9,10,-1,10,9,11,-1,10,11,3,-1,3,11,12,-1,3,12,2,-1,13,14,15,-1,15,14,0,-1,15,0,16,-1,16,0,2,-1,17,0,14,-1,13,18,14,-1,14,18,19,-1,14,19,17,-1,20,21,13,-1,13,21,22,-1,13,22,18,-1,13,15,20,-1,20,15,16,-1,20,16,23,-1,24,25,26,-1,26,25,27,-1,28,24,29,-1,30,31,32,-1,32,33,30,-1,30,33,34,-1,30,34,35,-1,36,37,31,-1,31,37,38,-1,31,38,32,-1,32,38,39,-1,40,41,42,-1,42,41,43,-1,42,43,44,-1,28,45,46,-1,46,45,47,-1,35,48,49,-1,49,48,50,-1,49,50,51,-1,28,29,45,-1,45,29,52,-1,45,52,53,-1,54,55,30,-1,47,56,2,-1,2,56,57,-1,2,57,58,-1,30,55,58,-1,59,60,61,-1,61,60,62,-1,63,64,65,-1,65,64,49,-1,65,49,62,-1,62,49,51,-1,62,51,61,-1,56,66,57,-1,57,66,67,-1,57,67,68,-1,69,70,71,-1,71,70,72,-1,35,49,30,-1,30,49,73,-1,30,73,54,-1,74,75,76,-1,76,75,77,-1,76,77,78,-1,78,77,79,-1,38,71,39,-1,39,71,72,-1,39,72,52,-1,52,72,80,-1,52,80,53,-1,55,81,58,-1,58,81,82,-1,58,82,2,-1,2,82,23,-1,2,23,16,-1,68,83,57,-1,57,83,84,-1,57,84,71,-1,71,84,85,-1,71,85,69,-1,86,87,88,-1,89,90,91,-1,90,92,78,-1,93,94,26,-1,26,94,91,-1,91,90,26,-1,26,90,78,-1,26,78,24,-1,24,78,79,-1,24,79,29,-1,95,96,97,-1,97,96,98,-1,99,100,101,-1,97,102,103,-1,103,102,104,-1,105,106,107,-1,108,95,109,-1,109,95,97,-1,109,97,110,-1,110,97,103,-1,111,112,100,-1,100,112,113,-1,100,113,101,-1,114,78,115,-1,115,78,116,-1,115,116,117,-1,117,116,99,-1,117,99,118,-1,118,99,101,-1,119,120,98,-1,98,120,89,-1,98,89,97,-1,97,89,91,-1,104,121,103,-1,103,121,105,-1,103,105,122,-1,122,105,107,-1,116,123,88,-1,88,123,124,-1,88,124,86,-1,87,86,125,-1,125,86,126,-1,125,126,127,-1,127,128,125,-1,125,128,129,-1,125,129,26,-1,26,129,130,-1,26,130,131,-1,92,132,78,-1,78,132,133,-1,78,133,134,-1,135,136,137,-1,137,136,138,-1,137,138,114,-1,114,138,139,-1,114,139,78,-1,131,140,26,-1,26,140,141,-1,26,141,93,-1,134,142,78,-1,78,142,143,-1,78,143,116,-1,116,143,144,-1,116,144,123,-1,26,145,146,-1,147,148,146,-1,146,148,111,-1,146,111,26,-1,26,111,100,-1,26,100,125,-1,12,149,2,-1,2,149,150,-1,151,152,44,-1,44,152,46,-1,44,46,42,-1,42,46,47,-1,42,47,27,-1,27,47,2,-1,27,2,26,-1,26,2,150,-1,26,150,145,-1,
        ]
    }
}
Shape{
    appearance Appearance {
        material  Material 	{
            diffuseColor 0.24313725490196078 0.24313725490196078 0.24313725490196078
            specularColor 0.24313725490196078 0.24313725490196078 0.24313725490196078
            ambientIntensity 0.2431
            transparency 0.0
            shininess 0.5
        }
    }
    geometry IndexedFaceSet {
        ccw TRUE
        solid FALSE
        coord DEF co Coordinate {
            point [
                -1.3098 -0.0686 -1.1811, -1.3098 -0.0686 -1.1417, -1.3146 -0.0884 -1.1811, -1.3146 -0.0884 -1.1417
            ]
        }
        coordIndex [
            0,1,2,-1,2,1,3,-1,
        ]
    }
}
Shape{
    appearance Appearance {
        material  Material 	{
            diffuseColor 1.0 0.8705882352941177 0.5215686274509804
            specularColor 1.0 0.8705882352941177 0.5215686274509804
            ambientIntensity 0.8695
            transparency 0.0
            shininess 0.5
        }
    }
    geometry IndexedFaceSet {
        ccw TRUE
        solid FALSE
        coord DEF co Coordinate {
            point [
                2.3138 0.0074 0.2343, 2.3138 0.0579 0.1839, 2.322 0.0579 0.1826, 2.3138 0.0743 0.1795, 2.3138 0.1563 0.1575, 2.3365 0.0717 0.1575, 2.3389 0.0579 0.1656, 2.3402 0.0579 0.1575, 2.4074 -0.0142 0.1879, 2.3918 0.0063 0.1575, 2.3138 -0.0142 0.2559, 2.3442 -0.0142 0.2511, 2.3138 -0.0291 0.3117, 2.3746 -0.0405 0.3447, 2.4122 -0.0142 0.1575, 2.4686 -0.0293 0.1575, 2.501 -0.0405 0.2183, 2.405 -0.0142 0.4383, 2.3138 -0.0291 0.3969, 2.3138 -0.0405 0.3543, 2.5107 -0.0405 0.1575, 2.5528 -0.0293 0.1575, 2.5946 -0.0142 0.2487, 2.3138 0.0743 0.5292, 2.3138 0.0579 0.5248, 2.4273 0.0579 0.5068, 2.3138 0.0074 0.4743, 2.3138 -0.0142 0.4528, 2.5297 0.0579 0.4547, 2.4874 -0.0142 0.3964, 2.4295 -0.0405 0.3167, 2.3717 -0.0142 0.2371, 2.3293 0.0579 0.1788, 2.3351 0.0579 0.173, 2.3934 -0.0142 0.2153, 2.4731 -0.0405 0.2732, 2.5527 -0.0142 0.331, 2.611 0.0579 0.3734, 2.6632 0.0579 0.271, 2.4355 0.1563 0.5319, 2.3138 0.1563 0.5512, 2.6091 -0.0142 0.1575, 2.6295 0.0063 0.1575, 2.6811 0.0579 0.1575, 2.6848 0.0717 0.1575, 2.5452 0.1563 0.476, 2.6323 0.1563 0.3889, 2.6882 0.1563 0.2791, 2.7075 0.1563 0.1575, 2.7075 0.1563 -0.5512, 2.688 0.0709 -0.5512, 2.6334 0.0024 -0.5512, 2.5545 -0.0356 -0.5512, 2.4669 -0.0356 -0.5512, 2.3879 0.0024 -0.5512, 2.3333 0.0709 -0.5512, 2.3138 0.1563 -0.5512, 2.5894 0.1563 -0.6693, 2.5816 0.1221 -0.6693, 2.5597 0.0947 -0.6693, 2.5282 0.0795 -0.6693, 2.4931 0.0795 -0.6693, 2.4616 0.0947 -0.6693, 2.4397 0.1221 -0.6693, 2.4319 0.1563 -0.6693, 2.4616 0.2179 -0.6693, 2.4931 0.2331 -0.6693, 2.4397 0.1905 -0.6693, 2.5282 0.2331 -0.6693, 2.5816 0.1905 -0.6693, 2.5597 0.2179 -0.6693, 2.3333 0.2417 -0.5512, 2.3879 0.3102 -0.5512, 2.4669 0.3482 -0.5512, 2.5545 0.3482 -0.5512, 2.6334 0.3102 -0.5512, 2.688 0.2417 -0.5512, 2.3365 0.2409 0.1575, 2.3402 0.2547 0.1575, 2.3918 0.3063 0.1575, 2.4122 0.3268 0.1575, 2.4686 0.3419 0.1575, 2.5107 0.3532 0.1575, 2.5528 0.3419 0.1575, 2.6091 0.3268 0.1575, 2.6295 0.3063 0.1575, 2.6811 0.2547 0.1575, 2.6848 0.2409 0.1575, 2.3389 0.2547 0.1656, 2.3138 0.2409 0.5285, 2.4273 0.2547 0.5068, 2.3138 0.2547 0.5248, 2.6632 0.2547 0.271, 2.3138 0.3063 0.4732, 2.405 0.3268 0.4383, 2.3138 0.3268 0.4528, 2.5946 0.3268 0.2487, 2.3138 0.3419 0.3964, 2.3746 0.3532 0.3447, 2.3138 0.3532 0.3543, 2.501 0.3532 0.2183, 2.3138 0.3419 0.3122, 2.3442 0.3268 0.2511, 2.3138 0.3268 0.2559, 2.4074 0.3268 0.1879, 2.5297 0.2547 0.4547, 2.4874 0.3268 0.3964, 2.4295 0.3532 0.3167, 2.3717 0.3268 0.2371, 2.322 0.2547 0.1826, 2.3293 0.2547 0.1788, 2.611 0.2547 0.3734, 2.5527 0.3268 0.331, 2.4731 0.3532 0.2732, 2.3934 0.3268 0.2153, 2.3351 0.2547 0.173, 2.3138 0.2409 0.1801, 2.3138 0.2547 0.1839, 2.3138 0.3063 0.2355, 1.9201 0.1563 0.1575, 1.9201 0.2417 0.177, 1.9201 0.3102 0.2316, 1.9201 0.3482 0.3105, 1.9201 0.3482 0.3981, 1.9201 0.3102 0.4771, 1.9201 0.2417 0.5317, 1.9201 0.1563 0.5512, 1.9201 0.0734 0.5323, 1.9201 0.0709 0.5317, 1.9201 0.0036 0.478, 1.9201 0.0024 0.4771, 1.9201 -0.0354 0.3986, 1.9201 -0.0356 0.3981, 1.9201 -0.0356 0.3105, 1.9201 -0.0354 0.3101, 1.9201 0.0024 0.2316, 1.9201 0.0036 0.2306, 1.9201 0.0709 0.177, 1.9201 0.0734 0.1764, 1.7233 0.1563 0.748, 1.7233 -0.0145 0.709, 1.7233 -0.1515 0.5998, 1.7233 -0.2275 0.4419, 1.7233 -0.2275 0.2667, 1.7233 -0.1515 0.1089, 1.7233 -0.0145 -0.0004, 1.7233 0.1563 -0.0394, 1.7233 0.3271 -0.0004, 1.7233 0.4641 0.1089, 1.7233 0.5401 0.2667, 1.7233 0.5401 0.4419, 1.7233 0.4641 0.5998, 1.7233 0.3271 0.709, 1.7233 0.5107 -0.0901, 1.7233 0.6685 0.1077, 1.7233 0.7247 0.3543, 1.7233 0.6685 0.601, 1.7233 0.5107 0.7988, 1.7233 0.2828 0.9085, 1.7233 0.0298 0.9085, 1.7233 -0.1981 0.7988, 1.7233 -0.3558 0.601, 1.7233 -0.4121 0.3543, 1.7233 -0.3558 0.1077, 1.7233 -0.1981 -0.0901, 1.7233 0.0298 -0.1999, 1.7233 0.2828 -0.1999, 1.3296 -0.4121 0.3543, 1.3296 -0.3558 0.601, 1.3296 -0.1981 0.7988, 1.3296 0.0298 0.9085, 1.3296 0.2828 0.9085, 1.3296 0.5107 0.7988, 1.3296 0.6685 0.601, 1.3296 0.7247 0.3543, 1.3296 0.6685 0.1077, 1.3296 0.5107 -0.0901, 1.3296 0.2828 -0.1999, 1.3296 0.0298 -0.1999, 1.3296 -0.1981 -0.0901, 1.3296 -0.3558 0.1077
            ]
        }
        coordIndex [
            0,1,2,-1,2,1,3,-1,2,3,4,-1,4,5,6,-1,6,5,7,-1,6,7,8,-1,8,7,9,-1,10,11,12,-1,12,11,13,-1,9,14,8,-1,8,14,15,-1,8,15,16,-1,17,18,13,-1,13,18,19,-1,13,19,12,-1,15,20,16,-1,16,20,21,-1,16,21,22,-1,23,24,25,-1,25,24,26,-1,25,26,17,-1,17,26,27,-1,17,27,18,-1,28,25,29,-1,29,25,17,-1,29,17,30,-1,30,17,13,-1,30,13,31,-1,31,13,11,-1,31,11,32,-1,32,33,31,-1,31,33,34,-1,31,34,30,-1,30,34,35,-1,30,35,29,-1,29,35,36,-1,29,36,28,-1,28,36,37,-1,38,37,22,-1,22,37,36,-1,22,36,16,-1,16,36,35,-1,16,35,8,-1,8,35,34,-1,8,34,6,-1,6,34,33,-1,6,33,4,-1,32,4,33,-1,10,0,11,-1,11,0,2,-1,11,2,32,-1,32,2,4,-1,39,40,23,-1,21,41,22,-1,22,41,42,-1,22,42,38,-1,38,42,43,-1,38,43,44,-1,23,25,39,-1,39,25,28,-1,39,28,45,-1,45,28,37,-1,45,37,46,-1,46,37,38,-1,46,38,47,-1,47,38,44,-1,47,44,48,-1,49,48,44,-1,49,44,50,-1,50,44,43,-1,50,43,51,-1,43,42,51,-1,51,42,41,-1,51,41,52,-1,41,21,52,-1,52,21,20,-1,52,20,53,-1,20,15,53,-1,53,15,14,-1,53,14,54,-1,14,9,54,-1,54,9,7,-1,54,7,55,-1,7,5,55,-1,55,5,4,-1,55,4,56,-1,57,49,50,-1,57,50,58,-1,58,50,51,-1,58,51,59,-1,59,51,52,-1,59,52,60,-1,60,52,53,-1,60,53,61,-1,61,53,54,-1,61,54,62,-1,62,54,55,-1,62,55,63,-1,63,55,56,-1,63,56,64,-1,64,58,59,-1,63,64,62,-1,62,64,59,-1,62,59,61,-1,61,59,60,-1,65,66,67,-1,67,66,68,-1,58,64,57,-1,57,64,67,-1,57,67,69,-1,69,67,68,-1,69,68,70,-1,64,56,71,-1,64,71,67,-1,67,71,72,-1,67,72,65,-1,65,72,73,-1,65,73,66,-1,66,73,74,-1,66,74,68,-1,68,74,75,-1,68,75,70,-1,70,75,76,-1,70,76,69,-1,69,76,49,-1,69,49,57,-1,56,4,77,-1,56,77,71,-1,71,77,78,-1,71,78,72,-1,78,79,72,-1,72,79,80,-1,72,80,73,-1,80,81,73,-1,73,81,82,-1,73,82,74,-1,82,83,74,-1,74,83,84,-1,74,84,75,-1,84,85,75,-1,75,85,86,-1,75,86,76,-1,86,87,76,-1,76,87,48,-1,76,48,49,-1,77,4,88,-1,40,39,89,-1,89,39,90,-1,89,90,91,-1,48,87,47,-1,47,87,92,-1,91,90,93,-1,93,90,94,-1,93,94,95,-1,87,86,92,-1,92,86,85,-1,92,85,96,-1,95,94,97,-1,97,94,98,-1,97,98,99,-1,85,84,96,-1,96,84,83,-1,96,83,100,-1,99,98,101,-1,101,98,102,-1,101,102,103,-1,83,82,100,-1,100,82,81,-1,100,81,104,-1,39,45,90,-1,90,45,105,-1,90,105,94,-1,94,105,106,-1,94,106,98,-1,98,106,107,-1,98,107,102,-1,102,107,108,-1,102,108,109,-1,109,108,110,-1,109,110,4,-1,46,47,111,-1,111,47,92,-1,111,92,112,-1,112,92,96,-1,112,96,113,-1,113,96,100,-1,113,100,114,-1,114,100,104,-1,114,104,115,-1,115,104,88,-1,115,88,4,-1,4,116,109,-1,109,116,117,-1,109,117,102,-1,102,117,118,-1,102,118,103,-1,81,80,104,-1,104,80,79,-1,104,79,88,-1,88,79,78,-1,88,78,77,-1,45,46,105,-1,105,46,111,-1,105,111,106,-1,106,111,112,-1,106,112,107,-1,107,112,113,-1,107,113,108,-1,108,113,114,-1,108,114,110,-1,110,114,115,-1,110,115,4,-1,119,120,4,-1,4,120,116,-1,116,120,117,-1,117,120,121,-1,117,121,118,-1,118,121,103,-1,103,121,122,-1,103,122,101,-1,101,122,99,-1,99,122,123,-1,99,123,97,-1,97,123,95,-1,95,123,124,-1,95,124,93,-1,93,124,91,-1,91,124,125,-1,91,125,89,-1,89,125,126,-1,89,126,40,-1,23,40,126,-1,126,127,23,-1,23,127,128,-1,23,128,24,-1,24,128,129,-1,24,129,26,-1,26,129,27,-1,27,129,130,-1,27,130,18,-1,18,130,131,-1,18,131,19,-1,131,132,19,-1,19,132,133,-1,19,133,12,-1,12,133,134,-1,12,134,10,-1,10,134,135,-1,10,135,0,-1,0,135,136,-1,0,136,1,-1,1,136,137,-1,1,137,3,-1,3,137,138,-1,3,138,4,-1,4,138,119,-1,126,139,127,-1,127,139,140,-1,141,129,140,-1,140,129,128,-1,140,128,127,-1,132,131,141,-1,141,131,130,-1,141,130,129,-1,141,142,132,-1,132,142,143,-1,132,143,133,-1,144,135,143,-1,143,135,134,-1,143,134,133,-1,145,146,119,-1,119,138,145,-1,145,138,137,-1,145,137,144,-1,144,137,136,-1,144,136,135,-1,119,146,147,-1,119,147,120,-1,120,147,148,-1,120,148,121,-1,121,148,149,-1,121,149,122,-1,122,149,150,-1,122,150,123,-1,123,150,151,-1,123,151,124,-1,124,151,152,-1,124,152,125,-1,125,152,139,-1,125,139,126,-1,147,153,148,-1,148,153,154,-1,148,154,149,-1,149,154,155,-1,149,155,150,-1,150,155,156,-1,150,156,151,-1,151,156,157,-1,151,157,152,-1,152,157,158,-1,152,158,139,-1,139,158,159,-1,139,159,140,-1,140,159,160,-1,140,160,141,-1,141,160,161,-1,141,161,142,-1,142,161,162,-1,142,162,143,-1,143,162,163,-1,143,163,144,-1,144,163,164,-1,144,164,145,-1,145,164,165,-1,145,165,146,-1,146,165,166,-1,146,166,147,-1,147,166,153,-1,167,162,161,-1,167,161,168,-1,168,161,160,-1,168,160,169,-1,169,160,159,-1,169,159,170,-1,170,159,158,-1,170,158,171,-1,171,158,157,-1,171,157,172,-1,172,157,156,-1,172,156,173,-1,173,156,155,-1,173,155,174,-1,174,155,154,-1,174,154,175,-1,175,154,153,-1,175,153,176,-1,176,153,166,-1,176,166,177,-1,177,166,165,-1,177,165,178,-1,178,165,164,-1,178,164,179,-1,179,164,163,-1,179,163,180,-1,180,163,162,-1,180,162,167,-1,
        ]
    }
}
Shape{
    appearance Appearance {
        material  Material 	{
            diffuseColor 0.24313725490196078 0.24313725490196078 0.24313725490196078
            specularColor 0.24313725490196078 0.24313725490196078 0.24313725490196078
            ambientIntensity 0.2431
            transparency 0.0
            shininess 0.5
        }
    }
    geometry IndexedFaceSet {
        ccw TRUE
        solid FALSE
        coord DEF co Coordinate {
            point [
                1.3296 0.5107 0.7988, 1.3296 0.3823 0.8999, 1.3296 0.2828 0.9085, 1.3296 0.1563 0.9449, 1.3296 0.0298 0.9085, 1.3296 -0.0697 0.8999, 1.3296 -0.1981 0.7988, 1.3296 -0.2613 0.7719, 1.3296 -0.3558 0.601, 1.3296 -0.3893 0.5803, 1.3296 -0.4121 0.3543, 1.3296 -0.4342 0.3543, 1.3296 -0.3558 0.1077, 1.3296 -0.3893 0.1283, 1.3296 -0.1981 -0.0901, 1.3296 -0.2613 -0.0632, 1.3296 -0.0697 -0.1913, 1.3296 0.0298 -0.1999, 1.3296 0.1563 -0.2362, 1.3296 0.2828 -0.1999, 1.3296 0.3823 -0.1913, 1.3296 0.5107 -0.0901, 1.3296 0.5739 -0.0632, 1.3296 0.6685 0.1077, 1.3296 0.7019 0.1283, 1.3296 0.7247 0.3543, 1.3296 0.7469 0.3543, 1.3296 0.6685 0.601, 1.3296 0.7019 0.5803, 1.3296 0.5739 0.7719, 1.7233 0.7469 0.3543, 1.7233 0.7019 0.5803, 1.7233 0.5739 0.7719, 1.7233 0.3823 0.8999, 1.7233 0.1563 0.9449, 1.7233 -0.0697 0.8999, 1.7233 -0.2613 0.7719, 1.7233 -0.3893 0.5803, 1.7233 -0.4342 0.3543, 1.7233 -0.3893 0.1283, 1.7233 -0.2613 -0.0632, 1.7233 -0.0697 -0.1913, 1.7233 0.1563 -0.2362, 1.7233 0.3823 -0.1913, 1.7233 0.5739 -0.0632, 1.7233 0.7019 0.1283, 1.135 2.5185 -0.3785, 1.7233 2.5185 -0.3785, 1.135 2.6366 -0.3785, 1.7233 2.6366 -0.3785, 1.135 2.5185 -0.7107, 1.135 2.6366 -0.7107, 1.7233 2.6366 -0.7107, 1.7233 2.5185 -0.7107
            ]
        }
        coordIndex [
            0,1,2,-1,2,1,3,-1,2,3,4,-1,4,3,5,-1,4,5,6,-1,6,5,7,-1,6,7,8,-1,8,7,9,-1,8,9,10,-1,10,9,11,-1,10,11,12,-1,12,11,13,-1,12,13,14,-1,13,15,14,-1,14,15,16,-1,14,16,17,-1,17,16,18,-1,17,18,19,-1,19,18,20,-1,19,20,21,-1,21,20,22,-1,21,22,23,-1,23,22,24,-1,23,24,25,-1,25,24,26,-1,25,26,27,-1,27,26,28,-1,27,28,0,-1,0,28,29,-1,0,29,1,-1,26,30,28,-1,28,30,31,-1,28,31,29,-1,29,31,32,-1,29,32,1,-1,1,32,33,-1,1,33,3,-1,3,33,34,-1,3,34,5,-1,5,34,35,-1,5,35,7,-1,7,35,36,-1,7,36,9,-1,9,36,37,-1,9,37,11,-1,11,37,38,-1,11,38,13,-1,13,38,39,-1,13,39,15,-1,15,39,40,-1,15,40,16,-1,16,40,41,-1,16,41,18,-1,18,41,42,-1,18,42,20,-1,20,42,43,-1,20,43,22,-1,22,43,44,-1,22,44,24,-1,24,44,45,-1,24,45,26,-1,26,45,30,-1,46,47,48,-1,48,47,49,-1,50,46,51,-1,51,46,48,-1,52,51,49,-1,49,51,48,-1,51,52,50,-1,50,52,53,-1,
        ]
    }
}
Shape{
    appearance Appearance {
        material  Material 	{
            diffuseColor 1.0 0.8705882352941177 0.5215686274509804
            specularColor 1.0 0.8705882352941177 0.5215686274509804
            ambientIntensity 0.8695
            transparency 0.0
            shininess 0.5
        }
    }
    geometry IndexedFaceSet {
        ccw TRUE
        solid FALSE
        coord DEF co Coordinate {
            point [
                -1.8476 -0.3752 0.3543, -1.8476 -0.3511 0.2023, -0.9618 -0.3752 0.3543, -0.9618 -0.3265 0.1408, -1.8476 -0.1878 -0.0283, -0.9618 -0.1899 -0.0304, -1.8476 -0.2812 0.0651, -1.8476 -0.3212 0.1435, -1.8476 -0.1723 -0.0438, -1.8476 -0.0351 -0.1137, -0.9618 0.0074 -0.1255, -1.8476 0.2257 -0.1206, -0.9618 0.2264 -0.1255, -1.8476 0.1169 -0.1378, -1.8476 0.0082 -0.1206, -1.8476 0.269 -0.1137, -1.8476 0.4062 -0.0438, -0.9618 0.4238 -0.0304, -1.8476 0.4217 -0.0283, -1.8476 0.5151 0.0651, -0.9618 0.5603 0.1408, -1.8476 0.6091 0.3543, -0.9618 0.6091 0.3543, -1.8476 0.585 0.2023, -1.8476 0.555 0.1435, -1.9997 0.4956 0.0792, -1.9997 0.392 -0.0243, -1.9997 0.1169 -0.1137, -1.9997 -0.0277 -0.0908, -1.9997 -0.2617 0.0792, -1.9997 -0.3282 0.2097, -2.2458 -0.1723 0.3543, -2.3157 -0.0351 0.3543, -2.3157 -0.0277 0.3073, -2.3397 0.1169 0.3543, -1.9997 -0.3511 0.3543, -2.1369 -0.2617 0.2313, -2.1369 -0.2812 0.3543, -2.2458 -0.1582 0.2649, -2.1369 -0.2052 0.1203, -2.2458 -0.1171 0.1843, -2.3157 -0.0061 0.2649, -1.9997 -0.1582 -0.0243, -2.1369 -0.1171 0.0322, -2.2458 -0.0531 0.1203, -2.3157 0.0275 0.2313, -2.1369 -0.0061 -0.0243, -2.2458 0.0275 0.0792, -2.3157 0.0699 0.2097, -2.1369 0.1169 -0.0438, -2.2458 0.1169 0.0651, -2.3157 0.1169 0.2023, -1.9997 0.2616 -0.0908, -2.1369 0.24 -0.0243, -2.2458 0.2063 0.0792, -2.3157 0.1639 0.2097, -2.1369 0.351 0.0322, -2.2458 0.287 0.1203, -2.3157 0.2063 0.2313, -2.1369 0.439 0.1203, -2.2458 0.351 0.1843, -2.3157 0.24 0.2649, -1.9997 0.5621 0.2097, -2.1369 0.4956 0.2313, -2.2458 0.392 0.2649, -2.3157 0.2616 0.3073, -1.9997 0.585 0.3543, -2.1369 0.5151 0.3543, -2.2458 0.4062 0.3543, -2.3157 0.269 0.3543, -1.8476 -0.3212 0.5652, -1.8476 -0.2812 0.6436, -1.9997 -0.2617 0.6294, -1.8476 -0.1878 0.737, -1.8476 -0.1723 0.7525, -1.9997 -0.1582 0.733, -1.8476 0.0082 0.8292, -1.8476 0.1169 0.8465, -1.9997 0.1169 0.8224, -1.8476 0.2257 0.8292, -1.8476 0.269 0.8224, -1.9997 0.2616 0.7995, -1.8476 0.4217 0.737, -1.8476 0.5151 0.6436, -1.9997 0.4956 0.6294, -1.8476 0.555 0.5652, -1.8476 0.585 0.5064, -1.9997 0.5621 0.499, -2.3157 0.2616 0.4013, -2.1369 0.4956 0.4774, -2.2458 0.392 0.4437, -2.1369 0.439 0.5884, -2.2458 0.351 0.5244, -2.3157 0.24 0.4437, -1.8476 0.4062 0.7525, -1.9997 0.392 0.733, -2.1369 0.351 0.6764, -2.2458 0.287 0.5884, -2.3157 0.2063 0.4774, -2.1369 0.24 0.733, -2.2458 0.2063 0.6294, -2.3157 0.1639 0.499, -2.1369 0.1169 0.7525, -2.2458 0.1169 0.6436, -2.3157 0.1169 0.5064, -1.8476 -0.0351 0.8224, -1.9997 -0.0277 0.7995, -2.1369 -0.0061 0.733, -2.2458 0.0275 0.6294, -2.3157 0.0699 0.499, -2.1369 -0.1171 0.6764, -2.2458 -0.0531 0.5884, -2.3157 0.0275 0.4774, -2.1369 -0.2052 0.5884, -2.2458 -0.1171 0.5244, -2.3157 -0.0061 0.4437, -1.8476 -0.3511 0.5064, -1.9997 -0.3282 0.499, -2.1369 -0.2617 0.4774, -2.2458 -0.1582 0.4437, -2.3157 -0.0277 0.4013, -0.9618 0.5603 0.5679, -0.9618 0.4238 0.7391, -0.9618 0.2264 0.8341, -0.9618 0.0074 0.8341, -0.9618 -0.1899 0.7391, -0.9618 -0.3265 0.5679
            ]
        }
        coordIndex [
            0,1,2,-1,2,1,3,-1,4,5,6,-1,6,5,3,-1,6,3,7,-1,7,3,1,-1,4,8,5,-1,5,8,9,-1,5,9,10,-1,11,12,13,-1,13,12,10,-1,13,10,14,-1,14,10,9,-1,11,15,12,-1,12,15,16,-1,12,16,17,-1,16,18,17,-1,17,18,19,-1,17,19,20,-1,21,22,23,-1,23,22,20,-1,23,20,24,-1,24,20,19,-1,24,19,25,-1,18,16,26,-1,11,13,27,-1,14,9,28,-1,4,6,29,-1,7,1,30,-1,31,32,33,-1,33,32,34,-1,1,0,30,-1,30,0,35,-1,30,35,36,-1,36,35,37,-1,36,37,38,-1,6,7,29,-1,29,7,30,-1,29,30,39,-1,39,30,36,-1,39,36,40,-1,40,36,38,-1,40,38,41,-1,8,4,42,-1,42,4,29,-1,42,29,43,-1,43,29,39,-1,43,39,44,-1,44,39,40,-1,44,40,45,-1,45,40,41,-1,9,8,28,-1,28,8,42,-1,28,42,46,-1,46,42,43,-1,46,43,47,-1,47,43,44,-1,47,44,48,-1,48,44,45,-1,48,45,34,-1,41,34,45,-1,37,31,38,-1,38,31,33,-1,38,33,41,-1,41,33,34,-1,13,14,27,-1,27,14,28,-1,27,28,49,-1,49,28,46,-1,49,46,50,-1,50,46,47,-1,50,47,51,-1,51,47,48,-1,51,48,34,-1,15,11,52,-1,52,11,27,-1,52,27,53,-1,53,27,49,-1,53,49,54,-1,54,49,50,-1,54,50,55,-1,55,50,51,-1,55,51,34,-1,16,15,26,-1,26,15,52,-1,26,52,56,-1,56,52,53,-1,56,53,57,-1,57,53,54,-1,57,54,58,-1,58,54,55,-1,58,55,34,-1,19,18,25,-1,25,18,26,-1,25,26,59,-1,59,26,56,-1,59,56,60,-1,60,56,57,-1,60,57,61,-1,61,57,58,-1,61,58,34,-1,23,24,62,-1,62,24,25,-1,62,25,63,-1,63,25,59,-1,63,59,64,-1,64,59,60,-1,64,60,65,-1,65,60,61,-1,65,61,34,-1,21,23,66,-1,66,23,62,-1,66,62,67,-1,67,62,63,-1,67,63,68,-1,68,63,64,-1,68,64,69,-1,69,64,65,-1,69,65,34,-1,70,71,72,-1,73,74,75,-1,76,77,78,-1,79,80,81,-1,82,83,84,-1,85,86,87,-1,68,69,88,-1,88,69,34,-1,86,21,87,-1,87,21,66,-1,87,66,89,-1,89,66,67,-1,89,67,90,-1,83,85,84,-1,84,85,87,-1,84,87,91,-1,91,87,89,-1,91,89,92,-1,92,89,90,-1,92,90,93,-1,94,82,95,-1,95,82,84,-1,95,84,96,-1,96,84,91,-1,96,91,97,-1,97,91,92,-1,97,92,98,-1,98,92,93,-1,80,94,81,-1,81,94,95,-1,81,95,99,-1,99,95,96,-1,99,96,100,-1,100,96,97,-1,100,97,101,-1,101,97,98,-1,101,98,34,-1,93,34,98,-1,67,68,90,-1,90,68,88,-1,90,88,93,-1,93,88,34,-1,77,79,78,-1,78,79,81,-1,78,81,102,-1,102,81,99,-1,102,99,103,-1,103,99,100,-1,103,100,104,-1,104,100,101,-1,104,101,34,-1,105,76,106,-1,106,76,78,-1,106,78,107,-1,107,78,102,-1,107,102,108,-1,108,102,103,-1,108,103,109,-1,109,103,104,-1,109,104,34,-1,74,105,75,-1,75,105,106,-1,75,106,110,-1,110,106,107,-1,110,107,111,-1,111,107,108,-1,111,108,112,-1,112,108,109,-1,112,109,34,-1,71,73,72,-1,72,73,75,-1,72,75,113,-1,113,75,110,-1,113,110,114,-1,114,110,111,-1,114,111,115,-1,115,111,112,-1,115,112,34,-1,116,70,117,-1,117,70,72,-1,117,72,118,-1,118,72,113,-1,118,113,119,-1,119,113,114,-1,119,114,120,-1,120,114,115,-1,120,115,34,-1,0,116,35,-1,35,116,117,-1,35,117,37,-1,37,117,118,-1,37,118,31,-1,31,118,119,-1,31,119,32,-1,32,119,120,-1,32,120,34,-1,21,86,22,-1,22,86,121,-1,82,122,83,-1,83,122,121,-1,83,121,85,-1,85,121,86,-1,82,94,122,-1,122,94,80,-1,122,80,123,-1,76,124,77,-1,77,124,123,-1,77,123,79,-1,79,123,80,-1,76,105,124,-1,124,105,74,-1,124,74,125,-1,74,73,125,-1,125,73,71,-1,125,71,126,-1,0,2,116,-1,116,2,126,-1,116,126,70,-1,70,126,71,-1,
        ]
    }
}
Shape{
    appearance Appearance {
        material  Material 	{
            diffuseColor 0.24313725490196078 0.24313725490196078 0.24313725490196078
            specularColor 0.24313725490196078 0.24313725490196078 0.24313725490196078
            ambientIntensity 0.2431
            transparency 0.0
            shininess 0.5
        }
    }
    geometry IndexedFaceSet {
        ccw TRUE
        solid FALSE
        coord DEF co Coordinate {
            point [
                -0.9618 0.0074 0.8341, -0.9618 0.1169 1.4961, -0.9618 0.2264 0.8341, -0.9618 0.4697 1.4402, -0.9618 0.4238 0.7391, -0.9618 0.2264 -0.1255, -0.9618 0.1169 -0.7874, -0.9618 0.0074 -0.1255, -0.9618 -0.2359 -0.7315, -0.9618 -0.1899 -0.0304, -0.9618 -0.3265 0.5679, -0.9618 -0.8067 1.0254, -0.9618 -0.1899 0.7391, -0.9618 -0.5542 1.278, -0.9618 -0.2359 1.4402, -0.9618 -0.5542 -0.5693, -0.9618 -0.8067 -0.3168, -0.9618 -0.3265 0.1408, -0.9618 -0.9689 0.0015, -0.9618 -0.3752 0.3543, -0.9618 -1.0248 0.3543, -0.9618 -0.9689 0.7071, -0.9618 0.5603 0.1408, -0.9618 1.0406 -0.3168, -0.9618 0.4238 -0.0304, -0.9618 0.788 -0.5693, -0.9618 0.4697 -0.7315, -0.9618 0.788 1.278, -0.9618 1.0406 1.0254, -0.9618 0.5603 0.5679, -0.9618 1.2028 0.7071, -0.9618 0.6091 0.3543, -0.9618 1.2587 0.3543, -0.9618 1.2028 0.0015, -2.7256 1.2587 0.3543, -2.7256 1.2028 0.0015, -2.7256 1.0406 -0.3168, -2.7256 0.788 -0.5693, -2.7256 0.4697 -0.7315, -2.7256 0.1169 -0.7874, -2.7256 -0.2359 -0.7315, -2.7256 -0.5542 -0.5693, -2.7256 -0.8067 -0.3168, -2.7256 -0.9689 0.0015, -2.7256 -1.0248 0.3543, -2.7256 -0.9689 0.7071, -2.7256 -0.8067 1.0254, -2.7256 -0.5542 1.278, -2.7256 -0.2359 1.4402, -2.7256 0.1169 1.4961, -2.7256 0.4697 1.4402, -2.7256 0.788 1.278, -2.7256 1.0406 1.0254, -2.7256 1.2028 0.7071
            ]
        }
        coordIndex [
            0,1,2,-1,2,1,3,-1,2,3,4,-1,5,6,7,-1,7,6,8,-1,7,8,9,-1,10,11,12,-1,12,11,13,-1,12,13,0,-1,0,13,14,-1,0,14,1,-1,8,15,9,-1,9,15,16,-1,9,16,17,-1,17,16,18,-1,17,18,19,-1,19,18,20,-1,19,20,10,-1,10,20,21,-1,10,21,11,-1,22,23,24,-1,24,23,25,-1,24,25,5,-1,5,25,26,-1,5,26,6,-1,3,27,4,-1,4,27,28,-1,4,28,29,-1,29,28,30,-1,29,30,31,-1,31,30,32,-1,31,32,22,-1,22,32,33,-1,22,33,23,-1,32,34,33,-1,33,34,35,-1,33,35,23,-1,23,35,36,-1,23,36,25,-1,25,36,37,-1,25,37,26,-1,26,37,38,-1,26,38,6,-1,6,38,39,-1,6,39,8,-1,8,39,40,-1,8,40,15,-1,15,40,41,-1,15,41,16,-1,16,41,42,-1,16,42,18,-1,18,42,43,-1,18,43,20,-1,20,43,44,-1,20,44,21,-1,21,44,45,-1,21,45,11,-1,11,45,46,-1,11,46,13,-1,13,46,47,-1,13,47,14,-1,14,47,48,-1,14,48,1,-1,1,48,49,-1,1,49,3,-1,3,49,50,-1,3,50,27,-1,27,50,51,-1,27,51,28,-1,28,51,52,-1,28,52,30,-1,30,52,53,-1,30,53,32,-1,32,53,34,-1,
        ]
    }
}
Shape{
    appearance Appearance {
        material  Material 	{
            diffuseColor 0.8 0.5725490196078431 0.10196078431372549
            specularColor 0.5450980392156862 0.39215686274509803 0.06666666666666667
            ambientIntensity 0.6908
            transparency 0.0
            shininess 0.5
        }
    }
    geometry IndexedFaceSet {
        ccw TRUE
        solid FALSE
        coord DEF co Coordinate {
            point [
                -2.45 -1.1232 1.6535, -2.7649 -1.1232 1.6535, -2.45 2.3413 1.6535, -2.7649 1.8121 1.6535, -2.7649 2.3413 1.6535
            ]
        }
        coordIndex [
            0,1,2,-1,2,1,3,-1,2,3,4,-1,
        ]
    }
}
Shape{
    appearance Appearance {
        material  Material 	{
            diffuseColor 1.0 1.0 0.9450980392156862
            specularColor 1.0 1.0 0.9450980392156862
            ambientIntensity 0.9937
            transparency 0.0
            shininess 0.5
        }
    }
    geometry IndexedFaceSet {
        ccw TRUE
        solid FALSE
        coord DEF co Coordinate {
            point [
                -2.7649 2.3413 1.7126, -2.45 2.3413 1.7126, -2.7649 2.3413 1.6535, -2.45 2.3413 1.6535, -2.7649 -1.1232 1.7126, -2.45 -1.1232 1.7126, -2.7649 1.8121 1.7126
            ]
        }
        coordIndex [
            0,1,2,-1,2,1,3,-1,4,5,6,-1,6,5,1,-1,6,1,0,-1,
        ]
    }
}
Shape{
    appearance Appearance {
        material  Material 	{
            diffuseColor 0.24313725490196078 0.24313725490196078 0.24313725490196078
            specularColor 0.24313725490196078 0.24313725490196078 0.24313725490196078
            ambientIntensity 0.2431
            transparency 0.0
            shininess 0.5
        }
    }
    geometry IndexedFaceSet {
        ccw TRUE
        solid FALSE
        coord DEF co Coordinate {
            point [
                0.3847 -1.3004 0.748, 2.7469 -1.3004 0.748, 0.3847 -1.1035 0.748, 2.7469 -1.1035 0.748, 0.3847 -1.1035 1.2598, 2.7469 -1.1035 1.2598, 0.3847 -1.3004 1.2598, -2.7649 -1.2807 1.5354, -2.7256 -1.2807 1.5354, -2.7649 -1.2216 1.5354, -2.7256 -1.2216 1.5354, -2.45 -1.1823 1.5354, -2.45 -1.2216 1.5354, -2.7256 -1.1823 1.5354, -2.45 -1.1823 -0.8268, -2.7256 -1.1823 -0.8268, -2.7256 -1.2216 -0.8268, -2.45 -1.2216 -0.8268, -2.7649 -1.2216 -0.8192, -2.7649 -1.2216 -0.8268, -2.7649 -1.2807 -0.8268, -2.7256 -1.2807 -0.8268, -2.7256 -1.3004 1.5354, -2.45 -1.3004 1.5354, -2.45 -1.2807 1.5354, -2.45 -1.3004 -0.8268, -2.45 -1.2807 -0.8268
            ]
        }
        coordIndex [
            0,1,2,-1,2,1,3,-1,2,3,4,-1,4,3,5,-1,4,6,2,-1,2,6,0,-1,7,8,9,-1,9,8,10,-1,11,12,13,-1,13,12,10,-1,11,13,14,-1,14,13,15,-1,15,16,14,-1,14,16,17,-1,14,17,11,-1,11,17,12,-1,18,9,10,-1,19,18,16,-1,16,18,10,-1,16,10,17,-1,17,10,12,-1,19,16,20,-1,20,16,21,-1,22,8,23,-1,23,8,24,-1,23,24,25,-1,25,24,26,-1,
        ]
    }
}
Shape{
    appearance Appearance {
        material  Material 	{
            diffuseColor 1.0 1.0 0.9450980392156862
            specularColor 1.0 1.0 0.9450980392156862
            ambientIntensity 0.9937
            transparency 0.0
            shininess 0.5
        }
    }
    geometry IndexedFaceSet {
        ccw TRUE
        solid FALSE
        coord DEF co Coordinate {
            point [
                -2.7649 -1.2807 -0.8192, -2.7649 -1.2807 -0.8268, -2.7256 -1.2807 -0.8268, -2.7649 -1.2807 1.5354, -2.7256 -1.2807 1.5354, -2.45 -1.2807 1.5354, -2.45 -1.2807 -0.8268
            ]
        }
        coordIndex [
            0,1,2,-1,3,0,4,-1,4,0,2,-1,4,2,5,-1,5,2,6,-1,
        ]
    }
}
Shape{
    appearance Appearance {
        material  Material 	{
            diffuseColor 0.24313725490196078 0.24313725490196078 0.24313725490196078
            specularColor 0.24313725490196078 0.24313725490196078 0.24313725490196078
            ambientIntensity 0.2431
            transparency 0.0
            shininess 0.5
        }
    }
    geometry IndexedFaceSet {
        ccw TRUE
        solid FALSE
        coord DEF co Coordinate {
            point [
                -2.45 -1.3004 -0.8268, -2.45 -1.2807 -0.8268, -2.7256 -1.3004 -0.8268, -2.7256 -1.2807 -0.8268
            ]
        }
        coordIndex [
            0,1,2,-1,2,1,3,-1,
        ]
    }
}
Shape{
    appearance Appearance {
        material  Material 	{
            diffuseColor 1.0 1.0 0.9450980392156862
            specularColor 1.0 1.0 0.9450980392156862
            ambientIntensity 0.9937
            transparency 0.0
            shininess 0.5
        }
    }
    geometry IndexedFaceSet {
        ccw TRUE
        solid FALSE
        coord DEF co Coordinate {
            point [
                -2.7649 2.3413 -0.9449, -2.45 2.3413 -0.9449, -2.7649 2.3413 -1.0039, -2.45 2.3413 -1.0039, -2.45 -1.1232 -1.0039, -2.7649 -1.1232 -1.0039, -2.7649 1.8121 -1.0039, -2.7649 -1.1232 -0.9449, -2.45 -1.1232 -0.9449, -2.7649 1.8121 -0.9449
            ]
        }
        coordIndex [
            0,1,2,-1,2,1,3,-1,4,5,3,-1,3,5,6,-1,3,6,2,-1,5,4,7,-1,7,4,8,-1,7,8,9,-1,9,8,1,-1,9,1,0,-1,
        ]
    }
}
Shape{
    appearance Appearance {
        material  Material 	{
            diffuseColor 0.24313725490196078 0.24313725490196078 0.24313725490196078
            specularColor 0.24313725490196078 0.24313725490196078 0.24313725490196078
            ambientIntensity 0.2431
            transparency 0.0
            shininess 0.5
        }
    }
    geometry IndexedFaceSet {
        ccw TRUE
        solid FALSE
        coord DEF co Coordinate {
            point [
                -2.45 2.3413 -1.0039, -2.45 2.3807 -1.0236, -2.45 -1.1232 -1.0039, -2.45 -1.1626 -1.0236, -2.45 -1.1232 -0.9449, -2.45 -1.1626 -0.9055, -2.45 2.3413 -0.9449, -2.45 2.3807 -0.9055, -2.7256 -1.1626 -0.9055, -2.7256 -1.1626 -1.0236, -2.7256 2.3807 -0.9055, -2.7256 2.3807 -1.0236, 1.7233 2.4791 -1.0236, -2.7256 2.4791 -1.0236, -2.7256 2.4988 -1.0183, 1.7233 2.4988 -1.0183, -2.7256 2.5132 -1.0039, 1.7233 2.5132 -1.0039, -2.7256 2.5185 -0.9842, 1.7233 2.5185 -0.9842, -2.7256 -1.261 -1.0236, 1.7233 -1.261 -1.0236, 1.7233 -1.3004 -0.9842, -2.7256 -1.3004 -0.9842, -2.7256 -1.2951 -1.0039, 1.7233 -1.2951 -1.0039, -2.7256 -1.2807 -1.0183, 1.7233 -1.2807 -1.0183, 1.135 -1.4185 -0.7107, 1.135 -1.3004 -0.7107, 1.7233 -1.4185 -0.7107, 1.7233 -1.3004 -0.7107, 1.135 -1.4185 -0.3785, 1.135 -1.3004 -0.3785, 1.7233 -1.4185 -0.3785, 1.7233 -1.3004 -0.3785
            ]
        }
        coordIndex [
            0,1,2,-1,2,1,3,-1,2,3,4,-1,4,3,5,-1,4,5,6,-1,6,5,7,-1,6,7,0,-1,0,7,1,-1,5,3,8,-1,8,3,9,-1,5,8,7,-1,7,8,10,-1,10,11,7,-1,7,11,1,-1,12,13,14,-1,12,14,15,-1,15,14,16,-1,15,16,17,-1,17,16,18,-1,17,18,19,-1,20,9,3,-1,11,13,1,-1,1,13,12,-1,1,12,3,-1,3,12,21,-1,3,21,20,-1,22,23,24,-1,22,24,25,-1,25,24,26,-1,25,26,27,-1,27,26,20,-1,27,20,21,-1,28,29,30,-1,30,29,31,-1,32,33,28,-1,28,33,29,-1,34,32,30,-1,30,32,28,-1,34,35,32,-1,32,35,33,-1,
        ]
    }
}
Shape{
    appearance Appearance {
        material  Material 	{
            diffuseColor 1.0 1.0 0.9450980392156862
            specularColor 1.0 1.0 0.9450980392156862
            ambientIntensity 0.9937
            transparency 0.0
            shininess 0.5
        }
    }
    geometry IndexedFaceSet {
        ccw TRUE
        solid FALSE
        coord DEF co Coordinate {
            point [
                2.7075 1.2193 1.2992, 2.7075 1.2193 -0.4724, 2.7075 1.298 1.2992, 2.7075 1.298 -0.4724, 2.3138 1.2193 -0.4724, 2.3138 1.298 -0.4724, 2.3402 1.298 -0.5709, 2.3402 1.2193 -0.5709, 2.4122 1.298 -0.6429, 2.4122 1.2193 -0.6429, 2.5107 1.298 -0.6693, 2.5107 1.2193 -0.6693, 2.6091 1.298 -0.6429, 2.6091 1.2193 -0.6429, 2.6811 1.298 -0.5709, 2.6811 1.2193 -0.5709, 2.3138 1.298 0.1181, 2.3138 1.2193 0.1181, 1.7626 1.2193 0.1181, 1.7626 1.298 0.1181, 1.7626 1.2193 -0.5512, 1.7626 1.298 -0.5512, 1.7468 1.298 -0.6102, 1.7036 1.298 -0.6535, 1.6445 1.298 -0.6693, 1.5264 1.298 -0.6693, 1.5264 1.298 1.2992, 1.5264 1.2193 1.2992, 1.7036 1.2193 -0.6535, 1.7468 1.2193 -0.6102, 1.6445 1.2193 -0.6693, 1.5264 1.2193 -0.6693, 2.7075 2.1839 1.2992, 2.7075 2.1839 -0.4724, 2.7075 2.2626 1.2992, 2.7075 2.2626 -0.4724, 2.6811 2.1839 -0.5709, 2.6811 2.2626 -0.5709, 2.6091 2.1839 -0.6429, 2.6091 2.2626 -0.6429, 2.5107 2.1839 -0.6693, 2.5107 2.2626 -0.6693, 2.4122 2.1839 -0.6429, 2.4122 2.2626 -0.6429, 2.3402 2.1839 -0.5709, 2.3402 2.2626 -0.5709, 2.3138 2.1839 -0.4724, 2.3138 2.2626 -0.4724, 2.3138 2.2626 0.1181, 2.3138 2.1839 0.1181, 1.7626 2.1839 0.1181, 1.7626 2.2626 0.1181, 1.7626 2.1839 -0.5512, 1.7626 2.2626 -0.5512, 1.7468 2.2626 -0.6102, 1.7036 2.2626 -0.6535, 1.6445 2.2626 -0.6693, 1.5264 2.2626 -0.6693, 1.5264 2.2626 1.2992, 1.5264 2.1839 1.2992, 1.7036 2.1839 -0.6535, 1.7468 2.1839 -0.6102, 1.6445 2.1839 -0.6693, 1.5264 2.1839 -0.6693
            ]
        }
        coordIndex [
            0,1,2,-1,2,1,3,-1,4,5,6,-1,4,6,7,-1,7,6,8,-1,7,8,9,-1,9,8,10,-1,9,10,11,-1,11,10,12,-1,11,12,13,-1,13,12,14,-1,13,14,15,-1,15,14,3,-1,15,3,1,-1,16,5,17,-1,17,5,4,-1,18,19,17,-1,17,19,16,-1,18,20,19,-1,19,20,21,-1,14,12,5,-1,12,10,5,-1,5,10,8,-1,5,8,6,-1,21,22,23,-1,23,24,21,-1,21,24,25,-1,21,25,19,-1,19,25,26,-1,19,26,16,-1,16,26,2,-1,16,2,5,-1,5,2,3,-1,5,3,14,-1,26,27,2,-1,2,27,0,-1,4,1,17,-1,17,1,0,-1,17,0,18,-1,28,29,30,-1,30,29,20,-1,30,20,31,-1,31,20,18,-1,31,18,27,-1,27,18,0,-1,9,11,13,-1,4,7,1,-1,1,7,9,-1,1,9,15,-1,15,9,13,-1,21,20,29,-1,21,29,22,-1,22,29,28,-1,22,28,23,-1,23,28,30,-1,23,30,24,-1,25,24,31,-1,31,24,30,-1,32,33,34,-1,34,33,35,-1,35,33,36,-1,35,36,37,-1,37,36,38,-1,37,38,39,-1,39,38,40,-1,39,40,41,-1,41,40,42,-1,41,42,43,-1,43,42,44,-1,43,44,45,-1,45,44,46,-1,45,46,47,-1,48,47,49,-1,49,47,46,-1,50,51,49,-1,49,51,48,-1,50,52,51,-1,51,52,53,-1,43,45,47,-1,39,41,43,-1,53,54,55,-1,55,56,53,-1,53,56,57,-1,53,57,51,-1,51,57,58,-1,51,58,48,-1,48,58,34,-1,48,34,47,-1,47,34,35,-1,47,35,43,-1,43,35,37,-1,43,37,39,-1,58,59,34,-1,34,59,32,-1,38,36,33,-1,60,61,62,-1,62,61,52,-1,62,52,63,-1,63,52,50,-1,63,50,59,-1,46,44,42,-1,59,50,32,-1,32,50,49,-1,32,49,33,-1,33,49,46,-1,33,46,38,-1,38,46,42,-1,38,42,40,-1,53,52,61,-1,53,61,54,-1,54,61,60,-1,54,60,55,-1,55,60,62,-1,55,62,56,-1,57,56,63,-1,63,56,62,-1,
        ]
    }
}
Shape{
    appearance Appearance {
        material  Material 	{
            diffuseColor 0.24313725490196078 0.24313725490196078 0.24313725490196078
            specularColor 0.24313725490196078 0.24313725490196078 0.24313725490196078
            ambientIntensity 0.2431
            transparency 0.0
            shininess 0.5
        }
    }
    geometry IndexedFaceSet {
        ccw TRUE
        solid FALSE
        coord DEF co Coordinate {
            point [
                1.5264 2.1446 0.8567, 1.7233 2.1446 0.8567, 1.5264 1.3333 0.8567, 1.7233 1.3333 0.8567, 1.5264 1.1956 -0.6978, 1.7233 1.1956 -0.6978, 1.5264 1.3331 -0.6978, 1.7233 1.3331 -0.6978, 1.5264 1.3331 -0.4492, 1.7233 1.3331 -0.4492, 1.5264 2.1446 -0.4492, 1.7233 2.1446 -0.4492, 1.5264 2.1446 -0.6961, 1.7233 2.1446 -0.6961, 1.5264 2.2819 -0.6961, 1.7233 2.2819 -0.6961, 1.5264 2.1839 -0.6693, 1.5264 2.1839 1.2992, 1.5264 1.298 1.2992, 1.5264 1.298 -0.6693, 1.5264 1.2193 -0.6693, 1.5264 1.1956 1.3287, 1.5264 1.2193 1.2992, 1.5264 1.3333 1.3287, 1.5264 2.2626 -0.6693, 1.5264 2.2626 1.2992, 1.5264 2.2819 1.4173, 1.5264 2.1446 1.4173, 1.7233 2.1446 0.935, 2.7469 2.1446 0.935, 2.7469 2.1446 1.4173, 2.7469 1.6356 0.935, 1.7233 1.6356 0.935, 2.7469 1.6356 1.0925, 1.7233 1.6356 1.0925, 1.7233 1.3335 1.0925, 2.7469 1.3338 1.0925, 2.7469 1.3338 1.3287, 2.7469 1.1956 1.3287, 1.7233 1.1956 1.1069, 2.7469 1.1956 1.1069, 2.7469 0.6575 1.1069, 1.7233 0.6575 1.1069, 2.7469 0.4429 1.4173, 1.7233 0.4429 1.4173, 1.7233 -1.0642 1.4173, 2.7469 -1.0642 1.4173, 1.7233 -1.0642 -0.2362, 2.7469 -1.0642 -0.2362, 1.7233 -1.3004 -0.2362, 2.7469 -1.3004 -0.2362, 0.3847 -1.3004 1.2598, 2.7469 -1.3004 1.2598, 2.7469 -1.3004 1.6929, 1.7233 -1.3004 -0.9842, 1.7233 -1.3004 -0.7107, 1.135 -1.3004 -0.7107, 1.135 -1.3004 -0.3785, 0.3847 -1.3004 0.748, -2.7256 -1.3004 -0.9842, -2.7256 -1.3004 1.6929, -2.7256 -1.3004 1.5354, -2.45 -1.3004 1.5354, 2.7469 -1.3004 0.748, 1.7233 -1.3004 -0.3785, -2.7256 -1.3004 -0.8268, -2.45 -1.3004 -0.8268, 2.7469 -1.261 1.7323, -2.7256 -1.261 1.7323, -2.7256 -1.2807 1.727, 2.7469 -1.2807 1.727, -2.7256 -1.2951 1.7126, 2.7469 -1.2951 1.7126, -2.7256 -1.1626 1.6142, -2.7256 -1.1626 1.7323, -2.45 -1.1626 1.6142, -2.45 -1.1626 1.7323, -2.45 2.3807 1.6142, -2.7256 2.3807 1.6142, -2.45 2.3807 1.7323, -2.7256 2.3807 1.7323, -2.7256 2.4791 1.7323, 2.7469 2.4791 1.7323, -2.45 -1.1232 1.6535, -2.45 -1.1232 1.7126, -2.45 2.3413 1.7126, -2.45 2.3413 1.6535
            ]
        }
        coordIndex [
            0,1,2,-1,2,1,3,-1,4,5,6,-1,6,5,7,-1,6,7,8,-1,8,7,9,-1,8,9,10,-1,10,9,11,-1,10,11,12,-1,12,11,13,-1,12,13,14,-1,14,13,15,-1,0,16,17,-1,18,19,8,-1,8,19,6,-1,6,19,4,-1,4,19,20,-1,4,20,21,-1,21,20,22,-1,21,22,23,-1,23,22,18,-1,23,18,2,-1,2,18,8,-1,2,8,0,-1,0,8,10,-1,0,10,16,-1,16,10,12,-1,16,12,24,-1,24,12,14,-1,24,14,25,-1,25,14,26,-1,25,26,17,-1,17,26,27,-1,17,27,0,-1,1,0,28,-1,28,0,27,-1,28,27,29,-1,29,27,30,-1,31,32,29,-1,29,32,28,-1,33,34,31,-1,31,34,32,-1,1,28,32,-1,34,35,32,-1,32,35,3,-1,32,3,1,-1,36,35,33,-1,33,35,34,-1,36,37,35,-1,35,37,23,-1,35,23,3,-1,3,23,2,-1,21,23,38,-1,38,23,37,-1,5,4,39,-1,39,4,21,-1,39,21,40,-1,40,21,38,-1,41,42,40,-1,40,42,39,-1,43,44,41,-1,41,44,42,-1,45,44,46,-1,46,44,43,-1,45,46,47,-1,47,46,48,-1,47,48,49,-1,49,48,50,-1,51,52,53,-1,54,55,56,-1,57,58,56,-1,56,58,59,-1,56,59,54,-1,60,61,62,-1,50,63,49,-1,49,63,58,-1,49,58,64,-1,64,58,57,-1,65,59,66,-1,66,59,58,-1,66,58,62,-1,62,58,51,-1,62,51,60,-1,60,51,53,-1,67,68,69,-1,67,69,70,-1,70,69,71,-1,70,71,72,-1,72,71,60,-1,72,60,53,-1,73,74,75,-1,75,74,76,-1,77,78,75,-1,75,78,73,-1,77,79,78,-1,78,79,80,-1,81,80,79,-1,74,68,76,-1,76,68,67,-1,76,67,79,-1,79,67,82,-1,79,82,81,-1,83,75,84,-1,84,75,76,-1,84,76,85,-1,85,76,79,-1,85,79,86,-1,86,79,77,-1,86,77,83,-1,83,77,75,-1,
        ]
    }
}
Shape{
    appearance Appearance {
        material  Material 	{
            diffuseColor 1.0 1.0 0.9450980392156862
            specularColor 1.0 1.0 0.9450980392156862
            ambientIntensity 0.9937
            transparency 0.0
            shininess 0.5
        }
    }
    geometry IndexedFaceSet {
        ccw TRUE
        solid FALSE
        coord DEF co Coordinate {
            point [
                -2.7649 -1.1232 1.6535, -2.45 -1.1232 1.6535, -2.7649 -1.1232 1.7126, -2.45 -1.1232 1.7126, -2.7649 0.7396 -0.6299, -2.7649 0.7403 -0.631, -2.7649 0.7329 -0.6232, -2.7649 0.7171 -0.6076, -2.7593 0.7172 -0.6078, -2.7593 0.7226 -0.6023, -2.8403 0.7174 -0.6075, -2.2047 0.825 -0.0745, -2.2047 0.5458 -0.3537, -2.2505 0.8275 -0.0711, -2.2505 0.5424 -0.3562, -2.2505 0.8275 -0.0711, -2.2505 0.5424 -0.3562, -2.2938 0.55 -0.3695, -2.2938 0.8407 -0.0788, -1.8791 0.6102 -0.376, -1.8791 0.8472 -0.139, -1.8434 0.8473 -0.1436, -1.8434 0.6149 -0.376, -1.8614 0.8479 -0.1419, -1.8614 0.6131 -0.3766, -1.7059 0.6238 -0.3671, -1.7059 0.8384 -0.1525, -1.7059 0.5681 -0.3114, -1.7059 0.7827 -0.0969, -1.8434 0.5592 -0.3203, -1.8434 0.7916 -0.0879, -1.854 0.5582 -0.3207, -1.854 0.7919 -0.0869, -1.8646 0.5565 -0.3203, -1.8646 0.7916 -0.0852, -2.1902 0.492 -0.2981, -2.1902 0.7693 -0.0208, -2.3316 0.7944 -0.0275, -2.3316 0.4988 -0.3231, -2.2628 0.4866 -0.302, -2.2628 0.4866 -0.302, -2.2628 0.7733 -0.0153, -2.2628 0.7733 -0.0153, -2.7475 0.6328 -0.511, -2.7475 0.9823 -0.1616, -2.2505 0.5422 -0.3561, -2.8307 0.6994 -0.5883, -2.7587 0.722 -0.6016, -2.8193 0.6781 -0.5656, -2.7402 0.6996 -0.5768, -2.7097 0.6841 -0.5574, -2.7374 0.6984 -0.5753, -2.7748 0.644 -0.5257, -2.794 0.6587 -0.5429, -1.8614 0.6131 -0.3766, -1.854 0.5582 -0.3207, -2.2629 0.4863 -0.3018, -2.7097 1.0287 -0.2128, -2.7649 1.0891 -0.259, -2.7649 1.0788 -0.2459, -2.7649 1.0923 -0.2614, -2.7649 1.1022 -0.269, -2.7593 1.0791 -0.2459, -2.8397 1.0788 -0.2462, -2.7593 1.0736 -0.2514, -2.2505 0.8273 -0.0709, -2.2629 0.773 -0.0151, -1.854 0.792 -0.0869, -1.8614 0.8479 -0.1419, -2.7748 0.997 -0.1727, -2.7374 1.0465 -0.2271, -2.794 1.0141 -0.1874, -2.7402 1.0481 -0.2283, -2.8193 1.0368 -0.2068, -2.7587 1.0729 -0.2507, -2.8308 1.0596 -0.2281, -2.8404 1.0787 -0.2459, -2.8437 0.7462 -0.6272, -2.8437 0.7403 -0.6309, -2.8427 0.7329 -0.6232, -2.8437 1.1022 -0.269, -2.8437 1.0985 -0.2749, -2.8436 1.1006 -0.2681, -2.8426 1.0932 -0.2606, -2.8409 0.7192 -0.6087, -2.7649 -0.8673 -0.2684, -2.7649 -0.8684 -0.2691, -2.7649 -0.8606 -0.2617, -2.7649 -0.845 -0.2459, -2.7593 -0.8452 -0.2459, -2.7593 -0.8397 -0.2514, -2.8403 -0.8449 -0.2461, -2.2047 -0.3119 -0.3537, -2.2047 -0.5911 -0.0745, -2.2505 -0.3085 -0.3562, -2.2505 -0.5936 -0.0711, -2.2505 -0.3085 -0.3562, -2.2505 -0.5936 -0.0711, -2.2938 -0.6069 -0.0788, -2.2938 -0.3162 -0.3695, -1.8791 -0.6134 -0.139, -1.8791 -0.3764 -0.376, -1.8614 -0.3793 -0.3766, -1.8614 -0.614 -0.1419, -1.8434 -0.381 -0.376, -1.8434 -0.6134 -0.1436, -1.7059 -0.6045 -0.1525, -1.7059 -0.3899 -0.3671, -1.7059 -0.5488 -0.0969, -1.7059 -0.3343 -0.3114, -1.8434 -0.5577 -0.0879, -1.8434 -0.3253 -0.3203, -1.8646 -0.3226 -0.3203, -1.8646 -0.5577 -0.0852, -1.854 -0.5581 -0.0869, -1.854 -0.3243 -0.3207, -2.1902 -0.5355 -0.0208, -2.1902 -0.2582 -0.2981, -2.3316 -0.2649 -0.3231, -2.3316 -0.5605 -0.0275, -2.2628 -0.5394 -0.0153, -2.2628 -0.2527 -0.302, -2.2628 -0.5394 -0.0153, -2.2628 -0.2527 -0.302, -2.7475 -0.7484 -0.1616, -2.7475 -0.399 -0.511, -2.2505 -0.5934 -0.0709, -2.8307 -0.8257 -0.2281, -2.7587 -0.839 -0.2507, -2.8193 -0.803 -0.2068, -2.7402 -0.8142 -0.2283, -2.7097 -0.7948 -0.2128, -2.7374 -0.8127 -0.2271, -2.7748 -0.7631 -0.1727, -2.794 -0.7803 -0.1874, -1.8614 -0.614 -0.1419, -1.854 -0.5581 -0.0869, -2.2629 -0.5392 -0.0151, -2.7097 -0.4502 -0.5574, -2.7649 -0.4964 -0.6178, -2.7649 -0.4833 -0.6076, -2.7649 -0.4988 -0.621, -2.7649 -0.5064 -0.6309, -2.7593 -0.4833 -0.6078, -2.8397 -0.4836 -0.6076, -2.7593 -0.4888 -0.6023, -2.2505 -0.3083 -0.3561, -2.2629 -0.2525 -0.3018, -1.854 -0.3243 -0.3207, -1.8614 -0.3793 -0.3766, -2.7748 -0.4101 -0.5257, -2.7374 -0.4645 -0.5753, -2.794 -0.4248 -0.5429, -2.7402 -0.4657 -0.5768, -2.8193 -0.4442 -0.5656, -2.7587 -0.4881 -0.6016, -2.8308 -0.4655 -0.5883, -2.8404 -0.4833 -0.6074, -2.8437 -0.8646 -0.2749, -2.8437 -0.8683 -0.269, -2.8427 -0.8606 -0.2617, -2.8437 -0.5064 -0.6309, -2.8437 -0.5123 -0.6272, -2.8436 -0.5055 -0.6293, -2.8426 -0.498 -0.622, -2.8409 -0.8461 -0.2479, -2.7649 -0.5058 1.3385, -2.7649 -0.5065 1.3396, -2.7649 -0.4991 1.3319, -2.7649 -0.4833 1.3162, -2.7593 -0.4833 1.3165, -2.7593 -0.4888 1.311, -2.8403 -0.4835 1.3162, -2.2047 -0.5911 0.7832, -2.2047 -0.3119 1.0624, -2.2505 -0.3085 1.0649, -2.2505 -0.5936 0.7798, -2.2505 -0.3085 1.0649, -2.2505 -0.5936 0.7798, -2.2938 -0.3162 1.0781, -2.2938 -0.6069 0.7874, -1.8791 -0.3764 1.0846, -1.8791 -0.6134 0.8476, -1.8614 -0.614 0.8505, -1.8614 -0.3793 1.0853, -1.8434 -0.6134 0.8523, -1.8434 -0.381 1.0847, -1.7059 -0.3899 1.0758, -1.7059 -0.6045 0.8612, -1.7059 -0.3343 1.0201, -1.7059 -0.5488 0.8055, -1.8434 -0.3253 1.029, -1.8434 -0.5577 0.7966, -1.854 -0.3243 1.0293, -1.854 -0.5581 0.7956, -1.8646 -0.3226 1.029, -1.8646 -0.5577 0.7939, -2.1902 -0.2582 1.0067, -2.1902 -0.5355 0.7294, -2.3316 -0.5605 0.7362, -2.3316 -0.2649 1.0318, -2.2628 -0.2527 1.0107, -2.2628 -0.2527 1.0107, -2.2628 -0.5394 0.724, -2.2628 -0.5394 0.724, -2.7475 -0.399 1.2197, -2.7475 -0.7484 0.8702, -2.2505 -0.3083 1.0647, -2.8307 -0.4655 1.297, -2.7587 -0.4881 1.3103, -2.8193 -0.4442 1.2742, -2.7402 -0.4657 1.2855, -2.7097 -0.4502 1.2661, -2.7374 -0.4645 1.2839, -2.7748 -0.4101 1.2343, -2.794 -0.4248 1.2515, -1.8614 -0.3793 1.0853, -1.854 -0.3243 1.0293, -2.2629 -0.2525 1.0104, -2.7097 -0.7948 0.9215, -2.7649 -0.8552 0.9676, -2.7649 -0.845 0.9546, -2.7649 -0.8584 0.9701, -2.7649 -0.8683 0.9777, -2.7593 -0.8452 0.9546, -2.8397 -0.845 0.9548, -2.7593 -0.8397 0.96, -2.2505 -0.5934 0.7796, -2.2629 -0.5392 0.7237, -1.854 -0.5581 0.7956, -1.8614 -0.614 0.8505, -2.7748 -0.7631 0.8814, -2.7374 -0.8127 0.9358, -2.794 -0.7803 0.8961, -2.7402 -0.8142 0.937, -2.8193 -0.803 0.9155, -2.7587 -0.839 0.9594, -2.8308 -0.8257 0.9367, -2.8404 -0.8448 0.9546, -2.8437 -0.5123 1.3359, -2.8437 -0.5064 1.3396, -2.8427 -0.4991 1.3318, -2.8437 -0.8683 0.9777, -2.8437 -0.8646 0.9836, -2.8436 -0.8667 0.9767, -2.8426 -0.8594 0.9693, -2.8409 -0.4853 1.3174, -2.7649 1.1011 0.977, -2.7649 1.1022 0.9777, -2.7649 1.0945 0.9703, -2.7649 1.0788 0.9545, -2.7593 1.0791 0.9546, -2.7593 1.0736 0.96, -2.8403 1.0788 0.9548, -2.2047 0.5458 1.0624, -2.2047 0.825 0.7832, -2.2505 0.5424 1.0649, -2.2505 0.8275 0.7798, -2.2505 0.5424 1.0649, -2.2505 0.8275 0.7798, -2.2938 0.8407 0.7874, -2.2938 0.55 1.0781, -1.8791 0.8472 0.8476, -1.8791 0.6102 1.0846, -1.8614 0.6131 1.0853, -1.8614 0.8479 0.8505, -1.8434 0.6149 1.0847, -1.8434 0.8473 0.8523, -1.7059 0.8384 0.8612, -1.7059 0.6238 1.0758, -1.7059 0.7827 0.8055, -1.7059 0.5681 1.0201, -1.8434 0.7916 0.7966, -1.8434 0.5592 1.029, -1.8646 0.5565 1.029, -1.8646 0.7916 0.7939, -1.854 0.7919 0.7956, -1.854 0.5582 1.0293, -2.1902 0.7693 0.7294, -2.1902 0.492 1.0067, -2.3316 0.4988 1.0318, -2.3316 0.7944 0.7362, -2.2628 0.7733 0.724, -2.2628 0.4866 1.0107, -2.2628 0.7733 0.724, -2.2628 0.4866 1.0107, -2.7475 0.9823 0.8702, -2.7475 0.6328 1.2197, -2.2505 0.8273 0.7796, -2.8307 1.0596 0.9368, -2.7587 1.0729 0.9594, -2.8193 1.0368 0.9155, -2.7402 1.0481 0.937, -2.7097 1.0287 0.9215, -2.7374 1.0465 0.9358, -2.7748 0.9969 0.8814, -2.794 1.0141 0.8961, -1.8614 0.8479 0.8505, -1.854 0.792 0.7956, -2.2629 0.773 0.7237, -2.7097 0.6841 1.2661, -2.7649 0.7302 1.3265, -2.7649 0.7172 1.3162, -2.7649 0.7327 1.3297, -2.7649 0.7403 1.3396, -2.7593 0.7172 1.3165, -2.8397 0.7174 1.3162, -2.7593 0.7226 1.311, -2.2505 0.5422 1.0647, -2.2629 0.4863 1.0104, -1.854 0.5582 1.0293, -1.8614 0.6131 1.0853, -2.7748 0.644 1.2344, -2.7374 0.6984 1.2839, -2.794 0.6587 1.2515, -2.7402 0.6996 1.2855, -2.8193 0.6781 1.2742, -2.7587 0.722 1.3103, -2.8308 0.6993 1.297, -2.8404 0.7172 1.3161, -2.8437 1.0985 0.9836, -2.8437 1.1022 0.9777, -2.8427 1.0944 0.9703, -2.8437 0.7403 1.3396, -2.8437 0.7462 1.3359, -2.8436 0.7393 1.338, -2.8426 0.7319 1.3306, -2.8409 1.08 0.9566, -2.7649 1.1688 0.8572, -2.8437 1.1688 0.8572, -2.7649 1.27 0.527, -2.8437 1.27 0.527, -2.7649 1.27 0.1817, -2.8437 1.27 0.1817, -2.7649 1.1688 -0.1485, -2.8437 1.1688 -0.1485, -2.7649 1.1035 0.9785, -2.7649 1.1246 0.9861, -2.8437 1.1246 0.9861, -2.7649 1.159 0.9838, -2.8437 1.159 0.9838, -2.7649 1.188 0.9651, -2.8437 1.188 0.9651, -2.7649 1.2043 0.9347, -2.8437 1.2043 0.9347, -2.7649 1.2038 0.9002, -2.8437 1.2038 0.9002, -2.7649 1.1866 0.8703, -2.8437 1.1866 0.8703, -2.7649 0.7411 1.3409, -2.74 0.6997 1.2856, -2.74 1.0482 0.9371, -2.7649 0.6198 1.4062, -2.8437 0.6198 1.4062, -2.7649 0.633 1.4241, -2.8437 0.633 1.4241, -2.7649 0.6632 1.4413, -2.8437 0.6632 1.4413, -2.7649 0.6979 1.4415, -2.8437 0.6979 1.4415, -2.7649 0.7284 1.4247, -2.8437 0.7284 1.4247, -2.7649 0.7468 1.3953, -2.8437 0.7468 1.3953, -2.7649 0.7485 1.3606, -2.8437 0.7485 1.3606, -2.7649 -0.3859 1.4062, -2.8437 -0.3859 1.4062, -2.7649 -0.0557 1.5074, -2.8437 -0.0557 1.5074, -2.7649 0.2896 1.5074, -2.8437 0.2896 1.5074, -2.7649 -0.5072 1.3409, -2.7649 -0.5149 1.362, -2.8437 -0.5149 1.362, -2.7649 -0.5126 1.3964, -2.8437 -0.5126 1.3964, -2.7649 -0.4938 1.4254, -2.8437 -0.4938 1.4254, -2.7649 -0.4634 1.4417, -2.8437 -0.4634 1.4417, -2.7649 -0.429 1.4412, -2.8437 -0.429 1.4412, -2.7649 -0.399 1.424, -2.8437 -0.399 1.424, -2.7649 -0.8696 0.9785, -2.74 -0.8143 0.9371, -2.74 -0.4658 1.2856, -2.7649 -0.935 0.8572, -2.8437 -0.935 0.8572, -2.7649 -0.9529 0.8704, -2.8437 -0.9529 0.8704, -2.7649 -0.97 0.9006, -2.8437 -0.97 0.9006, -2.7649 -0.9702 0.9353, -2.8437 -0.9702 0.9353, -2.7649 -0.9535 0.9658, -2.8437 -0.9535 0.9658, -2.7649 -0.924 0.9842, -2.8437 -0.924 0.9842, -2.7649 -0.8893 0.9859, -2.8437 -0.8893 0.9859, -2.7649 -0.935 -0.1485, -2.8437 -0.935 -0.1485, -2.7649 -1.0361 0.1817, -2.8437 -1.0361 0.1817, -2.7649 -1.0361 0.527, -2.8437 -1.0361 0.527, -2.7649 -0.8696 -0.2698, -2.7649 -0.8907 -0.2775, -2.8437 -0.8907 -0.2775, -2.7649 -0.9251 -0.2752, -2.8437 -0.9251 -0.2752, -2.7649 -0.9541 -0.2564, -2.8437 -0.9541 -0.2564, -2.7649 -0.9704 -0.226, -2.8437 -0.9704 -0.226, -2.7649 -0.9699 -0.1916, -2.8437 -0.9699 -0.1916, -2.7649 -0.9527 -0.1616, -2.8437 -0.9527 -0.1616, -2.7649 -0.5072 -0.6322, -2.74 -0.4658 -0.5769, -2.74 -0.8143 -0.2284, -2.7649 -0.3859 -0.6976, -2.8437 -0.3859 -0.6976, -2.7649 -0.3991 -0.7155, -2.8437 -0.3991 -0.7155, -2.7649 -0.4293 -0.7326, -2.8437 -0.4293 -0.7326, -2.7649 -0.4641 -0.7328, -2.8437 -0.4641 -0.7328, -2.7649 -0.4945 -0.7161, -2.8437 -0.4945 -0.7161, -2.7649 -0.5129 -0.6866, -2.8437 -0.5129 -0.6866, -2.7649 -0.5146 -0.6519, -2.8437 -0.5146 -0.6519, -2.7649 0.6198 -0.6976, -2.8437 0.6198 -0.6976, -2.7649 0.2896 -0.7987, -2.8437 0.2896 -0.7987, -2.7649 -0.0557 -0.7987, -2.8437 -0.0557 -0.7987, -2.7649 0.7411 -0.6322, -2.7649 0.7487 -0.6533, -2.8437 0.7487 -0.6533, -2.7649 0.7464 -0.6877, -2.8437 0.7464 -0.6877, -2.7649 0.7277 -0.7167, -2.8437 0.7277 -0.7167, -2.7649 0.6973 -0.733, -2.8437 0.6973 -0.733, -2.7649 0.6628 -0.7325, -2.8437 0.6628 -0.7325, -2.7649 0.6329 -0.7153, -2.8437 0.6329 -0.7153, -2.7649 1.1035 -0.2698, -2.74 0.6997 -0.5769, -2.74 1.0482 -0.2284, -2.7649 1.1867 -0.1617, -2.8437 1.1867 -0.1617, -2.7649 1.2039 -0.1919, -2.8437 1.2039 -0.1919, -2.7649 1.2041 -0.2267, -2.8437 1.2041 -0.2267, -2.7649 1.1874 -0.2571, -2.8437 1.1874 -0.2571, -2.7649 1.1579 -0.2755, -2.8437 1.1579 -0.2755, -2.7649 1.1232 -0.2772, -2.8437 1.1232 -0.2772, -2.7649 2.3807 1.6732, -2.8412 2.3807 1.6732, -2.8388 2.3807 1.6808, -2.8206 2.3807 1.7092, -2.7922 2.3807 1.7274, -2.7649 2.3807 1.7323, -2.8437 2.3841 1.6535, -2.7649 2.3844 1.6528, -2.7649 2.4398 1.6142, -2.8437 2.4398 1.6142, -2.7649 2.4193 1.6178, -2.8437 2.4193 1.6178, -2.7649 2.398 1.6315, -2.8437 2.398 1.6315, -2.8437 2.3844 1.6528, -2.8331 2.4791 1.6142, -2.8043 2.508 1.6142, -2.7649 2.5185 1.6142, -2.7649 2.5185 -0.8192, -2.7649 2.5185 -0.9055, -2.8043 2.508 -0.9055, -2.8331 2.4791 -0.9055, -2.8437 2.4398 -0.9055, -2.7649 2.4398 -0.9055, -2.8437 2.4193 -0.9092, -2.7649 2.4193 -0.9092, -2.8437 2.398 -0.9228, -2.7649 2.398 -0.9228, -2.8437 2.3844 -0.9441, -2.7649 2.3844 -0.9441, -2.8437 2.3841 -0.9449, -2.7649 2.3807 -0.9646, -2.8412 2.3807 -0.9646, -2.8388 2.3807 -0.9721, -2.8206 2.3807 -1.0006, -2.7922 2.3807 -1.0188, -2.7649 2.3807 -1.0236, -2.8388 -1.1626 -0.9721, -2.8412 -1.1626 -0.9646, -2.8437 -1.166 -0.9449, -2.7649 1.8121 -1.0236, -2.8206 -1.1626 -1.0006, -2.7922 -1.1626 -1.0188, -2.7649 -1.1626 -1.0236, -2.8437 -1.2012 -0.9092, -2.8437 -1.2216 -0.9055, -2.8437 -1.166 1.6535, -2.8437 -1.1799 1.6315, -2.8437 -1.2012 1.6178, -2.8437 -1.2216 1.6142, -2.8437 -1.1662 -0.9441, -2.8437 -1.1799 -0.9228, -2.8437 -1.1662 1.6528, -2.7649 1.8121 1.7323, -2.8412 -1.1626 1.6732, -2.8388 -1.1626 1.6808, -2.8206 -1.1626 1.7092, -2.7922 -1.1626 1.7274, -2.7649 -1.1626 1.7323, -2.7649 -1.1626 1.6732, -2.7649 -1.2216 1.6142, -2.7649 -1.2012 1.6178, -2.7649 -1.1799 1.6315, -2.7649 -1.1662 1.6528, -2.8331 -1.261 1.6142, -2.8043 -1.2898 1.6142, -2.7649 -1.3004 1.6142, -2.7649 -1.3004 -0.8192, -2.8043 -1.2898 -0.9055, -2.7649 -1.3004 -0.9055, -2.8331 -1.261 -0.9055, -2.7649 -1.2216 -0.9055, -2.7649 -1.1626 -0.9646, -2.7649 -1.1662 -0.9441, -2.7649 -1.2012 -0.9092, -2.7649 -1.1799 -0.9228, -2.7649 2.4398 -0.8268, -2.7649 2.4398 -0.8192, -2.7649 1.8121 -0.8192, -2.7649 -1.2216 -0.8192, -2.7649 -1.2216 -0.8268, -2.7649 -1.2807 -0.8268, -2.7649 -1.2807 -0.8192, -2.7649 -1.2807 1.5354, -2.7649 -1.2216 1.5354, -2.7649 1.8121 1.6535, -2.7649 2.4398 1.5354, -2.7649 2.3413 1.6535, -2.7649 2.3413 1.7126, -2.7649 1.8121 1.7126, -2.7649 2.4988 1.5354, -2.7649 2.4988 -0.8192, -2.7649 2.4988 -0.8268, -2.7649 2.3413 -0.9449, -2.7649 -1.1232 -0.9449, -2.7649 1.8121 -0.9449, -2.7649 -1.1232 -1.0039, -2.7649 1.8121 -1.0039, -2.7649 2.3413 -1.0039, -2.7256 2.4398 1.5354, -2.7256 2.4988 1.5354
            ]
        }
        coordIndex [
            0,1,2,-1,2,1,3,-1,4,5,6,-1,6,5,7,-1,8,7,5,-1,8,9,7,-1,7,9,10,-1,11,12,13,-1,13,12,14,-1,13,14,15,-1,14,16,15,-1,15,16,17,-1,15,17,18,-1,12,11,19,-1,19,11,20,-1,21,22,23,-1,23,22,24,-1,23,24,20,-1,20,24,19,-1,22,21,25,-1,25,21,26,-1,25,26,27,-1,27,26,28,-1,27,28,29,-1,29,28,30,-1,29,30,31,-1,31,30,32,-1,31,32,33,-1,33,32,34,-1,33,34,35,-1,35,34,36,-1,37,38,39,-1,35,36,40,-1,40,36,41,-1,40,41,39,-1,39,41,42,-1,39,42,37,-1,38,37,43,-1,43,37,44,-1,38,45,39,-1,39,45,12,-1,39,12,19,-1,10,9,46,-1,46,9,47,-1,46,47,48,-1,48,47,49,-1,16,45,17,-1,17,45,38,-1,17,38,50,-1,50,38,43,-1,50,43,51,-1,51,43,52,-1,51,52,49,-1,49,52,53,-1,49,53,48,-1,25,27,22,-1,22,27,29,-1,22,29,54,-1,54,29,55,-1,54,55,19,-1,56,39,35,-1,35,39,19,-1,35,19,33,-1,33,19,55,-1,50,57,17,-1,17,57,18,-1,58,59,60,-1,60,59,61,-1,62,61,59,-1,63,64,59,-1,59,64,62,-1,65,37,11,-1,11,37,42,-1,11,42,20,-1,20,42,66,-1,28,26,30,-1,30,26,21,-1,30,21,67,-1,67,21,68,-1,67,68,34,-1,34,68,20,-1,34,20,36,-1,36,20,66,-1,65,15,37,-1,37,15,18,-1,37,18,44,-1,44,18,57,-1,44,57,69,-1,69,57,70,-1,69,70,71,-1,71,70,72,-1,71,72,73,-1,73,72,74,-1,73,74,75,-1,75,74,64,-1,75,64,76,-1,76,64,63,-1,77,78,79,-1,80,81,82,-1,82,81,77,-1,82,77,83,-1,83,77,79,-1,83,79,76,-1,76,79,84,-1,76,84,75,-1,43,44,52,-1,52,44,69,-1,52,69,53,-1,53,69,71,-1,53,71,48,-1,48,71,73,-1,48,73,46,-1,46,73,75,-1,46,75,10,-1,10,75,84,-1,85,86,87,-1,87,86,88,-1,89,88,86,-1,89,90,88,-1,88,90,91,-1,92,93,94,-1,94,93,95,-1,94,95,96,-1,95,97,96,-1,96,97,98,-1,96,98,99,-1,93,92,100,-1,100,92,101,-1,100,101,102,-1,100,102,103,-1,103,102,104,-1,103,104,105,-1,105,104,106,-1,106,104,107,-1,106,107,108,-1,108,107,109,-1,108,109,110,-1,110,109,111,-1,112,113,114,-1,112,114,115,-1,115,114,110,-1,115,110,111,-1,113,112,116,-1,116,112,117,-1,118,119,120,-1,118,120,121,-1,121,120,122,-1,121,122,123,-1,123,122,116,-1,123,116,117,-1,119,118,124,-1,124,118,125,-1,119,126,120,-1,120,126,93,-1,120,93,100,-1,91,90,127,-1,127,90,128,-1,127,128,129,-1,129,128,130,-1,97,126,98,-1,98,126,119,-1,98,119,131,-1,131,119,124,-1,131,124,132,-1,132,124,133,-1,132,133,130,-1,130,133,134,-1,130,134,129,-1,106,108,105,-1,105,108,110,-1,105,110,135,-1,135,110,136,-1,135,136,100,-1,137,120,116,-1,116,120,100,-1,116,100,113,-1,113,100,136,-1,131,138,98,-1,98,138,99,-1,139,140,141,-1,141,140,142,-1,143,142,140,-1,144,145,140,-1,140,145,143,-1,146,118,92,-1,92,118,121,-1,92,121,101,-1,101,121,147,-1,109,107,111,-1,111,107,104,-1,111,104,148,-1,148,104,149,-1,148,149,112,-1,112,149,101,-1,112,101,117,-1,117,101,147,-1,146,96,118,-1,118,96,99,-1,118,99,125,-1,125,99,138,-1,125,138,150,-1,150,138,151,-1,150,151,152,-1,152,151,153,-1,152,153,154,-1,154,153,155,-1,154,155,156,-1,156,155,145,-1,156,145,157,-1,157,145,144,-1,158,159,160,-1,161,162,163,-1,163,162,158,-1,163,158,164,-1,164,158,160,-1,164,160,157,-1,157,160,165,-1,157,165,156,-1,124,125,133,-1,133,125,150,-1,133,150,134,-1,134,150,152,-1,134,152,129,-1,129,152,154,-1,129,154,127,-1,127,154,156,-1,127,156,91,-1,91,156,165,-1,166,167,168,-1,168,167,169,-1,170,169,167,-1,170,171,169,-1,169,171,172,-1,173,174,175,-1,173,175,176,-1,176,175,177,-1,176,177,178,-1,178,177,179,-1,178,179,180,-1,174,173,181,-1,181,173,182,-1,181,182,183,-1,181,183,184,-1,184,183,185,-1,184,185,186,-1,186,185,187,-1,187,185,188,-1,187,188,189,-1,189,188,190,-1,189,190,191,-1,191,190,192,-1,191,192,193,-1,193,192,194,-1,193,194,195,-1,195,194,196,-1,195,196,197,-1,197,196,198,-1,199,200,201,-1,197,198,202,-1,202,198,203,-1,202,203,201,-1,201,203,204,-1,201,204,199,-1,200,199,205,-1,205,199,206,-1,200,207,201,-1,201,207,174,-1,201,174,181,-1,172,171,208,-1,208,171,209,-1,208,209,210,-1,210,209,211,-1,177,207,179,-1,179,207,200,-1,179,200,212,-1,212,200,205,-1,212,205,213,-1,213,205,214,-1,213,214,211,-1,211,214,215,-1,211,215,210,-1,187,189,186,-1,186,189,191,-1,186,191,216,-1,216,191,217,-1,216,217,181,-1,218,201,197,-1,197,201,181,-1,197,181,195,-1,195,181,217,-1,212,219,179,-1,179,219,180,-1,220,221,222,-1,222,221,223,-1,224,223,221,-1,225,226,221,-1,221,226,224,-1,227,199,173,-1,173,199,204,-1,173,204,182,-1,182,204,228,-1,190,188,192,-1,192,188,185,-1,192,185,229,-1,229,185,230,-1,229,230,196,-1,196,230,182,-1,196,182,198,-1,198,182,228,-1,227,178,199,-1,199,178,180,-1,199,180,206,-1,206,180,219,-1,206,219,231,-1,231,219,232,-1,231,232,233,-1,233,232,234,-1,233,234,235,-1,235,234,236,-1,235,236,237,-1,237,236,226,-1,237,226,238,-1,238,226,225,-1,239,240,241,-1,242,243,244,-1,244,243,239,-1,244,239,245,-1,245,239,241,-1,245,241,238,-1,238,241,246,-1,238,246,237,-1,205,206,214,-1,214,206,231,-1,214,231,215,-1,215,231,233,-1,215,233,210,-1,210,233,235,-1,210,235,208,-1,208,235,237,-1,208,237,172,-1,172,237,246,-1,247,248,249,-1,249,248,250,-1,251,250,248,-1,251,252,250,-1,250,252,253,-1,254,255,256,-1,256,255,257,-1,256,257,258,-1,257,259,258,-1,258,259,260,-1,258,260,261,-1,255,254,262,-1,262,254,263,-1,262,263,264,-1,262,264,265,-1,265,264,266,-1,265,266,267,-1,267,266,268,-1,268,266,269,-1,268,269,270,-1,270,269,271,-1,270,271,272,-1,272,271,273,-1,274,275,276,-1,274,276,277,-1,277,276,272,-1,277,272,273,-1,275,274,278,-1,278,274,279,-1,280,281,282,-1,280,282,283,-1,283,282,284,-1,283,284,285,-1,285,284,278,-1,285,278,279,-1,281,280,286,-1,286,280,287,-1,281,288,282,-1,282,288,255,-1,282,255,262,-1,253,252,289,-1,289,252,290,-1,289,290,291,-1,291,290,292,-1,259,288,260,-1,260,288,281,-1,260,281,293,-1,293,281,286,-1,293,286,294,-1,294,286,295,-1,294,295,292,-1,292,295,296,-1,292,296,291,-1,268,270,267,-1,267,270,272,-1,267,272,297,-1,297,272,298,-1,297,298,262,-1,299,282,278,-1,278,282,262,-1,278,262,275,-1,275,262,298,-1,293,300,260,-1,260,300,261,-1,301,302,303,-1,303,302,304,-1,305,304,302,-1,306,307,302,-1,302,307,305,-1,308,280,254,-1,254,280,283,-1,254,283,263,-1,263,283,309,-1,271,269,273,-1,273,269,266,-1,273,266,310,-1,310,266,311,-1,310,311,274,-1,274,311,263,-1,274,263,279,-1,279,263,309,-1,308,258,280,-1,280,258,261,-1,280,261,287,-1,287,261,300,-1,287,300,312,-1,312,300,313,-1,312,313,314,-1,314,313,315,-1,314,315,316,-1,316,315,317,-1,316,317,318,-1,318,317,307,-1,318,307,319,-1,319,307,306,-1,320,321,322,-1,323,324,325,-1,325,324,320,-1,325,320,326,-1,326,320,322,-1,326,322,319,-1,319,322,327,-1,319,327,318,-1,286,287,295,-1,295,287,312,-1,295,312,296,-1,296,312,314,-1,296,314,291,-1,291,314,316,-1,291,316,289,-1,289,316,318,-1,289,318,253,-1,253,318,327,-1,328,329,330,-1,330,329,331,-1,330,331,332,-1,332,331,333,-1,332,333,334,-1,334,333,335,-1,336,321,337,-1,337,321,338,-1,337,338,339,-1,339,338,340,-1,339,340,341,-1,341,340,342,-1,341,342,343,-1,343,342,344,-1,343,344,345,-1,345,344,346,-1,345,346,347,-1,347,346,348,-1,347,348,328,-1,328,348,329,-1,336,248,321,-1,321,248,247,-1,321,247,322,-1,322,247,249,-1,322,249,327,-1,327,249,250,-1,327,250,253,-1,290,252,307,-1,252,251,248,-1,305,307,304,-1,304,307,252,-1,304,252,349,-1,349,252,248,-1,349,248,336,-1,307,317,290,-1,290,317,350,-1,290,350,351,-1,351,350,313,-1,351,313,294,-1,294,313,300,-1,294,300,293,-1,319,306,326,-1,326,306,302,-1,352,353,354,-1,354,353,355,-1,354,355,356,-1,356,355,357,-1,356,357,358,-1,358,357,359,-1,358,359,360,-1,360,359,361,-1,360,361,362,-1,362,361,363,-1,362,363,364,-1,364,363,365,-1,364,365,349,-1,349,365,323,-1,349,323,304,-1,304,323,325,-1,304,325,303,-1,303,325,326,-1,303,326,301,-1,301,326,302,-1,366,367,368,-1,368,367,369,-1,368,369,370,-1,370,369,371,-1,370,371,352,-1,352,371,353,-1,372,240,373,-1,373,240,374,-1,373,374,375,-1,375,374,376,-1,375,376,377,-1,377,376,378,-1,377,378,379,-1,379,378,380,-1,379,380,381,-1,381,380,382,-1,381,382,383,-1,383,382,384,-1,383,384,366,-1,366,384,367,-1,372,167,240,-1,240,167,166,-1,240,166,241,-1,241,166,168,-1,241,168,246,-1,246,168,169,-1,246,169,172,-1,209,171,226,-1,171,170,167,-1,224,226,223,-1,223,226,171,-1,223,171,385,-1,385,171,167,-1,385,167,372,-1,226,236,209,-1,209,236,386,-1,209,386,387,-1,387,386,232,-1,387,232,213,-1,213,232,219,-1,213,219,212,-1,238,225,245,-1,245,225,221,-1,388,389,390,-1,390,389,391,-1,390,391,392,-1,392,391,393,-1,392,393,394,-1,394,393,395,-1,394,395,396,-1,396,395,397,-1,396,397,398,-1,398,397,399,-1,398,399,400,-1,400,399,401,-1,400,401,385,-1,385,401,242,-1,385,242,223,-1,223,242,244,-1,223,244,222,-1,222,244,245,-1,222,245,220,-1,220,245,221,-1,402,403,404,-1,404,403,405,-1,404,405,406,-1,406,405,407,-1,406,407,388,-1,388,407,389,-1,408,159,409,-1,409,159,410,-1,409,410,411,-1,411,410,412,-1,411,412,413,-1,413,412,414,-1,413,414,415,-1,415,414,416,-1,415,416,417,-1,417,416,418,-1,417,418,419,-1,419,418,420,-1,419,420,402,-1,402,420,403,-1,408,86,159,-1,159,86,85,-1,159,85,160,-1,160,85,87,-1,160,87,165,-1,165,87,88,-1,165,88,91,-1,142,143,145,-1,128,90,145,-1,421,142,408,-1,408,142,145,-1,408,145,86,-1,86,145,90,-1,86,90,89,-1,145,155,128,-1,128,155,422,-1,128,422,423,-1,423,422,151,-1,423,151,132,-1,132,151,138,-1,132,138,131,-1,157,144,164,-1,164,144,140,-1,424,425,426,-1,426,425,427,-1,426,427,428,-1,428,427,429,-1,428,429,430,-1,430,429,431,-1,430,431,432,-1,432,431,433,-1,432,433,434,-1,434,433,435,-1,434,435,436,-1,436,435,437,-1,436,437,421,-1,421,437,161,-1,421,161,142,-1,142,161,163,-1,142,163,141,-1,141,163,164,-1,141,164,139,-1,139,164,140,-1,438,439,440,-1,440,439,441,-1,440,441,442,-1,442,441,443,-1,442,443,424,-1,424,443,425,-1,444,78,445,-1,445,78,446,-1,445,446,447,-1,447,446,448,-1,447,448,449,-1,449,448,450,-1,449,450,451,-1,451,450,452,-1,451,452,453,-1,453,452,454,-1,453,454,455,-1,455,454,456,-1,455,456,438,-1,438,456,439,-1,444,5,78,-1,78,5,4,-1,78,4,79,-1,79,4,6,-1,79,6,84,-1,84,6,7,-1,84,7,10,-1,61,62,64,-1,457,61,444,-1,444,61,64,-1,444,64,5,-1,8,5,9,-1,9,5,64,-1,9,64,47,-1,47,64,74,-1,47,74,458,-1,458,74,459,-1,458,459,51,-1,459,70,51,-1,51,70,57,-1,51,57,50,-1,76,63,83,-1,83,63,59,-1,334,335,460,-1,460,335,461,-1,460,461,462,-1,462,461,463,-1,462,463,464,-1,464,463,465,-1,464,465,466,-1,466,465,467,-1,466,467,468,-1,468,467,469,-1,468,469,470,-1,470,469,471,-1,470,471,457,-1,457,471,80,-1,457,80,61,-1,61,80,82,-1,61,82,60,-1,60,82,83,-1,60,83,58,-1,58,83,59,-1,472,473,474,-1,474,475,472,-1,472,475,476,-1,472,476,477,-1,473,472,478,-1,478,472,479,-1,480,481,482,-1,482,481,483,-1,482,483,484,-1,484,483,485,-1,484,485,479,-1,479,485,486,-1,479,486,478,-1,487,481,488,-1,488,481,480,-1,488,480,489,-1,490,491,492,-1,490,492,489,-1,489,492,488,-1,488,492,493,-1,488,493,487,-1,487,493,494,-1,487,494,481,-1,494,493,495,-1,495,493,492,-1,495,492,491,-1,494,495,496,-1,496,495,497,-1,496,497,498,-1,498,497,499,-1,498,499,500,-1,500,499,501,-1,500,501,502,-1,502,501,503,-1,502,503,504,-1,505,504,503,-1,506,505,507,-1,507,505,503,-1,507,503,508,-1,509,510,504,-1,504,510,511,-1,504,511,502,-1,507,508,512,-1,504,505,509,-1,509,505,506,-1,509,506,513,-1,513,506,507,-1,513,507,514,-1,514,507,512,-1,514,512,515,-1,516,517,435,-1,389,407,391,-1,391,407,393,-1,469,467,502,-1,469,502,471,-1,425,443,427,-1,427,443,429,-1,363,361,478,-1,359,357,371,-1,371,357,355,-1,371,355,353,-1,369,367,384,-1,382,380,518,-1,380,378,518,-1,518,378,376,-1,518,376,374,-1,519,399,520,-1,520,399,397,-1,520,397,521,-1,521,397,395,-1,405,403,420,-1,418,416,517,-1,511,522,435,-1,435,522,523,-1,435,523,516,-1,384,382,369,-1,369,382,518,-1,369,518,371,-1,371,518,478,-1,371,478,359,-1,359,478,361,-1,494,465,481,-1,481,465,463,-1,481,463,461,-1,374,240,518,-1,518,240,239,-1,518,239,243,-1,420,418,405,-1,405,418,517,-1,405,517,407,-1,407,517,521,-1,407,521,393,-1,393,521,395,-1,162,161,437,-1,519,524,399,-1,399,524,518,-1,399,518,401,-1,401,518,243,-1,401,243,242,-1,410,159,158,-1,439,456,441,-1,441,456,454,-1,441,454,452,-1,81,80,471,-1,494,496,465,-1,465,496,498,-1,465,498,467,-1,467,498,500,-1,467,500,502,-1,435,433,511,-1,511,433,431,-1,511,431,429,-1,429,443,511,-1,511,443,441,-1,511,441,502,-1,502,441,452,-1,502,452,450,-1,446,78,77,-1,461,335,481,-1,481,335,333,-1,481,333,331,-1,324,323,365,-1,416,414,517,-1,517,414,412,-1,517,412,435,-1,435,412,410,-1,435,410,437,-1,437,410,158,-1,437,158,162,-1,329,348,331,-1,331,348,346,-1,331,346,481,-1,481,346,344,-1,481,344,483,-1,478,486,344,-1,344,486,485,-1,344,485,483,-1,338,321,320,-1,450,448,502,-1,502,448,446,-1,502,446,471,-1,471,446,77,-1,471,77,81,-1,344,342,478,-1,478,342,340,-1,478,340,363,-1,363,340,338,-1,363,338,365,-1,365,338,320,-1,365,320,324,-1,525,477,476,-1,478,518,473,-1,473,518,526,-1,473,526,474,-1,526,527,474,-1,474,527,528,-1,474,528,475,-1,475,528,529,-1,530,525,529,-1,529,525,476,-1,529,476,475,-1,527,526,531,-1,528,527,529,-1,529,527,531,-1,529,531,530,-1,521,532,520,-1,520,532,533,-1,520,533,519,-1,519,533,534,-1,519,534,524,-1,524,534,535,-1,524,535,518,-1,518,535,531,-1,518,531,526,-1,521,536,532,-1,532,536,537,-1,532,537,538,-1,539,538,537,-1,540,541,539,-1,539,537,540,-1,540,537,536,-1,540,536,542,-1,542,536,521,-1,542,521,517,-1,542,517,540,-1,540,517,543,-1,540,543,541,-1,510,544,511,-1,511,544,545,-1,543,517,546,-1,546,517,516,-1,546,516,547,-1,547,516,523,-1,547,523,545,-1,545,523,522,-1,545,522,511,-1,544,510,509,-1,509,513,544,-1,544,513,514,-1,544,514,515,-1,548,549,550,-1,550,551,552,-1,543,546,552,-1,552,546,547,-1,543,552,541,-1,541,552,553,-1,541,553,539,-1,539,553,554,-1,539,554,555,-1,392,406,390,-1,390,406,388,-1,428,442,426,-1,426,442,424,-1,383,366,368,-1,534,533,556,-1,556,533,532,-1,556,532,555,-1,555,532,538,-1,555,538,539,-1,394,396,556,-1,556,396,0,-1,556,0,534,-1,534,0,535,-1,402,404,419,-1,419,404,417,-1,356,370,354,-1,354,370,352,-1,409,411,551,-1,373,375,0,-1,447,449,550,-1,451,453,440,-1,440,453,455,-1,440,455,438,-1,411,413,551,-1,551,413,415,-1,551,415,417,-1,447,550,445,-1,417,404,551,-1,551,404,406,-1,551,406,556,-1,556,406,392,-1,556,392,394,-1,339,341,557,-1,462,464,550,-1,449,451,550,-1,550,451,440,-1,550,440,551,-1,551,440,442,-1,551,442,430,-1,430,442,428,-1,421,408,436,-1,436,408,409,-1,436,409,434,-1,434,409,551,-1,434,551,432,-1,432,551,430,-1,396,398,0,-1,0,398,400,-1,0,400,373,-1,373,400,385,-1,373,385,372,-1,375,377,0,-1,0,377,379,-1,0,379,381,-1,339,557,337,-1,370,0,368,-1,368,0,381,-1,368,381,383,-1,356,358,370,-1,370,358,557,-1,370,557,0,-1,457,444,470,-1,470,444,445,-1,470,445,468,-1,468,445,550,-1,468,550,466,-1,466,550,464,-1,349,336,364,-1,364,336,337,-1,364,337,362,-1,362,337,557,-1,362,557,360,-1,360,557,358,-1,334,460,332,-1,332,460,557,-1,332,557,330,-1,341,343,557,-1,557,343,345,-1,557,345,330,-1,330,345,347,-1,330,347,328,-1,549,558,550,-1,550,558,557,-1,550,557,462,-1,462,557,460,-1,480,482,558,-1,482,484,558,-1,558,484,559,-1,558,559,557,-1,484,479,559,-1,559,479,472,-1,559,472,560,-1,560,472,477,-1,560,477,561,-1,561,477,525,-1,561,525,2,-1,2,525,530,-1,2,530,0,-1,0,530,531,-1,0,531,535,-1,480,558,489,-1,489,558,562,-1,489,562,490,-1,490,562,563,-1,490,563,564,-1,501,499,565,-1,547,566,552,-1,552,566,567,-1,552,567,550,-1,550,567,565,-1,550,565,548,-1,548,565,499,-1,547,545,566,-1,566,545,544,-1,566,544,568,-1,568,544,515,-1,568,515,569,-1,569,515,512,-1,569,512,570,-1,570,512,508,-1,570,508,565,-1,565,508,503,-1,565,503,501,-1,499,497,548,-1,548,497,495,-1,548,495,564,-1,564,495,491,-1,564,491,490,-1,558,571,562,-1,562,571,572,-1,
        ]
    }
}
Shape{
    appearance Appearance {
        material  Material 	{
            diffuseColor 0.24313725490196078 0.24313725490196078 0.24313725490196078
            specularColor 0.24313725490196078 0.24313725490196078 0.24313725490196078
            ambientIntensity 0.2431
            transparency 0.0
            shininess 0.5
        }
    }
    geometry IndexedFaceSet {
        ccw TRUE
        solid FALSE
        coord DEF co Coordinate {
            point [
                -2.45 2.5185 1.5354, -2.45 2.4988 1.5354, -2.7256 2.5185 1.5354, -2.7256 2.4988 1.5354, -2.7256 2.5185 -0.8268, -2.7256 2.4988 -0.8268, -2.45 2.5185 -0.8268, -2.45 2.4988 -0.8268
            ]
        }
        coordIndex [
            0,1,2,-1,2,1,3,-1,4,5,6,-1,6,5,7,-1,6,7,0,-1,0,7,1,-1,
        ]
    }
}
Shape{
    appearance Appearance {
        material  Material 	{
            diffuseColor 1.0 1.0 0.9450980392156862
            specularColor 1.0 1.0 0.9450980392156862
            ambientIntensity 0.9937
            transparency 0.0
            shininess 0.5
        }
    }
    geometry IndexedFaceSet {
        ccw TRUE
        solid FALSE
        coord DEF co Coordinate {
            point [
                -2.7649 2.4988 -0.8192, -2.7649 2.4988 1.5354, -2.7256 2.4988 1.5354, -2.7649 2.4988 -0.8268, -2.7256 2.4988 -0.8268, -2.45 2.4988 -0.8268, -2.45 2.4988 1.5354, -2.7649 2.4398 -0.8268, -2.7256 2.4398 -0.8268
            ]
        }
        coordIndex [
            0,1,2,-1,3,0,4,-1,4,0,2,-1,4,2,5,-1,5,2,6,-1,3,4,7,-1,7,4,8,-1,
        ]
    }
}
Shape{
    appearance Appearance {
        material  Material 	{
            diffuseColor 0.24313725490196078 0.24313725490196078 0.24313725490196078
            specularColor 0.24313725490196078 0.24313725490196078 0.24313725490196078
            ambientIntensity 0.2431
            transparency 0.0
            shininess 0.5
        }
    }
    geometry IndexedFaceSet {
        ccw TRUE
        solid FALSE
        coord DEF co Coordinate {
            point [
                -2.45 2.4004 -0.8268, -2.7256 2.4004 -0.8268, -2.45 2.4004 1.5354, -2.7256 2.4004 1.5354, -2.7256 2.4398 1.5354, -2.45 2.4398 1.5354, -2.45 2.4398 -0.8268
            ]
        }
        coordIndex [
            0,1,2,-1,2,1,3,-1,3,4,2,-1,2,4,5,-1,2,5,0,-1,0,5,6,-1,
        ]
    }
}
Shape{
    appearance Appearance {
        material  Material 	{
            diffuseColor 1.0 1.0 0.9450980392156862
            specularColor 1.0 1.0 0.9450980392156862
            ambientIntensity 0.9937
            transparency 0.0
            shininess 0.5
        }
    }
    geometry IndexedFaceSet {
        ccw TRUE
        solid FALSE
        coord DEF co Coordinate {
            point [
                -2.7649 2.4398 -0.8192, -2.7649 2.4398 -0.8268, -2.7256 2.4398 -0.8268, -2.7649 2.4398 1.5354, -2.7256 2.4398 1.5354, -2.45 2.4398 1.5354, -2.45 2.4398 -0.8268
            ]
        }
        coordIndex [
            0,1,2,-1,3,0,4,-1,4,0,2,-1,4,2,5,-1,5,2,6,-1,
        ]
    }
}
Shape{
    appearance Appearance {
        material  Material 	{
            diffuseColor 0.24313725490196078 0.24313725490196078 0.24313725490196078
            specularColor 0.24313725490196078 0.24313725490196078 0.24313725490196078
            ambientIntensity 0.2431
            transparency 0.0
            shininess 0.5
        }
    }
    geometry IndexedFaceSet {
        ccw TRUE
        solid FALSE
        coord DEF co Coordinate {
            point [
                -2.45 2.4004 -0.8268, -2.45 2.4398 -0.8268, -2.7256 2.4004 -0.8268, -2.7256 2.4398 -0.8268, -2.7256 2.4791 -1.0236, -2.7256 2.3807 -1.0236, -2.7256 2.3807 -0.9055, -2.7256 -1.1626 -0.9055, -2.7256 -1.1626 -1.0236, -2.7256 -1.261 -1.0236, -2.7256 2.4988 -0.8268, -2.7256 2.4988 -1.0183, -2.7256 2.5185 -0.8268, -2.7256 2.5185 -0.9842, -2.7256 2.5132 -1.0039, -2.7256 -1.2807 -1.0183, -2.7256 -1.2807 -0.8268, -2.7256 -1.3004 -0.8268, -2.7256 -1.3004 -0.9842, -2.7256 -1.2951 -1.0039, -2.7256 2.5185 1.6929, -2.7256 2.5185 1.5354, -2.7256 2.4988 1.5354, -2.7256 -1.261 1.7323, -2.7256 -1.1626 1.7323, -2.7256 -1.1626 1.6142, -2.7256 -1.2216 1.5354, -2.7256 -1.2807 1.5354, -2.7256 -1.2807 1.727, -2.7256 2.5132 1.7126, -2.7256 2.4988 1.727, -2.7256 2.4791 1.7323, -2.7256 2.4398 1.5354, -2.7256 2.3807 1.7323, -2.7256 -1.3004 1.5354, -2.7256 -1.3004 1.6929, -2.7256 -1.2951 1.7126, -2.7256 -1.1823 1.5354, -2.7256 -0.5542 1.278, -2.7256 -0.8067 1.0254, -2.7256 -0.9689 0.7071, -2.7256 -1.0248 0.3543, -2.7256 -1.1823 -0.8268, -2.7256 -0.9689 0.0015, -2.7256 -0.8067 -0.3168, -2.7256 -1.2216 -0.8268, -2.7256 -0.5542 -0.5693, -2.7256 1.2028 0.7071, -2.7256 1.0406 1.0254, -2.7256 2.3807 1.6142, -2.7256 0.788 1.278, -2.7256 0.4697 -0.7315, -2.7256 0.1169 -0.7874, -2.7256 -0.2359 -0.7315, -2.7256 2.4004 1.5354, -2.7256 0.4697 1.4402, -2.7256 0.1169 1.4961, -2.7256 -0.2359 1.4402, -2.7256 0.788 -0.5693, -2.7256 1.0406 -0.3168, -2.7256 1.2028 0.0015, -2.7256 1.2587 0.3543, 2.7469 2.5185 1.6929, 2.7469 2.5132 1.7126, 2.7469 2.4988 1.727, 2.7469 2.4791 1.7323, 0.3847 2.5185 0.748, 0.3847 2.5185 1.2598, 0.3847 2.3217 0.748, 0.3847 2.3217 1.2598, 2.7469 2.5185 1.2598, 2.7469 2.3217 1.2598, 2.7469 2.3217 0.748, 2.7469 2.5185 0.748, -2.45 2.5185 1.5354, 1.7233 2.5185 -0.3785, 1.135 2.5185 -0.3785, 1.7233 2.5185 -0.2362, 2.7469 2.5185 -0.2362, 1.7233 2.5185 -0.7107, 1.7233 2.5185 -0.9842, 1.135 2.5185 -0.7107, -2.45 2.5185 -0.8268, 1.7233 -1.0642 -0.2362, 1.7233 -0.4342 0.3543, 1.7233 -1.0642 1.4173, 1.7233 -0.3893 0.5803, 1.7233 -1.261 -1.0236, 1.7233 -1.3004 -0.3785, 1.7233 -1.3004 -0.2362, 1.7233 2.6366 -0.7107, 1.7233 2.6366 -0.3785, 1.7233 2.2819 -0.6961, 1.7233 2.1446 -0.6961, 1.7233 0.3823 -0.1913, 1.7233 1.1956 -0.6978, 1.7233 0.5739 -0.0632, 1.7233 0.7019 0.1283, 1.7233 2.1446 -0.4492, 1.7233 1.3331 -0.4492, 1.7233 1.3331 -0.6978, 1.7233 0.1563 -0.2362, 1.7233 0.4429 1.4173, 1.7233 0.3823 0.8999, 1.7233 0.6575 1.1069, 1.7233 0.5739 0.7719, 1.7233 1.1956 1.1069, 1.7233 0.7019 0.5803, 1.7233 0.7469 0.3543, 1.7233 -0.0697 -0.1913, 1.7233 -0.2613 -0.0632, 1.7233 -0.3893 0.1283, 1.7233 -1.2951 -1.0039, 1.7233 -1.2807 -1.0183, 1.7233 -1.3004 -0.9842, 1.7233 -1.3004 -0.7107, 1.7233 -1.4185 -0.7107, 1.7233 -1.4185 -0.3785, 1.7233 2.2821 -0.2362, 1.7233 2.4791 -1.0236, 1.7233 2.5132 -1.0039, 1.7233 2.4988 -1.0183, 1.7233 -0.2613 0.7719, 1.7233 -0.0697 0.8999, 1.7233 0.1563 0.9449, 2.7469 2.2823 -0.2362, 1.5264 2.2819 -0.6961, 2.7469 2.2823 1.4173, 1.5264 2.2819 1.4173, 1.5264 2.1446 1.4173, 2.7469 2.1446 1.4173, 2.7469 -1.0642 1.4173, 2.7469 -1.1035 1.2598, 2.7469 -1.1035 0.748, 2.7469 -1.3004 0.748, 2.7469 -1.3004 -0.2362, 2.7469 -1.0642 -0.2362, 2.7469 0.6575 1.1069, 2.7469 1.1956 1.1069, 2.7469 0.4429 1.4173, 2.7469 1.1956 1.3287, 2.7469 -1.261 1.7323, 2.7469 1.3338 1.3287, 2.7469 1.3338 1.0925, 2.7469 1.6356 0.935, 2.7469 2.1446 0.935, 2.7469 1.6356 1.0925, 2.7469 -1.3004 1.2598, 2.7469 -1.3004 1.6929, 2.7469 -1.2951 1.7126, 2.7469 -1.2807 1.727, 0.3847 -1.1035 1.2598, 0.3847 -1.3004 1.2598
            ]
        }
        coordIndex [
            0,1,2,-1,2,1,3,-1,4,5,6,-1,7,8,9,-1,3,10,11,-1,10,12,11,-1,11,12,13,-1,11,13,14,-1,9,15,16,-1,11,4,3,-1,3,4,6,-1,3,6,2,-1,17,16,18,-1,18,16,15,-1,18,15,19,-1,20,21,22,-1,23,24,25,-1,26,27,28,-1,29,20,30,-1,30,20,22,-1,30,22,31,-1,31,22,32,-1,31,32,33,-1,27,34,28,-1,28,34,35,-1,28,35,36,-1,28,23,26,-1,26,23,25,-1,26,25,37,-1,37,25,38,-1,37,38,39,-1,39,40,37,-1,37,40,41,-1,37,41,42,-1,42,41,43,-1,42,43,44,-1,16,45,9,-1,9,45,42,-1,9,42,7,-1,7,42,44,-1,7,44,46,-1,47,48,49,-1,49,48,50,-1,51,6,52,-1,52,6,7,-1,52,7,53,-1,53,7,46,-1,33,32,49,-1,49,32,54,-1,49,54,47,-1,50,55,49,-1,49,55,56,-1,49,56,25,-1,25,56,57,-1,25,57,38,-1,51,58,6,-1,6,58,59,-1,6,59,2,-1,2,59,60,-1,2,60,54,-1,54,60,61,-1,54,61,47,-1,62,20,29,-1,62,29,63,-1,63,29,30,-1,63,30,64,-1,64,30,31,-1,64,31,65,-1,66,67,68,-1,68,67,69,-1,70,71,67,-1,67,71,69,-1,68,69,72,-1,72,69,71,-1,66,68,73,-1,73,68,72,-1,74,21,20,-1,75,76,77,-1,77,76,66,-1,77,66,78,-1,78,66,73,-1,79,80,81,-1,81,80,13,-1,81,13,82,-1,82,13,12,-1,62,70,67,-1,76,81,66,-1,66,81,82,-1,66,82,67,-1,67,82,74,-1,67,74,62,-1,62,74,20,-1,83,84,85,-1,85,84,86,-1,87,83,88,-1,88,83,89,-1,90,91,79,-1,79,91,75,-1,92,93,87,-1,94,95,96,-1,96,95,97,-1,98,99,93,-1,93,99,100,-1,93,100,87,-1,87,100,95,-1,87,95,101,-1,101,95,94,-1,102,103,104,-1,104,103,105,-1,104,105,106,-1,106,105,107,-1,106,107,95,-1,95,107,108,-1,95,108,97,-1,101,109,87,-1,87,109,110,-1,87,110,83,-1,83,110,111,-1,83,111,84,-1,112,113,114,-1,114,113,87,-1,114,87,115,-1,115,87,88,-1,115,88,116,-1,116,88,117,-1,77,118,75,-1,75,118,92,-1,75,92,79,-1,79,92,87,-1,79,87,80,-1,80,87,119,-1,80,119,120,-1,120,119,121,-1,86,122,85,-1,85,122,123,-1,85,123,102,-1,102,123,124,-1,102,124,103,-1,125,118,78,-1,78,118,77,-1,126,92,118,-1,125,127,118,-1,118,127,128,-1,118,128,126,-1,129,128,130,-1,130,128,127,-1,78,73,125,-1,125,73,72,-1,125,72,127,-1,131,132,133,-1,134,135,133,-1,133,135,136,-1,133,136,131,-1,137,138,139,-1,139,138,140,-1,131,139,141,-1,141,139,140,-1,141,140,65,-1,65,140,142,-1,65,142,143,-1,144,145,146,-1,146,145,130,-1,147,132,148,-1,148,132,131,-1,148,131,149,-1,149,131,141,-1,149,141,150,-1,72,71,127,-1,127,71,70,-1,127,70,62,-1,143,146,65,-1,65,146,130,-1,65,130,64,-1,64,130,127,-1,64,127,63,-1,63,127,62,-1,151,132,152,-1,152,132,147,-1,
        ]
    }
}